,poa_global_w_m2,e_dc_kwh
1978-01-01 00:00:00+01:00,0.0,0.0
1978-01-01 01:00:00+01:00,0.0,0.0
1978-01-01 02:00:00+01:00,0.0,0.0
1978-01-01 03:00:00+01:00,0.0,0.0
1978-01-01 04:00:00+01:00,0.0,0.0
1978-01-01 05:00:00+01:00,0.0,0.0
1978-01-01 06:00:00+01:00,0.0,0.0
1978-01-01 07:00:00+01:00,0.0,0.0
1978-01-01 08:00:00+01:00,119.1759107675795,0.6692919148707265
1978-01-01 09:00:00+01:00,295.44746299952726,1.659232952205345
1978-01-01 10:00:00+01:00,395.1714377192298,2.2192827942311943
1978-01-01 11:00:00+01:00,468.43870222862563,2.6307517517159615
1978-01-01 12:00:00+01:00,480.3214922468832,2.6974855004584963
1978-01-01 13:00:00+01:00,419.5389571100246,2.3561307831298985
1978-01-01 14:00:00+01:00,344.4762998805155,1.9345789001289753
1978-01-01 15:00:00+01:00,237.10248072744923,1.331567531765355
1978-01-01 16:00:00+01:00,18.812207099267628,0.10564935506948699
1978-01-01 17:00:00+01:00,0.05857864376269049,0.0003289776633712698
1978-01-01 18:00:00+01:00,0.0,0.0
1978-01-01 19:00:00+01:00,0.0,0.0
1978-01-01 20:00:00+01:00,0.0,0.0
1978-01-01 21:00:00+01:00,0.0,0.0
1978-01-01 22:00:00+01:00,0.0,0.0
1978-01-01 23:00:00+01:00,0.0,0.0
1978-01-02 00:00:00+01:00,0.0,0.0
1978-01-02 01:00:00+01:00,0.0,0.0
1978-01-02 02:00:00+01:00,0.0,0.0
1978-01-02 03:00:00+01:00,0.0,0.0
1978-01-02 04:00:00+01:00,0.0,0.0
1978-01-02 05:00:00+01:00,0.0,0.0
1978-01-02 06:00:00+01:00,0.0,0.0
1978-01-02 07:00:00+01:00,0.0,0.0
1978-01-02 08:00:00+01:00,130.37294905677027,0.7321744819028219
1978-01-02 09:00:00+01:00,364.47705652183686,2.046903149426636
1978-01-02 10:00:00+01:00,620.5701834812753,3.485122150430842
1978-01-02 11:00:00+01:00,855.0430186350441,4.801921592654407
1978-01-02 12:00:00+01:00,899.1796875470224,5.0497931252640775
1978-01-02 13:00:00+01:00,842.0776155184054,4.729107888751365
1978-01-02 14:00:00+01:00,683.8177097489647,3.840320257950186
1978-01-02 15:00:00+01:00,440.05894486365816,2.4713710343543043
1978-01-02 16:00:00+01:00,17.861280178021854,0.10030894947977075
1978-01-02 17:00:00+01:00,0.05857864376269049,0.0003289776633712698
1978-01-02 18:00:00+01:00,0.0,0.0
1978-01-02 19:00:00+01:00,0.0,0.0
1978-01-02 20:00:00+01:00,0.0,0.0
1978-01-02 21:00:00+01:00,0.0,0.0
1978-01-02 22:00:00+01:00,0.0,0.0
1978-01-02 23:00:00+01:00,0.0,0.0
1978-01-03 00:00:00+01:00,0.0,0.0
1978-01-03 01:00:00+01:00,0.0,0.0
1978-01-03 02:00:00+01:00,0.0,0.0
1978-01-03 03:00:00+01:00,0.0,0.0
1978-01-03 04:00:00+01:00,0.0,0.0
1978-01-03 05:00:00+01:00,0.0,0.0
1978-01-03 06:00:00+01:00,0.0,0.0
1978-01-03 07:00:00+01:00,0.0,0.0
1978-01-03 08:00:00+01:00,133.61960695645405,0.750407712667446
1978-01-03 09:00:00+01:00,334.1900811585364,1.8768114957863404
1978-01-03 10:00:00+01:00,432.2096550816254,2.4272894229384083
1978-01-03 11:00:00+01:00,529.0903020497569,2.971371136311435
1978-01-03 12:00:00+01:00,645.0877036436135,3.6228125436625334
1978-01-03 13:00:00+01:00,570.4770575465265,3.2037991551812923
1978-01-03 14:00:00+01:00,329.5581576767424,1.8507986135125851
1978-01-03 15:00:00+01:00,177.95890357346963,0.9994172024686055
1978-01-03 16:00:00+01:00,16.67168274121251,0.09362817027464947
1978-01-03 17:00:00+01:00,0.05857864376269049,0.0003289776633712698
1978-01-03 18:00:00+01:00,0.0,0.0
1978-01-03 19:00:00+01:00,0.0,0.0
1978-01-03 20:00:00+01:00,0.0,0.0
1978-01-03 21:00:00+01:00,0.0,0.0
1978-01-03 22:00:00+01:00,0.0,0.0
1978-01-03 23:00:00+01:00,0.0,0.0
1978-01-04 00:00:00+01:00,0.0,0.0
1978-01-04 01:00:00+01:00,0.0,0.0
1978-01-04 02:00:00+01:00,0.0,0.0
1978-01-04 03:00:00+01:00,0.0,0.0
1978-01-04 04:00:00+01:00,0.0,0.0
1978-01-04 05:00:00+01:00,0.0,0.0
1978-01-04 06:00:00+01:00,0.0,0.0
1978-01-04 07:00:00+01:00,0.0,0.0
1978-01-04 08:00:00+01:00,16.210756662520684,0.09103960941671617
1978-01-04 09:00:00+01:00,51.132485210263624,0.2871600369408405
1978-01-04 10:00:00+01:00,86.89090976582699,0.4879793492448844
1978-01-04 11:00:00+01:00,109.7547177127928,0.6163824946750444
1978-01-04 12:00:00+01:00,100.3885271159566,0.5637819682832123
1978-01-04 13:00:00+01:00,64.43951202380747,0.3618922995257027
1978-01-04 14:00:00+01:00,36.63505377830906,0.20574246201898366
1978-01-04 15:00:00+01:00,15.757986599761805,0.08849685274426229
1978-01-04 16:00:00+01:00,3.39287373590645,0.019054378900850624
1978-01-04 17:00:00+01:00,0.0,0.0
1978-01-04 18:00:00+01:00,0.0,0.0
1978-01-04 19:00:00+01:00,0.0,0.0
1978-01-04 20:00:00+01:00,0.0,0.0
1978-01-04 21:00:00+01:00,0.0,0.0
1978-01-04 22:00:00+01:00,0.0,0.0
1978-01-04 23:00:00+01:00,0.0,0.0
1978-01-05 00:00:00+01:00,0.0,0.0
1978-01-05 01:00:00+01:00,0.0,0.0
1978-01-05 02:00:00+01:00,0.0,0.0
1978-01-05 03:00:00+01:00,0.0,0.0
1978-01-05 04:00:00+01:00,0.0,0.0
1978-01-05 05:00:00+01:00,0.0,0.0
1978-01-05 06:00:00+01:00,0.0,0.0
1978-01-05 07:00:00+01:00,0.0,0.0
1978-01-05 08:00:00+01:00,87.7957111661142,0.4930607139088974
1978-01-05 09:00:00+01:00,284.0085549028589,1.5949920443344556
1978-01-05 10:00:00+01:00,479.6330174407192,2.693619025947079
1978-01-05 11:00:00+01:00,619.0542428053558,3.476608627594878
1978-01-05 12:00:00+01:00,728.173515382717,4.089422462389339
1978-01-05 13:00:00+01:00,769.4567868119686,4.321269314736016
1978-01-05 14:00:00+01:00,650.5943690062593,3.653737976339152
1978-01-05 15:00:00+01:00,412.70641892283294,2.3177592486706295
1978-01-05 16:00:00+01:00,18.346613996439622,0.10303458420400491
1978-01-05 17:00:00+01:00,0.11715728752538097,0.0006579553267425396
1978-01-05 18:00:00+01:00,0.0,0.0
1978-01-05 19:00:00+01:00,0.0,0.0
1978-01-05 20:00:00+01:00,0.0,0.0
1978-01-05 21:00:00+01:00,0.0,0.0
1978-01-05 22:00:00+01:00,0.0,0.0
1978-01-05 23:00:00+01:00,0.0,0.0
1978-01-06 00:00:00+01:00,0.0,0.0
1978-01-06 01:00:00+01:00,0.0,0.0
1978-01-06 02:00:00+01:00,0.0,0.0
1978-01-06 03:00:00+01:00,0.0,0.0
1978-01-06 04:00:00+01:00,0.0,0.0
1978-01-06 05:00:00+01:00,0.0,0.0
1978-01-06 06:00:00+01:00,0.0,0.0
1978-01-06 07:00:00+01:00,0.0,0.0
1978-01-06 08:00:00+01:00,148.52986858146676,0.8341437419535173
1978-01-06 09:00:00+01:00,359.6643700075076,2.0198751019621626
1978-01-06 10:00:00+01:00,505.32520926712596,2.8379063752441795
1978-01-06 11:00:00+01:00,658.3669170229572,3.6973886060009273
1978-01-06 12:00:00+01:00,752.2659345068055,4.224725488190219
1978-01-06 13:00:00+01:00,729.2046600634582,4.095213370916381
1978-01-06 14:00:00+01:00,607.2616846703615,3.4103816211087508
1978-01-06 15:00:00+01:00,418.9392633917593,2.35276290320812
1978-01-06 16:00:00+01:00,21.109258438318367,0.11854959538959593
1978-01-06 17:00:00+01:00,0.11715728752538097,0.0006579553267425396
1978-01-06 18:00:00+01:00,0.0,0.0
1978-01-06 19:00:00+01:00,0.0,0.0
1978-01-06 20:00:00+01:00,0.0,0.0
1978-01-06 21:00:00+01:00,0.0,0.0
1978-01-06 22:00:00+01:00,0.0,0.0
1978-01-06 23:00:00+01:00,0.0,0.0
1978-01-07 00:00:00+01:00,0.0,0.0
1978-01-07 01:00:00+01:00,0.0,0.0
1978-01-07 02:00:00+01:00,0.0,0.0
1978-01-07 03:00:00+01:00,0.0,0.0
1978-01-07 04:00:00+01:00,0.0,0.0
1978-01-07 05:00:00+01:00,0.0,0.0
1978-01-07 06:00:00+01:00,0.0,0.0
1978-01-07 07:00:00+01:00,0.0,0.0
1978-01-07 08:00:00+01:00,100.46436110164757,0.5642078519468527
1978-01-07 09:00:00+01:00,230.93788507800423,1.2969471625980717
1978-01-07 10:00:00+01:00,301.7243818806195,1.6944841286415593
1978-01-07 11:00:00+01:00,382.2571739385932,2.146756288839139
1978-01-07 12:00:00+01:00,422.320428224989,2.371751524911538
1978-01-07 13:00:00+01:00,401.22811260736796,2.2532970804029784
1978-01-07 14:00:00+01:00,294.4900254201175,1.6538559827593797
1978-01-07 15:00:00+01:00,168.22199068202025,0.9447346996702258
1978-01-07 16:00:00+01:00,22.378489184020072,0.12567759525745673
1978-01-07 17:00:00+01:00,0.11715728752538097,0.0006579553267425396
1978-01-07 18:00:00+01:00,0.0,0.0
1978-01-07 19:00:00+01:00,0.0,0.0
1978-01-07 20:00:00+01:00,0.0,0.0
1978-01-07 21:00:00+01:00,0.0,0.0
1978-01-07 22:00:00+01:00,0.0,0.0
1978-01-07 23:00:00+01:00,0.0,0.0
1978-01-08 00:00:00+01:00,0.0,0.0
1978-01-08 01:00:00+01:00,0.0,0.0
1978-01-08 02:00:00+01:00,0.0,0.0
1978-01-08 03:00:00+01:00,0.0,0.0
1978-01-08 04:00:00+01:00,0.0,0.0
1978-01-08 05:00:00+01:00,0.0,0.0
1978-01-08 06:00:00+01:00,0.0,0.0
1978-01-08 07:00:00+01:00,0.0,0.0
1978-01-08 08:00:00+01:00,114.40643050422716,0.6425065137117398
1978-01-08 09:00:00+01:00,310.6796773162368,1.744777067807986
1978-01-08 10:00:00+01:00,498.25501534754676,2.7982001661918225
1978-01-08 11:00:00+01:00,722.4670081148425,4.057374717572956
1978-01-08 12:00:00+01:00,897.905076445275,5.042634909316664
1978-01-08 13:00:00+01:00,883.7855343441508,4.963339560876751
1978-01-08 14:00:00+01:00,716.2542179864816,4.022483688212081
1978-01-08 15:00:00+01:00,476.8959376157528,2.678247585650068
1978-01-08 16:00:00+01:00,20.83423928835262,0.11700508784338831
1978-01-08 17:00:00+01:00,0.1757359312880715,0.0009869329901138096
1978-01-08 18:00:00+01:00,0.0,0.0
1978-01-08 19:00:00+01:00,0.0,0.0
1978-01-08 20:00:00+01:00,0.0,0.0
1978-01-08 21:00:00+01:00,0.0,0.0
1978-01-08 22:00:00+01:00,0.0,0.0
1978-01-08 23:00:00+01:00,0.0,0.0
1978-01-09 00:00:00+01:00,0.0,0.0
1978-01-09 01:00:00+01:00,0.0,0.0
1978-01-09 02:00:00+01:00,0.0,0.0
1978-01-09 03:00:00+01:00,0.0,0.0
1978-01-09 04:00:00+01:00,0.0,0.0
1978-01-09 05:00:00+01:00,0.0,0.0
1978-01-09 06:00:00+01:00,0.0,0.0
1978-01-09 07:00:00+01:00,0.0,0.0
1978-01-09 08:00:00+01:00,194.25594996452418,1.0909414150007677
1978-01-09 09:00:00+01:00,515.1944958533397,2.8933322887123563
1978-01-09 10:00:00+01:00,734.5004908363661,4.124954756537032
1978-01-09 11:00:00+01:00,886.8809024935663,4.980723148403868
1978-01-09 12:00:00+01:00,934.8724326116801,5.2502435815471955
1978-01-09 13:00:00+01:00,879.3201162486096,4.938261772852192
1978-01-09 14:00:00+01:00,727.370599175013,4.084913284966873
1978-01-09 15:00:00+01:00,480.2977916495832,2.697352397904059
1978-01-09 16:00:00+01:00,21.85912479656578,0.12276084485751343
1978-01-09 17:00:00+01:00,0.1757359312880715,0.0009869329901138096
1978-01-09 18:00:00+01:00,0.0,0.0
1978-01-09 19:00:00+01:00,0.0,0.0
1978-01-09 20:00:00+01:00,0.0,0.0
1978-01-09 21:00:00+01:00,0.0,0.0
1978-01-09 22:00:00+01:00,0.0,0.0
1978-01-09 23:00:00+01:00,0.0,0.0
1978-01-10 00:00:00+01:00,0.0,0.0
1978-01-10 01:00:00+01:00,0.0,0.0
1978-01-10 02:00:00+01:00,0.0,0.0
1978-01-10 03:00:00+01:00,0.0,0.0
1978-01-10 04:00:00+01:00,0.0,0.0
1978-01-10 05:00:00+01:00,0.0,0.0
1978-01-10 06:00:00+01:00,0.0,0.0
1978-01-10 07:00:00+01:00,0.0,0.0
1978-01-10 08:00:00+01:00,182.78459018131207,1.0265182584582486
1978-01-10 09:00:00+01:00,490.7843437633944,2.756244874575223
1978-01-10 10:00:00+01:00,688.4582388249021,3.86638146924065
1978-01-10 11:00:00+01:00,789.7188128539668,4.435060852987878
1978-01-10 12:00:00+01:00,804.5987908138823,4.518626809210763
1978-01-10 13:00:00+01:00,749.370843850631,4.208466659065144
1978-01-10 14:00:00+01:00,646.5919920749907,3.631260627493148
1978-01-10 15:00:00+01:00,405.2714951174625,2.2760047165796693
1978-01-10 16:00:00+01:00,29.917513987778545,0.16801675855536433
1978-01-10 17:00:00+01:00,0.1757359312880715,0.0009869329901138096
1978-01-10 18:00:00+01:00,0.0,0.0
1978-01-10 19:00:00+01:00,0.0,0.0
1978-01-10 20:00:00+01:00,0.0,0.0
1978-01-10 21:00:00+01:00,0.0,0.0
1978-01-10 22:00:00+01:00,0.0,0.0
1978-01-10 23:00:00+01:00,0.0,0.0
1978-01-11 00:00:00+01:00,0.0,0.0
1978-01-11 01:00:00+01:00,0.0,0.0
1978-01-11 02:00:00+01:00,0.0,0.0
1978-01-11 03:00:00+01:00,0.0,0.0
1978-01-11 04:00:00+01:00,0.0,0.0
1978-01-11 05:00:00+01:00,0.0,0.0
1978-01-11 06:00:00+01:00,0.0,0.0
1978-01-11 07:00:00+01:00,0.0,0.0
1978-01-11 08:00:00+01:00,102.03031386176022,0.5730022426476453
1978-01-11 09:00:00+01:00,231.84564513125065,1.3020451430571036
1978-01-11 10:00:00+01:00,241.46216052423625,1.3560514935041108
1978-01-11 11:00:00+01:00,211.2298834808241,1.186267025628308
1978-01-11 12:00:00+01:00,188.55656349901471,1.0589336606104665
1978-01-11 13:00:00+01:00,151.77806005736917,0.8523855852821853
1978-01-11 14:00:00+01:00,118.54488521937249,0.665748075391996
1978-01-11 15:00:00+01:00,65.71865318710105,0.36907595629875956
1978-01-11 16:00:00+01:00,12.848760465905011,0.07215863877652255
1978-01-11 17:00:00+01:00,0.05857864376269049,0.0003289776633712698
1978-01-11 18:00:00+01:00,0.0,0.0
1978-01-11 19:00:00+01:00,0.0,0.0
1978-01-11 20:00:00+01:00,0.0,0.0
1978-01-11 21:00:00+01:00,0.0,0.0
1978-01-11 22:00:00+01:00,0.0,0.0
1978-01-11 23:00:00+01:00,0.0,0.0
1978-01-12 00:00:00+01:00,0.0,0.0
1978-01-12 01:00:00+01:00,0.0,0.0
1978-01-12 02:00:00+01:00,0.0,0.0
1978-01-12 03:00:00+01:00,0.0,0.0
1978-01-12 04:00:00+01:00,0.0,0.0
1978-01-12 05:00:00+01:00,0.0,0.0
1978-01-12 06:00:00+01:00,0.0,0.0
1978-01-12 07:00:00+01:00,0.0,0.0
1978-01-12 08:00:00+01:00,74.35834732178634,0.41759647855915205
1978-01-12 09:00:00+01:00,188.33049568861864,1.0576640637872823
1978-01-12 10:00:00+01:00,258.3046503764038,1.450638916513884
1978-01-12 11:00:00+01:00,278.8689704542824,1.5661281380712502
1978-01-12 12:00:00+01:00,249.1957623899902,1.3994834015821849
1978-01-12 13:00:00+01:00,251.28086449686936,1.4111933350144183
1978-01-12 14:00:00+01:00,192.8439065422304,1.083011379141166
1978-01-12 15:00:00+01:00,92.5298711026199,0.5196477561123134
1978-01-12 16:00:00+01:00,23.216866223703573,0.13038592071231925
1978-01-12 17:00:00+01:00,0.11715728752538097,0.0006579553267425396
1978-01-12 18:00:00+01:00,0.0,0.0
1978-01-12 19:00:00+01:00,0.0,0.0
1978-01-12 20:00:00+01:00,0.0,0.0
1978-01-12 21:00:00+01:00,0.0,0.0
1978-01-12 22:00:00+01:00,0.0,0.0
1978-01-12 23:00:00+01:00,0.0,0.0
1978-01-13 00:00:00+01:00,0.0,0.0
1978-01-13 01:00:00+01:00,0.0,0.0
1978-01-13 02:00:00+01:00,0.0,0.0
1978-01-13 03:00:00+01:00,0.0,0.0
1978-01-13 04:00:00+01:00,0.0,0.0
1978-01-13 05:00:00+01:00,0.0,0.0
1978-01-13 06:00:00+01:00,0.0,0.0
1978-01-13 07:00:00+01:00,0.0,0.0
1978-01-13 08:00:00+01:00,45.623314454411485,0.2562205339759749
1978-01-13 09:00:00+01:00,130.59508800075378,0.7334220142122332
1978-01-13 10:00:00+01:00,256.91826387728366,1.4428529699348251
1978-01-13 11:00:00+01:00,332.1429232889004,1.8653146571904646
1978-01-13 12:00:00+01:00,261.06436673164086,1.466137483564895
1978-01-13 13:00:00+01:00,184.20991533408858,1.0345228845162413
1978-01-13 14:00:00+01:00,131.12018439017558,0.736370955535226
1978-01-13 15:00:00+01:00,74.88759840020943,0.42056875261557614
1978-01-13 16:00:00+01:00,18.871388210273732,0.10598171618889728
1978-01-13 17:00:00+01:00,0.11715728752538097,0.0006579553267425396
1978-01-13 18:00:00+01:00,0.0,0.0
1978-01-13 19:00:00+01:00,0.0,0.0
1978-01-13 20:00:00+01:00,0.0,0.0
1978-01-13 21:00:00+01:00,0.0,0.0
1978-01-13 22:00:00+01:00,0.0,0.0
1978-01-13 23:00:00+01:00,0.0,0.0
1978-01-14 00:00:00+01:00,0.0,0.0
1978-01-14 01:00:00+01:00,0.0,0.0
1978-01-14 02:00:00+01:00,0.0,0.0
1978-01-14 03:00:00+01:00,0.0,0.0
1978-01-14 04:00:00+01:00,0.0,0.0
1978-01-14 05:00:00+01:00,0.0,0.0
1978-01-14 06:00:00+01:00,0.0,0.0
1978-01-14 07:00:00+01:00,0.0,0.0
1978-01-14 08:00:00+01:00,174.4630758720078,0.9797846340971956
1978-01-14 09:00:00+01:00,474.8002156490506,2.666478011085068
1978-01-14 10:00:00+01:00,677.7007968307478,3.8059676750014795
1978-01-14 11:00:00+01:00,826.5936225198906,4.642149784071705
1978-01-14 12:00:00+01:00,898.4872924522908,5.045904634412065
1978-01-14 13:00:00+01:00,851.272696140728,4.780747461526329
1978-01-14 14:00:00+01:00,710.5896652986087,3.990671560316986
1978-01-14 15:00:00+01:00,476.83682250944037,2.677915595213017
1978-01-14 16:00:00+01:00,23.209980304478,0.13034724938994846
1978-01-14 17:00:00+01:00,0.2928932188134524,0.001644888316856349
1978-01-14 18:00:00+01:00,0.0,0.0
1978-01-14 19:00:00+01:00,0.0,0.0
1978-01-14 20:00:00+01:00,0.0,0.0
1978-01-14 21:00:00+01:00,0.0,0.0
1978-01-14 22:00:00+01:00,0.0,0.0
1978-01-14 23:00:00+01:00,0.0,0.0
1978-01-15 00:00:00+01:00,0.0,0.0
1978-01-15 01:00:00+01:00,0.0,0.0
1978-01-15 02:00:00+01:00,0.0,0.0
1978-01-15 03:00:00+01:00,0.0,0.0
1978-01-15 04:00:00+01:00,0.0,0.0
1978-01-15 05:00:00+01:00,0.0,0.0
1978-01-15 06:00:00+01:00,0.0,0.0
1978-01-15 07:00:00+01:00,0.0,0.0
1978-01-15 08:00:00+01:00,97.19996361546195,0.5458749956644343
1978-01-15 09:00:00+01:00,247.37357127623494,1.3892499762873354
1978-01-15 10:00:00+01:00,415.28834873355424,2.3322593664876403
1978-01-15 11:00:00+01:00,592.3439286008418,3.3266035030223273
1978-01-15 12:00:00+01:00,762.2657527558083,4.2808844674766195
1978-01-15 13:00:00+01:00,786.0360172666869,4.414378272969714
1978-01-15 14:00:00+01:00,662.5908055628477,3.721109964040952
1978-01-15 15:00:00+01:00,444.31982543763917,2.4953001396577816
1978-01-15 16:00:00+01:00,28.17950825983365,0.15825611838722578
1978-01-15 17:00:00+01:00,0.2928932188134524,0.001644888316856349
1978-01-15 18:00:00+01:00,0.0,0.0
1978-01-15 19:00:00+01:00,0.0,0.0
1978-01-15 20:00:00+01:00,0.0,0.0
1978-01-15 21:00:00+01:00,0.0,0.0
1978-01-15 22:00:00+01:00,0.0,0.0
1978-01-15 23:00:00+01:00,0.0,0.0
1978-01-16 00:00:00+01:00,0.0,0.0
1978-01-16 01:00:00+01:00,0.0,0.0
1978-01-16 02:00:00+01:00,0.0,0.0
1978-01-16 03:00:00+01:00,0.0,0.0
1978-01-16 04:00:00+01:00,0.0,0.0
1978-01-16 05:00:00+01:00,0.0,0.0
1978-01-16 06:00:00+01:00,0.0,0.0
1978-01-16 07:00:00+01:00,0.0,0.0
1978-01-16 08:00:00+01:00,73.95748839650713,0.4153452548347841
1978-01-16 09:00:00+01:00,216.06939429156512,1.2134457183414298
1978-01-16 10:00:00+01:00,306.1512986129828,1.7193456930105115
1978-01-16 11:00:00+01:00,310.28068112229215,1.7425363051827927
1978-01-16 12:00:00+01:00,294.59650217180115,1.6544539561968354
1978-01-16 13:00:00+01:00,309.44155250370034,1.737823758860781
1978-01-16 14:00:00+01:00,368.0182040823015,2.066790234126205
1978-01-16 15:00:00+01:00,251.59262202836777,1.4129441653113135
1978-01-16 16:00:00+01:00,23.7407632932767,0.13332812665504196
1978-01-16 17:00:00+01:00,0.23431457505076195,0.0013159106534850792
1978-01-16 18:00:00+01:00,0.0,0.0
1978-01-16 19:00:00+01:00,0.0,0.0
1978-01-16 20:00:00+01:00,0.0,0.0
1978-01-16 21:00:00+01:00,0.0,0.0
1978-01-16 22:00:00+01:00,0.0,0.0
1978-01-16 23:00:00+01:00,0.0,0.0
1978-01-17 00:00:00+01:00,0.0,0.0
1978-01-17 01:00:00+01:00,0.0,0.0
1978-01-17 02:00:00+01:00,0.0,0.0
1978-01-17 03:00:00+01:00,0.0,0.0
1978-01-17 04:00:00+01:00,0.0,0.0
1978-01-17 05:00:00+01:00,0.0,0.0
1978-01-17 06:00:00+01:00,0.0,0.0
1978-01-17 07:00:00+01:00,0.0,0.0
1978-01-17 08:00:00+01:00,29.421360623641036,0.16523036126236806
1978-01-17 09:00:00+01:00,92.99762894560742,0.5222746841585312
1978-01-17 10:00:00+01:00,166.7707452950266,0.9365845055768693
1978-01-17 11:00:00+01:00,221.45187399472408,1.2436737243543705
1978-01-17 12:00:00+01:00,207.59297947279532,1.1658421727192185
1978-01-17 13:00:00+01:00,147.3857535825841,0.8277183921197923
1978-01-17 14:00:00+01:00,71.0674532786051,0.3991148176126462
1978-01-17 15:00:00+01:00,28.18820524295472,0.1583049606444337
1978-01-17 16:00:00+01:00,8.560612102477368,0.04807639756751289
1978-01-17 17:00:00+01:00,0.11715728752538097,0.0006579553267425396
1978-01-17 18:00:00+01:00,0.0,0.0
1978-01-17 19:00:00+01:00,0.0,0.0
1978-01-17 20:00:00+01:00,0.0,0.0
1978-01-17 21:00:00+01:00,0.0,0.0
1978-01-17 22:00:00+01:00,0.0,0.0
1978-01-17 23:00:00+01:00,0.0,0.0
1978-01-18 00:00:00+01:00,0.0,0.0
1978-01-18 01:00:00+01:00,0.0,0.0
1978-01-18 02:00:00+01:00,0.0,0.0
1978-01-18 03:00:00+01:00,0.0,0.0
1978-01-18 04:00:00+01:00,0.0,0.0
1978-01-18 05:00:00+01:00,0.0,0.0
1978-01-18 06:00:00+01:00,0.0,0.0
1978-01-18 07:00:00+01:00,0.0,0.0
1978-01-18 08:00:00+01:00,36.686918044105255,0.2060337317356951
1978-01-18 09:00:00+01:00,127.70270901391501,0.7171784138221466
1978-01-18 10:00:00+01:00,231.01855882106503,1.2974002263391011
1978-01-18 11:00:00+01:00,372.11513196044336,2.08979858108985
1978-01-18 12:00:00+01:00,607.8328170914721,3.413589100785707
1978-01-18 13:00:00+01:00,623.1184702576912,3.4994333289671937
1978-01-18 14:00:00+01:00,439.79966439555096,2.4699149152454143
1978-01-18 15:00:00+01:00,227.59517663967983,1.278174512008442
1978-01-18 16:00:00+01:00,35.53421038221434,0.19956012550651572
1978-01-18 17:00:00+01:00,0.2928932188134524,0.001644888316856349
1978-01-18 18:00:00+01:00,0.0,0.0
1978-01-18 19:00:00+01:00,0.0,0.0
1978-01-18 20:00:00+01:00,0.0,0.0
1978-01-18 21:00:00+01:00,0.0,0.0
1978-01-18 22:00:00+01:00,0.0,0.0
1978-01-18 23:00:00+01:00,0.0,0.0
1978-01-19 00:00:00+01:00,0.0,0.0
1978-01-19 01:00:00+01:00,0.0,0.0
1978-01-19 02:00:00+01:00,0.0,0.0
1978-01-19 03:00:00+01:00,0.0,0.0
1978-01-19 04:00:00+01:00,0.0,0.0
1978-01-19 05:00:00+01:00,0.0,0.0
1978-01-19 06:00:00+01:00,0.0,0.0
1978-01-19 07:00:00+01:00,0.0,0.0
1978-01-19 08:00:00+01:00,121.58525012163675,0.682822764683112
1978-01-19 09:00:00+01:00,336.1627186527758,1.887889827953989
1978-01-19 10:00:00+01:00,489.7549493583239,2.7504637955963473
1978-01-19 11:00:00+01:00,620.5966854687703,3.4852709855926136
1978-01-19 12:00:00+01:00,627.8015936478348,3.525733749926241
1978-01-19 13:00:00+01:00,404.2575746421585,2.270310539190362
1978-01-19 14:00:00+01:00,229.32416198676253,1.2878844937176583
1978-01-19 15:00:00+01:00,133.06863244435158,0.7473134398074784
1978-01-19 16:00:00+01:00,20.863364999600805,0.11716865783775812
1978-01-19 17:00:00+01:00,0.1757359312880715,0.0009869329901138096
1978-01-19 18:00:00+01:00,0.0,0.0
1978-01-19 19:00:00+01:00,0.0,0.0
1978-01-19 20:00:00+01:00,0.0,0.0
1978-01-19 21:00:00+01:00,0.0,0.0
1978-01-19 22:00:00+01:00,0.0,0.0
1978-01-19 23:00:00+01:00,0.0,0.0
1978-01-20 00:00:00+01:00,0.0,0.0
1978-01-20 01:00:00+01:00,0.0,0.0
1978-01-20 02:00:00+01:00,0.0,0.0
1978-01-20 03:00:00+01:00,0.0,0.0
1978-01-20 04:00:00+01:00,0.0,0.0
1978-01-20 05:00:00+01:00,0.0,0.0
1978-01-20 06:00:00+01:00,0.0,0.0
1978-01-20 07:00:00+01:00,0.0,0.0
1978-01-20 08:00:00+01:00,80.99697110949258,0.4548789897509103
1978-01-20 09:00:00+01:00,235.12751286185693,1.3204761122321884
1978-01-20 10:00:00+01:00,423.0206625992975,2.3756840411576547
1978-01-20 11:00:00+01:00,634.1419223301891,3.561341035806342
1978-01-20 12:00:00+01:00,685.5300237802859,3.849936613550086
1978-01-20 13:00:00+01:00,640.087037384889,3.594728801953536
1978-01-20 14:00:00+01:00,579.5653036917705,3.2548387455329832
1978-01-20 15:00:00+01:00,422.1891419153427,2.3710142209965643
1978-01-20 16:00:00+01:00,33.09433772162303,0.18585780064463492
1978-01-20 17:00:00+01:00,0.4686291501015239,0.0026318213069701584
1978-01-20 18:00:00+01:00,0.0,0.0
1978-01-20 19:00:00+01:00,0.0,0.0
1978-01-20 20:00:00+01:00,0.0,0.0
1978-01-20 21:00:00+01:00,0.0,0.0
1978-01-20 22:00:00+01:00,0.0,0.0
1978-01-20 23:00:00+01:00,0.0,0.0
1978-01-21 00:00:00+01:00,0.0,0.0
1978-01-21 01:00:00+01:00,0.0,0.0
1978-01-21 02:00:00+01:00,0.0,0.0
1978-01-21 03:00:00+01:00,0.0,0.0
1978-01-21 04:00:00+01:00,0.0,0.0
1978-01-21 05:00:00+01:00,0.0,0.0
1978-01-21 06:00:00+01:00,0.0,0.0
1978-01-21 07:00:00+01:00,0.0,0.0
1978-01-21 08:00:00+01:00,21.356378407941413,0.11993742113899897
1978-01-21 09:00:00+01:00,66.75013707422264,0.37486876980883427
1978-01-21 10:00:00+01:00,113.21799158748732,0.6358322407553287
1978-01-21 11:00:00+01:00,139.8791244093931,0.7855611626831518
1978-01-21 12:00:00+01:00,164.55780716080295,0.9241566450150694
1978-01-21 13:00:00+01:00,135.93195954122194,0.7633938847835025
1978-01-21 14:00:00+01:00,93.90843569772893,0.5273897748784456
1978-01-21 15:00:00+01:00,54.6994363396802,0.307192034483644
1978-01-21 16:00:00+01:00,15.403453868066563,0.08650579692306182
1978-01-21 17:00:00+01:00,0.1757359312880715,0.0009869329901138096
1978-01-21 18:00:00+01:00,0.0,0.0
1978-01-21 19:00:00+01:00,0.0,0.0
1978-01-21 20:00:00+01:00,0.0,0.0
1978-01-21 21:00:00+01:00,0.0,0.0
1978-01-21 22:00:00+01:00,0.0,0.0
1978-01-21 23:00:00+01:00,0.0,0.0
1978-01-22 00:00:00+01:00,0.0,0.0
1978-01-22 01:00:00+01:00,0.0,0.0
1978-01-22 02:00:00+01:00,0.0,0.0
1978-01-22 03:00:00+01:00,0.0,0.0
1978-01-22 04:00:00+01:00,0.0,0.0
1978-01-22 05:00:00+01:00,0.0,0.0
1978-01-22 06:00:00+01:00,0.0,0.0
1978-01-22 07:00:00+01:00,0.0,0.0
1978-01-22 08:00:00+01:00,59.01544209760969,0.33143072282017605
1978-01-22 09:00:00+01:00,213.2795892806111,1.197778173399912
1978-01-22 10:00:00+01:00,401.17019924536726,2.2529718389619826
1978-01-22 11:00:00+01:00,506.20433210946715,2.8428435291267675
1978-01-22 12:00:00+01:00,511.458888122929,2.8723531156983695
1978-01-22 13:00:00+01:00,464.7325516316704,2.609938009963461
1978-01-22 14:00:00+01:00,403.4262646812501,2.2656419024499006
1978-01-22 15:00:00+01:00,275.9002009481912,1.5494555285250415
1978-01-22 16:00:00+01:00,37.8243870312998,0.21242175756777965
1978-01-22 17:00:00+01:00,0.4686291501015239,0.0026318213069701584
1978-01-22 18:00:00+01:00,0.0,0.0
1978-01-22 19:00:00+01:00,0.0,0.0
1978-01-22 20:00:00+01:00,0.0,0.0
1978-01-22 21:00:00+01:00,0.0,0.0
1978-01-22 22:00:00+01:00,0.0,0.0
1978-01-22 23:00:00+01:00,0.0,0.0
1978-01-23 00:00:00+01:00,0.0,0.0
1978-01-23 01:00:00+01:00,0.0,0.0
1978-01-23 02:00:00+01:00,0.0,0.0
1978-01-23 03:00:00+01:00,0.0,0.0
1978-01-23 04:00:00+01:00,0.0,0.0
1978-01-23 05:00:00+01:00,0.0,0.0
1978-01-23 06:00:00+01:00,0.0,0.0
1978-01-23 07:00:00+01:00,0.0,0.0
1978-01-23 08:00:00+01:00,73.28112724992553,0.41154681063558174
1978-01-23 09:00:00+01:00,229.51833305764487,1.2889749584517336
1978-01-23 10:00:00+01:00,426.6642350954178,2.396146344295866
1978-01-23 11:00:00+01:00,594.0251012624524,3.3360449686899325
1978-01-23 12:00:00+01:00,651.5986378851082,3.659377950362768
1978-01-23 13:00:00+01:00,502.08104607209947,2.8196871547409104
1978-01-23 14:00:00+01:00,377.44075051841344,2.1197072549114098
1978-01-23 15:00:00+01:00,228.3888643069049,1.282631861947578
1978-01-23 16:00:00+01:00,41.062815384954746,0.23060877120190582
1978-01-23 17:00:00+01:00,0.4686291501015239,0.0026318213069701584
1978-01-23 18:00:00+01:00,0.0,0.0
1978-01-23 19:00:00+01:00,0.0,0.0
1978-01-23 20:00:00+01:00,0.0,0.0
1978-01-23 21:00:00+01:00,0.0,0.0
1978-01-23 22:00:00+01:00,0.0,0.0
1978-01-23 23:00:00+01:00,0.0,0.0
1978-01-24 00:00:00+01:00,0.0,0.0
1978-01-24 01:00:00+01:00,0.0,0.0
1978-01-24 02:00:00+01:00,0.0,0.0
1978-01-24 03:00:00+01:00,0.0,0.0
1978-01-24 04:00:00+01:00,0.0,0.0
1978-01-24 05:00:00+01:00,0.0,0.0
1978-01-24 06:00:00+01:00,0.0,0.0
1978-01-24 07:00:00+01:00,0.0,0.0
1978-01-24 08:00:00+01:00,118.1162539894029,0.6633408824044867
1978-01-24 09:00:00+01:00,345.942576182993,1.9428135078436886
1978-01-24 10:00:00+01:00,625.1884869435395,3.5110585426749177
1978-01-24 11:00:00+01:00,865.1189875029118,4.858508233816352
1978-01-24 12:00:00+01:00,879.014999523199,4.936548237322285
1978-01-24 13:00:00+01:00,758.7057167078694,4.260891305031395
1978-01-24 14:00:00+01:00,582.0850915534422,3.2689898741641317
1978-01-24 15:00:00+01:00,363.99688031335063,2.044206479839777
1978-01-24 16:00:00+01:00,38.64915222696264,0.2170536389066222
1978-01-24 17:00:00+01:00,0.4686291501015239,0.0026318213069701584
1978-01-24 18:00:00+01:00,0.0,0.0
1978-01-24 19:00:00+01:00,0.0,0.0
1978-01-24 20:00:00+01:00,0.0,0.0
1978-01-24 21:00:00+01:00,0.0,0.0
1978-01-24 22:00:00+01:00,0.0,0.0
1978-01-24 23:00:00+01:00,0.0,0.0
1978-01-25 00:00:00+01:00,0.0,0.0
1978-01-25 01:00:00+01:00,0.0,0.0
1978-01-25 02:00:00+01:00,0.0,0.0
1978-01-25 03:00:00+01:00,0.0,0.0
1978-01-25 04:00:00+01:00,0.0,0.0
1978-01-25 05:00:00+01:00,0.0,0.0
1978-01-25 06:00:00+01:00,0.0,0.0
1978-01-25 07:00:00+01:00,0.0,0.0
1978-01-25 08:00:00+01:00,31.022038179840656,0.17421976641798514
1978-01-25 09:00:00+01:00,122.45599094171422,0.687712845128667
1978-01-25 10:00:00+01:00,232.3547864456308,1.3049044806786625
1978-01-25 11:00:00+01:00,290.4829494764422,1.6313522442596993
1978-01-25 12:00:00+01:00,366.45229135311604,2.0579960682390994
1978-01-25 13:00:00+01:00,346.2363188029356,1.944463166397286
1978-01-25 14:00:00+01:00,245.11048052970278,1.3765404586548107
1978-01-25 15:00:00+01:00,128.64373532478982,0.7224632175840195
1978-01-25 16:00:00+01:00,32.801298813557366,0.18421209413693818
1978-01-25 17:00:00+01:00,0.23431457505076195,0.0013159106534850792
1978-01-25 18:00:00+01:00,0.0,0.0
1978-01-25 19:00:00+01:00,0.0,0.0
1978-01-25 20:00:00+01:00,0.0,0.0
1978-01-25 21:00:00+01:00,0.0,0.0
1978-01-25 22:00:00+01:00,0.0,0.0
1978-01-25 23:00:00+01:00,0.0,0.0
1978-01-26 00:00:00+01:00,0.0,0.0
1978-01-26 01:00:00+01:00,0.0,0.0
1978-01-26 02:00:00+01:00,0.0,0.0
1978-01-26 03:00:00+01:00,0.0,0.0
1978-01-26 04:00:00+01:00,0.0,0.0
1978-01-26 05:00:00+01:00,0.0,0.0
1978-01-26 06:00:00+01:00,0.0,0.0
1978-01-26 07:00:00+01:00,0.0,0.0
1978-01-26 08:00:00+01:00,129.05697834224264,0.7247839903700347
1978-01-26 09:00:00+01:00,332.86392815533395,1.8693638205203553
1978-01-26 10:00:00+01:00,484.1108152019001,2.7187663381738707
1978-01-26 11:00:00+01:00,573.1720170602516,3.2189340478103734
1978-01-26 12:00:00+01:00,558.2519539447189,3.135142973353542
1978-01-26 13:00:00+01:00,568.8361912046155,3.194584049805121
1978-01-26 14:00:00+01:00,517.4515328925914,2.906007808724794
1978-01-26 15:00:00+01:00,367.72626386745264,2.065150697879614
1978-01-26 16:00:00+01:00,51.50390208731928,0.28924591412238504
1978-01-26 17:00:00+01:00,0.6443650813895954,0.0036187542970839677
1978-01-26 18:00:00+01:00,0.0,0.0
1978-01-26 19:00:00+01:00,0.0,0.0
1978-01-26 20:00:00+01:00,0.0,0.0
1978-01-26 21:00:00+01:00,0.0,0.0
1978-01-26 22:00:00+01:00,0.0,0.0
1978-01-26 23:00:00+01:00,0.0,0.0
1978-01-27 00:00:00+01:00,0.0,0.0
1978-01-27 01:00:00+01:00,0.0,0.0
1978-01-27 02:00:00+01:00,0.0,0.0
1978-01-27 03:00:00+01:00,0.0,0.0
1978-01-27 04:00:00+01:00,0.0,0.0
1978-01-27 05:00:00+01:00,0.0,0.0
1978-01-27 06:00:00+01:00,0.0,0.0
1978-01-27 07:00:00+01:00,0.0,0.0
1978-01-27 08:00:00+01:00,148.63371791279118,0.8347269597982353
1978-01-27 09:00:00+01:00,345.8281851786479,1.942171087963287
1978-01-27 10:00:00+01:00,613.0866055473393,3.4430943767538573
1978-01-27 11:00:00+01:00,828.3942530068032,4.652262124886206
1978-01-27 12:00:00+01:00,877.8696349932936,4.930115870122337
1978-01-27 13:00:00+01:00,732.7267306079113,4.11499331909403
1978-01-27 14:00:00+01:00,516.495729306446,2.900640015785001
1978-01-27 15:00:00+01:00,293.9559748743227,1.6508567548941961
1978-01-27 16:00:00+01:00,54.36376580833203,0.3053069087795927
1978-01-27 17:00:00+01:00,0.702943725152286,0.003947731960455238
1978-01-27 18:00:00+01:00,0.0,0.0
1978-01-27 19:00:00+01:00,0.0,0.0
1978-01-27 20:00:00+01:00,0.0,0.0
1978-01-27 21:00:00+01:00,0.0,0.0
1978-01-27 22:00:00+01:00,0.0,0.0
1978-01-27 23:00:00+01:00,0.0,0.0
1978-01-28 00:00:00+01:00,0.0,0.0
1978-01-28 01:00:00+01:00,0.0,0.0
1978-01-28 02:00:00+01:00,0.0,0.0
1978-01-28 03:00:00+01:00,0.0,0.0
1978-01-28 04:00:00+01:00,0.0,0.0
1978-01-28 05:00:00+01:00,0.0,0.0
1978-01-28 06:00:00+01:00,0.0,0.0
1978-01-28 07:00:00+01:00,0.0,0.0
1978-01-28 08:00:00+01:00,124.95084144337696,0.701723925546005
1978-01-28 09:00:00+01:00,333.8967733314738,1.875164279029557
1978-01-28 10:00:00+01:00,536.1279795620546,3.0108947332204985
1978-01-28 11:00:00+01:00,607.3934368905686,3.411121541577433
1978-01-28 12:00:00+01:00,544.7400637264523,3.059260197887756
1978-01-28 13:00:00+01:00,450.2669787250172,2.5286993525196966
1978-01-28 14:00:00+01:00,323.40939522445024,1.8162671635805123
1978-01-28 15:00:00+01:00,156.23359224989878,0.8774078540754315
1978-01-28 16:00:00+01:00,38.00573300637326,0.21344019656379226
1978-01-28 17:00:00+01:00,0.4686291501015239,0.0026318213069701584
1978-01-28 18:00:00+01:00,0.0,0.0
1978-01-28 19:00:00+01:00,0.0,0.0
1978-01-28 20:00:00+01:00,0.0,0.0
1978-01-28 21:00:00+01:00,0.0,0.0
1978-01-28 22:00:00+01:00,0.0,0.0
1978-01-28 23:00:00+01:00,0.0,0.0
1978-01-29 00:00:00+01:00,0.0,0.0
1978-01-29 01:00:00+01:00,0.0,0.0
1978-01-29 02:00:00+01:00,0.0,0.0
1978-01-29 03:00:00+01:00,0.0,0.0
1978-01-29 04:00:00+01:00,0.0,0.0
1978-01-29 05:00:00+01:00,0.0,0.0
1978-01-29 06:00:00+01:00,0.0,0.0
1978-01-29 07:00:00+01:00,0.0,0.0
1978-01-29 08:00:00+01:00,26.247951880804884,0.1474084977626002
1978-01-29 09:00:00+01:00,45.4196267555471,0.25507662385915253
1978-01-29 10:00:00+01:00,77.04856045394521,0.43270471550935635
1978-01-29 11:00:00+01:00,148.08505097399754,0.8316456462699702
1978-01-29 12:00:00+01:00,175.82353727762217,0.9874249853511261
1978-01-29 13:00:00+01:00,155.2691944055701,0.8719917957816815
1978-01-29 14:00:00+01:00,112.32596067316301,0.6308225951404834
1978-01-29 15:00:00+01:00,52.40428566472925,0.29430246829311946
1978-01-29 16:00:00+01:00,11.117133461798547,0.06243382152146063
1978-01-29 17:00:00+01:00,0.11715728752538097,0.0006579553267425396
1978-01-29 18:00:00+01:00,0.0,0.0
1978-01-29 19:00:00+01:00,0.0,0.0
1978-01-29 20:00:00+01:00,0.0,0.0
1978-01-29 21:00:00+01:00,0.0,0.0
1978-01-29 22:00:00+01:00,0.0,0.0
1978-01-29 23:00:00+01:00,0.0,0.0
1978-01-30 00:00:00+01:00,0.0,0.0
1978-01-30 01:00:00+01:00,0.0,0.0
1978-01-30 02:00:00+01:00,0.0,0.0
1978-01-30 03:00:00+01:00,0.0,0.0
1978-01-30 04:00:00+01:00,0.0,0.0
1978-01-30 05:00:00+01:00,0.0,0.0
1978-01-30 06:00:00+01:00,0.0,0.0
1978-01-30 07:00:00+01:00,0.0,0.0
1978-01-30 08:00:00+01:00,48.27810554270245,0.27112984072781693
1978-01-30 09:00:00+01:00,148.78725610016434,0.835589230258523
1978-01-30 10:00:00+01:00,215.85069679903233,1.2122175132233655
1978-01-30 11:00:00+01:00,241.17282754836214,1.3544265995116018
1978-01-30 12:00:00+01:00,293.8428875231239,1.650221656329864
1978-01-30 13:00:00+01:00,347.87063952939747,1.9536415115970962
1978-01-30 14:00:00+01:00,381.27071147831106,2.1412163156621946
1978-01-30 15:00:00+01:00,311.47593742972435,1.749248864605332
1978-01-30 16:00:00+01:00,45.9958776747833,0.258312849021583
1978-01-30 17:00:00+01:00,0.6443650813895954,0.0036187542970839677
1978-01-30 18:00:00+01:00,0.0,0.0
1978-01-30 19:00:00+01:00,0.0,0.0
1978-01-30 20:00:00+01:00,0.0,0.0
1978-01-30 21:00:00+01:00,0.0,0.0
1978-01-30 22:00:00+01:00,0.0,0.0
1978-01-30 23:00:00+01:00,0.0,0.0
1978-01-31 00:00:00+01:00,0.0,0.0
1978-01-31 01:00:00+01:00,0.0,0.0
1978-01-31 02:00:00+01:00,0.0,0.0
1978-01-31 03:00:00+01:00,0.0,0.0
1978-01-31 04:00:00+01:00,0.0,0.0
1978-01-31 05:00:00+01:00,0.0,0.0
1978-01-31 06:00:00+01:00,0.0,0.0
1978-01-31 07:00:00+01:00,0.0,0.0
1978-01-31 08:00:00+01:00,151.9909501777017,0.8535811761979727
1978-01-31 09:00:00+01:00,283.66871739526823,1.5930835168918263
1978-01-31 10:00:00+01:00,404.26051677517745,2.2703270622093963
1978-01-31 11:00:00+01:00,583.5554227405207,3.277247254110765
1978-01-31 12:00:00+01:00,684.4082511534284,3.843636738477654
1978-01-31 13:00:00+01:00,559.8391849944194,3.144056862928659
1978-01-31 14:00:00+01:00,402.99627799511563,2.2632270972205695
1978-01-31 15:00:00+01:00,237.81490051570327,1.3355684812961897
1978-01-31 16:00:00+01:00,49.88378470553669,0.28014733490629407
1978-01-31 17:00:00+01:00,0.702943725152286,0.003947731960455238
1978-01-31 18:00:00+01:00,0.0,0.0
1978-01-31 19:00:00+01:00,0.0,0.0
1978-01-31 20:00:00+01:00,0.0,0.0
1978-01-31 21:00:00+01:00,0.0,0.0
1978-01-31 22:00:00+01:00,0.0,0.0
1978-01-31 23:00:00+01:00,0.0,0.0
1973-02-01 00:00:00+01:00,0.0,0.0
1973-02-01 01:00:00+01:00,0.0,0.0
1973-02-01 02:00:00+01:00,0.0,0.0
1973-02-01 03:00:00+01:00,0.0,0.0
1973-02-01 04:00:00+01:00,0.0,0.0
1973-02-01 05:00:00+01:00,0.0,0.0
1973-02-01 06:00:00+01:00,0.0,0.0
1973-02-01 07:00:00+01:00,0.0,0.0
1973-02-01 08:00:00+01:00,92.94305202422802,0.5219681801680646
1973-02-01 09:00:00+01:00,213.88223983105547,1.2011626588912074
1973-02-01 10:00:00+01:00,293.9595152581335,1.6508766376896773
1973-02-01 11:00:00+01:00,325.420602396391,1.8275621030581322
1973-02-01 12:00:00+01:00,366.3980025344165,2.057691182233283
1973-02-01 13:00:00+01:00,442.9540778131184,2.487630100998473
1973-02-01 14:00:00+01:00,365.8113478794531,2.0543965296910085
1973-02-01 15:00:00+01:00,235.7667079626563,1.3240658319182779
1973-02-01 16:00:00+01:00,54.630680041268306,0.3068058991117628
1973-02-01 17:00:00+01:00,0.8786796564403573,0.004934664950569046
1973-02-01 18:00:00+01:00,0.0,0.0
1973-02-01 19:00:00+01:00,0.0,0.0
1973-02-01 20:00:00+01:00,0.0,0.0
1973-02-01 21:00:00+01:00,0.0,0.0
1973-02-01 22:00:00+01:00,0.0,0.0
1973-02-01 23:00:00+01:00,0.0,0.0
1973-02-02 00:00:00+01:00,0.0,0.0
1973-02-02 01:00:00+01:00,0.0,0.0
1973-02-02 02:00:00+01:00,0.0,0.0
1973-02-02 03:00:00+01:00,0.0,0.0
1973-02-02 04:00:00+01:00,0.0,0.0
1973-02-02 05:00:00+01:00,0.0,0.0
1973-02-02 06:00:00+01:00,0.0,0.0
1973-02-02 07:00:00+01:00,0.0,0.0
1973-02-02 08:00:00+01:00,58.9540886780237,0.3310861620157811
1973-02-02 09:00:00+01:00,227.02645788932557,1.2749805875064526
1973-02-02 10:00:00+01:00,448.5795557417799,2.519222785045836
1973-02-02 11:00:00+01:00,507.95993519846314,2.8527029960745693
1973-02-02 12:00:00+01:00,428.0916459385557,2.404162683590929
1973-02-02 13:00:00+01:00,331.55799894675965,1.8620297220850022
1973-02-02 14:00:00+01:00,190.09941887943228,1.0675983364268917
1973-02-02 15:00:00+01:00,82.17658189610071,0.46150368392850166
1973-02-02 16:00:00+01:00,21.331718964477428,0.11979893370450523
1973-02-02 17:00:00+01:00,0.351471862576143,0.001973865980227619
1973-02-02 18:00:00+01:00,0.0,0.0
1973-02-02 19:00:00+01:00,0.0,0.0
1973-02-02 20:00:00+01:00,0.0,0.0
1973-02-02 21:00:00+01:00,0.0,0.0
1973-02-02 22:00:00+01:00,0.0,0.0
1973-02-02 23:00:00+01:00,0.0,0.0
1973-02-03 00:00:00+01:00,0.0,0.0
1973-02-03 01:00:00+01:00,0.0,0.0
1973-02-03 02:00:00+01:00,0.0,0.0
1973-02-03 03:00:00+01:00,0.0,0.0
1973-02-03 04:00:00+01:00,0.0,0.0
1973-02-03 05:00:00+01:00,0.0,0.0
1973-02-03 06:00:00+01:00,0.0,0.0
1973-02-03 07:00:00+01:00,0.0,0.0
1973-02-03 08:00:00+01:00,81.34130514777372,0.4568127697098972
1973-02-03 09:00:00+01:00,201.6113646351613,1.1322494237910659
1973-02-03 10:00:00+01:00,341.0617616974358,1.9154028536927996
1973-02-03 11:00:00+01:00,470.14795308873704,2.640350904546347
1973-02-03 12:00:00+01:00,608.7719428587906,3.418863231094968
1973-02-03 13:00:00+01:00,578.6748415617544,3.249837910210813
1973-02-03 14:00:00+01:00,450.4691080371315,2.5298345107365305
1973-02-03 15:00:00+01:00,288.68107969085185,1.621232943543824
1973-02-03 16:00:00+01:00,54.71531383968778,0.30728120252368657
1973-02-03 17:00:00+01:00,0.702943725152286,0.003947731960455238
1973-02-03 18:00:00+01:00,0.0,0.0
1973-02-03 19:00:00+01:00,0.0,0.0
1973-02-03 20:00:00+01:00,0.0,0.0
1973-02-03 21:00:00+01:00,0.0,0.0
1973-02-03 22:00:00+01:00,0.0,0.0
1973-02-03 23:00:00+01:00,0.0,0.0
1973-02-04 00:00:00+01:00,0.0,0.0
1973-02-04 01:00:00+01:00,0.0,0.0
1973-02-04 02:00:00+01:00,0.0,0.0
1973-02-04 03:00:00+01:00,0.0,0.0
1973-02-04 04:00:00+01:00,0.0,0.0
1973-02-04 05:00:00+01:00,0.0,0.0
1973-02-04 06:00:00+01:00,0.0,0.0
1973-02-04 07:00:00+01:00,0.0,0.0
1973-02-04 08:00:00+01:00,159.7463754159623,0.8971356443360442
1973-02-04 09:00:00+01:00,301.24233929041395,1.691776977454965
1973-02-04 10:00:00+01:00,459.5363392849175,2.580756081424097
1973-02-04 11:00:00+01:00,675.5096375201052,3.7936621243129105
1973-02-04 12:00:00+01:00,828.1109127698179,4.6506708861152966
1973-02-04 13:00:00+01:00,844.6749757769971,4.743694663963615
1973-02-04 14:00:00+01:00,760.145011107436,4.26897438237936
1973-02-04 15:00:00+01:00,565.7258413966149,3.1771163252833894
1973-02-04 16:00:00+01:00,39.04531788880297,0.21927850526351747
1973-02-04 17:00:00+01:00,10.300386047455657,0.05784696804251097
1973-02-04 18:00:00+01:00,0.0,0.0
1973-02-04 19:00:00+01:00,0.0,0.0
1973-02-04 20:00:00+01:00,0.0,0.0
1973-02-04 21:00:00+01:00,0.0,0.0
1973-02-04 22:00:00+01:00,0.0,0.0
1973-02-04 23:00:00+01:00,0.0,0.0
1973-02-05 00:00:00+01:00,0.0,0.0
1973-02-05 01:00:00+01:00,0.0,0.0
1973-02-05 02:00:00+01:00,0.0,0.0
1973-02-05 03:00:00+01:00,0.0,0.0
1973-02-05 04:00:00+01:00,0.0,0.0
1973-02-05 05:00:00+01:00,0.0,0.0
1973-02-05 06:00:00+01:00,0.0,0.0
1973-02-05 07:00:00+01:00,,
1973-02-05 08:00:00+01:00,184.2984567646079,1.035020133190038
1973-02-05 09:00:00+01:00,365.30945839595967,2.0515779183517093
1973-02-05 10:00:00+01:00,542.8844268907951,3.048838941418705
1973-02-05 11:00:00+01:00,706.0515916400492,3.965185738650516
1973-02-05 12:00:00+01:00,838.1416074742438,4.707003267575352
1973-02-05 13:00:00+01:00,812.3081294511296,4.561922454997544
1973-02-05 14:00:00+01:00,696.6967792743782,3.9126491124049076
1973-02-05 15:00:00+01:00,504.53327817213733,2.8334588902147235
1973-02-05 16:00:00+01:00,39.52887815451561,0.2219941797157597
1973-02-05 17:00:00+01:00,11.279792658545286,0.06334731557039033
1973-02-05 18:00:00+01:00,0.0,0.0
1973-02-05 19:00:00+01:00,0.0,0.0
1973-02-05 20:00:00+01:00,0.0,0.0
1973-02-05 21:00:00+01:00,0.0,0.0
1973-02-05 22:00:00+01:00,0.0,0.0
1973-02-05 23:00:00+01:00,0.0,0.0
1973-02-06 00:00:00+01:00,0.0,0.0
1973-02-06 01:00:00+01:00,0.0,0.0
1973-02-06 02:00:00+01:00,0.0,0.0
1973-02-06 03:00:00+01:00,0.0,0.0
1973-02-06 04:00:00+01:00,0.0,0.0
1973-02-06 05:00:00+01:00,0.0,0.0
1973-02-06 06:00:00+01:00,0.0,0.0
1973-02-06 07:00:00+01:00,,
1973-02-06 08:00:00+01:00,303.7186106679068,1.7056837175109647
1973-02-06 09:00:00+01:00,576.5795234854921,3.2380706038945237
1973-02-06 10:00:00+01:00,801.2562055592604,4.499854850420806
1973-02-06 11:00:00+01:00,936.6885232190851,5.2604427463983825
1973-02-06 12:00:00+01:00,976.2042850750223,5.482363264981325
1973-02-06 13:00:00+01:00,927.9367092350437,5.211292559064006
1973-02-06 14:00:00+01:00,787.6688156100369,4.423548068465967
1973-02-06 15:00:00+01:00,567.3514771561909,3.1862458957091677
1973-02-06 16:00:00+01:00,40.17819415186603,0.22564073835687962
1973-02-06 17:00:00+01:00,11.18960470968362,0.0628408200495832
1973-02-06 18:00:00+01:00,0.0,0.0
1973-02-06 19:00:00+01:00,0.0,0.0
1973-02-06 20:00:00+01:00,0.0,0.0
1973-02-06 21:00:00+01:00,0.0,0.0
1973-02-06 22:00:00+01:00,0.0,0.0
1973-02-06 23:00:00+01:00,0.0,0.0
1973-02-07 00:00:00+01:00,0.0,0.0
1973-02-07 01:00:00+01:00,0.0,0.0
1973-02-07 02:00:00+01:00,0.0,0.0
1973-02-07 03:00:00+01:00,0.0,0.0
1973-02-07 04:00:00+01:00,0.0,0.0
1973-02-07 05:00:00+01:00,0.0,0.0
1973-02-07 06:00:00+01:00,0.0,0.0
1973-02-07 07:00:00+01:00,,
1973-02-07 08:00:00+01:00,232.9899935809898,1.3084718039508387
1973-02-07 09:00:00+01:00,483.9252496785842,2.717724202194929
1973-02-07 10:00:00+01:00,740.7849672858885,4.16024837627755
1973-02-07 11:00:00+01:00,882.3859880580798,4.955479708934176
1973-02-07 12:00:00+01:00,939.0534223960888,5.273724020176434
1973-02-07 13:00:00+01:00,892.4210358748096,5.011836537472931
1973-02-07 14:00:00+01:00,747.6652412864363,4.198887995064626
1973-02-07 15:00:00+01:00,518.2204753293878,2.9103261894498416
1973-02-07 16:00:00+01:00,52.15511072416146,0.2929031018268908
1973-02-07 17:00:00+01:00,14.668840378278897,0.08238020756441428
1973-02-07 18:00:00+01:00,0.0,0.0
1973-02-07 19:00:00+01:00,0.0,0.0
1973-02-07 20:00:00+01:00,0.0,0.0
1973-02-07 21:00:00+01:00,0.0,0.0
1973-02-07 22:00:00+01:00,0.0,0.0
1973-02-07 23:00:00+01:00,0.0,0.0
1973-02-08 00:00:00+01:00,0.0,0.0
1973-02-08 01:00:00+01:00,0.0,0.0
1973-02-08 02:00:00+01:00,0.0,0.0
1973-02-08 03:00:00+01:00,0.0,0.0
1973-02-08 04:00:00+01:00,0.0,0.0
1973-02-08 05:00:00+01:00,0.0,0.0
1973-02-08 06:00:00+01:00,0.0,0.0
1973-02-08 07:00:00+01:00,,
1973-02-08 08:00:00+01:00,310.95508853240335,1.7463237771979772
1973-02-08 09:00:00+01:00,577.9635792671705,3.24584346116443
1973-02-08 10:00:00+01:00,795.2889102176724,4.466342519782448
1973-02-08 11:00:00+01:00,936.958440700141,5.261958602971992
1973-02-08 12:00:00+01:00,986.4123700903594,5.5396918704274585
1973-02-08 13:00:00+01:00,931.6359181233242,5.232067316180589
1973-02-08 14:00:00+01:00,781.8096961462634,4.390643253557415
1973-02-08 15:00:00+01:00,559.5169633077293,3.1422472659362075
1973-02-08 16:00:00+01:00,298.109397795552,1.67418237801982
1973-02-08 17:00:00+01:00,11.93002412479067,0.0669990154848244
1973-02-08 18:00:00+01:00,0.0,0.0
1973-02-08 19:00:00+01:00,0.0,0.0
1973-02-08 20:00:00+01:00,0.0,0.0
1973-02-08 21:00:00+01:00,0.0,0.0
1973-02-08 22:00:00+01:00,0.0,0.0
1973-02-08 23:00:00+01:00,0.0,0.0
1973-02-09 00:00:00+01:00,0.0,0.0
1973-02-09 01:00:00+01:00,0.0,0.0
1973-02-09 02:00:00+01:00,0.0,0.0
1973-02-09 03:00:00+01:00,0.0,0.0
1973-02-09 04:00:00+01:00,0.0,0.0
1973-02-09 05:00:00+01:00,0.0,0.0
1973-02-09 06:00:00+01:00,0.0,0.0
1973-02-09 07:00:00+01:00,,
1973-02-09 08:00:00+01:00,37.78119651694237,0.21217919963914836
1973-02-09 09:00:00+01:00,83.23610495467442,0.4674539654254515
1973-02-09 10:00:00+01:00,143.25607156202923,0.8045260978923562
1973-02-09 11:00:00+01:00,225.0870597633399,1.2640889276309168
1973-02-09 12:00:00+01:00,273.7186768011036,1.5372040889149976
1973-02-09 13:00:00+01:00,265.5193931870473,1.4911569121384574
1973-02-09 14:00:00+01:00,183.7560971612458,1.0319742416575564
1973-02-09 15:00:00+01:00,115.26097048445854,0.6473056102407191
1973-02-09 16:00:00+01:00,76.10995360761218,0.42743349946035
1973-02-09 17:00:00+01:00,8.662794102276749,0.04865025167838622
1973-02-09 18:00:00+01:00,0.0,0.0
1973-02-09 19:00:00+01:00,0.0,0.0
1973-02-09 20:00:00+01:00,0.0,0.0
1973-02-09 21:00:00+01:00,0.0,0.0
1973-02-09 22:00:00+01:00,0.0,0.0
1973-02-09 23:00:00+01:00,0.0,0.0
1973-02-10 00:00:00+01:00,0.0,0.0
1973-02-10 01:00:00+01:00,0.0,0.0
1973-02-10 02:00:00+01:00,0.0,0.0
1973-02-10 03:00:00+01:00,0.0,0.0
1973-02-10 04:00:00+01:00,0.0,0.0
1973-02-10 05:00:00+01:00,0.0,0.0
1973-02-10 06:00:00+01:00,0.0,0.0
1973-02-10 07:00:00+01:00,,
1973-02-10 08:00:00+01:00,62.80706922419251,0.3527245007630651
1973-02-10 09:00:00+01:00,141.2538175399206,0.793281439304194
1973-02-10 10:00:00+01:00,306.0701400726857,1.718889906648203
1973-02-10 11:00:00+01:00,481.9411935638633,2.706581743054656
1973-02-10 12:00:00+01:00,436.2190753338308,2.449806327074794
1973-02-10 13:00:00+01:00,303.92443514352,1.7068396277660083
1973-02-10 14:00:00+01:00,222.74269499014713,1.2509229750646662
1973-02-10 15:00:00+01:00,102.97295066404934,0.5782960909293011
1973-02-10 16:00:00+01:00,28.658815705231532,0.1609479090005803
1973-02-10 17:00:00+01:00,5.960677874323357,0.03347516694219997
1973-02-10 18:00:00+01:00,0.0,0.0
1973-02-10 19:00:00+01:00,0.0,0.0
1973-02-10 20:00:00+01:00,0.0,0.0
1973-02-10 21:00:00+01:00,0.0,0.0
1973-02-10 22:00:00+01:00,0.0,0.0
1973-02-10 23:00:00+01:00,0.0,0.0
1973-02-11 00:00:00+01:00,0.0,0.0
1973-02-11 01:00:00+01:00,0.0,0.0
1973-02-11 02:00:00+01:00,0.0,0.0
1973-02-11 03:00:00+01:00,0.0,0.0
1973-02-11 04:00:00+01:00,0.0,0.0
1973-02-11 05:00:00+01:00,0.0,0.0
1973-02-11 06:00:00+01:00,0.0,0.0
1973-02-11 07:00:00+01:00,,
1973-02-11 08:00:00+01:00,103.79799683835223,0.5829295502441861
1973-02-11 09:00:00+01:00,210.62643571330878,1.1828780629659421
1973-02-11 10:00:00+01:00,278.94131451787257,1.5665344223323725
1973-02-11 11:00:00+01:00,324.6642461716614,1.8233144065000504
1973-02-11 12:00:00+01:00,473.6444579104309,2.65998727562498
1973-02-11 13:00:00+01:00,689.9196756339469,3.874588898360246
1973-02-11 14:00:00+01:00,644.946306324844,3.6220184563203244
1973-02-11 15:00:00+01:00,443.6908356782452,2.4917677331690253
1973-02-11 16:00:00+01:00,239.75865708612207,1.3464846181956616
1973-02-11 17:00:00+01:00,13.487710310559773,0.07574698110410369
1973-02-11 18:00:00+01:00,0.0,0.0
1973-02-11 19:00:00+01:00,0.0,0.0
1973-02-11 20:00:00+01:00,0.0,0.0
1973-02-11 21:00:00+01:00,0.0,0.0
1973-02-11 22:00:00+01:00,0.0,0.0
1973-02-11 23:00:00+01:00,0.0,0.0
1973-02-12 00:00:00+01:00,0.0,0.0
1973-02-12 01:00:00+01:00,0.0,0.0
1973-02-12 02:00:00+01:00,0.0,0.0
1973-02-12 03:00:00+01:00,0.0,0.0
1973-02-12 04:00:00+01:00,0.0,0.0
1973-02-12 05:00:00+01:00,0.0,0.0
1973-02-12 06:00:00+01:00,0.0,0.0
1973-02-12 07:00:00+01:00,,
1973-02-12 08:00:00+01:00,192.507535381594,1.0811223187030319
1973-02-12 09:00:00+01:00,432.5558619210126,2.4292337205484067
1973-02-12 10:00:00+01:00,580.5717016741182,3.2604906766018473
1973-02-12 11:00:00+01:00,663.81332794573,3.72797564974322
1973-02-12 12:00:00+01:00,718.0291235599848,4.032451557912874
1973-02-12 13:00:00+01:00,678.7673622911078,3.811957506626861
1973-02-12 14:00:00+01:00,592.3368219653247,3.3265635921572634
1973-02-12 15:00:00+01:00,431.314058059232,2.422259750060647
1973-02-12 16:00:00+01:00,231.92879753081252,1.302512126933043
1973-02-12 17:00:00+01:00,18.11283419749249,0.10172167685311782
1973-02-12 18:00:00+01:00,0.0,0.0
1973-02-12 19:00:00+01:00,0.0,0.0
1973-02-12 20:00:00+01:00,0.0,0.0
1973-02-12 21:00:00+01:00,0.0,0.0
1973-02-12 22:00:00+01:00,0.0,0.0
1973-02-12 23:00:00+01:00,0.0,0.0
1973-02-13 00:00:00+01:00,0.0,0.0
1973-02-13 01:00:00+01:00,0.0,0.0
1973-02-13 02:00:00+01:00,0.0,0.0
1973-02-13 03:00:00+01:00,0.0,0.0
1973-02-13 04:00:00+01:00,0.0,0.0
1973-02-13 05:00:00+01:00,0.0,0.0
1973-02-13 06:00:00+01:00,0.0,0.0
1973-02-13 07:00:00+01:00,,
1973-02-13 08:00:00+01:00,343.9845757047207,1.9318173771577116
1973-02-13 09:00:00+01:00,618.7051558636504,3.4746481553302604
1973-02-13 10:00:00+01:00,832.5611400388846,4.675663362458375
1973-02-13 11:00:00+01:00,970.0759701360555,5.447946648284088
1973-02-13 12:00:00+01:00,1015.6634063154131,5.70396568986736
1973-02-13 13:00:00+01:00,966.114845381263,5.425700971661173
1973-02-13 14:00:00+01:00,818.6314000637427,4.597433942757979
1973-02-13 15:00:00+01:00,586.0721056313473,3.291380945225646
1973-02-13 16:00:00+01:00,305.4225529126356,1.7152530571573614
1973-02-13 17:00:00+01:00,15.668439318462804,0.08799395521248711
1973-02-13 18:00:00+01:00,0.0,0.0
1973-02-13 19:00:00+01:00,0.0,0.0
1973-02-13 20:00:00+01:00,0.0,0.0
1973-02-13 21:00:00+01:00,0.0,0.0
1973-02-13 22:00:00+01:00,0.0,0.0
1973-02-13 23:00:00+01:00,0.0,0.0
1973-02-14 00:00:00+01:00,0.0,0.0
1973-02-14 01:00:00+01:00,0.0,0.0
1973-02-14 02:00:00+01:00,0.0,0.0
1973-02-14 03:00:00+01:00,0.0,0.0
1973-02-14 04:00:00+01:00,0.0,0.0
1973-02-14 05:00:00+01:00,0.0,0.0
1973-02-14 06:00:00+01:00,0.0,0.0
1973-02-14 07:00:00+01:00,,
1973-02-14 08:00:00+01:00,57.97506306996466,0.3255879542009215
1973-02-14 09:00:00+01:00,96.91884210250996,0.5442962172476958
1973-02-14 10:00:00+01:00,113.70058539840247,0.6385424875974283
1973-02-14 11:00:00+01:00,139.86975100652563,0.7855085216526478
1973-02-14 12:00:00+01:00,184.65485361900812,1.0370216579243496
1973-02-14 13:00:00+01:00,218.80715634138912,1.2288209900132412
1973-02-14 14:00:00+01:00,191.52926896349626,1.075628374498995
1973-02-14 15:00:00+01:00,183.2751242206921,1.0292730976234068
1973-02-14 16:00:00+01:00,142.85766460555544,0.8022886444247993
1973-02-14 17:00:00+01:00,13.724561760120219,0.07707713884483514
1973-02-14 18:00:00+01:00,0.0,0.0
1973-02-14 19:00:00+01:00,0.0,0.0
1973-02-14 20:00:00+01:00,0.0,0.0
1973-02-14 21:00:00+01:00,0.0,0.0
1973-02-14 22:00:00+01:00,0.0,0.0
1973-02-14 23:00:00+01:00,0.0,0.0
1973-02-15 00:00:00+01:00,0.0,0.0
1973-02-15 01:00:00+01:00,0.0,0.0
1973-02-15 02:00:00+01:00,0.0,0.0
1973-02-15 03:00:00+01:00,0.0,0.0
1973-02-15 04:00:00+01:00,0.0,0.0
1973-02-15 05:00:00+01:00,0.0,0.0
1973-02-15 06:00:00+01:00,0.0,0.0
1973-02-15 07:00:00+01:00,,
1973-02-15 08:00:00+01:00,16.18377856989312,0.09088810044851978
1973-02-15 09:00:00+01:00,36.777207006550384,0.20654079454878693
1973-02-15 10:00:00+01:00,63.55213121404838,0.35690876889809564
1973-02-15 11:00:00+01:00,69.21512799170158,0.3887121588013961
1973-02-15 12:00:00+01:00,56.804252671181125,0.3190126830013532
1973-02-15 13:00:00+01:00,68.12895984200934,0.3826122384727244
1973-02-15 14:00:00+01:00,76.70853934587397,0.4307951569664282
1973-02-15 15:00:00+01:00,57.30345682684286,0.3218162135395495
1973-02-15 16:00:00+01:00,32.48891047192189,0.18245772121031334
1973-02-15 17:00:00+01:00,10.240820196167148,0.0575124462216747
1973-02-15 18:00:00+01:00,0.0,0.0
1973-02-15 19:00:00+01:00,0.0,0.0
1973-02-15 20:00:00+01:00,0.0,0.0
1973-02-15 21:00:00+01:00,0.0,0.0
1973-02-15 22:00:00+01:00,0.0,0.0
1973-02-15 23:00:00+01:00,0.0,0.0
1973-02-16 00:00:00+01:00,0.0,0.0
1973-02-16 01:00:00+01:00,0.0,0.0
1973-02-16 02:00:00+01:00,0.0,0.0
1973-02-16 03:00:00+01:00,0.0,0.0
1973-02-16 04:00:00+01:00,0.0,0.0
1973-02-16 05:00:00+01:00,0.0,0.0
1973-02-16 06:00:00+01:00,0.0,0.0
1973-02-16 07:00:00+01:00,,
1973-02-16 08:00:00+01:00,73.87417956416282,0.41487739243233834
1973-02-16 09:00:00+01:00,184.32265674643247,1.0351560402879647
1973-02-16 10:00:00+01:00,294.7996837000471,1.6555950236594645
1973-02-16 11:00:00+01:00,477.4212258935331,2.6811976046180823
1973-02-16 12:00:00+01:00,652.9858951798367,3.667168787329963
1973-02-16 13:00:00+01:00,709.4412573435911,3.984222101241608
1973-02-16 14:00:00+01:00,611.8856547819737,3.4363498372555643
1973-02-16 15:00:00+01:00,388.12695208967614,2.179720962935621
1973-02-16 16:00:00+01:00,199.59401019968251,1.120919961281417
1973-02-16 17:00:00+01:00,23.031208778211344,0.1293432684984349
1973-02-16 18:00:00+01:00,0.05857864376269049,0.0003289776633712698
1973-02-16 19:00:00+01:00,0.0,0.0
1973-02-16 20:00:00+01:00,0.0,0.0
1973-02-16 21:00:00+01:00,0.0,0.0
1973-02-16 22:00:00+01:00,0.0,0.0
1973-02-16 23:00:00+01:00,0.0,0.0
1973-02-17 00:00:00+01:00,0.0,0.0
1973-02-17 01:00:00+01:00,0.0,0.0
1973-02-17 02:00:00+01:00,0.0,0.0
1973-02-17 03:00:00+01:00,0.0,0.0
1973-02-17 04:00:00+01:00,0.0,0.0
1973-02-17 05:00:00+01:00,0.0,0.0
1973-02-17 06:00:00+01:00,0.0,0.0
1973-02-17 07:00:00+01:00,,
1973-02-17 08:00:00+01:00,56.36912397978826,0.3165690002704909
1973-02-17 09:00:00+01:00,127.10081646291346,0.713798185255722
1973-02-17 10:00:00+01:00,244.096458421867,1.3708457104972052
1973-02-17 11:00:00+01:00,416.15671664643907,2.337136120686402
1973-02-17 12:00:00+01:00,503.67145811366106,2.828618908766321
1973-02-17 13:00:00+01:00,392.2715164319337,2.2029968362817396
1973-02-17 14:00:00+01:00,303.24630426115846,1.7030312447306657
1973-02-17 15:00:00+01:00,212.4083790385522,1.1928854566805092
1973-02-17 16:00:00+01:00,88.23433943579393,0.49552405027141866
1973-02-17 17:00:00+01:00,14.943178243553103,0.08392088901579423
1973-02-17 18:00:00+01:00,0.05857864376269049,0.0003289776633712698
1973-02-17 19:00:00+01:00,0.0,0.0
1973-02-17 20:00:00+01:00,0.0,0.0
1973-02-17 21:00:00+01:00,0.0,0.0
1973-02-17 22:00:00+01:00,0.0,0.0
1973-02-17 23:00:00+01:00,0.0,0.0
1973-02-18 00:00:00+01:00,0.0,0.0
1973-02-18 01:00:00+01:00,0.0,0.0
1973-02-18 02:00:00+01:00,0.0,0.0
1973-02-18 03:00:00+01:00,0.0,0.0
1973-02-18 04:00:00+01:00,0.0,0.0
1973-02-18 05:00:00+01:00,0.0,0.0
1973-02-18 06:00:00+01:00,0.0,0.0
1973-02-18 07:00:00+01:00,19.667813005484852,0.11045443783880292
1973-02-18 08:00:00+01:00,106.94725377958679,0.6006157772261594
1973-02-18 09:00:00+01:00,248.16631845811352,1.3937020444607655
1973-02-18 10:00:00+01:00,420.1179345923613,2.3593823206707008
1973-02-18 11:00:00+01:00,614.9952580773692,3.4538133693625057
1973-02-18 12:00:00+01:00,810.8613212995101,4.553797180418049
1973-02-18 13:00:00+01:00,865.1984917386244,4.858954729604115
1973-02-18 14:00:00+01:00,734.3266284521312,4.123978345387169
1973-02-18 15:00:00+01:00,528.9550881415765,2.970611775003094
1973-02-18 16:00:00+01:00,282.1927390109806,1.584794422285667
1973-02-18 17:00:00+01:00,25.310763258890752,0.14214524646193047
1973-02-18 18:00:00+01:00,0.05857864376269049,0.0003289776633712698
1973-02-18 19:00:00+01:00,0.0,0.0
1973-02-18 20:00:00+01:00,0.0,0.0
1973-02-18 21:00:00+01:00,0.0,0.0
1973-02-18 22:00:00+01:00,0.0,0.0
1973-02-18 23:00:00+01:00,0.0,0.0
1973-02-19 00:00:00+01:00,0.0,0.0
1973-02-19 01:00:00+01:00,0.0,0.0
1973-02-19 02:00:00+01:00,0.0,0.0
1973-02-19 03:00:00+01:00,0.0,0.0
1973-02-19 04:00:00+01:00,0.0,0.0
1973-02-19 05:00:00+01:00,0.0,0.0
1973-02-19 06:00:00+01:00,0.0,0.0
1973-02-19 07:00:00+01:00,54.26345560887482,0.30474356669944097
1973-02-19 08:00:00+01:00,209.86745925704986,1.178615651187592
1973-02-19 09:00:00+01:00,485.52969089371277,2.7267347440590908
1973-02-19 10:00:00+01:00,771.9368223332364,4.335197194223455
1973-02-19 11:00:00+01:00,932.0475116287608,5.234378825307122
1973-02-19 12:00:00+01:00,990.6998801644193,5.563770527003379
1973-02-19 13:00:00+01:00,926.0046275169664,5.200441988135283
1973-02-19 14:00:00+01:00,672.958136745115,3.7793328959605654
1973-02-19 15:00:00+01:00,394.6321863082361,2.216254358307054
1973-02-19 16:00:00+01:00,172.25925045421224,0.9674079505508559
1973-02-19 17:00:00+01:00,30.86929653496035,0.17336196934033732
1973-02-19 18:00:00+01:00,0.05857864376269049,0.0003289776633712698
1973-02-19 19:00:00+01:00,0.0,0.0
1973-02-19 20:00:00+01:00,0.0,0.0
1973-02-19 21:00:00+01:00,0.0,0.0
1973-02-19 22:00:00+01:00,0.0,0.0
1973-02-19 23:00:00+01:00,0.0,0.0
1973-02-20 00:00:00+01:00,0.0,0.0
1973-02-20 01:00:00+01:00,0.0,0.0
1973-02-20 02:00:00+01:00,0.0,0.0
1973-02-20 03:00:00+01:00,0.0,0.0
1973-02-20 04:00:00+01:00,0.0,0.0
1973-02-20 05:00:00+01:00,0.0,0.0
1973-02-20 06:00:00+01:00,0.0,0.0
1973-02-20 07:00:00+01:00,79.66299801533967,0.4473873968541476
1973-02-20 08:00:00+01:00,288.5814704729733,1.6206735381762183
1973-02-20 09:00:00+01:00,548.9357634247291,3.0828232473932786
1973-02-20 10:00:00+01:00,802.59336147476,4.507364318042252
1973-02-20 11:00:00+01:00,954.5413914653925,5.360704454469644
1973-02-20 12:00:00+01:00,1000.9852765374617,5.6215333130343845
1973-02-20 13:00:00+01:00,891.6730348978645,5.007635763986407
1973-02-20 14:00:00+01:00,636.6119120198787,3.5752124979036384
1973-02-20 15:00:00+01:00,461.26898460703217,2.5904866175530925
1973-02-20 16:00:00+01:00,303.21265407344396,1.7028422652764612
1973-02-20 17:00:00+01:00,27.45854959829242,0.15420721454401023
1973-02-20 18:00:00+01:00,0.11715728752538097,0.0006579553267425396
1973-02-20 19:00:00+01:00,0.0,0.0
1973-02-20 20:00:00+01:00,0.0,0.0
1973-02-20 21:00:00+01:00,0.0,0.0
1973-02-20 22:00:00+01:00,0.0,0.0
1973-02-20 23:00:00+01:00,0.0,0.0
1973-02-21 00:00:00+01:00,0.0,0.0
1973-02-21 01:00:00+01:00,0.0,0.0
1973-02-21 02:00:00+01:00,0.0,0.0
1973-02-21 03:00:00+01:00,0.0,0.0
1973-02-21 04:00:00+01:00,0.0,0.0
1973-02-21 05:00:00+01:00,0.0,0.0
1973-02-21 06:00:00+01:00,0.0,0.0
1973-02-21 07:00:00+01:00,58.23809677208051,0.32706515147200416
1973-02-21 08:00:00+01:00,191.41319688433197,1.0749765137024083
1973-02-21 09:00:00+01:00,361.4764147303395,2.0300515451255867
1973-02-21 10:00:00+01:00,618.9159813218655,3.475832151103597
1973-02-21 11:00:00+01:00,770.8787259133576,4.329254924729416
1973-02-21 12:00:00+01:00,710.4643777415372,3.9899679453964723
1973-02-21 13:00:00+01:00,527.729659855429,2.963729769748089
1973-02-21 14:00:00+01:00,325.9360338553325,1.8304567661315472
1973-02-21 15:00:00+01:00,201.71958995726584,1.1328572172000049
1973-02-21 16:00:00+01:00,101.02228733672756,0.567341165683062
1973-02-21 17:00:00+01:00,20.84922363746055,0.11708923994797844
1973-02-21 18:00:00+01:00,0.11715728752538097,0.0006579553267425396
1973-02-21 19:00:00+01:00,0.0,0.0
1973-02-21 20:00:00+01:00,0.0,0.0
1973-02-21 21:00:00+01:00,0.0,0.0
1973-02-21 22:00:00+01:00,0.0,0.0
1973-02-21 23:00:00+01:00,0.0,0.0
1973-02-22 00:00:00+01:00,0.0,0.0
1973-02-22 01:00:00+01:00,0.0,0.0
1973-02-22 02:00:00+01:00,0.0,0.0
1973-02-22 03:00:00+01:00,0.0,0.0
1973-02-22 04:00:00+01:00,0.0,0.0
1973-02-22 05:00:00+01:00,0.0,0.0
1973-02-22 06:00:00+01:00,0.0,0.0
1973-02-22 07:00:00+01:00,44.580173240570275,0.2503622529190426
1973-02-22 08:00:00+01:00,129.51047826658157,0.7273308459451222
1973-02-22 09:00:00+01:00,239.57694597193526,1.3454641285783886
1973-02-22 10:00:00+01:00,351.869594352553,1.9760996418839376
1973-02-22 11:00:00+01:00,395.7980535353465,2.222801868654506
1973-02-22 12:00:00+01:00,348.304050691681,1.9560755486844805
1973-02-22 13:00:00+01:00,277.2286693763152,1.5569162072173865
1973-02-22 14:00:00+01:00,187.8533032209213,1.0549841508886941
1973-02-22 15:00:00+01:00,99.55809417458612,0.5591182568844756
1973-02-22 16:00:00+01:00,50.45756310092353,0.28336967437478655
1973-02-22 17:00:00+01:00,13.6552914946725,0.07668811703408077
1973-02-22 18:00:00+01:00,0.05857864376269049,0.0003289776633712698
1973-02-22 19:00:00+01:00,0.0,0.0
1973-02-22 20:00:00+01:00,0.0,0.0
1973-02-22 21:00:00+01:00,0.0,0.0
1973-02-22 22:00:00+01:00,0.0,0.0
1973-02-22 23:00:00+01:00,0.0,0.0
1973-02-23 00:00:00+01:00,0.0,0.0
1973-02-23 01:00:00+01:00,0.0,0.0
1973-02-23 02:00:00+01:00,0.0,0.0
1973-02-23 03:00:00+01:00,0.0,0.0
1973-02-23 04:00:00+01:00,0.0,0.0
1973-02-23 05:00:00+01:00,0.0,0.0
1973-02-23 06:00:00+01:00,0.0,0.0
1973-02-23 07:00:00+01:00,30.61094483795056,0.17191106620993032
1973-02-23 08:00:00+01:00,102.8005134814062,0.5773276837115773
1973-02-23 09:00:00+01:00,206.59634572799325,1.1602450776084101
1973-02-23 10:00:00+01:00,423.5309255417469,2.3785496778424506
1973-02-23 11:00:00+01:00,575.8637832673378,3.234051006829369
1973-02-23 12:00:00+01:00,541.5137014164424,3.041140947154741
1973-02-23 13:00:00+01:00,495.7706736019236,2.784248102948403
1973-02-23 14:00:00+01:00,340.03172090808755,1.9096181446198195
1973-02-23 15:00:00+01:00,167.589757218124,0.9411840765369844
1973-02-23 16:00:00+01:00,63.82928775901349,0.35846528005461975
1973-02-23 17:00:00+01:00,12.909198541162349,0.07249805900716776
1973-02-23 18:00:00+01:00,0.05857864376269049,0.0003289776633712698
1973-02-23 19:00:00+01:00,0.0,0.0
1973-02-23 20:00:00+01:00,0.0,0.0
1973-02-23 21:00:00+01:00,0.0,0.0
1973-02-23 22:00:00+01:00,0.0,0.0
1973-02-23 23:00:00+01:00,0.0,0.0
1973-02-24 00:00:00+01:00,0.0,0.0
1973-02-24 01:00:00+01:00,0.0,0.0
1973-02-24 02:00:00+01:00,0.0,0.0
1973-02-24 03:00:00+01:00,0.0,0.0
1973-02-24 04:00:00+01:00,0.0,0.0
1973-02-24 05:00:00+01:00,0.0,0.0
1973-02-24 06:00:00+01:00,0.0,0.0
1973-02-24 07:00:00+01:00,73.81953412057783,0.4145705036211651
1973-02-24 08:00:00+01:00,253.25298717714486,1.4222687759868453
1973-02-24 09:00:00+01:00,515.349835183889,2.8942046743927206
1973-02-24 10:00:00+01:00,795.9920957070022,4.470291609490524
1973-02-24 11:00:00+01:00,964.0691684304095,5.414212449905179
1973-02-24 12:00:00+01:00,1000.955433807025,5.621365716260253
1973-02-24 13:00:00+01:00,962.8729528768756,5.407494503356533
1973-02-24 14:00:00+01:00,853.4338821249966,4.79288468201398
1973-02-24 15:00:00+01:00,660.4910515249667,3.709317745364213
1973-02-24 16:00:00+01:00,385.5370517304464,2.165176082518187
1973-02-24 17:00:00+01:00,26.87265009901107,0.15091680295604618
1973-02-24 18:00:00+01:00,0.1757359312880715,0.0009869329901138096
1973-02-24 19:00:00+01:00,0.0,0.0
1973-02-24 20:00:00+01:00,0.0,0.0
1973-02-24 21:00:00+01:00,0.0,0.0
1973-02-24 22:00:00+01:00,0.0,0.0
1973-02-24 23:00:00+01:00,0.0,0.0
1973-02-25 00:00:00+01:00,0.0,0.0
1973-02-25 01:00:00+01:00,0.0,0.0
1973-02-25 02:00:00+01:00,0.0,0.0
1973-02-25 03:00:00+01:00,0.0,0.0
1973-02-25 04:00:00+01:00,0.0,0.0
1973-02-25 05:00:00+01:00,0.0,0.0
1973-02-25 06:00:00+01:00,0.0,0.0
1973-02-25 07:00:00+01:00,30.752655653802414,0.17270691415175435
1973-02-25 08:00:00+01:00,77.85209932797237,0.4372173898258928
1973-02-25 09:00:00+01:00,124.46741645058651,0.6990090107864938
1973-02-25 10:00:00+01:00,232.74788143366004,1.307112102131435
1973-02-25 11:00:00+01:00,401.3675867624817,2.2540803672580974
1973-02-25 12:00:00+01:00,367.75766743734914,2.0653270603281526
1973-02-25 13:00:00+01:00,277.0987017840285,1.556186309219104
1973-02-25 14:00:00+01:00,262.9967846535235,1.476989942614188
1973-02-25 15:00:00+01:00,162.45062643747443,0.9123227180728564
1973-02-25 16:00:00+01:00,59.485688866862134,0.3340716286762977
1973-02-25 17:00:00+01:00,16.226148347905443,0.09112604912183697
1973-02-25 18:00:00+01:00,0.11715728752538097,0.0006579553267425396
1973-02-25 19:00:00+01:00,0.0,0.0
1973-02-25 20:00:00+01:00,0.0,0.0
1973-02-25 21:00:00+01:00,0.0,0.0
1973-02-25 22:00:00+01:00,0.0,0.0
1973-02-25 23:00:00+01:00,0.0,0.0
1973-02-26 00:00:00+01:00,0.0,0.0
1973-02-26 01:00:00+01:00,0.0,0.0
1973-02-26 02:00:00+01:00,0.0,0.0
1973-02-26 03:00:00+01:00,0.0,0.0
1973-02-26 04:00:00+01:00,0.0,0.0
1973-02-26 05:00:00+01:00,0.0,0.0
1973-02-26 06:00:00+01:00,0.0,0.0
1973-02-26 07:00:00+01:00,47.66014756458943,0.26765938872273426
1973-02-26 08:00:00+01:00,140.7267029552341,0.7903211637965947
1973-02-26 09:00:00+01:00,281.3558054738354,1.5800942035410597
1973-02-26 10:00:00+01:00,460.619667725481,2.5868400539463017
1973-02-26 11:00:00+01:00,628.5304101991449,3.529826783678398
1973-02-26 12:00:00+01:00,705.0400979503588,3.9595051900892155
1973-02-26 13:00:00+01:00,694.1933250083093,3.8985897132466647
1973-02-26 14:00:00+01:00,604.3611728172199,3.394092346541507
1973-02-26 15:00:00+01:00,457.2476823121922,2.5679029838652716
1973-02-26 16:00:00+01:00,277.0555469684536,1.5559439517748352
1973-02-26 17:00:00+01:00,34.02590434268296,0.19108947878850752
1973-02-26 18:00:00+01:00,0.23431457505076195,0.0013159106534850792
1973-02-26 19:00:00+01:00,0.0,0.0
1973-02-26 20:00:00+01:00,0.0,0.0
1973-02-26 21:00:00+01:00,0.0,0.0
1973-02-26 22:00:00+01:00,0.0,0.0
1973-02-26 23:00:00+01:00,0.0,0.0
1973-02-27 00:00:00+01:00,0.0,0.0
1973-02-27 01:00:00+01:00,0.0,0.0
1973-02-27 02:00:00+01:00,0.0,0.0
1973-02-27 03:00:00+01:00,0.0,0.0
1973-02-27 04:00:00+01:00,0.0,0.0
1973-02-27 05:00:00+01:00,0.0,0.0
1973-02-27 06:00:00+01:00,0.0,0.0
1973-02-27 07:00:00+01:00,80.29288243883093,0.4509248277764745
1973-02-27 08:00:00+01:00,261.9087455609124,1.4708795150700837
1973-02-27 09:00:00+01:00,511.2914612031961,2.8714128461171495
1973-02-27 10:00:00+01:00,713.5712163400578,4.007415950965765
1973-02-27 11:00:00+01:00,776.7762833058341,4.362375607045564
1973-02-27 12:00:00+01:00,748.1309652169941,4.201503500658639
1973-02-27 13:00:00+01:00,665.4562388800279,3.7372022375502363
1973-02-27 14:00:00+01:00,554.1281055428773,3.1119834407287987
1973-02-27 15:00:00+01:00,416.61396635284916,2.3397040350376006
1973-02-27 16:00:00+01:00,264.4427326384189,1.4851103864973605
1973-02-27 17:00:00+01:00,38.51913330499378,0.21632345264084504
1973-02-27 18:00:00+01:00,0.23431457505076195,0.0013159106534850792
1973-02-27 19:00:00+01:00,0.0,0.0
1973-02-27 20:00:00+01:00,0.0,0.0
1973-02-27 21:00:00+01:00,0.0,0.0
1973-02-27 22:00:00+01:00,0.0,0.0
1973-02-27 23:00:00+01:00,0.0,0.0
1973-02-28 00:00:00+01:00,0.0,0.0
1973-02-28 01:00:00+01:00,0.0,0.0
1973-02-28 02:00:00+01:00,0.0,0.0
1973-02-28 03:00:00+01:00,0.0,0.0
1973-02-28 04:00:00+01:00,0.0,0.0
1973-02-28 05:00:00+01:00,0.0,0.0
1973-02-28 06:00:00+01:00,0.0,0.0
1973-02-28 07:00:00+01:00,69.09378036120546,0.3880306705085299
1973-02-28 08:00:00+01:00,231.57779356722236,1.3005408886735208
1973-02-28 09:00:00+01:00,428.6264919168427,2.407166378604989
1973-02-28 10:00:00+01:00,663.8889194660997,3.7284001717216153
1973-02-28 11:00:00+01:00,777.4203351700824,4.365992602315183
1973-02-28 12:00:00+01:00,747.6775631498072,4.198957194649316
1973-02-28 13:00:00+01:00,666.5635944383042,3.7434211463655167
1973-02-28 14:00:00+01:00,504.86611641463026,2.8353281097845637
1973-02-28 15:00:00+01:00,347.7031333520404,1.9527007969050592
1973-02-28 16:00:00+01:00,195.58600842376077,1.0984110233078406
1973-02-28 17:00:00+01:00,43.66209997717932,0.24520635347183906
1973-02-28 18:00:00+01:00,0.2928932188134524,0.001644888316856349
1973-02-28 19:00:00+01:00,0.0,0.0
1973-02-28 20:00:00+01:00,0.0,0.0
1973-02-28 21:00:00+01:00,0.0,0.0
1973-02-28 22:00:00+01:00,0.0,0.0
1973-02-28 23:00:00+01:00,0.0,0.0
1980-03-01 00:00:00+01:00,0.0,0.0
1980-03-01 01:00:00+01:00,0.0,0.0
1980-03-01 02:00:00+01:00,0.0,0.0
1980-03-01 03:00:00+01:00,0.0,0.0
1980-03-01 04:00:00+01:00,0.0,0.0
1980-03-01 05:00:00+01:00,0.0,0.0
1980-03-01 06:00:00+01:00,0.0,0.0
1980-03-01 07:00:00+01:00,94.95859287968486,0.5332874576123102
1980-03-01 08:00:00+01:00,268.50961644485835,1.5079500059543247
1980-03-01 09:00:00+01:00,416.93289398756417,2.34149513263416
1980-03-01 10:00:00+01:00,550.166089103639,3.089732756406037
1980-03-01 11:00:00+01:00,679.631632620099,3.816811248794476
1980-03-01 12:00:00+01:00,628.5410762173033,3.5298866840363754
1980-03-01 13:00:00+01:00,496.85925965560887,2.7903616022258992
1980-03-01 14:00:00+01:00,368.5049911252403,2.0695240301593496
1980-03-01 15:00:00+01:00,199.40675381260812,1.1198683294116072
1980-03-01 16:00:00+01:00,88.07122182117386,0.4946079817477125
1980-03-01 17:00:00+01:00,30.032008806514757,0.16865976145738687
1980-03-01 18:00:00+01:00,0.23431457505076195,0.0013159106534850792
1980-03-01 19:00:00+01:00,0.0,0.0
1980-03-01 20:00:00+01:00,0.0,0.0
1980-03-01 21:00:00+01:00,0.0,0.0
1980-03-01 22:00:00+01:00,0.0,0.0
1980-03-01 23:00:00+01:00,0.0,0.0
1980-03-02 00:00:00+01:00,0.0,0.0
1980-03-02 01:00:00+01:00,0.0,0.0
1980-03-02 02:00:00+01:00,0.0,0.0
1980-03-02 03:00:00+01:00,0.0,0.0
1980-03-02 04:00:00+01:00,0.0,0.0
1980-03-02 05:00:00+01:00,0.0,0.0
1980-03-02 06:00:00+01:00,0.0,0.0
1980-03-02 07:00:00+01:00,76.45134420468725,0.42935074905352355
1980-03-02 08:00:00+01:00,237.90871729239484,1.3360953563140896
1980-03-02 09:00:00+01:00,389.62067754584353,2.188109725097457
1980-03-02 10:00:00+01:00,534.933139827961,3.004184513273829
1980-03-02 11:00:00+01:00,628.8830830555871,3.5318073944401775
1980-03-02 12:00:00+01:00,574.7777889876379,3.2279520629545746
1980-03-02 13:00:00+01:00,538.4232803677751,3.023785142545425
1980-03-02 14:00:00+01:00,582.9071516757045,3.2736065638107563
1980-03-02 15:00:00+01:00,526.7950023113755,2.9584807329806844
1980-03-02 16:00:00+01:00,316.4952039863002,1.777437065587062
1980-03-02 17:00:00+01:00,31.526064212380266,0.17705037661672757
1980-03-02 18:00:00+01:00,0.2928932188134524,0.001644888316856349
1980-03-02 19:00:00+01:00,0.0,0.0
1980-03-02 20:00:00+01:00,0.0,0.0
1980-03-02 21:00:00+01:00,0.0,0.0
1980-03-02 22:00:00+01:00,0.0,0.0
1980-03-02 23:00:00+01:00,0.0,0.0
1980-03-03 00:00:00+01:00,0.0,0.0
1980-03-03 01:00:00+01:00,0.0,0.0
1980-03-03 02:00:00+01:00,0.0,0.0
1980-03-03 03:00:00+01:00,0.0,0.0
1980-03-03 04:00:00+01:00,0.0,0.0
1980-03-03 05:00:00+01:00,0.0,0.0
1980-03-03 06:00:00+01:00,0.0,0.0
1980-03-03 07:00:00+01:00,98.7897016000452,0.5548029641858538
1980-03-03 08:00:00+01:00,335.35389241026587,1.883347459776053
1980-03-03 09:00:00+01:00,590.760590185867,3.317711474483829
1980-03-03 10:00:00+01:00,846.0510055396966,4.751422447110936
1980-03-03 11:00:00+01:00,1035.1254671249976,5.813264623373986
1980-03-03 12:00:00+01:00,1039.3033686117008,5.836727718123312
1980-03-03 13:00:00+01:00,981.7382586596962,5.513442060632854
1980-03-03 14:00:00+01:00,881.8713361834631,4.952589424006329
1980-03-03 15:00:00+01:00,659.4904259062689,3.703698231889606
1980-03-03 16:00:00+01:00,390.2607020282643,2.191704102590732
1980-03-03 17:00:00+01:00,26.026480656807795,0.1461647153686326
1980-03-03 18:00:00+01:00,0.41005050633883344,0.0023028436435988888
1980-03-03 19:00:00+01:00,0.0,0.0
1980-03-03 20:00:00+01:00,0.0,0.0
1980-03-03 21:00:00+01:00,0.0,0.0
1980-03-03 22:00:00+01:00,0.0,0.0
1980-03-03 23:00:00+01:00,0.0,0.0
1980-03-04 00:00:00+01:00,0.0,0.0
1980-03-04 01:00:00+01:00,0.0,0.0
1980-03-04 02:00:00+01:00,0.0,0.0
1980-03-04 03:00:00+01:00,0.0,0.0
1980-03-04 04:00:00+01:00,0.0,0.0
1980-03-04 05:00:00+01:00,0.0,0.0
1980-03-04 06:00:00+01:00,0.0,0.0
1980-03-04 07:00:00+01:00,20.232704922201222,0.11362687084308205
1980-03-04 08:00:00+01:00,57.173560451242764,0.3210867154941794
1980-03-04 09:00:00+01:00,110.57606556050433,0.6209951841877923
1980-03-04 10:00:00+01:00,156.5038647740405,0.8789257045710115
1980-03-04 11:00:00+01:00,151.94538819069743,0.8533253000789567
1980-03-04 12:00:00+01:00,117.72937730151423,0.661168182925304
1980-03-04 13:00:00+01:00,155.77991397523675,0.8748599968849295
1980-03-04 14:00:00+01:00,193.2686282375861,1.0853966161822837
1980-03-04 15:00:00+01:00,164.2942439097173,0.9226764737969724
1980-03-04 16:00:00+01:00,107.41803670068117,0.6032596941110255
1980-03-04 17:00:00+01:00,18.332148748630733,0.1029533473723102
1980-03-04 18:00:00+01:00,0.11715728752538097,0.0006579553267425396
1980-03-04 19:00:00+01:00,0.0,0.0
1980-03-04 20:00:00+01:00,0.0,0.0
1980-03-04 21:00:00+01:00,0.0,0.0
1980-03-04 22:00:00+01:00,0.0,0.0
1980-03-04 23:00:00+01:00,0.0,0.0
1980-03-05 00:00:00+01:00,0.0,0.0
1980-03-05 01:00:00+01:00,0.0,0.0
1980-03-05 02:00:00+01:00,0.0,0.0
1980-03-05 03:00:00+01:00,0.0,0.0
1980-03-05 04:00:00+01:00,0.0,0.0
1980-03-05 05:00:00+01:00,0.0,0.0
1980-03-05 06:00:00+01:00,0.0,0.0
1980-03-05 07:00:00+01:00,122.11443775221579,0.6857946824164439
1980-03-05 08:00:00+01:00,431.25469731587515,2.4219263801259547
1980-03-05 09:00:00+01:00,721.8965158843032,4.054170833206246
1980-03-05 10:00:00+01:00,942.8653060631684,5.295131558850754
1980-03-05 11:00:00+01:00,1085.5040981990387,6.096191015485801
1980-03-05 12:00:00+01:00,1129.647285207308,6.344099153724242
1980-03-05 13:00:00+01:00,1075.1404075075022,6.037988528562132
1980-03-05 14:00:00+01:00,929.0193089193788,5.217372438891232
1980-03-05 15:00:00+01:00,705.5762328380625,3.9625161236185593
1980-03-05 16:00:00+01:00,420.1102563644653,2.359339199742837
1980-03-05 17:00:00+01:00,31.185501481900445,0.1751377763223529
1980-03-05 18:00:00+01:00,0.5272077938642143,0.0029607989703414276
1980-03-05 19:00:00+01:00,0.0,0.0
1980-03-05 20:00:00+01:00,0.0,0.0
1980-03-05 21:00:00+01:00,0.0,0.0
1980-03-05 22:00:00+01:00,0.0,0.0
1980-03-05 23:00:00+01:00,0.0,0.0
1980-03-06 00:00:00+01:00,0.0,0.0
1980-03-06 01:00:00+01:00,0.0,0.0
1980-03-06 02:00:00+01:00,0.0,0.0
1980-03-06 03:00:00+01:00,0.0,0.0
1980-03-06 04:00:00+01:00,0.0,0.0
1980-03-06 05:00:00+01:00,0.0,0.0
1980-03-06 06:00:00+01:00,0.0,0.0
1980-03-06 07:00:00+01:00,129.34271800351644,0.7263887043077483
1980-03-06 08:00:00+01:00,439.9851480529183,2.4709565914651894
1980-03-06 09:00:00+01:00,719.6885949213656,4.0417711490783885
1980-03-06 10:00:00+01:00,935.4360353288824,5.253408774407004
1980-03-06 11:00:00+01:00,1071.3618012686125,6.016767875924527
1980-03-06 12:00:00+01:00,1114.968089949928,6.261660793158796
1980-03-06 13:00:00+01:00,1062.8032939068023,5.968703298580603
1980-03-06 14:00:00+01:00,918.6870745683835,5.1593466107760415
1980-03-06 15:00:00+01:00,698.1882283696459,3.9210250905239317
1980-03-06 16:00:00+01:00,418.11005413672643,2.3481060640318554
1980-03-06 17:00:00+01:00,30.142104281870548,0.169278057646985
1980-03-06 18:00:00+01:00,0.5272077938642143,0.0029607989703414276
1980-03-06 19:00:00+01:00,0.0,0.0
1980-03-06 20:00:00+01:00,0.0,0.0
1980-03-06 21:00:00+01:00,0.0,0.0
1980-03-06 22:00:00+01:00,0.0,0.0
1980-03-06 23:00:00+01:00,0.0,0.0
1980-03-07 00:00:00+01:00,0.0,0.0
1980-03-07 01:00:00+01:00,0.0,0.0
1980-03-07 02:00:00+01:00,0.0,0.0
1980-03-07 03:00:00+01:00,0.0,0.0
1980-03-07 04:00:00+01:00,0.0,0.0
1980-03-07 05:00:00+01:00,0.0,0.0
1980-03-07 06:00:00+01:00,0.0,0.0
1980-03-07 07:00:00+01:00,111.3222170372178,0.6251855708810151
1980-03-07 08:00:00+01:00,372.76416884235186,2.0934435722186477
1980-03-07 09:00:00+01:00,580.5080713289955,3.2601333285836382
1980-03-07 10:00:00+01:00,646.4738466431211,3.630597122747768
1980-03-07 11:00:00+01:00,658.9271151199127,3.70053467851343
1980-03-07 12:00:00+01:00,622.8122225358193,3.497713441761161
1980-03-07 13:00:00+01:00,485.67494515405394,2.727550491985167
1980-03-07 14:00:00+01:00,378.3192988716206,2.1246411824630216
1980-03-07 15:00:00+01:00,242.2248081656198,1.360334522658121
1980-03-07 16:00:00+01:00,107.5425249262072,0.6039588199855797
1980-03-07 17:00:00+01:00,30.70211953944091,0.17242310333350017
1980-03-07 18:00:00+01:00,0.23431457505076195,0.0013159106534850792
1980-03-07 19:00:00+01:00,0.0,0.0
1980-03-07 20:00:00+01:00,0.0,0.0
1980-03-07 21:00:00+01:00,0.0,0.0
1980-03-07 22:00:00+01:00,0.0,0.0
1980-03-07 23:00:00+01:00,0.0,0.0
1980-03-08 00:00:00+01:00,0.0,0.0
1980-03-08 01:00:00+01:00,0.0,0.0
1980-03-08 02:00:00+01:00,0.0,0.0
1980-03-08 03:00:00+01:00,0.0,0.0
1980-03-08 04:00:00+01:00,0.0,0.0
1980-03-08 05:00:00+01:00,0.0,0.0
1980-03-08 06:00:00+01:00,0.0,0.0
1980-03-08 07:00:00+01:00,48.653186973523326,0.27323629804330696
1980-03-08 08:00:00+01:00,162.0582334846961,0.9101190392500533
1980-03-08 09:00:00+01:00,241.43510303507946,1.3558995386450061
1980-03-08 10:00:00+01:00,362.5850844696058,2.0362778343813064
1980-03-08 11:00:00+01:00,435.73011303423993,2.447060314800291
1980-03-08 12:00:00+01:00,425.05528983230613,2.3871105076982313
1980-03-08 13:00:00+01:00,371.96542511810054,2.0889578274632528
1980-03-08 14:00:00+01:00,248.67750541292503,1.3965728703989868
1980-03-08 15:00:00+01:00,161.48985612585375,0.9069270320027947
1980-03-08 16:00:00+01:00,80.3788706096099,0.45140773734356926
1980-03-08 17:00:00+01:00,23.937014279569837,0.1344302721940642
1980-03-08 18:00:00+01:00,0.1757359312880715,0.0009869329901138096
1980-03-08 19:00:00+01:00,0.0,0.0
1980-03-08 20:00:00+01:00,0.0,0.0
1980-03-08 21:00:00+01:00,0.0,0.0
1980-03-08 22:00:00+01:00,0.0,0.0
1980-03-08 23:00:00+01:00,0.0,0.0
1980-03-09 00:00:00+01:00,0.0,0.0
1980-03-09 01:00:00+01:00,0.0,0.0
1980-03-09 02:00:00+01:00,0.0,0.0
1980-03-09 03:00:00+01:00,0.0,0.0
1980-03-09 04:00:00+01:00,0.0,0.0
1980-03-09 05:00:00+01:00,0.0,0.0
1980-03-09 06:00:00+01:00,0.0,0.0
1980-03-09 07:00:00+01:00,36.42724132213766,0.20457538726512514
1980-03-09 08:00:00+01:00,132.7051608027109,0.7452721830680245
1980-03-09 09:00:00+01:00,183.75676605852064,1.031977998184652
1980-03-09 10:00:00+01:00,155.82523719128238,0.8751145320662419
1980-03-09 11:00:00+01:00,217.07955295873535,1.2191187694162577
1980-03-09 12:00:00+01:00,321.6410323806247,1.8063360378495883
1980-03-09 13:00:00+01:00,369.39591885831624,2.074527480308304
1980-03-09 14:00:00+01:00,296.25432175511486,1.663764270976725
1980-03-09 15:00:00+01:00,229.50662085084022,1.2889091826983188
1980-03-09 16:00:00+01:00,140.4330317575941,0.7886719063506485
1980-03-09 17:00:00+01:00,30.704261313442817,0.17243513153629486
1980-03-09 18:00:00+01:00,0.2928932188134524,0.001644888316856349
1980-03-09 19:00:00+01:00,0.0,0.0
1980-03-09 20:00:00+01:00,0.0,0.0
1980-03-09 21:00:00+01:00,0.0,0.0
1980-03-09 22:00:00+01:00,0.0,0.0
1980-03-09 23:00:00+01:00,0.0,0.0
1980-03-10 00:00:00+01:00,0.0,0.0
1980-03-10 01:00:00+01:00,0.0,0.0
1980-03-10 02:00:00+01:00,0.0,0.0
1980-03-10 03:00:00+01:00,0.0,0.0
1980-03-10 04:00:00+01:00,0.0,0.0
1980-03-10 05:00:00+01:00,0.0,0.0
1980-03-10 06:00:00+01:00,0.0,0.0
1980-03-10 07:00:00+01:00,87.41631425748588,0.4909300208700407
1980-03-10 08:00:00+01:00,236.43487743810215,1.3278182716923816
1980-03-10 09:00:00+01:00,388.2643863749713,2.180492793881839
1980-03-10 10:00:00+01:00,506.31146737331017,2.84344520076851
1980-03-10 11:00:00+01:00,623.0731311915529,3.499178704771761
1980-03-10 12:00:00+01:00,772.6917231319042,4.339436717108774
1980-03-10 13:00:00+01:00,710.3541582037751,3.989348952472401
1980-03-10 14:00:00+01:00,577.1174385179299,3.2410915347166944
1980-03-10 15:00:00+01:00,394.9887455309462,2.2182567949017935
1980-03-10 16:00:00+01:00,222.25231114169924,1.248168979371783
1980-03-10 17:00:00+01:00,46.82854682848227,0.26298911898875643
1980-03-10 18:00:00+01:00,0.5857864376269049,0.003289776633712698
1980-03-10 19:00:00+01:00,0.0,0.0
1980-03-10 20:00:00+01:00,0.0,0.0
1980-03-10 21:00:00+01:00,0.0,0.0
1980-03-10 22:00:00+01:00,0.0,0.0
1980-03-10 23:00:00+01:00,0.0,0.0
1980-03-11 00:00:00+01:00,0.0,0.0
1980-03-11 01:00:00+01:00,0.0,0.0
1980-03-11 02:00:00+01:00,0.0,0.0
1980-03-11 03:00:00+01:00,0.0,0.0
1980-03-11 04:00:00+01:00,0.0,0.0
1980-03-11 05:00:00+01:00,0.0,0.0
1980-03-11 06:00:00+01:00,0.0,0.0
1980-03-11 07:00:00+01:00,73.60693918398599,0.41337657045726534
1980-03-11 08:00:00+01:00,237.44212865930876,1.333474994550678
1980-03-11 09:00:00+01:00,486.1700713625002,2.730331120771801
1980-03-11 10:00:00+01:00,684.7414260917726,3.845507848931395
1980-03-11 11:00:00+01:00,800.3579727910014,4.494810375194264
1980-03-11 12:00:00+01:00,782.4139426987354,4.3940367021960975
1980-03-11 13:00:00+01:00,679.8094504047899,3.8178098734733
1980-03-11 14:00:00+01:00,575.1835217902329,3.230230658373948
1980-03-11 15:00:00+01:00,430.53662790448175,2.4178937023115696
1980-03-11 16:00:00+01:00,290.9491966310111,1.6339706882797582
1980-03-11 17:00:00+01:00,39.25965956282667,0.22048224810483458
1980-03-11 18:00:00+01:00,0.5857864376269049,0.003289776633712698
1980-03-11 19:00:00+01:00,0.0,0.0
1980-03-11 20:00:00+01:00,0.0,0.0
1980-03-11 21:00:00+01:00,0.0,0.0
1980-03-11 22:00:00+01:00,0.0,0.0
1980-03-11 23:00:00+01:00,0.0,0.0
1980-03-12 00:00:00+01:00,0.0,0.0
1980-03-12 01:00:00+01:00,0.0,0.0
1980-03-12 02:00:00+01:00,0.0,0.0
1980-03-12 03:00:00+01:00,0.0,0.0
1980-03-12 04:00:00+01:00,0.0,0.0
1980-03-12 05:00:00+01:00,0.0,0.0
1980-03-12 06:00:00+01:00,0.0,0.0
1980-03-12 07:00:00+01:00,139.17195540325946,0.7815897015447052
1980-03-12 08:00:00+01:00,365.28926210694374,2.051464495992596
1980-03-12 09:00:00+01:00,577.1951792909867,3.2415281268981815
1980-03-12 10:00:00+01:00,738.9457190947572,4.149919158436157
1980-03-12 11:00:00+01:00,829.0847690933234,4.656140063228104
1980-03-12 12:00:00+01:00,834.6560645096326,4.687428458286097
1980-03-12 13:00:00+01:00,681.9999694090229,3.8301118282010727
1980-03-12 14:00:00+01:00,496.4487448279391,2.788056150953706
1980-03-12 15:00:00+01:00,393.46487572812424,2.2096987420891456
1980-03-12 16:00:00+01:00,272.6871909385658,1.5314112643109856
1980-03-12 17:00:00+01:00,41.14326456963494,0.23106057382306977
1980-03-12 18:00:00+01:00,0.702943725152286,0.003947731960455238
1980-03-12 19:00:00+01:00,0.0,0.0
1980-03-12 20:00:00+01:00,0.0,0.0
1980-03-12 21:00:00+01:00,0.0,0.0
1980-03-12 22:00:00+01:00,0.0,0.0
1980-03-12 23:00:00+01:00,0.0,0.0
1980-03-13 00:00:00+01:00,0.0,0.0
1980-03-13 01:00:00+01:00,0.0,0.0
1980-03-13 02:00:00+01:00,0.0,0.0
1980-03-13 03:00:00+01:00,0.0,0.0
1980-03-13 04:00:00+01:00,0.0,0.0
1980-03-13 05:00:00+01:00,0.0,0.0
1980-03-13 06:00:00+01:00,0.0,0.0
1980-03-13 07:00:00+01:00,137.5158614088922,0.7722890776723386
1980-03-13 08:00:00+01:00,328.68400903731003,1.845889394753533
1980-03-13 09:00:00+01:00,500.9151517230739,2.813139492076783
1980-03-13 10:00:00+01:00,686.2506701466566,3.853983763543624
1980-03-13 11:00:00+01:00,797.4695838903529,4.478589183128221
1980-03-13 12:00:00+01:00,770.7672592384718,4.3286289278832575
1980-03-13 13:00:00+01:00,673.8259613133905,3.784206598736001
1980-03-13 14:00:00+01:00,555.0578584450564,3.1172049330274367
1980-03-13 15:00:00+01:00,390.7626020843204,2.1945227733055432
1980-03-13 16:00:00+01:00,202.9091119814019,1.139537572887553
1980-03-13 17:00:00+01:00,51.55758627956162,0.289547404546018
1980-03-13 18:00:00+01:00,0.6443650813895954,0.0036187542970839677
1980-03-13 19:00:00+01:00,0.0,0.0
1980-03-13 20:00:00+01:00,0.0,0.0
1980-03-13 21:00:00+01:00,0.0,0.0
1980-03-13 22:00:00+01:00,0.0,0.0
1980-03-13 23:00:00+01:00,0.0,0.0
1980-03-14 00:00:00+01:00,0.0,0.0
1980-03-14 01:00:00+01:00,0.0,0.0
1980-03-14 02:00:00+01:00,0.0,0.0
1980-03-14 03:00:00+01:00,0.0,0.0
1980-03-14 04:00:00+01:00,0.0,0.0
1980-03-14 05:00:00+01:00,0.0,0.0
1980-03-14 06:00:00+01:00,0.0,0.0
1980-03-14 07:00:00+01:00,157.2299612475187,0.883003462366065
1980-03-14 08:00:00+01:00,435.20878622498526,2.444132543439517
1980-03-14 09:00:00+01:00,704.0331599718087,3.953850226401678
1980-03-14 10:00:00+01:00,810.4868875513778,4.551694360488537
1980-03-14 11:00:00+01:00,818.9002437933373,4.598943769143382
1980-03-14 12:00:00+01:00,729.2837695707634,4.095657649909408
1980-03-14 13:00:00+01:00,636.5253186184107,3.574726189360994
1980-03-14 14:00:00+01:00,654.4940473328952,3.675638569821539
1980-03-14 15:00:00+01:00,531.0972019357298,2.982641886071059
1980-03-14 16:00:00+01:00,310.20124821840693,1.7420902099945732
1980-03-14 17:00:00+01:00,38.082277028365056,0.21387006779129814
1980-03-14 18:00:00+01:00,0.7615223689149764,0.004276709623826507
1980-03-14 19:00:00+01:00,0.0,0.0
1980-03-14 20:00:00+01:00,0.0,0.0
1980-03-14 21:00:00+01:00,0.0,0.0
1980-03-14 22:00:00+01:00,0.0,0.0
1980-03-14 23:00:00+01:00,0.0,0.0
1980-03-15 00:00:00+01:00,0.0,0.0
1980-03-15 01:00:00+01:00,0.0,0.0
1980-03-15 02:00:00+01:00,0.0,0.0
1980-03-15 03:00:00+01:00,0.0,0.0
1980-03-15 04:00:00+01:00,0.0,0.0
1980-03-15 05:00:00+01:00,0.0,0.0
1980-03-15 06:00:00+01:00,0.0,0.0
1980-03-15 07:00:00+01:00,130.53549308322255,0.7330873291553778
1980-03-15 08:00:00+01:00,329.3269433134435,1.8495001136482987
1980-03-15 09:00:00+01:00,573.9052755076228,3.2230520272508096
1980-03-15 10:00:00+01:00,724.001296799398,4.0659912828254186
1980-03-15 11:00:00+01:00,628.575795084446,3.5300816651942486
1980-03-15 12:00:00+01:00,479.6239615062237,2.693568167818952
1980-03-15 13:00:00+01:00,345.09311623051235,1.9380429407505575
1980-03-15 14:00:00+01:00,263.77919730357235,1.4813839720568625
1980-03-15 15:00:00+01:00,224.9512856328918,1.2633264201143204
1980-03-15 16:00:00+01:00,150.1114219236234,0.843025745523069
1980-03-15 17:00:00+01:00,45.84852838778361,0.25748533542579277
1980-03-15 18:00:00+01:00,0.5857864376269049,0.003289776633712698
1980-03-15 19:00:00+01:00,0.0,0.0
1980-03-15 20:00:00+01:00,0.0,0.0
1980-03-15 21:00:00+01:00,0.0,0.0
1980-03-15 22:00:00+01:00,0.0,0.0
1980-03-15 23:00:00+01:00,0.0,0.0
1980-03-16 00:00:00+01:00,0.0,0.0
1980-03-16 01:00:00+01:00,0.0,0.0
1980-03-16 02:00:00+01:00,0.0,0.0
1980-03-16 03:00:00+01:00,0.0,0.0
1980-03-16 04:00:00+01:00,0.0,0.0
1980-03-16 05:00:00+01:00,0.0,0.0
1980-03-16 06:00:00+01:00,,
1980-03-16 07:00:00+01:00,33.6534924356627,0.18899801351868173
1980-03-16 08:00:00+01:00,86.10787788987813,0.4835818422295556
1980-03-16 09:00:00+01:00,155.26451574437124,0.8719655204203889
1980-03-16 10:00:00+01:00,224.08895849724595,1.2584835909205332
1980-03-16 11:00:00+01:00,301.6884049945996,1.6942820824496712
1980-03-16 12:00:00+01:00,362.47719022412355,2.035671900298678
1980-03-16 13:00:00+01:00,323.0209950144588,1.8140859080012008
1980-03-16 14:00:00+01:00,237.42125848920446,1.3333577876753722
1980-03-16 15:00:00+01:00,161.3125283622296,0.9059311592822814
1980-03-16 16:00:00+01:00,105.96516625174495,0.5951003736697996
1980-03-16 17:00:00+01:00,43.16675969359613,0.24242452243923582
1980-03-16 18:00:00+01:00,0.5857864376269049,0.003289776633712698
1980-03-16 19:00:00+01:00,0.0,0.0
1980-03-16 20:00:00+01:00,0.0,0.0
1980-03-16 21:00:00+01:00,0.0,0.0
1980-03-16 22:00:00+01:00,0.0,0.0
1980-03-16 23:00:00+01:00,0.0,0.0
1980-03-17 00:00:00+01:00,0.0,0.0
1980-03-17 01:00:00+01:00,0.0,0.0
1980-03-17 02:00:00+01:00,0.0,0.0
1980-03-17 03:00:00+01:00,0.0,0.0
1980-03-17 04:00:00+01:00,0.0,0.0
1980-03-17 05:00:00+01:00,0.0,0.0
1980-03-17 06:00:00+01:00,,
1980-03-17 07:00:00+01:00,93.47962504743425,0.5249815742663907
1980-03-17 08:00:00+01:00,225.76941255145857,1.2679210208889913
1980-03-17 09:00:00+01:00,362.8728424679874,2.037893883300217
1980-03-17 10:00:00+01:00,473.60560805415116,2.6597690948321127
1980-03-17 11:00:00+01:00,610.5282793345461,3.4287268167428113
1980-03-17 12:00:00+01:00,656.7016156011597,3.6880362732161127
1980-03-17 13:00:00+01:00,575.9783811952282,3.234694588792401
1980-03-17 14:00:00+01:00,529.7728606066617,2.975204385167012
1980-03-17 15:00:00+01:00,397.4181832927787,2.231900517372245
1980-03-17 16:00:00+01:00,222.71172279317898,1.2507490352064932
1980-03-17 17:00:00+01:00,49.86262744646816,0.28002851573936516
1980-03-17 18:00:00+01:00,0.8201010126776669,0.0046056872871977775
1980-03-17 19:00:00+01:00,0.0,0.0
1980-03-17 20:00:00+01:00,0.0,0.0
1980-03-17 21:00:00+01:00,0.0,0.0
1980-03-17 22:00:00+01:00,0.0,0.0
1980-03-17 23:00:00+01:00,0.0,0.0
1980-03-18 00:00:00+01:00,0.0,0.0
1980-03-18 01:00:00+01:00,0.0,0.0
1980-03-18 02:00:00+01:00,0.0,0.0
1980-03-18 03:00:00+01:00,0.0,0.0
1980-03-18 04:00:00+01:00,0.0,0.0
1980-03-18 05:00:00+01:00,0.0,0.0
1980-03-18 06:00:00+01:00,,
1980-03-18 07:00:00+01:00,107.35253118769333,0.6028918151500857
1980-03-18 08:00:00+01:00,219.5611955496991,1.2330556742071102
1980-03-18 09:00:00+01:00,318.4913913208614,1.7886476536579576
1980-03-18 10:00:00+01:00,427.74147233327733,2.4021961086236856
1980-03-18 11:00:00+01:00,537.9773808699722,3.0212809709657638
1980-03-18 12:00:00+01:00,529.8465249663594,2.9756180842110744
1980-03-18 13:00:00+01:00,466.93332865523786,2.6222975737278156
1980-03-18 14:00:00+01:00,412.590416343459,2.3171077781848655
1980-03-18 15:00:00+01:00,317.23139558894263,1.7815715176275018
1980-03-18 16:00:00+01:00,200.45654280414666,1.1257639443880876
1980-03-18 17:00:00+01:00,48.01388416244488,0.2696459734562905
1980-03-18 18:00:00+01:00,0.8201010126776669,0.0046056872871977775
1980-03-18 19:00:00+01:00,0.0,0.0
1980-03-18 20:00:00+01:00,0.0,0.0
1980-03-18 21:00:00+01:00,0.0,0.0
1980-03-18 22:00:00+01:00,0.0,0.0
1980-03-18 23:00:00+01:00,0.0,0.0
1980-03-19 00:00:00+01:00,0.0,0.0
1980-03-19 01:00:00+01:00,0.0,0.0
1980-03-19 02:00:00+01:00,0.0,0.0
1980-03-19 03:00:00+01:00,0.0,0.0
1980-03-19 04:00:00+01:00,0.0,0.0
1980-03-19 05:00:00+01:00,0.0,0.0
1980-03-19 06:00:00+01:00,,
1980-03-19 07:00:00+01:00,161.01619739777928,0.9042669645859285
1980-03-19 08:00:00+01:00,387.9781416828988,2.1788852436911594
1980-03-19 09:00:00+01:00,663.4444432517562,3.7259039933018627
1980-03-19 10:00:00+01:00,855.4676789011787,4.80430648470902
1980-03-19 11:00:00+01:00,845.3725961360678,4.747612499900157
1980-03-19 12:00:00+01:00,614.7945805918039,3.452686364603571
1980-03-19 13:00:00+01:00,423.3221240335164,2.3773770485722276
1980-03-19 14:00:00+01:00,406.02424209002925,2.2802321435776043
1980-03-19 15:00:00+01:00,379.76953408277734,2.1327857034088775
1980-03-19 16:00:00+01:00,226.0829048061678,1.2696815933914385
1980-03-19 17:00:00+01:00,49.661653001862575,0.2788998432584602
1980-03-19 18:00:00+01:00,0.8201010126776669,0.0046056872871977775
1980-03-19 19:00:00+01:00,0.0,0.0
1980-03-19 20:00:00+01:00,0.0,0.0
1980-03-19 21:00:00+01:00,0.0,0.0
1980-03-19 22:00:00+01:00,0.0,0.0
1980-03-19 23:00:00+01:00,0.0,0.0
1980-03-20 00:00:00+01:00,0.0,0.0
1980-03-20 01:00:00+01:00,0.0,0.0
1980-03-20 02:00:00+01:00,0.0,0.0
1980-03-20 03:00:00+01:00,0.0,0.0
1980-03-20 04:00:00+01:00,0.0,0.0
1980-03-20 05:00:00+01:00,0.0,0.0
1980-03-20 06:00:00+01:00,,
1980-03-20 07:00:00+01:00,144.350596092849,0.8106729476574399
1980-03-20 08:00:00+01:00,367.61476142949584,2.064524500188049
1980-03-20 09:00:00+01:00,678.6851222388293,3.811495646493265
1980-03-20 10:00:00+01:00,911.8446674036909,5.120919652139128
1980-03-20 11:00:00+01:00,990.0471412532631,5.560104745278326
1980-03-20 12:00:00+01:00,992.3994920485757,5.5733155473448015
1980-03-20 13:00:00+01:00,918.5655446003323,5.158664098475466
1980-03-20 14:00:00+01:00,750.8152086915362,4.216578212011667
1980-03-20 15:00:00+01:00,529.8110776905932,2.975419012310371
1980-03-20 16:00:00+01:00,289.73878384487176,1.6271730100728001
1980-03-20 17:00:00+01:00,37.81867719129489,0.21238969110631212
1980-03-20 18:00:00+01:00,0.9958369439657384,0.005592620277311586
1980-03-20 19:00:00+01:00,0.0,0.0
1980-03-20 20:00:00+01:00,0.0,0.0
1980-03-20 21:00:00+01:00,0.0,0.0
1980-03-20 22:00:00+01:00,0.0,0.0
1980-03-20 23:00:00+01:00,0.0,0.0
1980-03-21 00:00:00+01:00,0.0,0.0
1980-03-21 01:00:00+01:00,0.0,0.0
1980-03-21 02:00:00+01:00,0.0,0.0
1980-03-21 03:00:00+01:00,0.0,0.0
1980-03-21 04:00:00+01:00,0.0,0.0
1980-03-21 05:00:00+01:00,0.0,0.0
1980-03-21 06:00:00+01:00,,
1980-03-21 07:00:00+01:00,80.68476918821338,0.4531256637610064
1980-03-21 08:00:00+01:00,250.98256074546828,1.4095180611465497
1980-03-21 09:00:00+01:00,526.2762545161697,2.9555674453628096
1980-03-21 10:00:00+01:00,717.5046177684367,4.02950593338754
1980-03-21 11:00:00+01:00,788.9632408444693,4.43081756058254
1980-03-21 12:00:00+01:00,736.950982989576,4.138716720469459
1980-03-21 13:00:00+01:00,600.3915895014078,3.371799166639906
1980-03-21 14:00:00+01:00,591.4881363192783,3.3217973735690673
1980-03-21 15:00:00+01:00,459.2095784384509,2.5789209925103402
1980-03-21 16:00:00+01:00,233.0035350241335,1.3085478526955336
1980-03-21 17:00:00+01:00,46.06612468128232,0.25870735621008145
1980-03-21 18:00:00+01:00,0.4686291501015239,0.0026318213069701584
1980-03-21 19:00:00+01:00,0.0,0.0
1980-03-21 20:00:00+01:00,0.0,0.0
1980-03-21 21:00:00+01:00,0.0,0.0
1980-03-21 22:00:00+01:00,0.0,0.0
1980-03-21 23:00:00+01:00,0.0,0.0
1980-03-22 00:00:00+01:00,0.0,0.0
1980-03-22 01:00:00+01:00,0.0,0.0
1980-03-22 02:00:00+01:00,0.0,0.0
1980-03-22 03:00:00+01:00,0.0,0.0
1980-03-22 04:00:00+01:00,0.0,0.0
1980-03-22 05:00:00+01:00,0.0,0.0
1980-03-22 06:00:00+01:00,,
1980-03-22 07:00:00+01:00,45.883047908933975,0.2576791970565732
1980-03-22 08:00:00+01:00,130.29783961880787,0.731752667299225
1980-03-22 09:00:00+01:00,211.81151189161864,1.1895334507833304
1980-03-22 10:00:00+01:00,279.85768949800354,1.5716807842207878
1980-03-22 11:00:00+01:00,312.3214393175448,1.7539972032073317
1980-03-22 12:00:00+01:00,336.48135855034,1.8896793096187094
1980-03-22 13:00:00+01:00,384.637689989225,2.1601252669794877
1980-03-22 14:00:00+01:00,371.600671513158,2.086909371217895
1980-03-22 15:00:00+01:00,299.8815664275413,1.6841348770570719
1980-03-22 16:00:00+01:00,197.75777592796206,1.1106076696114349
1980-03-22 17:00:00+01:00,40.385503404232814,0.22680498711817149
1980-03-22 18:00:00+01:00,0.7615223689149764,0.004276709623826507
1980-03-22 19:00:00+01:00,0.0,0.0
1980-03-22 20:00:00+01:00,0.0,0.0
1980-03-22 21:00:00+01:00,0.0,0.0
1980-03-22 22:00:00+01:00,0.0,0.0
1980-03-22 23:00:00+01:00,0.0,0.0
1980-03-23 00:00:00+01:00,0.0,0.0
1980-03-23 01:00:00+01:00,0.0,0.0
1980-03-23 02:00:00+01:00,0.0,0.0
1980-03-23 03:00:00+01:00,0.0,0.0
1980-03-23 04:00:00+01:00,0.0,0.0
1980-03-23 05:00:00+01:00,0.0,0.0
1980-03-23 06:00:00+01:00,,
1980-03-23 07:00:00+01:00,114.49144989456055,0.6429839826078521
1980-03-23 08:00:00+01:00,322.10800140000714,1.8089585358624398
1980-03-23 09:00:00+01:00,603.9988310159104,3.3920574349853525
1980-03-23 10:00:00+01:00,773.0728037238187,4.341576865712965
1980-03-23 11:00:00+01:00,744.1101233792107,4.178922452897647
1980-03-23 12:00:00+01:00,677.375631631535,3.8041415472427005
1980-03-23 13:00:00+01:00,558.2344986212928,3.1350449442571806
1980-03-23 14:00:00+01:00,461.13409204493496,2.5897290609243546
1980-03-23 15:00:00+01:00,295.05845108613516,1.657048261299735
1980-03-23 16:00:00+01:00,121.6807821308818,0.6833592724470322
1980-03-23 17:00:00+01:00,32.570597084558536,0.18291647322688073
1980-03-23 18:00:00+01:00,4.260282193725206,0.023925744799960756
1980-03-23 19:00:00+01:00,0.0,0.0
1980-03-23 20:00:00+01:00,0.0,0.0
1980-03-23 21:00:00+01:00,0.0,0.0
1980-03-23 22:00:00+01:00,0.0,0.0
1980-03-23 23:00:00+01:00,0.0,0.0
1980-03-24 00:00:00+01:00,0.0,0.0
1980-03-24 01:00:00+01:00,0.0,0.0
1980-03-24 02:00:00+01:00,0.0,0.0
1980-03-24 03:00:00+01:00,0.0,0.0
1980-03-24 04:00:00+01:00,0.0,0.0
1980-03-24 05:00:00+01:00,0.0,0.0
1980-03-24 06:00:00+01:00,,
1980-03-24 07:00:00+01:00,48.86855142319714,0.2744457847926751
1980-03-24 08:00:00+01:00,111.92515167926135,0.6285716518307317
1980-03-24 09:00:00+01:00,261.09979308729766,1.4663364379782635
1980-03-24 10:00:00+01:00,449.7846809256662,2.5259907680785414
1980-03-24 11:00:00+01:00,436.1416146672177,2.449371307971095
1980-03-24 12:00:00+01:00,449.49764032125796,2.524378748044185
1980-03-24 13:00:00+01:00,645.0738791231186,3.6227349051554336
1980-03-24 14:00:00+01:00,691.2802451421255,3.882229856718177
1980-03-24 15:00:00+01:00,551.1306987684111,3.095150004283397
1980-03-24 16:00:00+01:00,336.5037887721051,1.8898052777441423
1980-03-24 17:00:00+01:00,42.11164313251706,0.2364989878322158
1980-03-24 18:00:00+01:00,9.51992516837063,0.053463899745569456
1980-03-24 19:00:00+01:00,0.0,0.0
1980-03-24 20:00:00+01:00,0.0,0.0
1980-03-24 21:00:00+01:00,0.0,0.0
1980-03-24 22:00:00+01:00,0.0,0.0
1980-03-24 23:00:00+01:00,0.0,0.0
1980-03-25 00:00:00+01:00,0.0,0.0
1980-03-25 01:00:00+01:00,0.0,0.0
1980-03-25 02:00:00+01:00,0.0,0.0
1980-03-25 03:00:00+01:00,0.0,0.0
1980-03-25 04:00:00+01:00,0.0,0.0
1980-03-25 05:00:00+01:00,0.0,0.0
1980-03-25 06:00:00+01:00,22.95073035000755,0.12889130164564241
1980-03-25 07:00:00+01:00,155.83814816518606,0.8751870400956849
1980-03-25 08:00:00+01:00,393.74061680437967,2.211247303973396
1980-03-25 09:00:00+01:00,615.0782830889,3.454279637827262
1980-03-25 10:00:00+01:00,784.2631612195096,4.404421913408766
1980-03-25 11:00:00+01:00,896.5407456854576,5.03497282776953
1980-03-25 12:00:00+01:00,850.7162537022602,4.7776224807918934
1980-03-25 13:00:00+01:00,754.1722723960296,4.235431481776102
1980-03-25 14:00:00+01:00,645.8204014446055,3.6269273745129045
1980-03-25 15:00:00+01:00,477.48822229350753,2.681573856400338
1980-03-25 16:00:00+01:00,288.5925701750495,1.6207358741030782
1980-03-25 17:00:00+01:00,46.124342673146266,0.25903430845238945
1980-03-25 18:00:00+01:00,9.608113997409694,0.053959168209452846
1980-03-25 19:00:00+01:00,0.0,0.0
1980-03-25 20:00:00+01:00,0.0,0.0
1980-03-25 21:00:00+01:00,0.0,0.0
1980-03-25 22:00:00+01:00,0.0,0.0
1980-03-25 23:00:00+01:00,0.0,0.0
1980-03-26 00:00:00+01:00,0.0,0.0
1980-03-26 01:00:00+01:00,0.0,0.0
1980-03-26 02:00:00+01:00,0.0,0.0
1980-03-26 03:00:00+01:00,0.0,0.0
1980-03-26 04:00:00+01:00,0.0,0.0
1980-03-26 05:00:00+01:00,0.0,0.0
1980-03-26 06:00:00+01:00,23.397518757039965,0.13140046533953645
1980-03-26 07:00:00+01:00,140.26823043813908,0.787746382140589
1980-03-26 08:00:00+01:00,319.004460837358,1.7915290520626024
1980-03-26 09:00:00+01:00,547.1332173874449,3.0727001488478907
1980-03-26 10:00:00+01:00,768.1085202317975,4.313697449621774
1980-03-26 11:00:00+01:00,876.2568982289476,4.92105874045377
1980-03-26 12:00:00+01:00,830.9136851823991,4.666411255984353
1980-03-26 13:00:00+01:00,700.7922408665604,3.9356492247066033
1980-03-26 14:00:00+01:00,574.106310503887,3.22418103978983
1980-03-26 15:00:00+01:00,438.1122020642988,2.460438126793102
1980-03-26 16:00:00+01:00,278.17206385008393,1.5622143105820712
1980-03-26 17:00:00+01:00,47.763164173854,0.26823793000036406
1980-03-26 18:00:00+01:00,11.585736396573486,0.06506549560315669
1980-03-26 19:00:00+01:00,0.0,0.0
1980-03-26 20:00:00+01:00,0.0,0.0
1980-03-26 21:00:00+01:00,0.0,0.0
1980-03-26 22:00:00+01:00,0.0,0.0
1980-03-26 23:00:00+01:00,0.0,0.0
1980-03-27 00:00:00+01:00,0.0,0.0
1980-03-27 01:00:00+01:00,0.0,0.0
1980-03-27 02:00:00+01:00,0.0,0.0
1980-03-27 03:00:00+01:00,0.0,0.0
1980-03-27 04:00:00+01:00,0.0,0.0
1980-03-27 05:00:00+01:00,0.0,0.0
1980-03-27 06:00:00+01:00,22.832838193113908,0.1282292192925277
1980-03-27 07:00:00+01:00,122.67510546549622,0.6889433922942267
1980-03-27 08:00:00+01:00,318.21636352382643,1.7871030975498092
1980-03-27 09:00:00+01:00,602.7399046253715,3.3849873043760867
1980-03-27 10:00:00+01:00,881.5454476680668,4.950759234103863
1980-03-27 11:00:00+01:00,1004.3074881368336,5.640190853376458
1980-03-27 12:00:00+01:00,957.9647865392177,5.379930241204247
1980-03-27 13:00:00+01:00,834.6360574669884,4.687316098734607
1980-03-27 14:00:00+01:00,639.5773916418007,3.591866631460352
1980-03-27 15:00:00+01:00,367.2791035941707,2.0626394457848627
1980-03-27 16:00:00+01:00,189.39719332865536,1.0636546377337286
1980-03-27 17:00:00+01:00,55.32828133905649,0.31072362800014125
1980-03-27 18:00:00+01:00,12.374470745363938,0.06949502770596387
1980-03-27 19:00:00+01:00,0.0,0.0
1980-03-27 20:00:00+01:00,0.0,0.0
1980-03-27 21:00:00+01:00,0.0,0.0
1980-03-27 22:00:00+01:00,0.0,0.0
1980-03-27 23:00:00+01:00,0.0,0.0
1980-03-28 00:00:00+01:00,0.0,0.0
1980-03-28 01:00:00+01:00,0.0,0.0
1980-03-28 02:00:00+01:00,0.0,0.0
1980-03-28 03:00:00+01:00,0.0,0.0
1980-03-28 04:00:00+01:00,0.0,0.0
1980-03-28 05:00:00+01:00,0.0,0.0
1980-03-28 06:00:00+01:00,27.24488671014748,0.15300728376418826
1980-03-28 07:00:00+01:00,133.20177894532702,0.7480611905569566
1980-03-28 08:00:00+01:00,305.5668312346618,1.7160633242138605
1980-03-28 09:00:00+01:00,593.9958486093744,3.335880685790247
1980-03-28 10:00:00+01:00,881.614130933449,4.951144959322249
1980-03-28 11:00:00+01:00,1052.356952735023,5.910036646559888
1980-03-28 12:00:00+01:00,1082.2128572123513,6.077707406104565
1980-03-28 13:00:00+01:00,1027.545253921921,5.770694146025509
1980-03-28 14:00:00+01:00,878.1012745320538,4.931416757772014
1980-03-28 15:00:00+01:00,663.1763049587449,3.7243981286483114
1980-03-28 16:00:00+01:00,406.0046078986333,2.2801218779587247
1980-03-28 17:00:00+01:00,48.38787102401797,0.2717462836708849
1980-03-28 18:00:00+01:00,11.695795690169891,0.06568358859599412
1980-03-28 19:00:00+01:00,0.0,0.0
1980-03-28 20:00:00+01:00,0.0,0.0
1980-03-28 21:00:00+01:00,0.0,0.0
1980-03-28 22:00:00+01:00,0.0,0.0
1980-03-28 23:00:00+01:00,0.0,0.0
1980-03-29 00:00:00+01:00,0.0,0.0
1980-03-29 01:00:00+01:00,0.0,0.0
1980-03-29 02:00:00+01:00,0.0,0.0
1980-03-29 03:00:00+01:00,0.0,0.0
1980-03-29 04:00:00+01:00,0.0,0.0
1980-03-29 05:00:00+01:00,0.0,0.0
1980-03-29 06:00:00+01:00,29.73940720834278,0.16701651088205305
1980-03-29 07:00:00+01:00,168.69995424490259,0.9474189430393729
1980-03-29 08:00:00+01:00,455.4445774006294,2.5577767466819346
1980-03-29 09:00:00+01:00,707.1964317143269,3.97161516050766
1980-03-29 10:00:00+01:00,888.715702328436,4.991027384276497
1980-03-29 11:00:00+01:00,905.2508341891937,5.083888684806512
1980-03-29 12:00:00+01:00,607.8751037376753,3.4138265825907848
1980-03-29 13:00:00+01:00,383.2736654202334,2.1524649050000306
1980-03-29 14:00:00+01:00,351.1808864778553,1.9722318584596357
1980-03-29 15:00:00+01:00,252.50164912846293,1.418049261505448
1980-03-29 16:00:00+01:00,167.57005371588173,0.9410734216683919
1980-03-29 17:00:00+01:00,89.88164926495656,0.504775342271996
1980-03-29 18:00:00+01:00,11.25336512207701,0.06319889852558448
1980-03-29 19:00:00+01:00,0.0,0.0
1980-03-29 20:00:00+01:00,0.0,0.0
1980-03-29 21:00:00+01:00,0.0,0.0
1980-03-29 22:00:00+01:00,0.0,0.0
1980-03-29 23:00:00+01:00,0.0,0.0
1980-03-30 00:00:00+01:00,0.0,0.0
1980-03-30 01:00:00+01:00,0.0,0.0
1980-03-30 02:00:00+01:00,0.0,0.0
1980-03-30 03:00:00+01:00,0.0,0.0
1980-03-30 04:00:00+01:00,0.0,0.0
1980-03-30 05:00:00+01:00,0.0,0.0
1980-03-30 06:00:00+01:00,32.31054383063701,0.18145601415285742
1980-03-30 07:00:00+01:00,208.3045646863445,1.1698384352785105
1980-03-30 08:00:00+01:00,427.0003497107863,2.3980339639757755
1980-03-30 09:00:00+01:00,725.0493928874369,4.071877390455845
1980-03-30 10:00:00+01:00,928.0489682944726,5.211923005941758
1980-03-30 11:00:00+01:00,1008.6668858602555,5.664673230991196
1980-03-30 12:00:00+01:00,983.772536117787,5.524866562837492
1980-03-30 13:00:00+01:00,856.7851323679624,4.811705303378477
1980-03-30 14:00:00+01:00,683.3020740861306,3.8374244480677087
1980-03-30 15:00:00+01:00,490.4833241299864,2.754554348314004
1980-03-30 16:00:00+01:00,296.43771734787464,1.664794220625664
1980-03-30 17:00:00+01:00,113.85059456965803,0.6393849391031995
1980-03-30 18:00:00+01:00,14.097277696500164,0.07917031154354492
1980-03-30 19:00:00+01:00,0.0,0.0
1980-03-30 20:00:00+01:00,0.0,0.0
1980-03-30 21:00:00+01:00,0.0,0.0
1980-03-30 22:00:00+01:00,0.0,0.0
1980-03-30 23:00:00+01:00,0.0,0.0
1980-03-31 00:00:00+01:00,0.0,0.0
1980-03-31 01:00:00+01:00,0.0,0.0
1980-03-31 02:00:00+01:00,0.0,0.0
1980-03-31 03:00:00+01:00,0.0,0.0
1980-03-31 04:00:00+01:00,0.0,0.0
1980-03-31 05:00:00+01:00,0.0,0.0
1980-03-31 06:00:00+01:00,32.54948283200407,0.18279789558453485
1980-03-31 07:00:00+01:00,161.4229070471103,0.9065510459765713
1980-03-31 08:00:00+01:00,396.80572203559166,2.2284609349518827
1980-03-31 09:00:00+01:00,663.168197288442,3.72435259597189
1980-03-31 10:00:00+01:00,829.4680734510566,4.658292700501135
1980-03-31 11:00:00+01:00,911.1514573161834,5.117026584287686
1980-03-31 12:00:00+01:00,892.7496276341506,5.01368190879339
1980-03-31 13:00:00+01:00,784.2571057257613,4.4043879057558755
1980-03-31 14:00:00+01:00,636.8499521654091,3.5765493313609378
1980-03-31 15:00:00+01:00,410.84950711579256,2.307330831962291
1980-03-31 16:00:00+01:00,204.13578962751222,1.1464265945481087
1980-03-31 17:00:00+01:00,67.21729154907834,0.3774923093396239
1980-03-31 18:00:00+01:00,12.457163418511762,0.06995942975836204
1980-03-31 19:00:00+01:00,0.0,0.0
1980-03-31 20:00:00+01:00,0.0,0.0
1980-03-31 21:00:00+01:00,0.0,0.0
1980-03-31 22:00:00+01:00,0.0,0.0
1980-03-31 23:00:00+01:00,0.0,0.0
1984-04-01 00:00:00+01:00,0.0,0.0
1984-04-01 01:00:00+01:00,0.0,0.0
1984-04-01 02:00:00+01:00,0.0,0.0
1984-04-01 03:00:00+01:00,0.0,0.0
1984-04-01 04:00:00+01:00,0.0,0.0
1984-04-01 05:00:00+01:00,0.0,0.0
1984-04-01 06:00:00+01:00,17.342824132115297,0.0973973003259595
1984-04-01 07:00:00+01:00,48.66594852704299,0.27330796692787346
1984-04-01 08:00:00+01:00,75.89138122784435,0.4262059969755739
1984-04-01 09:00:00+01:00,200.33763201149617,1.1250961413765626
1984-04-01 10:00:00+01:00,391.96806457951493,2.201292650678556
1984-04-01 11:00:00+01:00,443.7286743473496,2.4919802351347156
1984-04-01 12:00:00+01:00,531.4091113196516,2.9843935691711634
1984-04-01 13:00:00+01:00,533.84715602652,2.9980856282449366
1984-04-01 14:00:00+01:00,436.317246400669,2.450357655786157
1984-04-01 15:00:00+01:00,418.0142846147296,2.3475682223963217
1984-04-01 16:00:00+01:00,279.2368704073964,1.5681942642079383
1984-04-01 17:00:00+01:00,121.3873320068744,0.6817112565506066
1984-04-01 18:00:00+01:00,15.889817468683937,0.08923721490412899
1984-04-01 19:00:00+01:00,0.0,0.0
1984-04-01 20:00:00+01:00,0.0,0.0
1984-04-01 21:00:00+01:00,0.0,0.0
1984-04-01 22:00:00+01:00,0.0,0.0
1984-04-01 23:00:00+01:00,0.0,0.0
1984-04-02 00:00:00+01:00,0.0,0.0
1984-04-02 01:00:00+01:00,0.0,0.0
1984-04-02 02:00:00+01:00,0.0,0.0
1984-04-02 03:00:00+01:00,0.0,0.0
1984-04-02 04:00:00+01:00,0.0,0.0
1984-04-02 05:00:00+01:00,0.0,0.0
1984-04-02 06:00:00+01:00,40.148498774490875,0.22547396911754075
1984-04-02 07:00:00+01:00,212.46203387333443,1.193186782232646
1984-04-02 08:00:00+01:00,467.99540435690983,2.628262190868406
1984-04-02 09:00:00+01:00,755.1473698650817,4.240907629162299
1984-04-02 10:00:00+01:00,918.4384392143246,5.157950274627646
1984-04-02 11:00:00+01:00,979.7040001455964,5.50201766481767
1984-04-02 12:00:00+01:00,988.706046925317,5.55257315953258
1984-04-02 13:00:00+01:00,879.6535089273937,4.940134106136243
1984-04-02 14:00:00+01:00,731.9909784864908,4.1108613351801315
1984-04-02 15:00:00+01:00,512.7813699758924,2.879780173784612
1984-04-02 16:00:00+01:00,285.11075977070243,1.601182026872265
1984-04-02 17:00:00+01:00,130.40218760511647,0.732338685590334
1984-04-02 18:00:00+01:00,16.93321693710932,0.09509694631880594
1984-04-02 19:00:00+01:00,0.0,0.0
1984-04-02 20:00:00+01:00,0.0,0.0
1984-04-02 21:00:00+01:00,0.0,0.0
1984-04-02 22:00:00+01:00,0.0,0.0
1984-04-02 23:00:00+01:00,0.0,0.0
1984-04-03 00:00:00+01:00,0.0,0.0
1984-04-03 01:00:00+01:00,0.0,0.0
1984-04-03 02:00:00+01:00,0.0,0.0
1984-04-03 03:00:00+01:00,0.0,0.0
1984-04-03 04:00:00+01:00,0.0,0.0
1984-04-03 05:00:00+01:00,0.0,0.0
1984-04-03 06:00:00+01:00,33.38365471173825,0.187482604861122
1984-04-03 07:00:00+01:00,139.41331871546873,0.7829451979060723
1984-04-03 08:00:00+01:00,327.2878855133575,1.8380487650430155
1984-04-03 09:00:00+01:00,581.4692675348792,3.265531406475882
1984-04-03 10:00:00+01:00,723.1063222315806,4.060965105652557
1984-04-03 11:00:00+01:00,665.2684270434022,3.736147486275746
1984-04-03 12:00:00+01:00,541.822302533171,3.0428740510262884
1984-04-03 13:00:00+01:00,386.4040974302312,2.1700454111681786
1984-04-03 14:00:00+01:00,237.49061333737143,1.333747284502678
1984-04-03 15:00:00+01:00,180.8006511812414,1.0153764570338517
1984-04-03 16:00:00+01:00,122.4716916824318,0.687801020488537
1984-04-03 17:00:00+01:00,65.78509575441517,0.36944909775679563
1984-04-03 18:00:00+01:00,14.231756037045336,0.0799255419040466
1984-04-03 19:00:00+01:00,0.0,0.0
1984-04-03 20:00:00+01:00,0.0,0.0
1984-04-03 21:00:00+01:00,0.0,0.0
1984-04-03 22:00:00+01:00,0.0,0.0
1984-04-03 23:00:00+01:00,0.0,0.0
1984-04-04 00:00:00+01:00,0.0,0.0
1984-04-04 01:00:00+01:00,0.0,0.0
1984-04-04 02:00:00+01:00,0.0,0.0
1984-04-04 03:00:00+01:00,0.0,0.0
1984-04-04 04:00:00+01:00,0.0,0.0
1984-04-04 05:00:00+01:00,0.0,0.0
1984-04-04 06:00:00+01:00,8.50213573184254,0.0477479942700277
1984-04-04 07:00:00+01:00,31.115066219784396,0.17474221189030917
1984-04-04 08:00:00+01:00,66.66972545782694,0.3744171781711561
1984-04-04 09:00:00+01:00,77.4842135030469,0.43515134303311137
1984-04-04 10:00:00+01:00,132.68288751849167,0.7451470963038491
1984-04-04 11:00:00+01:00,344.3235057807692,1.9337208084647999
1984-04-04 12:00:00+01:00,487.32961007726595,2.7368430901939256
1984-04-04 13:00:00+01:00,417.72470851120215,2.345941962998911
1984-04-04 14:00:00+01:00,471.982929738408,2.6506561334108993
1984-04-04 15:00:00+01:00,429.49844486382676,2.412063266355251
1984-04-04 16:00:00+01:00,241.8842851746421,1.35842214554079
1984-04-04 17:00:00+01:00,97.27514388169256,0.5462972080395855
1984-04-04 18:00:00+01:00,12.287376540374334,0.06900590665074226
1984-04-04 19:00:00+01:00,0.0,0.0
1984-04-04 20:00:00+01:00,0.0,0.0
1984-04-04 21:00:00+01:00,0.0,0.0
1984-04-04 22:00:00+01:00,0.0,0.0
1984-04-04 23:00:00+01:00,0.0,0.0
1984-04-05 00:00:00+01:00,0.0,0.0
1984-04-05 01:00:00+01:00,0.0,0.0
1984-04-05 02:00:00+01:00,0.0,0.0
1984-04-05 03:00:00+01:00,0.0,0.0
1984-04-05 04:00:00+01:00,0.0,0.0
1984-04-05 05:00:00+01:00,0.0,0.0
1984-04-05 06:00:00+01:00,38.924483979657886,0.21859990202975865
1984-04-05 07:00:00+01:00,195.30736977685092,1.0968461886667948
1984-04-05 08:00:00+01:00,430.97174877321174,2.4203373411103573
1984-04-05 09:00:00+01:00,652.7740972663026,3.6659793302475556
1984-04-05 10:00:00+01:00,777.8797993326134,4.368572953051957
1984-04-05 11:00:00+01:00,827.0692277240048,4.6448207828980115
1984-04-05 12:00:00+01:00,793.952279998472,4.458836004471419
1984-04-05 13:00:00+01:00,723.0696213369017,4.06075899342804
1984-04-05 14:00:00+01:00,622.3178728092541,3.494937173696771
1984-04-05 15:00:00+01:00,480.86159595883953,2.700518722904843
1984-04-05 16:00:00+01:00,308.5286618640198,1.732696965028335
1984-04-05 17:00:00+01:00,131.53150723048623,0.7386809446064106
1984-04-05 18:00:00+01:00,17.282611008957524,0.09705914342630546
1984-04-05 19:00:00+01:00,0.05857864376269049,0.0003289776633712698
1984-04-05 20:00:00+01:00,0.0,0.0
1984-04-05 21:00:00+01:00,0.0,0.0
1984-04-05 22:00:00+01:00,0.0,0.0
1984-04-05 23:00:00+01:00,0.0,0.0
1984-04-06 00:00:00+01:00,0.0,0.0
1984-04-06 01:00:00+01:00,0.0,0.0
1984-04-06 02:00:00+01:00,0.0,0.0
1984-04-06 03:00:00+01:00,0.0,0.0
1984-04-06 04:00:00+01:00,0.0,0.0
1984-04-06 05:00:00+01:00,0.0,0.0
1984-04-06 06:00:00+01:00,42.27767323570651,0.23743141289172776
1984-04-06 07:00:00+01:00,175.53834845617655,0.9858233649298875
1984-04-06 08:00:00+01:00,372.7249744551537,2.093223456540143
1984-04-06 09:00:00+01:00,638.5009370857612,3.585821262673635
1984-04-06 10:00:00+01:00,773.1795750743772,4.3421764936177025
1984-04-06 11:00:00+01:00,702.2995219375625,3.944114115201351
1984-04-06 12:00:00+01:00,571.9191969267611,3.2118982099406903
1984-04-06 13:00:00+01:00,479.4136782280451,2.6923872169287013
1984-04-06 14:00:00+01:00,351.570411812807,1.974419432740724
1984-04-06 15:00:00+01:00,282.76793480831526,1.5880247218834984
1984-04-06 16:00:00+01:00,208.89491244492504,1.173153828290699
1984-04-06 17:00:00+01:00,97.66576170124317,0.5484909177141816
1984-04-06 18:00:00+01:00,19.60053315929793,0.11007659422261717
1984-04-06 19:00:00+01:00,0.05857864376269049,0.0003289776633712698
1984-04-06 20:00:00+01:00,0.0,0.0
1984-04-06 21:00:00+01:00,0.0,0.0
1984-04-06 22:00:00+01:00,0.0,0.0
1984-04-06 23:00:00+01:00,0.0,0.0
1984-04-07 00:00:00+01:00,0.0,0.0
1984-04-07 01:00:00+01:00,0.0,0.0
1984-04-07 02:00:00+01:00,0.0,0.0
1984-04-07 03:00:00+01:00,0.0,0.0
1984-04-07 04:00:00+01:00,0.0,0.0
1984-04-07 05:00:00+01:00,0.0,0.0
1984-04-07 06:00:00+01:00,40.17860071884999,0.22564302163706157
1984-04-07 07:00:00+01:00,155.7376443002428,0.8746226103901636
1984-04-07 08:00:00+01:00,343.5331816698971,1.929282348258142
1984-04-07 09:00:00+01:00,491.1750351902435,2.7584389976284074
1984-04-07 10:00:00+01:00,534.0043409828851,2.9989683789598827
1984-04-07 11:00:00+01:00,489.10438539077074,2.7468102283545686
1984-04-07 12:00:00+01:00,351.50743410350555,1.974065749925287
1984-04-07 13:00:00+01:00,240.876317821076,1.3527614008831628
1984-04-07 14:00:00+01:00,187.21938338789397,1.0514240571064124
1984-04-07 15:00:00+01:00,170.6422516051568,0.9583268850145604
1984-04-07 16:00:00+01:00,101.59979755904047,0.5705844630915713
1984-04-07 17:00:00+01:00,42.17797236534975,0.23687149280380418
1984-04-07 18:00:00+01:00,9.375699946203172,0.05265393089787701
1984-04-07 19:00:00+01:00,0.0,0.0
1984-04-07 20:00:00+01:00,0.0,0.0
1984-04-07 21:00:00+01:00,0.0,0.0
1984-04-07 22:00:00+01:00,0.0,0.0
1984-04-07 23:00:00+01:00,0.0,0.0
1984-04-08 00:00:00+01:00,0.0,0.0
1984-04-08 01:00:00+01:00,0.0,0.0
1984-04-08 02:00:00+01:00,0.0,0.0
1984-04-08 03:00:00+01:00,0.0,0.0
1984-04-08 04:00:00+01:00,0.0,0.0
1984-04-08 05:00:00+01:00,0.0,0.0
1984-04-08 06:00:00+01:00,24.330483505229175,0.13663999536536706
1984-04-08 07:00:00+01:00,87.29833691976961,0.4902674601414261
1984-04-08 08:00:00+01:00,163.4211669147453,0.9177732733932095
1984-04-08 09:00:00+01:00,272.20858713756354,1.5287234253645567
1984-04-08 10:00:00+01:00,404.615393364979,2.272320049137722
1984-04-08 11:00:00+01:00,542.5464878525228,3.046941075779768
1984-04-08 12:00:00+01:00,608.4496317772214,3.417053132060875
1984-04-08 13:00:00+01:00,577.0446478217144,3.240682742166748
1984-04-08 14:00:00+01:00,550.8131331382548,3.0933665557044385
1984-04-08 15:00:00+01:00,434.20564065574047,2.4384988779226386
1984-04-08 16:00:00+01:00,266.07934579634843,1.494301605992293
1984-04-08 17:00:00+01:00,121.86826935104,0.6844122006754407
1984-04-08 18:00:00+01:00,18.3464689537359,0.10303376964418082
1984-04-08 19:00:00+01:00,0.05857864376269049,0.0003289776633712698
1984-04-08 20:00:00+01:00,0.0,0.0
1984-04-08 21:00:00+01:00,0.0,0.0
1984-04-08 22:00:00+01:00,0.0,0.0
1984-04-08 23:00:00+01:00,0.0,0.0
1984-04-09 00:00:00+01:00,0.0,0.0
1984-04-09 01:00:00+01:00,0.0,0.0
1984-04-09 02:00:00+01:00,0.0,0.0
1984-04-09 03:00:00+01:00,0.0,0.0
1984-04-09 04:00:00+01:00,0.0,0.0
1984-04-09 05:00:00+01:00,0.0,0.0
1984-04-09 06:00:00+01:00,45.916501974636745,0.2578670750895599
1984-04-09 07:00:00+01:00,225.60914894374088,1.2670209804680488
1984-04-09 08:00:00+01:00,456.6586361354768,2.5645949005368376
1984-04-09 09:00:00+01:00,673.6783369341458,3.7833775402221628
1984-04-09 10:00:00+01:00,824.3150754063699,4.629353463482174
1984-04-09 11:00:00+01:00,868.6544094871276,4.878363163679708
1984-04-09 12:00:00+01:00,879.117998659761,4.937126680473218
1984-04-09 13:00:00+01:00,874.7460029537995,4.912573552588538
1984-04-09 14:00:00+01:00,747.0205277508103,4.19526728384855
1984-04-09 15:00:00+01:00,511.1666558009726,2.8707119389782623
1984-04-09 16:00:00+01:00,307.9834874576926,1.7296352655624017
1984-04-09 17:00:00+01:00,138.19743388441717,0.7761167886948868
1984-04-09 18:00:00+01:00,18.72354597724477,0.1051514342082066
1984-04-09 19:00:00+01:00,0.05857864376269049,0.0003289776633712698
1984-04-09 20:00:00+01:00,0.0,0.0
1984-04-09 21:00:00+01:00,0.0,0.0
1984-04-09 22:00:00+01:00,0.0,0.0
1984-04-09 23:00:00+01:00,0.0,0.0
1984-04-10 00:00:00+01:00,0.0,0.0
1984-04-10 01:00:00+01:00,0.0,0.0
1984-04-10 02:00:00+01:00,0.0,0.0
1984-04-10 03:00:00+01:00,0.0,0.0
1984-04-10 04:00:00+01:00,0.0,0.0
1984-04-10 05:00:00+01:00,0.0,0.0
1984-04-10 06:00:00+01:00,35.26667873598053,0.19805766778126666
1984-04-10 07:00:00+01:00,138.14247136405618,0.7758081191805396
1984-04-10 08:00:00+01:00,272.6511928263342,1.5312090989126927
1984-04-10 09:00:00+01:00,423.56146604212915,2.378721193292597
1984-04-10 10:00:00+01:00,579.3865956052778,3.2538351209192395
1984-04-10 11:00:00+01:00,706.1273156543177,3.9656110047146487
1984-04-10 12:00:00+01:00,752.8899851983805,4.228230156874105
1984-04-10 13:00:00+01:00,699.501805073021,3.928402137290086
1984-04-10 14:00:00+01:00,618.7491925912746,3.474895465592598
1984-04-10 15:00:00+01:00,459.04156682673283,2.5779774392989316
1984-04-10 16:00:00+01:00,272.8625793626637,1.5323962457007196
1984-04-10 17:00:00+01:00,108.19658220088051,0.607632005640145
1984-04-10 18:00:00+01:00,18.898660919596008,0.10613487972445118
1984-04-10 19:00:00+01:00,0.05857864376269049,0.0003289776633712698
1984-04-10 20:00:00+01:00,0.0,0.0
1984-04-10 21:00:00+01:00,0.0,0.0
1984-04-10 22:00:00+01:00,0.0,0.0
1984-04-10 23:00:00+01:00,0.0,0.0
1984-04-11 00:00:00+01:00,0.0,0.0
1984-04-11 01:00:00+01:00,0.0,0.0
1984-04-11 02:00:00+01:00,0.0,0.0
1984-04-11 03:00:00+01:00,0.0,0.0
1984-04-11 04:00:00+01:00,0.0,0.0
1984-04-11 05:00:00+01:00,0.0,0.0
1984-04-11 06:00:00+01:00,40.78676875276939,0.2290584933155529
1984-04-11 07:00:00+01:00,169.13903871452553,0.9498848414207752
1984-04-11 08:00:00+01:00,273.2256683236938,1.5344353533058646
1984-04-11 09:00:00+01:00,390.6818629053745,2.194069342076583
1984-04-11 10:00:00+01:00,586.0247360014898,3.291114917384367
1984-04-11 11:00:00+01:00,795.2847973674812,4.466319422015775
1984-04-11 12:00:00+01:00,871.5005042308342,4.894346831760365
1984-04-11 13:00:00+01:00,744.8246025412172,4.182934967871477
1984-04-11 14:00:00+01:00,604.3883363025698,3.394244896675232
1984-04-11 15:00:00+01:00,457.9573823009222,2.571888659001979
1984-04-11 16:00:00+01:00,281.72214389828173,1.58215156013275
1984-04-11 17:00:00+01:00,112.65105022312642,0.632648298053078
1984-04-11 18:00:00+01:00,18.463324560060634,0.10369003072930053
1984-04-11 19:00:00+01:00,0.11715728752538097,0.0006579553267425396
1984-04-11 20:00:00+01:00,0.0,0.0
1984-04-11 21:00:00+01:00,0.0,0.0
1984-04-11 22:00:00+01:00,0.0,0.0
1984-04-11 23:00:00+01:00,0.0,0.0
1984-04-12 00:00:00+01:00,0.0,0.0
1984-04-12 01:00:00+01:00,0.0,0.0
1984-04-12 02:00:00+01:00,0.0,0.0
1984-04-12 03:00:00+01:00,0.0,0.0
1984-04-12 04:00:00+01:00,0.0,0.0
1984-04-12 05:00:00+01:00,0.0,0.0
1984-04-12 06:00:00+01:00,50.16666576905301,0.2817359949590017
1984-04-12 07:00:00+01:00,192.7183982856555,1.0823065247722412
1984-04-12 08:00:00+01:00,410.56101211465455,2.3057106440359
1984-04-12 09:00:00+01:00,662.1724476979656,3.7187604662717746
1984-04-12 10:00:00+01:00,805.1139510525018,4.521519949110849
1984-04-12 11:00:00+01:00,873.7575481521593,4.907022390422527
1984-04-12 12:00:00+01:00,867.3454321566971,4.871011946992011
1984-04-12 13:00:00+01:00,707.555313534657,3.973630640810633
1984-04-12 14:00:00+01:00,487.04901744630274,2.735267281978436
1984-04-12 15:00:00+01:00,332.0850908616219,1.8649898702788688
1984-04-12 16:00:00+01:00,188.17300996001472,1.0567796239354428
1984-04-12 17:00:00+01:00,82.15101040635427,0.46136007444208565
1984-04-12 18:00:00+01:00,20.7996582324965,0.11681088063370033
1984-04-12 19:00:00+01:00,0.05857864376269049,0.0003289776633712698
1984-04-12 20:00:00+01:00,0.0,0.0
1984-04-12 21:00:00+01:00,0.0,0.0
1984-04-12 22:00:00+01:00,0.0,0.0
1984-04-12 23:00:00+01:00,0.0,0.0
1984-04-13 00:00:00+01:00,0.0,0.0
1984-04-13 01:00:00+01:00,0.0,0.0
1984-04-13 02:00:00+01:00,0.0,0.0
1984-04-13 03:00:00+01:00,0.0,0.0
1984-04-13 04:00:00+01:00,0.0,0.0
1984-04-13 05:00:00+01:00,0.0,0.0
1984-04-13 06:00:00+01:00,7.69816126185971,0.04323287364660413
1984-04-13 07:00:00+01:00,27.99631227027076,0.15722728970984057
1984-04-13 08:00:00+01:00,60.95877512363377,0.34234448109432725
1984-04-13 09:00:00+01:00,116.49640854581949,0.6542438303933222
1984-04-13 10:00:00+01:00,210.07219256965834,1.1797654334712013
1984-04-13 11:00:00+01:00,288.04142514033106,1.6176406435880992
1984-04-13 12:00:00+01:00,240.30912519664622,1.3495760471043652
1984-04-13 13:00:00+01:00,174.33535384856637,0.9790673472135488
1984-04-13 14:00:00+01:00,177.45091178417192,0.9965643205799094
1984-04-13 15:00:00+01:00,162.07778290743076,0.910228828808131
1984-04-13 16:00:00+01:00,112.71849728969455,0.6330270807789247
1984-04-13 17:00:00+01:00,47.47658167935644,0.26662848271126577
1984-04-13 18:00:00+01:00,11.137536019962484,0.0625484022881093
1984-04-13 19:00:00+01:00,0.05857864376269049,0.0003289776633712698
1984-04-13 20:00:00+01:00,0.0,0.0
1984-04-13 21:00:00+01:00,0.0,0.0
1984-04-13 22:00:00+01:00,0.0,0.0
1984-04-13 23:00:00+01:00,0.0,0.0
1984-04-14 00:00:00+01:00,0.0,0.0
1984-04-14 01:00:00+01:00,0.0,0.0
1984-04-14 02:00:00+01:00,0.0,0.0
1984-04-14 03:00:00+01:00,0.0,0.0
1984-04-14 04:00:00+01:00,0.0,0.0
1984-04-14 05:00:00+01:00,0.0,0.0
1984-04-14 06:00:00+01:00,32.808674175758874,0.18425351417106184
1984-04-14 07:00:00+01:00,114.42840446603022,0.6426299194812257
1984-04-14 08:00:00+01:00,243.67258757846423,1.3684652518406553
1984-04-14 09:00:00+01:00,400.40535883451287,2.248676495214624
1984-04-14 10:00:00+01:00,513.069855774827,2.8814003100314283
1984-04-14 11:00:00+01:00,422.80240281390775,2.3744582942029058
1984-04-14 12:00:00+01:00,351.50838926675357,1.974071114122088
1984-04-14 13:00:00+01:00,406.05241115995625,2.2803903410743143
1984-04-14 14:00:00+01:00,338.81626202940384,1.902792127557132
1984-04-14 15:00:00+01:00,233.98218463489056,1.3140439489095455
1984-04-14 16:00:00+01:00,146.19226332881624,0.8210157508546321
1984-04-14 17:00:00+01:00,72.19271202533295,0.40543427073426985
1984-04-14 18:00:00+01:00,15.845033539705357,0.08898570835898528
1984-04-14 19:00:00+01:00,0.05857864376269049,0.0003289776633712698
1984-04-14 20:00:00+01:00,0.0,0.0
1984-04-14 21:00:00+01:00,0.0,0.0
1984-04-14 22:00:00+01:00,0.0,0.0
1984-04-14 23:00:00+01:00,0.0,0.0
1984-04-15 00:00:00+01:00,0.0,0.0
1984-04-15 01:00:00+01:00,0.0,0.0
1984-04-15 02:00:00+01:00,0.0,0.0
1984-04-15 03:00:00+01:00,0.0,0.0
1984-04-15 04:00:00+01:00,0.0,0.0
1984-04-15 05:00:00+01:00,0.0,0.0
1984-04-15 06:00:00+01:00,30.59698464203714,0.1718326657496806
1984-04-15 07:00:00+01:00,114.26687935984953,0.6417227944849149
1984-04-15 08:00:00+01:00,261.98682950538984,1.4713180345022692
1984-04-15 09:00:00+01:00,423.1570404815226,2.376449939344231
1984-04-15 10:00:00+01:00,645.1974591952372,3.6234289308404524
1984-04-15 11:00:00+01:00,833.5259426277913,4.681081693797676
1984-04-15 12:00:00+01:00,903.4425629323207,5.073733433427913
1984-04-15 13:00:00+01:00,816.7656296186702,4.586955775938452
1984-04-15 14:00:00+01:00,641.8466459425806,3.6046107636135325
1984-04-15 15:00:00+01:00,485.36093191245425,2.725786993620343
1984-04-15 16:00:00+01:00,295.6301016057507,1.660258650617896
1984-04-15 17:00:00+01:00,127.3707763107912,0.7153142797614033
1984-04-15 18:00:00+01:00,22.219054761922663,0.12478221154295766
1984-04-15 19:00:00+01:00,0.11715728752538097,0.0006579553267425396
1984-04-15 20:00:00+01:00,0.0,0.0
1984-04-15 21:00:00+01:00,0.0,0.0
1984-04-15 22:00:00+01:00,0.0,0.0
1984-04-15 23:00:00+01:00,0.0,0.0
1984-04-16 00:00:00+01:00,0.0,0.0
1984-04-16 01:00:00+01:00,0.0,0.0
1984-04-16 02:00:00+01:00,0.0,0.0
1984-04-16 03:00:00+01:00,0.0,0.0
1984-04-16 04:00:00+01:00,0.0,0.0
1984-04-16 05:00:00+01:00,0.0,0.0
1984-04-16 06:00:00+01:00,51.98631605118425,0.29195515094345076
1984-04-16 07:00:00+01:00,165.58871034602757,0.9299461973032909
1984-04-16 08:00:00+01:00,362.35464919066305,2.034983709854764
1984-04-16 09:00:00+01:00,631.2372718207937,3.545028518545577
1984-04-16 10:00:00+01:00,868.0787119888987,4.875130046529655
1984-04-16 11:00:00+01:00,982.9038280954408,5.519987898583995
1984-04-16 12:00:00+01:00,1000.1548521428565,5.616869649634282
1984-04-16 13:00:00+01:00,847.6447948415914,4.760373167830377
1984-04-16 14:00:00+01:00,600.9465147939345,3.3749156270827356
1984-04-16 15:00:00+01:00,499.8504817600741,2.807160305564576
1984-04-16 16:00:00+01:00,369.5421795436067,2.0753488803168954
1984-04-16 17:00:00+01:00,159.14174466100127,0.893740038016183
1984-04-16 18:00:00+01:00,24.309111746451244,0.13651997156807016
1984-04-16 19:00:00+01:00,0.1757359312880715,0.0009869329901138096
1984-04-16 20:00:00+01:00,0.0,0.0
1984-04-16 21:00:00+01:00,0.0,0.0
1984-04-16 22:00:00+01:00,0.0,0.0
1984-04-16 23:00:00+01:00,0.0,0.0
1984-04-17 00:00:00+01:00,0.0,0.0
1984-04-17 01:00:00+01:00,0.0,0.0
1984-04-17 02:00:00+01:00,0.0,0.0
1984-04-17 03:00:00+01:00,0.0,0.0
1984-04-17 04:00:00+01:00,0.0,0.0
1984-04-17 05:00:00+01:00,0.0,0.0
1984-04-17 06:00:00+01:00,64.74765771419675,0.3636228457229289
1984-04-17 07:00:00+01:00,284.26477114396977,1.5964309547445341
1984-04-17 08:00:00+01:00,544.2003926929684,3.0562294053637107
1984-04-17 09:00:00+01:00,767.6608468437686,4.311183315874604
1984-04-17 10:00:00+01:00,915.0105855665156,5.138699448541551
1984-04-17 11:00:00+01:00,1021.093795417114,5.734462755062513
1984-04-17 12:00:00+01:00,1046.6851067633875,5.878183559583185
1984-04-17 13:00:00+01:00,885.7939826344818,4.97461900647525
1984-04-17 14:00:00+01:00,605.0504641809252,3.3979634068400757
1984-04-17 15:00:00+01:00,442.0268328466898,2.4824226932670097
1984-04-17 16:00:00+01:00,284.36587917770606,1.5969987774619971
1984-04-17 17:00:00+01:00,117.88961771115513,0.6620680930658471
1984-04-17 18:00:00+01:00,27.96302416242712,0.1570403436961907
1984-04-17 19:00:00+01:00,0.11715728752538097,0.0006579553267425396
1984-04-17 20:00:00+01:00,0.0,0.0
1984-04-17 21:00:00+01:00,0.0,0.0
1984-04-17 22:00:00+01:00,0.0,0.0
1984-04-17 23:00:00+01:00,0.0,0.0
1984-04-18 00:00:00+01:00,0.0,0.0
1984-04-18 01:00:00+01:00,0.0,0.0
1984-04-18 02:00:00+01:00,0.0,0.0
1984-04-18 03:00:00+01:00,0.0,0.0
1984-04-18 04:00:00+01:00,0.0,0.0
1984-04-18 05:00:00+01:00,0.0,0.0
1984-04-18 06:00:00+01:00,38.39415317395848,0.21562156422495082
1984-04-18 07:00:00+01:00,93.11390075140459,0.5229276666198882
1984-04-18 08:00:00+01:00,175.11356641794862,0.9834377890031996
1984-04-18 09:00:00+01:00,271.2638183686457,1.523417603958314
1984-04-18 10:00:00+01:00,338.84881495350237,1.9029749447788693
1984-04-18 11:00:00+01:00,354.99370292349266,1.9936446356183346
1984-04-18 12:00:00+01:00,359.27490296264193,2.0176878550381967
1984-04-18 13:00:00+01:00,325.38491980914546,1.827361709648161
1984-04-18 14:00:00+01:00,355.382965211541,1.9958307326280142
1984-04-18 15:00:00+01:00,349.7280022427217,1.964072460595125
1984-04-18 16:00:00+01:00,216.02135608222434,1.2131759357577718
1984-04-18 17:00:00+01:00,79.12602235889348,0.4443717415675457
1984-04-18 18:00:00+01:00,16.282443326425486,0.09144220172120554
1984-04-18 19:00:00+01:00,0.05857864376269049,0.0003289776633712698
1984-04-18 20:00:00+01:00,0.0,0.0
1984-04-18 21:00:00+01:00,0.0,0.0
1984-04-18 22:00:00+01:00,0.0,0.0
1984-04-18 23:00:00+01:00,0.0,0.0
1984-04-19 00:00:00+01:00,0.0,0.0
1984-04-19 01:00:00+01:00,0.0,0.0
1984-04-19 02:00:00+01:00,0.0,0.0
1984-04-19 03:00:00+01:00,0.0,0.0
1984-04-19 04:00:00+01:00,0.0,0.0
1984-04-19 05:00:00+01:00,0.0,0.0
1984-04-19 06:00:00+01:00,38.96936352175762,0.21885194553819082
1984-04-19 07:00:00+01:00,150.09829998538223,0.8429520527179067
1984-04-19 08:00:00+01:00,303.88232618643093,1.706603143862996
1984-04-19 09:00:00+01:00,431.6168175072203,2.423960047120549
1984-04-19 10:00:00+01:00,590.7564379316193,3.3176881554239737
1984-04-19 11:00:00+01:00,715.4341159726446,4.017877995302372
1984-04-19 12:00:00+01:00,765.2619033910432,4.297710849444099
1984-04-19 13:00:00+01:00,689.3239464292064,3.8712432831464234
1984-04-19 14:00:00+01:00,541.8115475461539,3.0428136510192
1984-04-19 15:00:00+01:00,364.21152777158346,2.0454119399652124
1984-04-19 16:00:00+01:00,220.43744607428175,1.2379766971531663
1984-04-19 17:00:00+01:00,99.36615330180848,0.5580403169429564
1984-04-19 18:00:00+01:00,21.06397848487932,0.11829530317108226
1984-04-19 19:00:00+01:00,0.1757359312880715,0.0009869329901138096
1984-04-19 20:00:00+01:00,0.0,0.0
1984-04-19 21:00:00+01:00,0.0,0.0
1984-04-19 22:00:00+01:00,0.0,0.0
1984-04-19 23:00:00+01:00,0.0,0.0
1984-04-20 00:00:00+01:00,0.0,0.0
1984-04-20 01:00:00+01:00,0.0,0.0
1984-04-20 02:00:00+01:00,0.0,0.0
1984-04-20 03:00:00+01:00,0.0,0.0
1984-04-20 04:00:00+01:00,0.0,0.0
1984-04-20 05:00:00+01:00,,
1984-04-20 06:00:00+01:00,38.650912331388454,0.21706352365307754
1984-04-20 07:00:00+01:00,98.86346994112074,0.5552172471893341
1984-04-20 08:00:00+01:00,165.7586947601302,0.9309008297728911
1984-04-20 09:00:00+01:00,203.51343553888012,1.1429314539863507
1984-04-20 10:00:00+01:00,290.559122809639,1.6317800336989325
1984-04-20 11:00:00+01:00,366.2002478881417,2.0565805921398037
1984-04-20 12:00:00+01:00,369.1823117049114,2.073327862534782
1984-04-20 13:00:00+01:00,350.4195810616023,1.9679563672419584
1984-04-20 14:00:00+01:00,343.05556403090156,1.9266000475975429
1984-04-20 15:00:00+01:00,248.38076459303406,1.3949063739544794
1984-04-20 16:00:00+01:00,140.92045897373407,0.7914092975964905
1984-04-20 17:00:00+01:00,91.92208331542943,0.5162344198994517
1984-04-20 18:00:00+01:00,25.558056035314046,0.14353404269432368
1984-04-20 19:00:00+01:00,0.1757359312880715,0.0009869329901138096
1984-04-20 20:00:00+01:00,0.0,0.0
1984-04-20 21:00:00+01:00,0.0,0.0
1984-04-20 22:00:00+01:00,0.0,0.0
1984-04-20 23:00:00+01:00,0.0,0.0
1984-04-21 00:00:00+01:00,0.0,0.0
1984-04-21 01:00:00+01:00,0.0,0.0
1984-04-21 02:00:00+01:00,0.0,0.0
1984-04-21 03:00:00+01:00,0.0,0.0
1984-04-21 04:00:00+01:00,0.0,0.0
1984-04-21 05:00:00+01:00,,
1984-04-21 06:00:00+01:00,64.89111736853162,0.36442851514167357
1984-04-21 07:00:00+01:00,254.8383576104107,1.4311722163400664
1984-04-21 08:00:00+01:00,516.5066152453111,2.900701151217667
1984-04-21 09:00:00+01:00,737.3391095456468,4.140896439208353
1984-04-21 10:00:00+01:00,902.9508558247292,5.0709720063116785
1984-04-21 11:00:00+01:00,940.5888087014114,5.282346749667126
1984-04-21 12:00:00+01:00,866.9746520583627,4.868929645959765
1984-04-21 13:00:00+01:00,813.2860022943904,4.567414188885297
1984-04-21 14:00:00+01:00,692.3998314793091,3.8885174535878004
1984-04-21 15:00:00+01:00,508.3199781823937,2.854724997472323
1984-04-21 16:00:00+01:00,332.1639749096513,1.865432883092602
1984-04-21 17:00:00+01:00,155.93507451417383,0.8757313784716001
1984-04-21 18:00:00+01:00,28.01705345481072,0.157343772202217
1984-04-21 19:00:00+01:00,0.2928932188134524,0.001644888316856349
1984-04-21 20:00:00+01:00,0.0,0.0
1984-04-21 21:00:00+01:00,0.0,0.0
1984-04-21 22:00:00+01:00,0.0,0.0
1984-04-21 23:00:00+01:00,0.0,0.0
1984-04-22 00:00:00+01:00,0.0,0.0
1984-04-22 01:00:00+01:00,0.0,0.0
1984-04-22 02:00:00+01:00,0.0,0.0
1984-04-22 03:00:00+01:00,0.0,0.0
1984-04-22 04:00:00+01:00,0.0,0.0
1984-04-22 05:00:00+01:00,,
1984-04-22 06:00:00+01:00,72.16723198742304,0.4052911748413677
1984-04-22 07:00:00+01:00,272.3979328611159,1.529786790948027
1984-04-22 08:00:00+01:00,489.64104277538524,2.7498240962265634
1984-04-22 09:00:00+01:00,658.2315241996893,3.696628239905454
1984-04-22 10:00:00+01:00,767.6426528384077,4.311081138340497
1984-04-22 11:00:00+01:00,843.3581921973957,4.736299607380574
1984-04-22 12:00:00+01:00,879.759173576816,4.940727518807399
1984-04-22 13:00:00+01:00,797.0876353412043,4.476444160076204
1984-04-22 14:00:00+01:00,525.0811691605509,2.948855846005654
1984-04-22 15:00:00+01:00,340.5472912111065,1.9125135874415742
1984-04-22 16:00:00+01:00,207.21974342512445,1.1637460790754988
1984-04-22 17:00:00+01:00,91.03063333882328,0.5112280368308315
1984-04-22 18:00:00+01:00,29.927371227283004,0.16807211681242135
1984-04-22 19:00:00+01:00,0.23431457505076195,0.0013159106534850792
1984-04-22 20:00:00+01:00,0.0,0.0
1984-04-22 21:00:00+01:00,0.0,0.0
1984-04-22 22:00:00+01:00,0.0,0.0
1984-04-22 23:00:00+01:00,0.0,0.0
1984-04-23 00:00:00+01:00,0.0,0.0
1984-04-23 01:00:00+01:00,0.0,0.0
1984-04-23 02:00:00+01:00,0.0,0.0
1984-04-23 03:00:00+01:00,0.0,0.0
1984-04-23 04:00:00+01:00,0.0,0.0
1984-04-23 05:00:00+01:00,,
1984-04-23 06:00:00+01:00,46.44374689126487,0.26082808254134354
1984-04-23 07:00:00+01:00,141.8926993718801,0.7968693996724786
1984-04-23 08:00:00+01:00,278.73812292588593,1.5653932983517755
1984-04-23 09:00:00+01:00,525.5617241643072,2.951554642906749
1984-04-23 10:00:00+01:00,680.8813128578482,3.8238294530096755
1984-04-23 11:00:00+01:00,702.2589555413961,3.9438862943204804
1984-04-23 12:00:00+01:00,799.0337511973369,4.4873735467242435
1984-04-23 13:00:00+01:00,775.3745168698686,4.354503286741182
1984-04-23 14:00:00+01:00,654.676154785071,3.6766612852729588
1984-04-23 15:00:00+01:00,488.90984142293007,2.7457176694311753
1984-04-23 16:00:00+01:00,296.78462634905804,1.66674246157631
1984-04-23 17:00:00+01:00,140.73761210310775,0.7903824295710531
1984-04-23 18:00:00+01:00,28.56064463120292,0.1603965802488356
1984-04-23 19:00:00+01:00,0.2928932188134524,0.001644888316856349
1984-04-23 20:00:00+01:00,0.0,0.0
1984-04-23 21:00:00+01:00,0.0,0.0
1984-04-23 22:00:00+01:00,0.0,0.0
1984-04-23 23:00:00+01:00,0.0,0.0
1984-04-24 00:00:00+01:00,0.0,0.0
1984-04-24 01:00:00+01:00,0.0,0.0
1984-04-24 02:00:00+01:00,0.0,0.0
1984-04-24 03:00:00+01:00,0.0,0.0
1984-04-24 04:00:00+01:00,0.0,0.0
1984-04-24 05:00:00+01:00,,
1984-04-24 06:00:00+01:00,73.45904476745375,0.4125459954140202
1984-04-24 07:00:00+01:00,263.2658555542722,1.4785010447927929
1984-04-24 08:00:00+01:00,517.3400043446071,2.905381464399314
1984-04-24 09:00:00+01:00,722.4489063691467,4.057273058169128
1984-04-24 10:00:00+01:00,834.3461147823481,4.685687780617667
1984-04-24 11:00:00+01:00,817.5940179519927,4.591608004818391
1984-04-24 12:00:00+01:00,699.5567748421142,3.9287108475133135
1984-04-24 13:00:00+01:00,491.3357199797732,2.759341403406406
1984-04-24 14:00:00+01:00,374.97129448295357,2.1058387898162674
1984-04-24 15:00:00+01:00,282.08796702981374,1.5842060228394341
1984-04-24 16:00:00+01:00,177.16063463898718,0.994934124132552
1984-04-24 17:00:00+01:00,87.83813719880325,0.49329897850847904
1984-04-24 18:00:00+01:00,19.609236390901152,0.11012547157130088
1984-04-24 19:00:00+01:00,0.23431457505076195,0.0013159106534850792
1984-04-24 20:00:00+01:00,0.0,0.0
1984-04-24 21:00:00+01:00,0.0,0.0
1984-04-24 22:00:00+01:00,0.0,0.0
1984-04-24 23:00:00+01:00,0.0,0.0
1984-04-25 00:00:00+01:00,0.0,0.0
1984-04-25 01:00:00+01:00,0.0,0.0
1984-04-25 02:00:00+01:00,0.0,0.0
1984-04-25 03:00:00+01:00,0.0,0.0
1984-04-25 04:00:00+01:00,0.0,0.0
1984-04-25 05:00:00+01:00,,
1984-04-25 06:00:00+01:00,56.59316356286904,0.31782720656907254
1984-04-25 07:00:00+01:00,156.3867830744307,0.8782681737460027
1984-04-25 08:00:00+01:00,264.09635969937904,1.4831651560717127
1984-04-25 09:00:00+01:00,420.1760495668991,2.3597086943677055
1984-04-25 10:00:00+01:00,516.0452898094,2.89811034756959
1984-04-25 11:00:00+01:00,610.1236046183258,3.4264541635365178
1984-04-25 12:00:00+01:00,678.1162668300591,3.808300954517612
1984-04-25 13:00:00+01:00,634.570158279069,3.5637460088952517
1984-04-25 14:00:00+01:00,518.2657840787517,2.9105806433862695
1984-04-25 15:00:00+01:00,387.3295015728437,2.17524248083309
1984-04-25 16:00:00+01:00,243.72138677024998,1.368739308101724
1984-04-25 17:00:00+01:00,105.83678126080699,0.5943793635606921
1984-04-25 18:00:00+01:00,30.815328628291663,0.173058885576486
1984-04-25 19:00:00+01:00,0.2928932188134524,0.001644888316856349
1984-04-25 20:00:00+01:00,0.0,0.0
1984-04-25 21:00:00+01:00,0.0,0.0
1984-04-25 22:00:00+01:00,0.0,0.0
1984-04-25 23:00:00+01:00,0.0,0.0
1984-04-26 00:00:00+01:00,0.0,0.0
1984-04-26 01:00:00+01:00,0.0,0.0
1984-04-26 02:00:00+01:00,0.0,0.0
1984-04-26 03:00:00+01:00,0.0,0.0
1984-04-26 04:00:00+01:00,0.0,0.0
1984-04-26 05:00:00+01:00,,
1984-04-26 06:00:00+01:00,60.88627339108725,0.341937311364346
1984-04-26 07:00:00+01:00,190.09024094640304,1.0675467931549993
1984-04-26 08:00:00+01:00,394.5096717083445,2.215566316314063
1984-04-26 09:00:00+01:00,632.4401656016156,3.5517839700186737
1984-04-26 10:00:00+01:00,819.8320138415784,4.604176589734304
1984-04-26 11:00:00+01:00,907.9334908737155,5.098954484746787
1984-04-26 12:00:00+01:00,801.7054162543739,4.502377617684564
1984-04-26 13:00:00+01:00,654.996146037035,3.678458356143989
1984-04-26 14:00:00+01:00,502.3121896756006,2.8209852572181733
1984-04-26 15:00:00+01:00,314.6342091766086,1.7669857187358335
1984-04-26 16:00:00+01:00,170.4289597979747,0.957129038225426
1984-04-26 17:00:00+01:00,73.44793253545122,0.4124835891190941
1984-04-26 18:00:00+01:00,22.40669480332358,0.12583599801546524
1984-04-26 19:00:00+01:00,0.1757359312880715,0.0009869329901138096
1984-04-26 20:00:00+01:00,0.0,0.0
1984-04-26 21:00:00+01:00,0.0,0.0
1984-04-26 22:00:00+01:00,0.0,0.0
1984-04-26 23:00:00+01:00,0.0,0.0
1984-04-27 00:00:00+01:00,0.0,0.0
1984-04-27 01:00:00+01:00,0.0,0.0
1984-04-27 02:00:00+01:00,0.0,0.0
1984-04-27 03:00:00+01:00,0.0,0.0
1984-04-27 04:00:00+01:00,0.0,0.0
1984-04-27 05:00:00+01:00,,
1984-04-27 06:00:00+01:00,56.48935654298765,0.31724422634541866
1984-04-27 07:00:00+01:00,168.2872646389855,0.9451012782125425
1984-04-27 08:00:00+01:00,332.5930012590751,1.8678422950709657
1984-04-27 09:00:00+01:00,559.5439797689749,3.1423989903825627
1984-04-27 10:00:00+01:00,717.0671439982216,4.027049080694012
1984-04-27 11:00:00+01:00,822.9836743988851,4.621876315424139
1984-04-27 12:00:00+01:00,950.5938385450826,5.338534997269184
1984-04-27 13:00:00+01:00,899.6983368502847,5.052705859751199
1984-04-27 14:00:00+01:00,697.2363883656767,3.9156795570616403
1984-04-27 15:00:00+01:00,533.0096500284801,2.993382194559944
1984-04-27 16:00:00+01:00,375.53507258701285,2.109004967648664
1984-04-27 17:00:00+01:00,161.43978500678708,0.9066458325981162
1984-04-27 18:00:00+01:00,32.12248752023387,0.1803998899136334
1984-04-27 19:00:00+01:00,0.41005050633883344,0.0023028436435988888
1984-04-27 20:00:00+01:00,0.0,0.0
1984-04-27 21:00:00+01:00,0.0,0.0
1984-04-27 22:00:00+01:00,0.0,0.0
1984-04-27 23:00:00+01:00,0.0,0.0
1984-04-28 00:00:00+01:00,0.0,0.0
1984-04-28 01:00:00+01:00,0.0,0.0
1984-04-28 02:00:00+01:00,0.0,0.0
1984-04-28 03:00:00+01:00,0.0,0.0
1984-04-28 04:00:00+01:00,0.0,0.0
1984-04-28 05:00:00+01:00,,
1984-04-28 06:00:00+01:00,29.28725024482848,0.16447719737495675
1984-04-28 07:00:00+01:00,80.74745245039871,0.4534776929614392
1984-04-28 08:00:00+01:00,178.7168682108028,1.0036739318718684
1984-04-28 09:00:00+01:00,276.4212882022641,1.5523819545439155
1984-04-28 10:00:00+01:00,429.61036278862645,2.4126917974209263
1984-04-28 11:00:00+01:00,776.4467425057388,4.3605249059122295
1984-04-28 12:00:00+01:00,1002.7071821085051,5.631203534721365
1984-04-28 13:00:00+01:00,971.451248210155,5.455670209948231
1984-04-28 14:00:00+01:00,837.1557804341141,4.701466862917985
1984-04-28 15:00:00+01:00,632.4970856706207,3.5521036331262055
1984-04-28 16:00:00+01:00,395.92882134889805,2.223536260695411
1984-04-28 17:00:00+01:00,167.4548617337357,0.9404265034966596
1984-04-28 18:00:00+01:00,33.34808253053051,0.18728283149145933
1984-04-28 19:00:00+01:00,0.4686291501015239,0.0026318213069701584
1984-04-28 20:00:00+01:00,0.0,0.0
1984-04-28 21:00:00+01:00,0.0,0.0
1984-04-28 22:00:00+01:00,0.0,0.0
1984-04-28 23:00:00+01:00,0.0,0.0
1984-04-29 00:00:00+01:00,0.0,0.0
1984-04-29 01:00:00+01:00,0.0,0.0
1984-04-29 02:00:00+01:00,0.0,0.0
1984-04-29 03:00:00+01:00,0.0,0.0
1984-04-29 04:00:00+01:00,0.0,0.0
1984-04-29 05:00:00+01:00,17.234311610905113,0.09678789400684312
1984-04-29 06:00:00+01:00,83.6399046465211,0.4697217044948625
1984-04-29 07:00:00+01:00,305.7269547341782,1.716962577787145
1984-04-29 08:00:00+01:00,555.9298613864978,3.122102101546572
1984-04-29 09:00:00+01:00,773.4466663491253,4.343676478216688
1984-04-29 10:00:00+01:00,938.8278557758706,5.27245723803729
1984-04-29 11:00:00+01:00,980.0179126921528,5.50378059767913
1984-04-29 12:00:00+01:00,970.637849430326,5.451102162400711
1984-04-29 13:00:00+01:00,880.3217256645667,4.943886811332206
1984-04-29 14:00:00+01:00,669.3705811361068,3.7591851836603762
1984-04-29 15:00:00+01:00,518.6731607412014,2.912868470722587
1984-04-29 16:00:00+01:00,351.90046432990187,1.9762730076767288
1984-04-29 17:00:00+01:00,159.6299281134304,0.8964816762850252
1984-04-29 18:00:00+01:00,37.796813426665764,0.21226690420415492
1984-04-29 19:00:00+01:00,0.5272077938642143,0.0029607989703414276
1984-04-29 20:00:00+01:00,0.0,0.0
1984-04-29 21:00:00+01:00,0.0,0.0
1984-04-29 22:00:00+01:00,0.0,0.0
1984-04-29 23:00:00+01:00,0.0,0.0
1984-04-30 00:00:00+01:00,0.0,0.0
1984-04-30 01:00:00+01:00,0.0,0.0
1984-04-30 02:00:00+01:00,0.0,0.0
1984-04-30 03:00:00+01:00,0.0,0.0
1984-04-30 04:00:00+01:00,0.0,0.0
1984-04-30 05:00:00+01:00,20.436399255382295,0.11477081821822697
1984-04-30 06:00:00+01:00,83.09796014292773,0.46667814416268216
1984-04-30 07:00:00+01:00,270.12642372179107,1.5170299956215787
1984-04-30 08:00:00+01:00,545.5381614731291,3.0637423148330925
1984-04-30 09:00:00+01:00,758.2769817238274,4.258483529361015
1984-04-30 10:00:00+01:00,916.6897628984666,5.148129708437788
1984-04-30 11:00:00+01:00,1021.12813464461,5.7346556041641294
1984-04-30 12:00:00+01:00,1044.8995843561152,5.868156065743943
1984-04-30 13:00:00+01:00,941.0364056215662,5.284860453970715
1984-04-30 14:00:00+01:00,722.6289692754401,4.058284291450871
1984-04-30 15:00:00+01:00,492.564822709252,2.7662440443351595
1984-04-30 16:00:00+01:00,303.71968850047085,1.7056897706186445
1984-04-30 17:00:00+01:00,148.76613043154106,0.8354705885035346
1984-04-30 18:00:00+01:00,37.721731662936094,0.2118452450190491
1984-04-30 19:00:00+01:00,0.5272077938642143,0.0029607989703414276
1984-04-30 20:00:00+01:00,0.0,0.0
1984-04-30 21:00:00+01:00,0.0,0.0
1984-04-30 22:00:00+01:00,0.0,0.0
1984-04-30 23:00:00+01:00,0.0,0.0
1984-05-01 00:00:00+01:00,0.0,0.0
1984-05-01 01:00:00+01:00,0.0,0.0
1984-05-01 02:00:00+01:00,0.0,0.0
1984-05-01 03:00:00+01:00,0.0,0.0
1984-05-01 04:00:00+01:00,0.0,0.0
1984-05-01 05:00:00+01:00,,
1984-05-01 06:00:00+01:00,32.90754660920099,0.18480878175727278
1984-05-01 07:00:00+01:00,79.6495108491919,0.4473116529290617
1984-05-01 08:00:00+01:00,174.56569441462588,0.9803609398325389
1984-05-01 09:00:00+01:00,285.43653513198313,1.6030115813012173
1984-05-01 10:00:00+01:00,397.96470564796437,2.234969786918968
1984-05-01 11:00:00+01:00,452.5714754667175,2.5416414062210855
1984-05-01 12:00:00+01:00,527.1255951782418,2.960337342521006
1984-05-01 13:00:00+01:00,477.45978672345893,2.6814141622389456
1984-05-01 14:00:00+01:00,373.5783225169057,2.0980158592549425
1984-05-01 15:00:00+01:00,277.93868647697127,1.5609036632546707
1984-05-01 16:00:00+01:00,125.83949624960417,0.706714610937777
1984-05-01 17:00:00+01:00,51.40652618399538,0.2886990510493181
1984-05-01 18:00:00+01:00,18.03161709555208,0.10126556160862049
1984-05-01 19:00:00+01:00,0.11715728752538097,0.0006579553267425396
1984-05-01 20:00:00+01:00,0.0,0.0
1984-05-01 21:00:00+01:00,0.0,0.0
1984-05-01 22:00:00+01:00,0.0,0.0
1984-05-01 23:00:00+01:00,0.0,0.0
1984-05-02 00:00:00+01:00,0.0,0.0
1984-05-02 01:00:00+01:00,0.0,0.0
1984-05-02 02:00:00+01:00,0.0,0.0
1984-05-02 03:00:00+01:00,0.0,0.0
1984-05-02 04:00:00+01:00,0.0,0.0
1984-05-02 05:00:00+01:00,,
1984-05-02 06:00:00+01:00,31.304217985052027,0.1758044882040522
1984-05-02 07:00:00+01:00,60.99568743172679,0.34255178061657765
1984-05-02 08:00:00+01:00,116.53731057272148,0.6544735361764039
1984-05-02 09:00:00+01:00,223.80401248872516,1.2568833341366805
1984-05-02 10:00:00+01:00,328.27580464570707,1.8435969188902908
1984-05-02 11:00:00+01:00,374.94449968068403,2.1056883102067214
1984-05-02 12:00:00+01:00,347.4558635853889,1.951312129895544
1984-05-02 13:00:00+01:00,316.0599135199642,1.774992474328119
1984-05-02 14:00:00+01:00,343.0294539772714,1.9264534135363558
1984-05-02 15:00:00+01:00,283.9978072808645,1.594931685689335
1984-05-02 16:00:00+01:00,170.88320734110133,0.9596800924276251
1984-05-02 17:00:00+01:00,68.81926689678988,0.386489002892372
1984-05-02 18:00:00+01:00,18.03017084288031,0.10125743945361582
1984-05-02 19:00:00+01:00,0.1757359312880715,0.0009869329901138096
1984-05-02 20:00:00+01:00,0.0,0.0
1984-05-02 21:00:00+01:00,0.0,0.0
1984-05-02 22:00:00+01:00,0.0,0.0
1984-05-02 23:00:00+01:00,0.0,0.0
1984-05-03 00:00:00+01:00,0.0,0.0
1984-05-03 01:00:00+01:00,0.0,0.0
1984-05-03 02:00:00+01:00,0.0,0.0
1984-05-03 03:00:00+01:00,0.0,0.0
1984-05-03 04:00:00+01:00,0.0,0.0
1984-05-03 05:00:00+01:00,,
1984-05-03 06:00:00+01:00,36.592035221700115,0.20550086980506788
1984-05-03 07:00:00+01:00,88.38466082760267,0.4963682552078166
1984-05-03 08:00:00+01:00,148.6885612641634,0.8350349600595417
1984-05-03 09:00:00+01:00,252.14210077960036,1.4160300379782358
1984-05-03 10:00:00+01:00,380.8211538374013,2.1386915999508456
1984-05-03 11:00:00+01:00,510.8151895228642,2.868738104360405
1984-05-03 12:00:00+01:00,552.5228911371242,3.10296855662609
1984-05-03 13:00:00+01:00,531.11068657031,2.9827176157788613
1984-05-03 14:00:00+01:00,507.34269462090833,2.849236572991021
1984-05-03 15:00:00+01:00,388.17229332911074,2.1799755993362857
1984-05-03 16:00:00+01:00,250.81564957762345,1.408580688027933
1984-05-03 17:00:00+01:00,110.70958164426736,0.6217450105142055
1984-05-03 18:00:00+01:00,30.101083164921775,0.1690476830542007
1984-05-03 19:00:00+01:00,0.4686291501015239,0.0026318213069701584
1984-05-03 20:00:00+01:00,0.0,0.0
1984-05-03 21:00:00+01:00,0.0,0.0
1984-05-03 22:00:00+01:00,0.0,0.0
1984-05-03 23:00:00+01:00,0.0,0.0
1984-05-04 00:00:00+01:00,0.0,0.0
1984-05-04 01:00:00+01:00,0.0,0.0
1984-05-04 02:00:00+01:00,0.0,0.0
1984-05-04 03:00:00+01:00,0.0,0.0
1984-05-04 04:00:00+01:00,0.0,0.0
1984-05-04 05:00:00+01:00,21.132823238677744,0.1186819353084142
1984-05-04 06:00:00+01:00,80.46321343130509,0.45188140663020937
1984-05-04 07:00:00+01:00,215.27748799083665,1.2089983725565387
1984-05-04 08:00:00+01:00,466.63543403584833,2.6206245975453246
1984-05-04 09:00:00+01:00,745.0712232804709,4.184319989943125
1984-05-04 10:00:00+01:00,913.7488863955593,5.131613745997461
1984-05-04 11:00:00+01:00,1008.7774729081325,5.665294287852072
1984-05-04 12:00:00+01:00,1023.0709841574072,5.745566647027999
1984-05-04 13:00:00+01:00,945.6681810355226,5.310872504695495
1984-05-04 14:00:00+01:00,804.4560877287663,4.517825388684751
1984-05-04 15:00:00+01:00,617.9493047468894,3.470403295458531
1984-05-04 16:00:00+01:00,390.83004717274264,2.1949015449221227
1984-05-04 17:00:00+01:00,166.36974288988023,0.9343324760695675
1984-05-04 18:00:00+01:00,36.23784088821808,0.20351171442823277
1984-05-04 19:00:00+01:00,0.702943725152286,0.003947731960455238
1984-05-04 20:00:00+01:00,0.0,0.0
1984-05-04 21:00:00+01:00,0.0,0.0
1984-05-04 22:00:00+01:00,0.0,0.0
1984-05-04 23:00:00+01:00,0.0,0.0
1984-05-05 00:00:00+01:00,0.0,0.0
1984-05-05 01:00:00+01:00,0.0,0.0
1984-05-05 02:00:00+01:00,0.0,0.0
1984-05-05 03:00:00+01:00,0.0,0.0
1984-05-05 04:00:00+01:00,0.0,0.0
1984-05-05 05:00:00+01:00,23.508818272588393,0.1320255234188564
1984-05-05 06:00:00+01:00,87.77902258111018,0.4929669908155148
1984-05-05 07:00:00+01:00,268.024637234644,1.5052263627097606
1984-05-05 08:00:00+01:00,479.3960717928984,2.6922883391889174
1984-05-05 09:00:00+01:00,675.5657667228204,3.7939773459153594
1984-05-05 10:00:00+01:00,872.3576876780608,4.89916077399999
1984-05-05 11:00:00+01:00,992.6666270496813,5.57481577751101
1984-05-05 12:00:00+01:00,1003.5528211523068,5.635952643591355
1984-05-05 13:00:00+01:00,823.7429367803443,4.626140332958413
1984-05-05 14:00:00+01:00,534.7569895368036,3.003195253238689
1984-05-05 15:00:00+01:00,313.0622726847771,1.7581577233977084
1984-05-05 16:00:00+01:00,230.23396794236288,1.29299396396431
1984-05-05 17:00:00+01:00,140.3703292840484,0.7883197692592159
1984-05-05 18:00:00+01:00,41.51867447880164,0.23316887587295004
1984-05-05 19:00:00+01:00,0.702943725152286,0.003947731960455238
1984-05-05 20:00:00+01:00,0.0,0.0
1984-05-05 21:00:00+01:00,0.0,0.0
1984-05-05 22:00:00+01:00,0.0,0.0
1984-05-05 23:00:00+01:00,0.0,0.0
1984-05-06 00:00:00+01:00,0.0,0.0
1984-05-06 01:00:00+01:00,0.0,0.0
1984-05-06 02:00:00+01:00,0.0,0.0
1984-05-06 03:00:00+01:00,0.0,0.0
1984-05-06 04:00:00+01:00,0.0,0.0
1984-05-06 05:00:00+01:00,21.158999466273073,0.11882894100258959
1984-05-06 06:00:00+01:00,84.10668926539219,0.4723431669144425
1984-05-06 07:00:00+01:00,286.5396309461822,1.6092065673937594
1984-05-06 08:00:00+01:00,518.2347026321266,2.9104060899820237
1984-05-06 09:00:00+01:00,724.4196000629527,4.068340473953542
1984-05-06 10:00:00+01:00,873.820780868129,4.907377505355413
1984-05-06 11:00:00+01:00,855.5891426092835,4.804988624893737
1984-05-06 12:00:00+01:00,757.0070492608274,4.251351588648807
1984-05-06 13:00:00+01:00,658.4946158304531,3.698105762503825
1984-05-06 14:00:00+01:00,451.854390075718,2.5376142546652325
1984-05-06 15:00:00+01:00,286.45558352322666,1.6087345570664409
1984-05-06 16:00:00+01:00,175.94103077560027,0.9880848288357712
1984-05-06 17:00:00+01:00,76.44350840843997,0.42930674322179885
1984-05-06 18:00:00+01:00,28.825662037134272,0.16188491800054608
1984-05-06 19:00:00+01:00,0.4686291501015239,0.0026318213069701584
1984-05-06 20:00:00+01:00,0.0,0.0
1984-05-06 21:00:00+01:00,0.0,0.0
1984-05-06 22:00:00+01:00,0.0,0.0
1984-05-06 23:00:00+01:00,0.0,0.0
1984-05-07 00:00:00+01:00,0.0,0.0
1984-05-07 01:00:00+01:00,0.0,0.0
1984-05-07 02:00:00+01:00,0.0,0.0
1984-05-07 03:00:00+01:00,0.0,0.0
1984-05-07 04:00:00+01:00,0.0,0.0
1984-05-07 05:00:00+01:00,20.838360913784776,0.11702823489181531
1984-05-07 06:00:00+01:00,67.11642719523667,0.3769258551284491
1984-05-07 07:00:00+01:00,190.87025465606376,1.071927350148454
1984-05-07 08:00:00+01:00,419.7052894252537,2.3570649054122246
1984-05-07 09:00:00+01:00,610.952236891546,3.431107762382922
1984-05-07 10:00:00+01:00,675.6568412060658,3.7944888202132656
1984-05-07 11:00:00+01:00,714.7842602052278,4.01422840531256
1984-05-07 12:00:00+01:00,769.2144925953723,4.3199085904156105
1984-05-07 13:00:00+01:00,600.387514601932,3.3717762820044506
1984-05-07 14:00:00+01:00,399.5922048661648,2.2441098225283813
1984-05-07 15:00:00+01:00,339.9457843717703,1.9091355250318622
1984-05-07 16:00:00+01:00,274.2882822512671,1.540402993123116
1984-05-07 17:00:00+01:00,139.84422622984465,0.7853651745068077
1984-05-07 18:00:00+01:00,38.65283836786238,0.21707434027391515
1984-05-07 19:00:00+01:00,0.6443650813895954,0.0036187542970839677
1984-05-07 20:00:00+01:00,0.0,0.0
1984-05-07 21:00:00+01:00,0.0,0.0
1984-05-07 22:00:00+01:00,0.0,0.0
1984-05-07 23:00:00+01:00,0.0,0.0
1984-05-08 00:00:00+01:00,0.0,0.0
1984-05-08 01:00:00+01:00,0.0,0.0
1984-05-08 02:00:00+01:00,0.0,0.0
1984-05-08 03:00:00+01:00,0.0,0.0
1984-05-08 04:00:00+01:00,0.0,0.0
1984-05-08 05:00:00+01:00,24.560718584723208,0.13793299557180555
1984-05-08 06:00:00+01:00,83.26816159081048,0.46763399549399165
1984-05-08 07:00:00+01:00,199.0416869646635,1.1178181139935501
1984-05-08 08:00:00+01:00,372.1828084651762,2.0901786523404295
1984-05-08 09:00:00+01:00,564.3509605565289,3.1693949944854665
1984-05-08 10:00:00+01:00,705.2896893465124,3.960906895370014
1984-05-08 11:00:00+01:00,800.1339280601874,4.493552139986012
1984-05-08 12:00:00+01:00,814.2203130242808,4.572661277944361
1984-05-08 13:00:00+01:00,781.090622473645,4.386604935811991
1984-05-08 14:00:00+01:00,653.4842649561451,3.6699676319937105
1984-05-08 15:00:00+01:00,445.65735227516996,2.5028116903773547
1984-05-08 16:00:00+01:00,284.19888726631467,1.5960609508876231
1984-05-08 17:00:00+01:00,127.60991026572785,0.7166572560523276
1984-05-08 18:00:00+01:00,33.48539405510268,0.18805397301345667
1984-05-08 19:00:00+01:00,0.5857864376269049,0.003289776633712698
1984-05-08 20:00:00+01:00,0.0,0.0
1984-05-08 21:00:00+01:00,0.0,0.0
1984-05-08 22:00:00+01:00,0.0,0.0
1984-05-08 23:00:00+01:00,0.0,0.0
1984-05-09 00:00:00+01:00,0.0,0.0
1984-05-09 01:00:00+01:00,0.0,0.0
1984-05-09 02:00:00+01:00,0.0,0.0
1984-05-09 03:00:00+01:00,0.0,0.0
1984-05-09 04:00:00+01:00,0.0,0.0
1984-05-09 05:00:00+01:00,25.953102760657625,0.14575262510385323
1984-05-09 06:00:00+01:00,86.61564207492901,0.48643344589280135
1984-05-09 07:00:00+01:00,256.06631619296036,1.4380684317396653
1984-05-09 08:00:00+01:00,498.5020268444248,2.7995873827582898
1984-05-09 09:00:00+01:00,708.0144716179416,3.97620927260636
1984-05-09 10:00:00+01:00,813.4328139677395,4.568238683242825
1984-05-09 11:00:00+01:00,862.9182595015268,4.846148945360575
1984-05-09 12:00:00+01:00,911.0656740914451,5.116544825697556
1984-05-09 13:00:00+01:00,864.4145729744043,4.854552241824255
1984-05-09 14:00:00+01:00,751.0309105032759,4.217789593386398
1984-05-09 15:00:00+01:00,568.9058762389963,3.194975400958203
1984-05-09 16:00:00+01:00,344.35186572018506,1.9338800778845593
1984-05-09 17:00:00+01:00,148.21330927264063,0.8323659448751498
1984-05-09 18:00:00+01:00,44.97633086367472,0.2525870741303972
1984-05-09 19:00:00+01:00,0.7615223689149764,0.004276709623826507
1984-05-09 20:00:00+01:00,0.0,0.0
1984-05-09 21:00:00+01:00,0.0,0.0
1984-05-09 22:00:00+01:00,0.0,0.0
1984-05-09 23:00:00+01:00,0.0,0.0
1984-05-10 00:00:00+01:00,0.0,0.0
1984-05-10 01:00:00+01:00,0.0,0.0
1984-05-10 02:00:00+01:00,0.0,0.0
1984-05-10 03:00:00+01:00,0.0,0.0
1984-05-10 04:00:00+01:00,0.0,0.0
1984-05-10 05:00:00+01:00,22.429145728453005,0.12596208241099208
1984-05-10 06:00:00+01:00,62.58531067839447,0.3514791047698633
1984-05-10 07:00:00+01:00,116.84283125144019,0.6561893403080881
1984-05-10 08:00:00+01:00,197.23597708676255,1.1076772473192584
1984-05-10 09:00:00+01:00,256.6686434290051,1.4414511014972926
1984-05-10 10:00:00+01:00,316.7397888323663,1.7788106540825692
1984-05-10 11:00:00+01:00,383.92862389099685,2.1561431517718384
1984-05-10 12:00:00+01:00,481.5276188182363,2.704259107283215
1984-05-10 13:00:00+01:00,345.09353337246137,1.9380452834197428
1984-05-10 14:00:00+01:00,151.9449627538854,0.8533229108258203
1984-05-10 15:00:00+01:00,203.1678827988004,1.140990829798063
1984-05-10 16:00:00+01:00,186.7381546415635,1.0487214764670207
1984-05-10 17:00:00+01:00,113.44646267181956,0.6371153343649386
1984-05-10 18:00:00+01:00,37.803704752593504,0.21230560589056513
1984-05-10 19:00:00+01:00,0.6443650813895954,0.0036187542970839677
1984-05-10 20:00:00+01:00,0.0,0.0
1984-05-10 21:00:00+01:00,0.0,0.0
1984-05-10 22:00:00+01:00,0.0,0.0
1984-05-10 23:00:00+01:00,0.0,0.0
1984-05-11 00:00:00+01:00,0.0,0.0
1984-05-11 01:00:00+01:00,0.0,0.0
1984-05-11 02:00:00+01:00,0.0,0.0
1984-05-11 03:00:00+01:00,0.0,0.0
1984-05-11 04:00:00+01:00,0.0,0.0
1984-05-11 05:00:00+01:00,21.191516286306737,0.11901155546389862
1984-05-11 06:00:00+01:00,70.43083313889211,0.3955395589080182
1984-05-11 07:00:00+01:00,155.53113836710938,0.8734628730696863
1984-05-11 08:00:00+01:00,190.15722306093267,1.067922964710198
1984-05-11 09:00:00+01:00,197.2180643041554,1.1075766491321366
1984-05-11 10:00:00+01:00,292.09856876152577,1.6404255621647288
1984-05-11 11:00:00+01:00,379.24128064456755,2.1298190320998915
1984-05-11 12:00:00+01:00,442.3358935764889,2.484158378325562
1984-05-11 13:00:00+01:00,367.13668660507705,2.0618396319741126
1984-05-11 14:00:00+01:00,223.58472873509908,1.2556518365763163
1984-05-11 15:00:00+01:00,231.74547762331696,1.301482602332548
1984-05-11 16:00:00+01:00,200.6720584673562,1.1269742803526723
1984-05-11 17:00:00+01:00,107.50737262517403,0.6037614046629773
1984-05-11 18:00:00+01:00,41.499896365476864,0.23306341798851804
1984-05-11 19:00:00+01:00,0.5857864376269049,0.003289776633712698
1984-05-11 20:00:00+01:00,0.0,0.0
1984-05-11 21:00:00+01:00,0.0,0.0
1984-05-11 22:00:00+01:00,0.0,0.0
1984-05-11 23:00:00+01:00,0.0,0.0
1984-05-12 00:00:00+01:00,0.0,0.0
1984-05-12 01:00:00+01:00,0.0,0.0
1984-05-12 02:00:00+01:00,0.0,0.0
1984-05-12 03:00:00+01:00,0.0,0.0
1984-05-12 04:00:00+01:00,0.0,0.0
1984-05-12 05:00:00+01:00,,
1984-05-12 06:00:00+01:00,11.066710665138835,0.0621506470954197
1984-05-12 07:00:00+01:00,87.33890638631318,0.49049529826553484
1984-05-12 08:00:00+01:00,206.46266038207852,1.159494300705753
1984-05-12 09:00:00+01:00,310.3753165624767,1.7430677778148693
1984-05-12 10:00:00+01:00,437.17152469380756,2.455155282680423
1984-05-12 11:00:00+01:00,508.7818578206942,2.857318913521018
1984-05-12 12:00:00+01:00,545.1857074115115,3.061762932823049
1984-05-12 13:00:00+01:00,539.0315644344571,3.027201265863911
1984-05-12 14:00:00+01:00,381.33056705258326,2.1415524645673076
1984-05-12 15:00:00+01:00,245.27584667302693,1.3774691549157192
1984-05-12 16:00:00+01:00,185.36917548892393,1.0410332895457968
1984-05-12 17:00:00+01:00,108.52502780524989,0.6094765561542834
1984-05-12 18:00:00+01:00,38.484605399269306,0.21612954392229639
1984-05-12 19:00:00+01:00,0.4686291501015239,0.0026318213069701584
1984-05-12 20:00:00+01:00,0.0,0.0
1984-05-12 21:00:00+01:00,0.0,0.0
1984-05-12 22:00:00+01:00,0.0,0.0
1984-05-12 23:00:00+01:00,0.0,0.0
1984-05-13 00:00:00+01:00,0.0,0.0
1984-05-13 01:00:00+01:00,0.0,0.0
1984-05-13 02:00:00+01:00,0.0,0.0
1984-05-13 03:00:00+01:00,0.0,0.0
1984-05-13 04:00:00+01:00,0.0,0.0
1984-05-13 05:00:00+01:00,20.44503082704299,0.11481929312467345
1984-05-13 06:00:00+01:00,57.9969063401262,0.32571062600614875
1984-05-13 07:00:00+01:00,129.03131597125974,0.7246398704945948
1984-05-13 08:00:00+01:00,205.75002062383066,1.155492115823433
1984-05-13 09:00:00+01:00,288.2048532536377,1.6185584558724295
1984-05-13 10:00:00+01:00,362.08454668411775,2.0334668141780052
1984-05-13 11:00:00+01:00,463.78340196790737,2.6046075854517676
1984-05-13 12:00:00+01:00,572.7674352408792,3.216661916312777
1984-05-13 13:00:00+01:00,568.3798678305337,3.1920213377362776
1984-05-13 14:00:00+01:00,427.99925800225265,2.403643832940651
1984-05-13 15:00:00+01:00,315.1508772570473,1.7698873266755772
1984-05-13 16:00:00+01:00,231.88104977045407,1.3022439755108701
1984-05-13 17:00:00+01:00,110.45435754003195,0.6203116719448194
1984-05-13 18:00:00+01:00,37.90352525930203,0.2128661978562402
1984-05-13 19:00:00+01:00,0.7615223689149764,0.004276709623826507
1984-05-13 20:00:00+01:00,0.0,0.0
1984-05-13 21:00:00+01:00,0.0,0.0
1984-05-13 22:00:00+01:00,0.0,0.0
1984-05-13 23:00:00+01:00,0.0,0.0
1984-05-14 00:00:00+01:00,0.0,0.0
1984-05-14 01:00:00+01:00,0.0,0.0
1984-05-14 02:00:00+01:00,0.0,0.0
1984-05-14 03:00:00+01:00,0.0,0.0
1984-05-14 04:00:00+01:00,0.0,0.0
1984-05-14 05:00:00+01:00,19.160546830599763,0.10760563100064827
1984-05-14 06:00:00+01:00,65.5603629455299,0.36818699830209595
1984-05-14 07:00:00+01:00,172.12410855013837,0.9666489936175771
1984-05-14 08:00:00+01:00,359.4541971453479,2.0186947711682737
1984-05-14 09:00:00+01:00,547.5284286010371,3.0749196550234243
1984-05-14 10:00:00+01:00,658.2608412640302,3.696792884538793
1984-05-14 11:00:00+01:00,698.46758120189,3.9225939360298145
1984-05-14 12:00:00+01:00,742.3336505246191,4.1689457813462605
1984-05-14 13:00:00+01:00,635.7319544780478,3.5702706563487165
1984-05-14 14:00:00+01:00,462.66937859197026,2.598351230172505
1984-05-14 15:00:00+01:00,362.86839872338913,2.0378689272305532
1984-05-14 16:00:00+01:00,224.40456722664408,1.2602560495448332
1984-05-14 17:00:00+01:00,104.02814606318893,0.584222068290869
1984-05-14 18:00:00+01:00,38.47786125541163,0.21609166881039174
1984-05-14 19:00:00+01:00,0.702943725152286,0.003947731960455238
1984-05-14 20:00:00+01:00,0.0,0.0
1984-05-14 21:00:00+01:00,0.0,0.0
1984-05-14 22:00:00+01:00,0.0,0.0
1984-05-14 23:00:00+01:00,0.0,0.0
1984-05-15 00:00:00+01:00,0.0,0.0
1984-05-15 01:00:00+01:00,0.0,0.0
1984-05-15 02:00:00+01:00,0.0,0.0
1984-05-15 03:00:00+01:00,0.0,0.0
1984-05-15 04:00:00+01:00,0.0,0.0
1984-05-15 05:00:00+01:00,19.70061625518413,0.11063866088911407
1984-05-15 06:00:00+01:00,62.933234220257106,0.35343304338096393
1984-05-15 07:00:00+01:00,185.13573193611387,1.0397222705532154
1984-05-15 08:00:00+01:00,333.9804469202753,1.8756341899042661
1984-05-15 09:00:00+01:00,375.8066517923847,2.1105301564660324
1984-05-15 10:00:00+01:00,468.4926375256608,2.6310546523441114
1984-05-15 11:00:00+01:00,612.382379865367,3.4391394453239013
1984-05-15 12:00:00+01:00,688.4167006567,3.866148190888026
1984-05-15 13:00:00+01:00,674.7438801153874,3.789361630728015
1984-05-15 14:00:00+01:00,562.2596150560004,3.1576499981544983
1984-05-15 15:00:00+01:00,445.7397232654009,2.5032742858584918
1984-05-15 16:00:00+01:00,296.10019178054546,1.6628986770395433
1984-05-15 17:00:00+01:00,145.50547304927397,0.8171587366447226
1984-05-15 18:00:00+01:00,44.027428705376444,0.2472580396093941
1984-05-15 19:00:00+01:00,9.105659441946267,0.05113738342597024
1984-05-15 20:00:00+01:00,0.0,0.0
1984-05-15 21:00:00+01:00,0.0,0.0
1984-05-15 22:00:00+01:00,0.0,0.0
1984-05-15 23:00:00+01:00,0.0,0.0
1984-05-16 00:00:00+01:00,0.0,0.0
1984-05-16 01:00:00+01:00,0.0,0.0
1984-05-16 02:00:00+01:00,0.0,0.0
1984-05-16 03:00:00+01:00,0.0,0.0
1984-05-16 04:00:00+01:00,0.0,0.0
1984-05-16 05:00:00+01:00,34.17869147336899,0.19194753131444028
1984-05-16 06:00:00+01:00,101.57451291949938,0.5704424645559085
1984-05-16 07:00:00+01:00,232.48095408723964,1.305613038153938
1984-05-16 08:00:00+01:00,397.4716530199061,2.2322008033597927
1984-05-16 09:00:00+01:00,576.177452683007,3.2358125742677672
1984-05-16 10:00:00+01:00,690.3223919436733,3.8768505531556694
1984-05-16 11:00:00+01:00,740.1321483277407,4.156582145008591
1984-05-16 12:00:00+01:00,701.1778681664111,3.937814907622565
1984-05-16 13:00:00+01:00,525.8643303810215,2.953254079419817
1984-05-16 14:00:00+01:00,289.97118125883196,1.6284781539496003
1984-05-16 15:00:00+01:00,216.9699619344153,1.2185033062236763
1984-05-16 16:00:00+01:00,242.36631930887938,1.3611292492386666
1984-05-16 17:00:00+01:00,149.83495349394857,0.8414730988220152
1984-05-16 18:00:00+01:00,47.396483405719444,0.26617865080652037
1984-05-16 19:00:00+01:00,10.559657100253265,0.05930303427502233
1984-05-16 20:00:00+01:00,0.0,0.0
1984-05-16 21:00:00+01:00,0.0,0.0
1984-05-16 22:00:00+01:00,0.0,0.0
1984-05-16 23:00:00+01:00,0.0,0.0
1984-05-17 00:00:00+01:00,0.0,0.0
1984-05-17 01:00:00+01:00,0.0,0.0
1984-05-17 02:00:00+01:00,0.0,0.0
1984-05-17 03:00:00+01:00,0.0,0.0
1984-05-17 04:00:00+01:00,0.0,0.0
1984-05-17 05:00:00+01:00,26.179226177005702,0.14702253421006403
1984-05-17 06:00:00+01:00,86.64836454867367,0.4866172153053513
1984-05-17 07:00:00+01:00,235.5165942713399,1.3226611934278447
1984-05-17 08:00:00+01:00,356.5821622942183,2.00256542344433
1984-05-17 09:00:00+01:00,474.2278338516062,2.6632635149106205
1984-05-17 10:00:00+01:00,587.4988830133277,3.2993937270028484
1984-05-17 11:00:00+01:00,738.9932882554041,4.1501863068423495
1984-05-17 12:00:00+01:00,768.1845886988561,4.314124650132777
1984-05-17 13:00:00+01:00,636.8018122984688,3.576278977868201
1984-05-17 14:00:00+01:00,547.3246538846245,3.073775256216051
1984-05-17 15:00:00+01:00,458.186356408922,2.5731745775925057
1984-05-17 16:00:00+01:00,313.3179555798348,1.7595936385363524
1984-05-17 17:00:00+01:00,150.17335358347754,0.8433735537248097
1984-05-17 18:00:00+01:00,46.85846199147182,0.2631571225441057
1984-05-17 19:00:00+01:00,11.183718645276167,0.06280776391187096
1984-05-17 20:00:00+01:00,0.0,0.0
1984-05-17 21:00:00+01:00,0.0,0.0
1984-05-17 22:00:00+01:00,0.0,0.0
1984-05-17 23:00:00+01:00,0.0,0.0
1984-05-18 00:00:00+01:00,0.0,0.0
1984-05-18 01:00:00+01:00,0.0,0.0
1984-05-18 02:00:00+01:00,0.0,0.0
1984-05-18 03:00:00+01:00,0.0,0.0
1984-05-18 04:00:00+01:00,0.0,0.0
1984-05-18 05:00:00+01:00,20.790767536746362,0.11676095048636757
1984-05-18 06:00:00+01:00,68.82636750490782,0.38652887990756235
1984-05-18 07:00:00+01:00,208.87882214198513,1.1730634651493885
1984-05-18 08:00:00+01:00,418.31323048615695,2.3492471024102572
1984-05-18 09:00:00+01:00,594.9699736998286,3.3413513722982375
1984-05-18 10:00:00+01:00,685.597744992701,3.8503169358790084
1984-05-18 11:00:00+01:00,745.876081669496,4.188840074655889
1984-05-18 12:00:00+01:00,843.476857801217,4.736966033411634
1984-05-18 13:00:00+01:00,841.5674786736547,4.726242960231245
1984-05-18 14:00:00+01:00,755.8837126386258,4.245042930178522
1984-05-18 15:00:00+01:00,584.6444039685425,3.283362972687335
1984-05-18 16:00:00+01:00,365.79647540326647,2.0543130058647447
1984-05-18 17:00:00+01:00,159.98598305820866,0.8984812808548999
1984-05-18 18:00:00+01:00,46.391835422437765,0.2605365477324105
1984-05-18 19:00:00+01:00,11.467308749001141,0.0644004059343904
1984-05-18 20:00:00+01:00,0.0,0.0
1984-05-18 21:00:00+01:00,0.0,0.0
1984-05-18 22:00:00+01:00,0.0,0.0
1984-05-18 23:00:00+01:00,0.0,0.0
1984-05-19 00:00:00+01:00,0.0,0.0
1984-05-19 01:00:00+01:00,0.0,0.0
1984-05-19 02:00:00+01:00,0.0,0.0
1984-05-19 03:00:00+01:00,0.0,0.0
1984-05-19 04:00:00+01:00,0.0,0.0
1984-05-19 05:00:00+01:00,30.323330975434835,0.17029582675804203
1984-05-19 06:00:00+01:00,94.84761954656692,0.5326642313735198
1984-05-19 07:00:00+01:00,294.40281863685067,1.6533662294645535
1984-05-19 08:00:00+01:00,514.4907458138848,2.889380028490777
1984-05-19 09:00:00+01:00,686.9743239609354,3.858047803364613
1984-05-19 10:00:00+01:00,795.44037725113,4.467193158642346
1984-05-19 11:00:00+01:00,870.4060554214738,4.8882004072469964
1984-05-19 12:00:00+01:00,856.0099701322432,4.807351992262678
1984-05-19 13:00:00+01:00,812.3098183573521,4.561931939894889
1984-05-19 14:00:00+01:00,733.351050268778,4.118499498309457
1984-05-19 15:00:00+01:00,539.8228163649223,3.031644936705404
1984-05-19 16:00:00+01:00,336.8345430034343,1.8916627935072867
1984-05-19 17:00:00+01:00,165.05323136002863,0.9269389473179208
1984-05-19 18:00:00+01:00,50.65607771525697,0.2844845324488831
1984-05-19 19:00:00+01:00,12.156967480880187,0.06827352937262314
1984-05-19 20:00:00+01:00,0.0,0.0
1984-05-19 21:00:00+01:00,0.0,0.0
1984-05-19 22:00:00+01:00,0.0,0.0
1984-05-19 23:00:00+01:00,0.0,0.0
1984-05-20 00:00:00+01:00,0.0,0.0
1984-05-20 01:00:00+01:00,0.0,0.0
1984-05-20 02:00:00+01:00,0.0,0.0
1984-05-20 03:00:00+01:00,0.0,0.0
1984-05-20 04:00:00+01:00,0.0,0.0
1984-05-20 05:00:00+01:00,31.86317207947201,0.17894357439831485
1984-05-20 06:00:00+01:00,96.3805084809496,0.541272935629013
1984-05-20 07:00:00+01:00,278.67542007758414,1.5650411591557125
1984-05-20 08:00:00+01:00,442.452197579537,2.48481154160668
1984-05-20 09:00:00+01:00,695.8454216151462,3.9078678877906605
1984-05-20 10:00:00+01:00,891.0810918889176,5.004311412048161
1984-05-20 11:00:00+01:00,973.332991199429,5.466238078575993
1984-05-20 12:00:00+01:00,974.7878297145721,5.474408451677037
1984-05-20 13:00:00+01:00,893.5655942611127,5.018264377370409
1984-05-20 14:00:00+01:00,769.7497142320955,4.322914395127448
1984-05-20 15:00:00+01:00,606.0677528738722,3.403676500139667
1984-05-20 16:00:00+01:00,395.0127639929419,2.218391682584362
1984-05-20 17:00:00+01:00,177.95609356024835,0.9994014214343547
1984-05-20 18:00:00+01:00,48.06815663781152,0.2699507676779495
1984-05-20 19:00:00+01:00,11.833118911227317,0.0664547958054526
1984-05-20 20:00:00+01:00,0.0,0.0
1984-05-20 21:00:00+01:00,0.0,0.0
1984-05-20 22:00:00+01:00,0.0,0.0
1984-05-20 23:00:00+01:00,0.0,0.0
1984-05-21 00:00:00+01:00,0.0,0.0
1984-05-21 01:00:00+01:00,0.0,0.0
1984-05-21 02:00:00+01:00,0.0,0.0
1984-05-21 03:00:00+01:00,0.0,0.0
1984-05-21 04:00:00+01:00,0.0,0.0
1984-05-21 05:00:00+01:00,30.296744688855718,0.1701465181726137
1984-05-21 06:00:00+01:00,97.09207514116773,0.545269093992798
1984-05-21 07:00:00+01:00,306.1909732948167,1.7195685060236903
1984-05-21 08:00:00+01:00,534.4940106733975,3.0017183639418006
1984-05-21 09:00:00+01:00,738.6333015231811,4.1481646213541845
1984-05-21 10:00:00+01:00,889.5284592451187,4.995591827120586
1984-05-21 11:00:00+01:00,968.9398089306886,5.441565966954748
1984-05-21 12:00:00+01:00,972.5657434228101,5.461929215062502
1984-05-21 13:00:00+01:00,850.5395334654172,4.776630019941783
1984-05-21 14:00:00+01:00,608.0293509874036,3.414692835145259
1984-05-21 15:00:00+01:00,341.57904644471785,1.9183079248335355
1984-05-21 16:00:00+01:00,221.20640435485484,1.2422951668568647
1984-05-21 17:00:00+01:00,143.76083836068392,0.8073608682336009
1984-05-21 18:00:00+01:00,43.65865628583363,0.24518701370124166
1984-05-21 19:00:00+01:00,11.047852835775128,0.062044741525713126
1984-05-21 20:00:00+01:00,0.0,0.0
1984-05-21 21:00:00+01:00,0.0,0.0
1984-05-21 22:00:00+01:00,0.0,0.0
1984-05-21 23:00:00+01:00,0.0,0.0
1984-05-22 00:00:00+01:00,0.0,0.0
1984-05-22 01:00:00+01:00,0.0,0.0
1984-05-22 02:00:00+01:00,0.0,0.0
1984-05-22 03:00:00+01:00,0.0,0.0
1984-05-22 04:00:00+01:00,0.0,0.0
1984-05-22 05:00:00+01:00,15.350079837426332,0.08620604836698628
1984-05-22 06:00:00+01:00,39.59666093399067,0.2223748478052916
1984-05-22 07:00:00+01:00,72.2447443628522,0.40572648434177805
1984-05-22 08:00:00+01:00,142.83142627918687,0.8021412899839135
1984-05-22 09:00:00+01:00,163.79138017121775,0.9198523910415588
1984-05-22 10:00:00+01:00,140.46571314105634,0.7888554450001725
1984-05-22 11:00:00+01:00,166.99390424348584,0.9378377662314166
1984-05-22 12:00:00+01:00,216.17129885079243,1.2140180143460502
1984-05-22 13:00:00+01:00,281.7869151954461,1.5825153157376255
1984-05-22 14:00:00+01:00,343.57868508515827,1.9295378954382487
1984-05-22 15:00:00+01:00,342.7619408056012,1.9249510595642567
1984-05-22 16:00:00+01:00,249.46027610864488,1.4009689106261496
1984-05-22 17:00:00+01:00,132.59035140557475,0.7446274134937079
1984-05-22 18:00:00+01:00,40.875607660645635,0.2295574126221859
1984-05-22 19:00:00+01:00,11.055308866973135,0.062086614596921136
1984-05-22 20:00:00+01:00,0.0,0.0
1984-05-22 21:00:00+01:00,0.0,0.0
1984-05-22 22:00:00+01:00,0.0,0.0
1984-05-22 23:00:00+01:00,0.0,0.0
1984-05-23 00:00:00+01:00,0.0,0.0
1984-05-23 01:00:00+01:00,0.0,0.0
1984-05-23 02:00:00+01:00,0.0,0.0
1984-05-23 03:00:00+01:00,0.0,0.0
1984-05-23 04:00:00+01:00,0.0,0.0
1984-05-23 05:00:00+01:00,30.138483426114078,0.16925772292105667
1984-05-23 06:00:00+01:00,85.78392359775248,0.48176251492497785
1984-05-23 07:00:00+01:00,222.31878814238053,1.2485423142076089
1984-05-23 08:00:00+01:00,391.36811035485914,2.197923307752889
1984-05-23 09:00:00+01:00,570.6160898067224,3.2045799603545526
1984-05-23 10:00:00+01:00,705.9813786485877,3.9647914224904683
1984-05-23 11:00:00+01:00,833.2764892310917,4.6796807635218105
1984-05-23 12:00:00+01:00,900.6126269307348,5.057840512843007
1984-05-23 13:00:00+01:00,866.008259231228,4.863502383842576
1984-05-23 14:00:00+01:00,759.7655193122006,4.266843156457319
1984-05-23 15:00:00+01:00,606.1946681433101,3.4043892562928293
1984-05-23 16:00:00+01:00,395.67019360062704,2.2220838072611215
1984-05-23 17:00:00+01:00,178.0995145292125,1.0002068735960574
1984-05-23 18:00:00+01:00,46.25830187883858,0.2597866233515575
1984-05-23 19:00:00+01:00,13.441626477722679,0.07548817429889057
1984-05-23 20:00:00+01:00,0.0,0.0
1984-05-23 21:00:00+01:00,0.0,0.0
1984-05-23 22:00:00+01:00,0.0,0.0
1984-05-23 23:00:00+01:00,0.0,0.0
1984-05-24 00:00:00+01:00,0.0,0.0
1984-05-24 01:00:00+01:00,0.0,0.0
1984-05-24 02:00:00+01:00,0.0,0.0
1984-05-24 03:00:00+01:00,0.0,0.0
1984-05-24 04:00:00+01:00,0.0,0.0
1984-05-24 05:00:00+01:00,32.90859757805958,0.18481468399838258
1984-05-24 06:00:00+01:00,96.77643256127135,0.5434964452640999
1984-05-24 07:00:00+01:00,295.7473915693005,1.6609173510531914
1984-05-24 08:00:00+01:00,515.9451907549611,2.8975481912798617
1984-05-24 09:00:00+01:00,720.0564659775144,4.0438371129297215
1984-05-24 10:00:00+01:00,870.8294691376311,4.890578298676936
1984-05-24 11:00:00+01:00,927.9391216048277,5.211306106932713
1984-05-24 12:00:00+01:00,877.5682754794236,4.928423435092443
1984-05-24 13:00:00+01:00,812.2850090392142,4.561792610764227
1984-05-24 14:00:00+01:00,713.8784568747303,4.009141413808485
1984-05-24 15:00:00+01:00,512.7870219339944,2.879811915181312
1984-05-24 16:00:00+01:00,292.3623844315528,1.6419071509676006
1984-05-24 17:00:00+01:00,128.7569112055571,0.7230988133304086
1984-05-24 18:00:00+01:00,44.4459248594398,0.24960831401061392
1984-05-24 19:00:00+01:00,8.662223122088392,0.048647045053648405
1984-05-24 20:00:00+01:00,0.0,0.0
1984-05-24 21:00:00+01:00,0.0,0.0
1984-05-24 22:00:00+01:00,0.0,0.0
1984-05-24 23:00:00+01:00,0.0,0.0
1984-05-25 00:00:00+01:00,0.0,0.0
1984-05-25 01:00:00+01:00,0.0,0.0
1984-05-25 02:00:00+01:00,0.0,0.0
1984-05-25 03:00:00+01:00,0.0,0.0
1984-05-25 04:00:00+01:00,0.0,0.0
1984-05-25 05:00:00+01:00,31.783173810103357,0.17849430411754044
1984-05-25 06:00:00+01:00,92.13566254260317,0.5174338808392595
1984-05-25 07:00:00+01:00,271.25380418123746,1.5233613642818296
1984-05-25 08:00:00+01:00,491.0663304712061,2.7578285119262933
1984-05-25 09:00:00+01:00,673.9412842568507,3.7848542523864737
1984-05-25 10:00:00+01:00,794.6558375759714,4.462787183826656
1984-05-25 11:00:00+01:00,851.2467745003037,4.780601885593706
1984-05-25 12:00:00+01:00,809.7487599306035,4.5475490357702695
1984-05-25 13:00:00+01:00,688.4905097147093,3.8665627025578075
1984-05-25 14:00:00+01:00,602.6381183432326,3.384415672615594
1984-05-25 15:00:00+01:00,469.9405358980988,2.639186049603723
1984-05-25 16:00:00+01:00,273.04012227000186,1.5333933266683304
1984-05-25 17:00:00+01:00,121.34424650025346,0.6814692883454234
1984-05-25 18:00:00+01:00,46.00634548006076,0.2583716362160212
1984-05-25 19:00:00+01:00,12.610650391638936,0.07082141259944426
1984-05-25 20:00:00+01:00,0.0,0.0
1984-05-25 21:00:00+01:00,0.0,0.0
1984-05-25 22:00:00+01:00,0.0,0.0
1984-05-25 23:00:00+01:00,0.0,0.0
1984-05-26 00:00:00+01:00,0.0,0.0
1984-05-26 01:00:00+01:00,0.0,0.0
1984-05-26 02:00:00+01:00,0.0,0.0
1984-05-26 03:00:00+01:00,0.0,0.0
1984-05-26 04:00:00+01:00,0.0,0.0
1984-05-26 05:00:00+01:00,27.043390824936825,0.1518756828728452
1984-05-26 06:00:00+01:00,80.39874739115426,0.4515193653487223
1984-05-26 07:00:00+01:00,188.7047283811166,1.0597657545883508
1984-05-26 08:00:00+01:00,343.3986979370326,1.928527087614375
1984-05-26 09:00:00+01:00,567.6885315931936,3.1881387934273757
1984-05-26 10:00:00+01:00,744.0665599048518,4.178677800425648
1984-05-26 11:00:00+01:00,795.7663636107179,4.4690238980377925
1984-05-26 12:00:00+01:00,804.8600829630158,4.520094225920297
1984-05-26 13:00:00+01:00,649.5837134702394,3.648062134848865
1984-05-26 14:00:00+01:00,504.43787523347817,2.8329231073112133
1984-05-26 15:00:00+01:00,421.38719674453614,2.3665104969173147
1984-05-26 16:00:00+01:00,290.5072823026037,1.6314888974114223
1984-05-26 17:00:00+01:00,150.54634800048356,0.8454682903707156
1984-05-26 18:00:00+01:00,46.52767159063725,0.2612994036530188
1984-05-26 19:00:00+01:00,13.500006938442922,0.07581603896629546
1984-05-26 20:00:00+01:00,0.0,0.0
1984-05-26 21:00:00+01:00,0.0,0.0
1984-05-26 22:00:00+01:00,0.0,0.0
1984-05-26 23:00:00+01:00,0.0,0.0
1984-05-27 00:00:00+01:00,0.0,0.0
1984-05-27 01:00:00+01:00,0.0,0.0
1984-05-27 02:00:00+01:00,0.0,0.0
1984-05-27 03:00:00+01:00,0.0,0.0
1984-05-27 04:00:00+01:00,0.0,0.0
1984-05-27 05:00:00+01:00,24.039980800256245,0.13500853217423908
1984-05-27 06:00:00+01:00,72.99862364755742,0.40996027040468247
1984-05-27 07:00:00+01:00,161.46887929535703,0.906809226122725
1984-05-27 08:00:00+01:00,279.73276003530106,1.5709791803582507
1984-05-27 09:00:00+01:00,427.84710061082626,2.4027893170304004
1984-05-27 10:00:00+01:00,508.6447905933455,2.856549143972228
1984-05-27 11:00:00+01:00,542.0360354214976,3.0440743749271304
1984-05-27 12:00:00+01:00,531.9296146498684,2.987316715873661
1984-05-27 13:00:00+01:00,437.62534493070416,2.4577039371308347
1984-05-27 14:00:00+01:00,331.4994867605887,1.8617011176474663
1984-05-27 15:00:00+01:00,259.37274721422443,1.4566373483550843
1984-05-27 16:00:00+01:00,194.41648517062572,1.091842980718234
1984-05-27 17:00:00+01:00,110.59348378175004,0.6210930049183081
1984-05-27 18:00:00+01:00,47.078571567939804,0.26439325792554996
1984-05-27 19:00:00+01:00,11.137414320730556,0.0625477188252228
1984-05-27 20:00:00+01:00,0.0,0.0
1984-05-27 21:00:00+01:00,0.0,0.0
1984-05-27 22:00:00+01:00,0.0,0.0
1984-05-27 23:00:00+01:00,0.0,0.0
1984-05-28 00:00:00+01:00,0.0,0.0
1984-05-28 01:00:00+01:00,0.0,0.0
1984-05-28 02:00:00+01:00,0.0,0.0
1984-05-28 03:00:00+01:00,0.0,0.0
1984-05-28 04:00:00+01:00,0.0,0.0
1984-05-28 05:00:00+01:00,37.15888184653433,0.20868428045013676
1984-05-28 06:00:00+01:00,99.8239928192711,0.5606115436730265
1984-05-28 07:00:00+01:00,270.01206648169284,1.516387765361187
1984-05-28 08:00:00+01:00,499.337164848739,2.8042775177905184
1984-05-28 09:00:00+01:00,655.422526791287,3.6808529104598686
1984-05-28 10:00:00+01:00,728.6525341439495,4.09211263175242
1984-05-28 11:00:00+01:00,788.334650994002,4.427287399982315
1984-05-28 12:00:00+01:00,844.0050601074274,4.739932417563312
1984-05-28 13:00:00+01:00,868.6583880844764,4.878385507482419
1984-05-28 14:00:00+01:00,784.9247490395431,4.408137390606075
1984-05-28 15:00:00+01:00,586.4489304786175,3.2934971935679154
1984-05-28 16:00:00+01:00,336.94270738103063,1.8922702446518678
1984-05-28 17:00:00+01:00,143.23994117277797,0.804435509626321
1984-05-28 18:00:00+01:00,51.79477111148757,0.2908794345621142
1984-05-28 19:00:00+01:00,10.236221045201157,0.0574866173898497
1984-05-28 20:00:00+01:00,0.0,0.0
1984-05-28 21:00:00+01:00,0.0,0.0
1984-05-28 22:00:00+01:00,0.0,0.0
1984-05-28 23:00:00+01:00,0.0,0.0
1984-05-29 00:00:00+01:00,0.0,0.0
1984-05-29 01:00:00+01:00,0.0,0.0
1984-05-29 02:00:00+01:00,0.0,0.0
1984-05-29 03:00:00+01:00,0.0,0.0
1984-05-29 04:00:00+01:00,0.0,0.0
1984-05-29 05:00:00+01:00,27.795555606488904,0.15609984028604168
1984-05-29 06:00:00+01:00,52.146035759944695,0.2928521368278494
1984-05-29 07:00:00+01:00,86.70882497315255,0.4869567610492247
1984-05-29 08:00:00+01:00,128.89525008671882,0.7238757244870129
1984-05-29 09:00:00+01:00,209.37650177382028,1.1758584339617746
1984-05-29 10:00:00+01:00,315.98550910853584,1.7745746191535372
1984-05-29 11:00:00+01:00,433.08757945705827,2.4322198462308395
1984-05-29 12:00:00+01:00,610.5344940980153,3.428761718854454
1984-05-29 13:00:00+01:00,759.5919607210378,4.265868451409348
1984-05-29 14:00:00+01:00,724.1488907935576,4.066820170696619
1984-05-29 15:00:00+01:00,534.8539819306093,3.003739962522302
1984-05-29 16:00:00+01:00,343.5427978476099,1.929336352712177
1984-05-29 17:00:00+01:00,171.62630508455044,0.9638533293548351
1984-05-29 18:00:00+01:00,49.31522439155424,0.27695430018296857
1984-05-29 19:00:00+01:00,15.399627714427334,0.0864843092442239
1984-05-29 20:00:00+01:00,0.0,0.0
1984-05-29 21:00:00+01:00,0.0,0.0
1984-05-29 22:00:00+01:00,0.0,0.0
1984-05-29 23:00:00+01:00,0.0,0.0
1984-05-30 00:00:00+01:00,0.0,0.0
1984-05-30 01:00:00+01:00,0.0,0.0
1984-05-30 02:00:00+01:00,0.0,0.0
1984-05-30 03:00:00+01:00,0.0,0.0
1984-05-30 04:00:00+01:00,0.0,0.0
1984-05-30 05:00:00+01:00,38.359149468363526,0.21542498341432956
1984-05-30 06:00:00+01:00,100.71651071704082,0.5656239241869012
1984-05-30 07:00:00+01:00,275.2460503454038,1.5457818187397876
1984-05-30 08:00:00+01:00,458.8382143944043,2.5768354120389745
1984-05-30 09:00:00+01:00,687.2677980818777,3.859695954027825
1984-05-30 10:00:00+01:00,855.442690701615,4.80416615098027
1984-05-30 11:00:00+01:00,899.7765011704042,5.05314483057299
1984-05-30 12:00:00+01:00,870.3527999569806,4.887901324558403
1984-05-30 13:00:00+01:00,827.4906531757007,4.647187508234735
1984-05-30 14:00:00+01:00,703.9246547190247,3.953240860902043
1984-05-30 15:00:00+01:00,525.952233267368,2.953747742029538
1984-05-30 16:00:00+01:00,348.24744614051133,1.9557576575251117
1984-05-30 17:00:00+01:00,163.9645756152119,0.92082505665503
1984-05-30 18:00:00+01:00,50.07525465304956,0.2812226301315263
1984-05-30 19:00:00+01:00,15.930854222538024,0.08946767731377354
1984-05-30 20:00:00+01:00,0.0,0.0
1984-05-30 21:00:00+01:00,0.0,0.0
1984-05-30 22:00:00+01:00,0.0,0.0
1984-05-30 23:00:00+01:00,0.0,0.0
1984-05-31 00:00:00+01:00,0.0,0.0
1984-05-31 01:00:00+01:00,0.0,0.0
1984-05-31 02:00:00+01:00,0.0,0.0
1984-05-31 03:00:00+01:00,0.0,0.0
1984-05-31 04:00:00+01:00,0.0,0.0
1984-05-31 05:00:00+01:00,27.28663741783006,0.15324175573853363
1984-05-31 06:00:00+01:00,66.14422816892309,0.37146598539667214
1984-05-31 07:00:00+01:00,161.90855362111114,0.9092784371361602
1984-05-31 08:00:00+01:00,348.7566528665951,1.9586173624987984
1984-05-31 09:00:00+01:00,520.6919827782506,2.9242061752826554
1984-05-31 10:00:00+01:00,654.0715459585397,3.6732658021031583
1984-05-31 11:00:00+01:00,697.5443695066441,3.9174091791493133
1984-05-31 12:00:00+01:00,670.1020943818617,3.7632933620485347
1984-05-31 13:00:00+01:00,645.1433690799174,3.623125160752816
1984-05-31 14:00:00+01:00,550.317001352656,3.0905802795965163
1984-05-31 15:00:00+01:00,399.971895148774,2.246242163155515
1984-05-31 16:00:00+01:00,262.89400259178865,1.476412718555485
1984-05-31 17:00:00+01:00,134.16066479067797,0.7534462934644476
1984-05-31 18:00:00+01:00,44.80175612039994,0.2516066623721661
1984-05-31 19:00:00+01:00,12.223130891660768,0.06864510308756687
1984-05-31 20:00:00+01:00,0.05857864376269049,0.0003289776633712698
1984-05-31 21:00:00+01:00,0.0,0.0
1984-05-31 22:00:00+01:00,0.0,0.0
1984-05-31 23:00:00+01:00,0.0,0.0
1977-06-01 00:00:00+01:00,0.0,0.0
1977-06-01 01:00:00+01:00,0.0,0.0
1977-06-01 02:00:00+01:00,0.0,0.0
1977-06-01 03:00:00+01:00,0.0,0.0
1977-06-01 04:00:00+01:00,0.0,0.0
1977-06-01 05:00:00+01:00,27.30295884350816,0.15333341686514182
1977-06-01 06:00:00+01:00,74.01883587457122,0.41568978227159203
1977-06-01 07:00:00+01:00,151.79160481824323,0.8524616526592539
1977-06-01 08:00:00+01:00,285.0741964365734,1.6009766871877962
1977-06-01 09:00:00+01:00,438.96100656433435,2.465205012865302
1977-06-01 10:00:00+01:00,532.4359849129874,2.9901604912713373
1977-06-01 11:00:00+01:00,571.2256633151626,3.2080033251779527
1977-06-01 12:00:00+01:00,603.6235640043816,3.389949935448607
1977-06-01 13:00:00+01:00,548.16264139427,3.0784813940702205
1977-06-01 14:00:00+01:00,398.3582728260998,2.2371800601913763
1977-06-01 15:00:00+01:00,285.988392003689,1.6061108094927172
1977-06-01 16:00:00+01:00,192.30312212950298,1.0799743338792887
1977-06-01 17:00:00+01:00,89.782911430953,0.504220830596232
1977-06-01 18:00:00+01:00,28.374657707003777,0.1593520776825332
1977-06-01 19:00:00+01:00,8.644090419207027,0.04854521179426666
1977-06-01 20:00:00+01:00,0.0,0.0
1977-06-01 21:00:00+01:00,0.0,0.0
1977-06-01 22:00:00+01:00,0.0,0.0
1977-06-01 23:00:00+01:00,0.0,0.0
1977-06-02 00:00:00+01:00,0.0,0.0
1977-06-02 01:00:00+01:00,0.0,0.0
1977-06-02 02:00:00+01:00,0.0,0.0
1977-06-02 03:00:00+01:00,0.0,0.0
1977-06-02 04:00:00+01:00,0.0,0.0
1977-06-02 05:00:00+01:00,33.26932901346452,0.18684055173961675
1977-06-02 06:00:00+01:00,81.21537088624736,0.4561055228971652
1977-06-02 07:00:00+01:00,191.76619978252623,1.0769589779786672
1977-06-02 08:00:00+01:00,347.9309650666853,1.9539802998145046
1977-06-02 09:00:00+01:00,463.3711101336873,2.602292154510788
1977-06-02 10:00:00+01:00,463.5222492821964,2.603140951968815
1977-06-02 11:00:00+01:00,429.5140601857273,2.412150962003045
1977-06-02 12:00:00+01:00,334.4283979844312,1.8781498830805656
1977-06-02 13:00:00+01:00,253.36480591044048,1.4228967499930336
1977-06-02 14:00:00+01:00,183.70943408040154,1.0317121817955348
1977-06-02 15:00:00+01:00,104.96479599659196,0.5894822943168604
1977-06-02 16:00:00+01:00,63.13597904671443,0.3545716583263483
1977-06-02 17:00:00+01:00,28.205946581099568,0.15840459599945517
1977-06-02 18:00:00+01:00,9.35609280597936,0.05254381719838008
1977-06-02 19:00:00+01:00,1.6945181126839084,0.009516413720832829
1977-06-02 20:00:00+01:00,0.0,0.0
1977-06-02 21:00:00+01:00,0.0,0.0
1977-06-02 22:00:00+01:00,0.0,0.0
1977-06-02 23:00:00+01:00,0.0,0.0
1977-06-03 00:00:00+01:00,0.0,0.0
1977-06-03 01:00:00+01:00,0.0,0.0
1977-06-03 02:00:00+01:00,0.0,0.0
1977-06-03 03:00:00+01:00,0.0,0.0
1977-06-03 04:00:00+01:00,0.0,0.0
1977-06-03 05:00:00+01:00,14.967197579683432,0.08405578160750216
1977-06-03 06:00:00+01:00,47.836343240936216,0.2686489036410978
1977-06-03 07:00:00+01:00,117.79208128782004,0.6615203285123973
1977-06-03 08:00:00+01:00,208.02727852889808,1.1682811962182915
1977-06-03 09:00:00+01:00,268.71400807734415,1.5090978693623647
1977-06-03 10:00:00+01:00,303.9843726064229,1.7071762365576708
1977-06-03 11:00:00+01:00,275.33635943482494,1.5462889945859768
1977-06-03 12:00:00+01:00,298.6466084762044,1.6771993532023637
1977-06-03 13:00:00+01:00,414.1099373406944,2.32564140810534
1977-06-03 14:00:00+01:00,400.9593509373293,2.2517877148640415
1977-06-03 15:00:00+01:00,248.48571138170388,1.395495755119649
1977-06-03 16:00:00+01:00,159.66448032708294,0.8966757215168978
1977-06-03 17:00:00+01:00,93.53781639890438,0.525308376896247
1977-06-03 18:00:00+01:00,40.27175232469799,0.2261661610555039
1977-06-03 19:00:00+01:00,12.781757336913948,0.07178234920410874
1977-06-03 20:00:00+01:00,0.05857864376269049,0.0003289776633712698
1977-06-03 21:00:00+01:00,0.0,0.0
1977-06-03 22:00:00+01:00,0.0,0.0
1977-06-03 23:00:00+01:00,0.0,0.0
1977-06-04 00:00:00+01:00,0.0,0.0
1977-06-04 01:00:00+01:00,0.0,0.0
1977-06-04 02:00:00+01:00,0.0,0.0
1977-06-04 03:00:00+01:00,0.0,0.0
1977-06-04 04:00:00+01:00,0.0,0.0
1977-06-04 05:00:00+01:00,38.426378838855825,0.2158025435590143
1977-06-04 06:00:00+01:00,100.46484113896162,0.5642105478364084
1977-06-04 07:00:00+01:00,228.07756470570848,1.2808836033872588
1977-06-04 08:00:00+01:00,365.4469556432193,2.0523501028923197
1977-06-04 09:00:00+01:00,543.6711499712465,3.05325717823852
1977-06-04 10:00:00+01:00,715.5205489105783,4.018363402681808
1977-06-04 11:00:00+01:00,795.5453987280295,4.4677829592566125
1977-06-04 12:00:00+01:00,835.7282422448593,4.69344980844713
1977-06-04 13:00:00+01:00,778.335229168137,4.371130647008257
1977-06-04 14:00:00+01:00,673.4896560036657,3.782317908116587
1977-06-04 15:00:00+01:00,528.4671441486882,2.9678714815390332
1977-06-04 16:00:00+01:00,359.07811140670174,2.016582673660037
1977-06-04 17:00:00+01:00,167.45118182987557,0.9404058371565811
1977-06-04 18:00:00+01:00,53.72225932024663,0.30170420834250505
1977-06-04 19:00:00+01:00,16.978187525470865,0.09534950114304437
1977-06-04 20:00:00+01:00,0.05857864376269049,0.0003289776633712698
1977-06-04 21:00:00+01:00,0.0,0.0
1977-06-04 22:00:00+01:00,0.0,0.0
1977-06-04 23:00:00+01:00,0.0,0.0
1977-06-05 00:00:00+01:00,0.0,0.0
1977-06-05 01:00:00+01:00,0.0,0.0
1977-06-05 02:00:00+01:00,0.0,0.0
1977-06-05 03:00:00+01:00,0.0,0.0
1977-06-05 04:00:00+01:00,0.0,0.0
1977-06-05 05:00:00+01:00,35.04655737031733,0.19682146619170213
1977-06-05 06:00:00+01:00,95.39482099910548,0.5357373147309763
1977-06-05 07:00:00+01:00,297.57675969954323,1.6711910824726346
1977-06-05 08:00:00+01:00,517.1854523271713,2.9045135002693936
1977-06-05 09:00:00+01:00,716.0216179523154,4.021177406420203
1977-06-05 10:00:00+01:00,845.2167211996864,4.746737106257439
1977-06-05 11:00:00+01:00,880.295461497005,4.94373931176718
1977-06-05 12:00:00+01:00,799.9772395467706,4.492672177294664
1977-06-05 13:00:00+01:00,709.8727750913848,3.9866455049132172
1977-06-05 14:00:00+01:00,561.4483516206983,3.1530939427018416
1977-06-05 15:00:00+01:00,406.9059866187848,2.2851840208510956
1977-06-05 16:00:00+01:00,289.0620614734621,1.623372537234963
1977-06-05 17:00:00+01:00,156.87468749784014,0.8810082449878703
1977-06-05 18:00:00+01:00,55.37721714043021,0.3109984514606561
1977-06-05 19:00:00+01:00,16.365955431367254,0.09191120570255851
1977-06-05 20:00:00+01:00,0.05857864376269049,0.0003289776633712698
1977-06-05 21:00:00+01:00,0.0,0.0
1977-06-05 22:00:00+01:00,0.0,0.0
1977-06-05 23:00:00+01:00,0.0,0.0
1977-06-06 00:00:00+01:00,0.0,0.0
1977-06-06 01:00:00+01:00,0.0,0.0
1977-06-06 02:00:00+01:00,0.0,0.0
1977-06-06 03:00:00+01:00,0.0,0.0
1977-06-06 04:00:00+01:00,0.0,0.0
1977-06-06 05:00:00+01:00,33.24992633715172,0.1867315863094441
1977-06-06 06:00:00+01:00,91.8655104740632,0.5159167068223389
1977-06-06 07:00:00+01:00,281.1145117125535,1.5787390977777005
1977-06-06 08:00:00+01:00,490.64600896897423,2.7554679863697595
1977-06-06 09:00:00+01:00,671.304042906561,3.770043504963246
1977-06-06 10:00:00+01:00,764.580238985274,4.293882622141299
1977-06-06 11:00:00+01:00,751.386064317456,4.219784137206832
1977-06-06 12:00:00+01:00,662.3404728232612,3.719704095375435
1977-06-06 13:00:00+01:00,586.4746455482809,3.2936416093991454
1977-06-06 14:00:00+01:00,467.96166308929384,2.628072699909474
1977-06-06 15:00:00+01:00,350.1703319289106,1.9665565841127621
1977-06-06 16:00:00+01:00,245.64135154332234,1.3795218302672982
1977-06-06 17:00:00+01:00,128.56948075673358,0.7220462039298158
1977-06-06 18:00:00+01:00,48.77332665422207,0.27391100249011113
1977-06-06 19:00:00+01:00,14.80601681261321,0.0831505904196358
1977-06-06 20:00:00+01:00,0.05857864376269049,0.0003289776633712698
1977-06-06 21:00:00+01:00,0.0,0.0
1977-06-06 22:00:00+01:00,0.0,0.0
1977-06-06 23:00:00+01:00,0.0,0.0
1977-06-07 00:00:00+01:00,0.0,0.0
1977-06-07 01:00:00+01:00,0.0,0.0
1977-06-07 02:00:00+01:00,0.0,0.0
1977-06-07 03:00:00+01:00,0.0,0.0
1977-06-07 04:00:00+01:00,0.0,0.0
1977-06-07 05:00:00+01:00,37.060865235108665,0.2081338191603703
1977-06-07 06:00:00+01:00,96.16310517512781,0.5400519986635178
1977-06-07 07:00:00+01:00,253.33158932414585,1.4227102056444032
1977-06-07 08:00:00+01:00,397.84439364542624,2.2342941147127138
1977-06-07 09:00:00+01:00,544.4540213935212,3.057653784146015
1977-06-07 10:00:00+01:00,608.8946502709179,3.4195523559214744
1977-06-07 11:00:00+01:00,544.1500308718945,3.0559465733765596
1977-06-07 12:00:00+01:00,583.8051187886508,3.2786495471170625
1977-06-07 13:00:00+01:00,611.1881928806281,3.432432891217607
1977-06-07 14:00:00+01:00,529.9034217010453,2.9759376162730704
1977-06-07 15:00:00+01:00,392.0192839550972,2.2015802986918263
1977-06-07 16:00:00+01:00,277.5989163935163,1.5589955144659875
1977-06-07 17:00:00+01:00,158.1293478185414,0.8880544173489284
1977-06-07 18:00:00+01:00,52.152667984479145,0.29288938340083487
1977-06-07 19:00:00+01:00,17.355471110832156,0.0974683257584334
1977-06-07 20:00:00+01:00,0.05857864376269049,0.0003289776633712698
1977-06-07 21:00:00+01:00,0.0,0.0
1977-06-07 22:00:00+01:00,0.0,0.0
1977-06-07 23:00:00+01:00,0.0,0.0
1977-06-08 00:00:00+01:00,0.0,0.0
1977-06-08 01:00:00+01:00,0.0,0.0
1977-06-08 02:00:00+01:00,0.0,0.0
1977-06-08 03:00:00+01:00,0.0,0.0
1977-06-08 04:00:00+01:00,0.0,0.0
1977-06-08 05:00:00+01:00,34.18493539005219,0.19198259715053312
1977-06-08 06:00:00+01:00,92.25028358391431,0.5180775926072627
1977-06-08 07:00:00+01:00,285.1222741732966,1.6012466917572337
1977-06-08 08:00:00+01:00,501.6544262543689,2.8172912578445355
1977-06-08 09:00:00+01:00,698.8863665476042,3.924945834531345
1977-06-08 10:00:00+01:00,846.1315941734927,4.751875032878335
1977-06-08 11:00:00+01:00,914.645936471127,5.13665157922185
1977-06-08 12:00:00+01:00,862.626408433659,4.8445099097634285
1977-06-08 13:00:00+01:00,747.4395853378719,4.197620711257488
1977-06-08 14:00:00+01:00,579.2973506093224,3.2533339210219547
1977-06-08 15:00:00+01:00,406.9646933756443,2.285513717997618
1977-06-08 16:00:00+01:00,262.59515783244785,1.4747344063870271
1977-06-08 17:00:00+01:00,133.09059688015088,0.7474367920789273
1977-06-08 18:00:00+01:00,48.8270090856369,0.27421248302493684
1977-06-08 19:00:00+01:00,17.886950036974767,0.10045311140765029
1977-06-08 20:00:00+01:00,0.05857864376269049,0.0003289776633712698
1977-06-08 21:00:00+01:00,0.0,0.0
1977-06-08 22:00:00+01:00,0.0,0.0
1977-06-08 23:00:00+01:00,0.0,0.0
1977-06-09 00:00:00+01:00,0.0,0.0
1977-06-09 01:00:00+01:00,0.0,0.0
1977-06-09 02:00:00+01:00,0.0,0.0
1977-06-09 03:00:00+01:00,0.0,0.0
1977-06-09 04:00:00+01:00,0.0,0.0
1977-06-09 05:00:00+01:00,34.178467275229934,0.1919462722176913
1977-06-09 06:00:00+01:00,91.60647532739713,0.5144619654386623
1977-06-09 07:00:00+01:00,284.4381950732144,1.597404903531172
1977-06-09 08:00:00+01:00,490.938753845998,2.757112041599125
1977-06-09 09:00:00+01:00,698.3466519217582,3.921914797192594
1977-06-09 10:00:00+01:00,827.1296026037799,4.645159848222828
1977-06-09 11:00:00+01:00,911.979378427525,5.121676189248981
1977-06-09 12:00:00+01:00,926.4372750342931,5.20287173659259
1977-06-09 13:00:00+01:00,814.408079722501,4.573715775721566
1977-06-09 14:00:00+01:00,666.9350523893357,3.7455072542185093
1977-06-09 15:00:00+01:00,508.0824614574876,2.8533911035452504
1977-06-09 16:00:00+01:00,332.4233384358474,1.8668894686557191
1977-06-09 17:00:00+01:00,167.59830499810607,0.9412320808693636
1977-06-09 18:00:00+01:00,61.52054222920859,0.3454993651592354
1977-06-09 19:00:00+01:00,21.248634936459265,0.11933233380315522
1977-06-09 20:00:00+01:00,0.05857864376269049,0.0003289776633712698
1977-06-09 21:00:00+01:00,0.0,0.0
1977-06-09 22:00:00+01:00,0.0,0.0
1977-06-09 23:00:00+01:00,0.0,0.0
1977-06-10 00:00:00+01:00,0.0,0.0
1977-06-10 01:00:00+01:00,0.0,0.0
1977-06-10 02:00:00+01:00,0.0,0.0
1977-06-10 03:00:00+01:00,0.0,0.0
1977-06-10 04:00:00+01:00,0.0,0.0
1977-06-10 05:00:00+01:00,34.94848831983655,0.19627071040420208
1977-06-10 06:00:00+01:00,91.89577665428223,0.5160866816904489
1977-06-10 07:00:00+01:00,286.7831156533408,1.6105739775091619
1977-06-10 08:00:00+01:00,498.3414506290425,2.7986855867327027
1977-06-10 09:00:00+01:00,693.7637223569654,3.896177064756718
1977-06-10 10:00:00+01:00,846.1806630449253,4.7521506036603
1977-06-10 11:00:00+01:00,932.9283861446816,5.239325816588532
1977-06-10 12:00:00+01:00,928.0732604285015,5.212059430566464
1977-06-10 13:00:00+01:00,831.2736558538223,4.668432851275067
1977-06-10 14:00:00+01:00,736.8084910059399,4.137916485489359
1977-06-10 15:00:00+01:00,587.4443136926177,3.2990872656977412
1977-06-10 16:00:00+01:00,373.9234542322952,2.09995411896857
1977-06-10 17:00:00+01:00,155.6667141377397,0.8742242665975462
1977-06-10 18:00:00+01:00,47.68437463734704,0.267795447963341
1977-06-10 19:00:00+01:00,18.923805848781768,0.10627609364675841
1977-06-10 20:00:00+01:00,0.05857864376269049,0.0003289776633712698
1977-06-10 21:00:00+01:00,0.0,0.0
1977-06-10 22:00:00+01:00,0.0,0.0
1977-06-10 23:00:00+01:00,0.0,0.0
1977-06-11 00:00:00+01:00,0.0,0.0
1977-06-11 01:00:00+01:00,0.0,0.0
1977-06-11 02:00:00+01:00,0.0,0.0
1977-06-11 03:00:00+01:00,0.0,0.0
1977-06-11 04:00:00+01:00,0.0,0.0
1977-06-11 05:00:00+01:00,34.71003109242241,0.19493153461504428
1977-06-11 06:00:00+01:00,90.04533459446749,0.5056945990825295
1977-06-11 07:00:00+01:00,269.3509562634391,1.512674970375474
1977-06-11 08:00:00+01:00,466.27641732313566,2.6186083596867302
1977-06-11 09:00:00+01:00,647.533452345732,3.636547868373631
1977-06-11 10:00:00+01:00,792.0318834157239,4.448051057262705
1977-06-11 11:00:00+01:00,888.9716713924124,4.992464906539788
1977-06-11 12:00:00+01:00,908.3023279046548,5.101025873512541
1977-06-11 13:00:00+01:00,857.649938990296,4.816562057369502
1977-06-11 14:00:00+01:00,634.4969595309472,3.5633349247257997
1977-06-11 15:00:00+01:00,394.38384149342323,2.214859653827065
1977-06-11 16:00:00+01:00,288.86603134377464,1.6222716320266384
1977-06-11 17:00:00+01:00,156.87176658345854,0.8809918411327031
1977-06-11 18:00:00+01:00,60.64763920115134,0.34059714175366596
1977-06-11 19:00:00+01:00,18.845346829465434,0.10583546779427787
1977-06-11 20:00:00+01:00,0.11715728752538097,0.0006579553267425396
1977-06-11 21:00:00+01:00,0.0,0.0
1977-06-11 22:00:00+01:00,0.0,0.0
1977-06-11 23:00:00+01:00,0.0,0.0
1977-06-12 00:00:00+01:00,0.0,0.0
1977-06-12 01:00:00+01:00,0.0,0.0
1977-06-12 02:00:00+01:00,0.0,0.0
1977-06-12 03:00:00+01:00,0.0,0.0
1977-06-12 04:00:00+01:00,0.0,0.0
1977-06-12 05:00:00+01:00,35.130826310974264,0.19729472056243147
1977-06-12 06:00:00+01:00,95.72640566785421,0.5375994942306692
1977-06-12 07:00:00+01:00,252.7325756563887,1.419346144886279
1977-06-12 08:00:00+01:00,434.57063538792147,2.4405486883385668
1977-06-12 09:00:00+01:00,646.5566392674502,3.631062086126
1977-06-12 10:00:00+01:00,795.8555646458263,4.46952485105096
1977-06-12 11:00:00+01:00,757.7634750495096,4.255599675878045
1977-06-12 12:00:00+01:00,689.67255627605,3.873201076046297
1977-06-12 13:00:00+01:00,642.2513912389868,3.6068838131981495
1977-06-12 14:00:00+01:00,465.74632433214913,2.6156313574493497
1977-06-12 15:00:00+01:00,296.6647906901459,1.6660694645158594
1977-06-12 16:00:00+01:00,198.90994820125536,1.1170782690982501
1977-06-12 17:00:00+01:00,134.65162931595566,0.756203550238407
1977-06-12 18:00:00+01:00,54.60697063702841,0.3066727470975516
1977-06-12 19:00:00+01:00,18.151345860036916,0.10193795834996731
1977-06-12 20:00:00+01:00,0.05857864376269049,0.0003289776633712698
1977-06-12 21:00:00+01:00,0.0,0.0
1977-06-12 22:00:00+01:00,0.0,0.0
1977-06-12 23:00:00+01:00,0.0,0.0
1977-06-13 00:00:00+01:00,0.0,0.0
1977-06-13 01:00:00+01:00,0.0,0.0
1977-06-13 02:00:00+01:00,0.0,0.0
1977-06-13 03:00:00+01:00,0.0,0.0
1977-06-13 04:00:00+01:00,0.0,0.0
1977-06-13 05:00:00+01:00,38.82184744809409,0.2180234952684964
1977-06-13 06:00:00+01:00,97.8075659643418,0.5492872904557435
1977-06-13 07:00:00+01:00,256.24414304684313,1.4390671073510708
1977-06-13 08:00:00+01:00,451.8040168517008,2.5373313586391517
1977-06-13 09:00:00+01:00,636.8615720621751,3.5766145887011755
1977-06-13 10:00:00+01:00,729.3051364073272,4.095777646063549
1977-06-13 11:00:00+01:00,778.2915034889963,4.370885083594203
1977-06-13 12:00:00+01:00,765.9551566000197,4.30160415946571
1977-06-13 13:00:00+01:00,691.9361099895701,3.8859131937014255
1977-06-13 14:00:00+01:00,565.7036269838984,3.1769915691415735
1977-06-13 15:00:00+01:00,416.3818283662307,2.3384003481047517
1977-06-13 16:00:00+01:00,242.0904339438381,1.3595798770285947
1977-06-13 17:00:00+01:00,113.57405797392315,0.6378319095815523
1977-06-13 18:00:00+01:00,50.67828746301142,0.2846092623922722
1977-06-13 19:00:00+01:00,18.503545035305855,0.10391590891827768
1977-06-13 20:00:00+01:00,0.11715728752538097,0.0006579553267425396
1977-06-13 21:00:00+01:00,0.0,0.0
1977-06-13 22:00:00+01:00,0.0,0.0
1977-06-13 23:00:00+01:00,0.0,0.0
1977-06-14 00:00:00+01:00,0.0,0.0
1977-06-14 01:00:00+01:00,0.0,0.0
1977-06-14 02:00:00+01:00,0.0,0.0
1977-06-14 03:00:00+01:00,0.0,0.0
1977-06-14 04:00:00+01:00,0.0,0.0
1977-06-14 05:00:00+01:00,38.43818834908293,0.21586886576844974
1977-06-14 06:00:00+01:00,100.60323482956429,0.564987766802833
1977-06-14 07:00:00+01:00,243.19727147743444,1.3657958766172718
1977-06-14 08:00:00+01:00,464.38347329545286,2.6079775860272636
1977-06-14 09:00:00+01:00,688.6840992454335,3.867649901362354
1977-06-14 10:00:00+01:00,839.2078174044541,4.712991102543414
1977-06-14 11:00:00+01:00,928.5469580107244,5.214719716188228
1977-06-14 12:00:00+01:00,947.5132429464186,5.321234372387087
1977-06-14 13:00:00+01:00,828.4665634585283,4.652668220383094
1977-06-14 14:00:00+01:00,692.0229014173307,3.886400614359729
1977-06-14 15:00:00+01:00,561.3409158108111,3.152490583193515
1977-06-14 16:00:00+01:00,375.4951379676349,2.1087806948262378
1977-06-14 17:00:00+01:00,185.17815391265606,1.0399605123734763
1977-06-14 18:00:00+01:00,54.49147760671771,0.30602413823932667
1977-06-14 19:00:00+01:00,20.02099008042835,0.11243788029168561
1977-06-14 20:00:00+01:00,0.11715728752538097,0.0006579553267425396
1977-06-14 21:00:00+01:00,0.0,0.0
1977-06-14 22:00:00+01:00,0.0,0.0
1977-06-14 23:00:00+01:00,0.0,0.0
1977-06-15 00:00:00+01:00,0.0,0.0
1977-06-15 01:00:00+01:00,0.0,0.0
1977-06-15 02:00:00+01:00,0.0,0.0
1977-06-15 03:00:00+01:00,0.0,0.0
1977-06-15 04:00:00+01:00,0.0,0.0
1977-06-15 05:00:00+01:00,34.93992990746665,0.1962226463603327
1977-06-15 06:00:00+01:00,88.54840267294897,0.4972878294112814
1977-06-15 07:00:00+01:00,277.27970422433236,1.5572028189238505
1977-06-15 08:00:00+01:00,483.1852121085907,2.7135681512018452
1977-06-15 09:00:00+01:00,673.8426903794086,3.7843005491707586
1977-06-15 10:00:00+01:00,790.5580966796322,4.439774270952814
1977-06-15 11:00:00+01:00,811.5275661055402,4.557538811248714
1977-06-15 12:00:00+01:00,699.4951044986267,3.9283645068642876
1977-06-15 13:00:00+01:00,521.6101147373515,2.929362404364966
1977-06-15 14:00:00+01:00,435.54330150375085,2.446011181245065
1977-06-15 15:00:00+01:00,400.19329378348436,2.247485537888048
1977-06-15 16:00:00+01:00,293.57920674557784,1.6487408250831654
1977-06-15 17:00:00+01:00,158.84141381752514,0.8920533799992212
1977-06-15 18:00:00+01:00,54.09817001107356,0.30381532278218915
1977-06-15 19:00:00+01:00,19.81649939203562,0.11128946058567205
1977-06-15 20:00:00+01:00,0.11715728752538097,0.0006579553267425396
1977-06-15 21:00:00+01:00,0.0,0.0
1977-06-15 22:00:00+01:00,0.0,0.0
1977-06-15 23:00:00+01:00,0.0,0.0
1977-06-16 00:00:00+01:00,0.0,0.0
1977-06-16 01:00:00+01:00,0.0,0.0
1977-06-16 02:00:00+01:00,0.0,0.0
1977-06-16 03:00:00+01:00,0.0,0.0
1977-06-16 04:00:00+01:00,0.0,0.0
1977-06-16 05:00:00+01:00,36.05521754593845,0.20248610173799034
1977-06-16 06:00:00+01:00,89.22188162292296,0.5010700871943354
1977-06-16 07:00:00+01:00,210.80081898302308,1.1838573994086576
1977-06-16 08:00:00+01:00,361.1515594067157,2.0282271576281157
1977-06-16 09:00:00+01:00,538.5097653663005,3.0242708422971436
1977-06-16 10:00:00+01:00,666.023047492258,3.740385434716521
1977-06-16 11:00:00+01:00,643.9010273604097,3.6161481696560607
1977-06-16 12:00:00+01:00,526.4494196141918,2.956539940553301
1977-06-16 13:00:00+01:00,440.1732628748239,2.4720130443050112
1977-06-16 14:00:00+01:00,421.06347218572853,2.364692459795051
1977-06-16 15:00:00+01:00,309.7769211567512,1.7397071892163147
1977-06-16 16:00:00+01:00,169.81775119459206,0.953696490708829
1977-06-16 17:00:00+01:00,110.92984855715792,0.622982029496999
1977-06-16 18:00:00+01:00,49.92590874663204,0.2803839035210855
1977-06-16 19:00:00+01:00,16.45586660663589,0.09241614686286716
1977-06-16 20:00:00+01:00,0.05857864376269049,0.0003289776633712698
1977-06-16 21:00:00+01:00,0.0,0.0
1977-06-16 22:00:00+01:00,0.0,0.0
1977-06-16 23:00:00+01:00,0.0,0.0
1977-06-17 00:00:00+01:00,0.0,0.0
1977-06-17 01:00:00+01:00,0.0,0.0
1977-06-17 02:00:00+01:00,0.0,0.0
1977-06-17 03:00:00+01:00,0.0,0.0
1977-06-17 04:00:00+01:00,0.0,0.0
1977-06-17 05:00:00+01:00,27.12068237610111,0.15230975222418386
1977-06-17 06:00:00+01:00,68.26451414042089,0.3833735114126037
1977-06-17 07:00:00+01:00,173.00485751840853,0.9715952798233822
1977-06-17 08:00:00+01:00,331.55458954317885,1.8620105748744924
1977-06-17 09:00:00+01:00,457.9894370701212,2.5720686785858007
1977-06-17 10:00:00+01:00,622.264506030117,3.4946374658651367
1977-06-17 11:00:00+01:00,778.9262073305208,4.374449580368204
1977-06-17 12:00:00+01:00,805.1997430565548,4.522001757005611
1977-06-17 13:00:00+01:00,755.8398235775104,4.244796449211299
1977-06-17 14:00:00+01:00,642.4549073138961,3.60802675947484
1977-06-17 15:00:00+01:00,484.03903094460395,2.7183631977848957
1977-06-17 16:00:00+01:00,290.4254091701033,1.6310290978993
1977-06-17 17:00:00+01:00,126.50282087731833,0.7104398420470197
1977-06-17 18:00:00+01:00,48.390680363310835,0.27176206092035365
1977-06-17 19:00:00+01:00,18.100113318228686,0.1016502363951723
1977-06-17 20:00:00+01:00,0.11715728752538097,0.0006579553267425396
1977-06-17 21:00:00+01:00,0.0,0.0
1977-06-17 22:00:00+01:00,0.0,0.0
1977-06-17 23:00:00+01:00,0.0,0.0
1977-06-18 00:00:00+01:00,0.0,0.0
1977-06-18 01:00:00+01:00,0.0,0.0
1977-06-18 02:00:00+01:00,0.0,0.0
1977-06-18 03:00:00+01:00,0.0,0.0
1977-06-18 04:00:00+01:00,0.0,0.0
1977-06-18 05:00:00+01:00,34.827712208749766,0.1955924317643387
1977-06-18 06:00:00+01:00,87.77672774562846,0.4929541030194495
1977-06-18 07:00:00+01:00,262.17154859722666,1.4723554169220248
1977-06-18 08:00:00+01:00,478.65069512605146,2.6881023038279053
1977-06-18 09:00:00+01:00,675.9646719038602,3.7962175974120793
1977-06-18 10:00:00+01:00,817.3747344437148,4.590376508635901
1977-06-18 11:00:00+01:00,908.1938756033499,5.100416805388413
1977-06-18 12:00:00+01:00,840.960800333743,4.7228358546743
1977-06-18 13:00:00+01:00,645.8657311392521,3.62718194607804
1977-06-18 14:00:00+01:00,514.0929603840507,2.887146065516829
1977-06-18 15:00:00+01:00,384.93447747396704,2.161792025493799
1977-06-18 16:00:00+01:00,289.1375611851331,1.6237965436157076
1977-06-18 17:00:00+01:00,167.02562207963328,0.9380158935992204
1977-06-18 18:00:00+01:00,53.29130928788874,0.2992839929607831
1977-06-18 19:00:00+01:00,19.154977938199487,0.10757435610092832
1977-06-18 20:00:00+01:00,0.11715728752538097,0.0006579553267425396
1977-06-18 21:00:00+01:00,0.0,0.0
1977-06-18 22:00:00+01:00,0.0,0.0
1977-06-18 23:00:00+01:00,0.0,0.0
1977-06-19 00:00:00+01:00,0.0,0.0
1977-06-19 01:00:00+01:00,0.0,0.0
1977-06-19 02:00:00+01:00,0.0,0.0
1977-06-19 03:00:00+01:00,0.0,0.0
1977-06-19 04:00:00+01:00,0.0,0.0
1977-06-19 05:00:00+01:00,36.71161560836788,0.206172433256594
1977-06-19 06:00:00+01:00,97.61435177918119,0.5482021995918815
1977-06-19 07:00:00+01:00,255.66533409391815,1.4358165162714445
1977-06-19 08:00:00+01:00,474.57018583344467,2.6651861636406253
1977-06-19 09:00:00+01:00,685.7931317383341,3.8514142278424846
1977-06-19 10:00:00+01:00,836.7802265135388,4.699357752100034
1977-06-19 11:00:00+01:00,926.6634935118484,5.204142179562541
1977-06-19 12:00:00+01:00,945.5343874793566,5.310121120084067
1977-06-19 13:00:00+01:00,863.7180840746029,4.850640760162969
1977-06-19 14:00:00+01:00,669.3484029968322,3.7590606312302093
1977-06-19 15:00:00+01:00,506.0184027364727,2.8417993497680305
1977-06-19 16:00:00+01:00,348.41514756986817,1.9566994687523795
1977-06-19 17:00:00+01:00,173.41369344680322,0.9738913023972469
1977-06-19 18:00:00+01:00,53.995451353946855,0.30323845480376554
1977-06-19 19:00:00+01:00,20.93025612029422,0.11754431837157234
1977-06-19 20:00:00+01:00,0.11715728752538097,0.0006579553267425396
1977-06-19 21:00:00+01:00,0.0,0.0
1977-06-19 22:00:00+01:00,0.0,0.0
1977-06-19 23:00:00+01:00,0.0,0.0
1977-06-20 00:00:00+01:00,0.0,0.0
1977-06-20 01:00:00+01:00,0.0,0.0
1977-06-20 02:00:00+01:00,0.0,0.0
1977-06-20 03:00:00+01:00,0.0,0.0
1977-06-20 04:00:00+01:00,0.0,0.0
1977-06-20 05:00:00+01:00,32.64815667681832,0.18335204789701165
1977-06-20 06:00:00+01:00,84.27811663477684,0.47330590302090675
1977-06-20 07:00:00+01:00,251.03817265457792,1.4098303776281096
1977-06-20 08:00:00+01:00,443.6146873048342,2.4913400839039492
1977-06-20 09:00:00+01:00,604.4237937373873,3.3944440256291672
1977-06-20 10:00:00+01:00,701.7837922893966,3.9412177774972514
1977-06-20 11:00:00+01:00,719.9796821429304,4.043405894914697
1977-06-20 12:00:00+01:00,699.7756799057888,3.9299402183509096
1977-06-20 13:00:00+01:00,645.6742223717353,3.626106432839665
1977-06-20 14:00:00+01:00,538.0693763119884,3.0217976173681276
1977-06-20 15:00:00+01:00,388.71974911742376,2.1830501110434515
1977-06-20 16:00:00+01:00,261.2930517862099,1.4674217788313546
1977-06-20 17:00:00+01:00,156.76915758929994,0.8804155890215084
1977-06-20 18:00:00+01:00,53.0423453328721,0.2978858113894097
1977-06-20 19:00:00+01:00,19.481318074993318,0.10940708230916248
1977-06-20 20:00:00+01:00,0.11715728752538097,0.0006579553267425396
1977-06-20 21:00:00+01:00,0.0,0.0
1977-06-20 22:00:00+01:00,0.0,0.0
1977-06-20 23:00:00+01:00,0.0,0.0
1977-06-21 00:00:00+01:00,0.0,0.0
1977-06-21 01:00:00+01:00,0.0,0.0
1977-06-21 02:00:00+01:00,0.0,0.0
1977-06-21 03:00:00+01:00,0.0,0.0
1977-06-21 04:00:00+01:00,0.0,0.0
1977-06-21 05:00:00+01:00,34.07535368089471,0.19136718627190466
1977-06-21 06:00:00+01:00,85.99893954344333,0.48297004447597774
1977-06-21 07:00:00+01:00,274.1189767508562,1.5394521734328084
1977-06-21 08:00:00+01:00,485.0257887089176,2.7239048293892814
1977-06-21 09:00:00+01:00,677.4573127757452,3.804600268548585
1977-06-21 10:00:00+01:00,806.8601459003364,4.531326579376289
1977-06-21 11:00:00+01:00,834.1454753833918,4.684560989753129
1977-06-21 12:00:00+01:00,750.2816787464009,4.213581907839787
1977-06-21 13:00:00+01:00,688.6856500999578,3.8676586109613624
1977-06-21 14:00:00+01:00,630.845890198637,3.5428305193555456
1977-06-21 15:00:00+01:00,472.3349906063761,2.652633307245408
1977-06-21 16:00:00+01:00,278.7163535280317,1.565271041413426
1977-06-21 17:00:00+01:00,134.81193007905966,0.7571037993239992
1977-06-21 18:00:00+01:00,61.160287872366126,0.34347617669120817
1977-06-21 19:00:00+01:00,20.145010098828415,0.11313437671502038
1977-06-21 20:00:00+01:00,0.11715728752538097,0.0006579553267425396
1977-06-21 21:00:00+01:00,0.0,0.0
1977-06-21 22:00:00+01:00,0.0,0.0
1977-06-21 23:00:00+01:00,0.0,0.0
1977-06-22 00:00:00+01:00,0.0,0.0
1977-06-22 01:00:00+01:00,0.0,0.0
1977-06-22 02:00:00+01:00,0.0,0.0
1977-06-22 03:00:00+01:00,0.0,0.0
1977-06-22 04:00:00+01:00,0.0,0.0
1977-06-22 05:00:00+01:00,30.336351827912665,0.17036895186555753
1977-06-22 06:00:00+01:00,77.49581347335713,0.4352164884663736
1977-06-22 07:00:00+01:00,217.7880632363807,1.223097763135514
1977-06-22 08:00:00+01:00,391.08383928240124,2.1963268414099653
1977-06-22 09:00:00+01:00,552.4862394267827,3.102762720620812
1977-06-22 10:00:00+01:00,745.201991112622,4.1850543820884845
1977-06-22 11:00:00+01:00,805.70682064367,4.52484950473485
1977-06-22 12:00:00+01:00,713.0619185167144,4.004555734389868
1977-06-22 13:00:00+01:00,630.7029275570994,3.5420276411606704
1977-06-22 14:00:00+01:00,609.9786966368748,3.4256403603126886
1977-06-22 15:00:00+01:00,510.36810612976814,2.8662272840247778
1977-06-22 16:00:00+01:00,330.7538996896294,1.8575139006569588
1977-06-22 17:00:00+01:00,171.70847093052612,0.9643147727458348
1977-06-22 18:00:00+01:00,53.83578910671996,0.3023417916233393
1977-06-22 19:00:00+01:00,20.97884769694927,0.11781720866606711
1977-06-22 20:00:00+01:00,0.11715728752538097,0.0006579553267425396
1977-06-22 21:00:00+01:00,0.0,0.0
1977-06-22 22:00:00+01:00,0.0,0.0
1977-06-22 23:00:00+01:00,0.0,0.0
1977-06-23 00:00:00+01:00,0.0,0.0
1977-06-23 01:00:00+01:00,0.0,0.0
1977-06-23 02:00:00+01:00,0.0,0.0
1977-06-23 03:00:00+01:00,0.0,0.0
1977-06-23 04:00:00+01:00,0.0,0.0
1977-06-23 05:00:00+01:00,32.3067136364103,0.18143450378208026
1977-06-23 06:00:00+01:00,80.98441725250046,0.45480848729004264
1977-06-23 07:00:00+01:00,256.3603608461033,1.439719786511716
1977-06-23 08:00:00+01:00,455.7514941833849,2.5595003913338896
1977-06-23 09:00:00+01:00,616.5954405107896,3.462799993908594
1977-06-23 10:00:00+01:00,724.2428347673094,4.0673477600532095
1977-06-23 11:00:00+01:00,674.9209507374775,3.790356059341674
1977-06-23 12:00:00+01:00,612.3901260421219,3.439182947852556
1977-06-23 13:00:00+01:00,610.5919557309187,3.4290844233848397
1977-06-23 14:00:00+01:00,539.3855746946208,3.0291893874849904
1977-06-23 15:00:00+01:00,449.5506486413028,2.524676442769557
1977-06-23 16:00:00+01:00,292.9572064111684,1.6452476712051216
1977-06-23 17:00:00+01:00,137.14649642091314,0.7702147238998482
1977-06-23 18:00:00+01:00,47.53303815710195,0.26694554229028455
1977-06-23 19:00:00+01:00,13.095926977540591,0.07354672590586796
1977-06-23 20:00:00+01:00,0.05857864376269049,0.0003289776633712698
1977-06-23 21:00:00+01:00,0.0,0.0
1977-06-23 22:00:00+01:00,0.0,0.0
1977-06-23 23:00:00+01:00,0.0,0.0
1977-06-24 00:00:00+01:00,0.0,0.0
1977-06-24 01:00:00+01:00,0.0,0.0
1977-06-24 02:00:00+01:00,0.0,0.0
1977-06-24 03:00:00+01:00,0.0,0.0
1977-06-24 04:00:00+01:00,0.0,0.0
1977-06-24 05:00:00+01:00,34.74537520915707,0.1951300271746261
1977-06-24 06:00:00+01:00,89.8773696679684,0.5047513080553105
1977-06-24 07:00:00+01:00,216.82240086383246,1.217674603251283
1977-06-24 08:00:00+01:00,398.93890868161213,2.240440911155934
1977-06-24 09:00:00+01:00,568.1721397422674,3.190854736792574
1977-06-24 10:00:00+01:00,659.3562564753006,3.702944736365288
1977-06-24 11:00:00+01:00,618.3835390337939,3.4728419552137866
1977-06-24 12:00:00+01:00,611.9029599457608,3.436447023055393
1977-06-24 13:00:00+01:00,500.9776291554333,2.8134903653369134
1977-06-24 14:00:00+01:00,368.1842074880851,2.0677225092530858
1977-06-24 15:00:00+01:00,290.2803740781093,1.6302145808226616
1977-06-24 16:00:00+01:00,198.03910071628005,1.1121875896226288
1977-06-24 17:00:00+01:00,122.18457000577328,0.6861885451524228
1977-06-24 18:00:00+01:00,54.094042218947216,0.30379214110160757
1977-06-24 19:00:00+01:00,18.703301515184666,0.10503774130927708
1977-06-24 20:00:00+01:00,0.11715728752538097,0.0006579553267425396
1977-06-24 21:00:00+01:00,0.0,0.0
1977-06-24 22:00:00+01:00,0.0,0.0
1977-06-24 23:00:00+01:00,0.0,0.0
1977-06-25 00:00:00+01:00,0.0,0.0
1977-06-25 01:00:00+01:00,0.0,0.0
1977-06-25 02:00:00+01:00,0.0,0.0
1977-06-25 03:00:00+01:00,0.0,0.0
1977-06-25 04:00:00+01:00,0.0,0.0
1977-06-25 05:00:00+01:00,36.80045266653506,0.2066713421752609
1977-06-25 06:00:00+01:00,90.9478439095943,0.5107630913962816
1977-06-25 07:00:00+01:00,228.26960820112794,1.2819621196575346
1977-06-25 08:00:00+01:00,414.86049717164315,2.329856552115948
1977-06-25 09:00:00+01:00,611.8514038927976,3.436157484261952
1977-06-25 10:00:00+01:00,667.4651783732338,3.7484844417440812
1977-06-25 11:00:00+01:00,720.9825507131976,4.049038004805317
1977-06-25 12:00:00+01:00,776.2857355103492,4.359620690626122
1977-06-25 13:00:00+01:00,690.7992764976904,3.8795287368110287
1977-06-25 14:00:00+01:00,596.1484220215759,3.34796953807317
1977-06-25 15:00:00+01:00,437.09838214075097,2.4547445141024578
1977-06-25 16:00:00+01:00,257.8569018703832,1.448124360904072
1977-06-25 17:00:00+01:00,129.41902994708533,0.7268172721828313
1977-06-25 18:00:00+01:00,47.00839606213786,0.26399915228496623
1977-06-25 19:00:00+01:00,19.060346178810153,0.10704290414019782
1977-06-25 20:00:00+01:00,0.11715728752538097,0.0006579553267425396
1977-06-25 21:00:00+01:00,0.0,0.0
1977-06-25 22:00:00+01:00,0.0,0.0
1977-06-25 23:00:00+01:00,0.0,0.0
1977-06-26 00:00:00+01:00,0.0,0.0
1977-06-26 01:00:00+01:00,0.0,0.0
1977-06-26 02:00:00+01:00,0.0,0.0
1977-06-26 03:00:00+01:00,0.0,0.0
1977-06-26 04:00:00+01:00,0.0,0.0
1977-06-26 05:00:00+01:00,36.20475075954742,0.20332588026561835
1977-06-26 06:00:00+01:00,92.36297418297217,0.5187104630115716
1977-06-26 07:00:00+01:00,241.5091536471722,1.3563154068825192
1977-06-26 08:00:00+01:00,424.11066184649314,2.3818054769299053
1977-06-26 09:00:00+01:00,596.803205353553,3.351646801265554
1977-06-26 10:00:00+01:00,705.5097302445249,3.9621426450532518
1977-06-26 11:00:00+01:00,727.3427795698412,4.084757050064229
1977-06-26 12:00:00+01:00,678.6884874099521,3.8115145452942913
1977-06-26 13:00:00+01:00,542.9165197577327,3.049019174959427
1977-06-26 14:00:00+01:00,417.2251345883591,2.3431363558482246
1977-06-26 15:00:00+01:00,308.1836758454542,1.7307595235480708
1977-06-26 16:00:00+01:00,202.15017162295322,1.1352753638345054
1977-06-26 17:00:00+01:00,120.05984082824571,0.674256066091428
1977-06-26 18:00:00+01:00,54.94430705924663,0.3085672284447291
1977-06-26 19:00:00+01:00,17.259814895472868,0.09693112045297562
1977-06-26 20:00:00+01:00,0.11715728752538097,0.0006579553267425396
1977-06-26 21:00:00+01:00,0.0,0.0
1977-06-26 22:00:00+01:00,0.0,0.0
1977-06-26 23:00:00+01:00,0.0,0.0
1977-06-27 00:00:00+01:00,0.0,0.0
1977-06-27 01:00:00+01:00,0.0,0.0
1977-06-27 02:00:00+01:00,0.0,0.0
1977-06-27 03:00:00+01:00,0.0,0.0
1977-06-27 04:00:00+01:00,0.0,0.0
1977-06-27 05:00:00+01:00,29.31710840717109,0.16464488081467285
1977-06-27 06:00:00+01:00,75.3511488107867,0.42317205172137806
1977-06-27 07:00:00+01:00,211.2431741509744,1.1863416660318722
1977-06-27 08:00:00+01:00,431.6263920407679,2.4240138177009523
1977-06-27 09:00:00+01:00,596.7791053380433,3.3515114555784518
1977-06-27 10:00:00+01:00,671.8597692455915,3.7731644640832416
1977-06-27 11:00:00+01:00,682.4271080792385,3.8325106389730035
1977-06-27 12:00:00+01:00,666.1265949690126,3.7409669573459747
1977-06-27 13:00:00+01:00,585.8810685819083,3.290308081155997
1977-06-27 14:00:00+01:00,426.6529736389986,2.3960830999566163
1977-06-27 15:00:00+01:00,278.749566334129,1.5654575645324684
1977-06-27 16:00:00+01:00,157.17801583014162,0.8827117369020754
1977-06-27 17:00:00+01:00,115.32868955993457,0.6476859205685925
1977-06-27 18:00:00+01:00,61.76250201932,0.34685821134050115
1977-06-27 19:00:00+01:00,21.094146395972103,0.11846472615977932
1977-06-27 20:00:00+01:00,0.11715728752538097,0.0006579553267425396
1977-06-27 21:00:00+01:00,0.0,0.0
1977-06-27 22:00:00+01:00,0.0,0.0
1977-06-27 23:00:00+01:00,0.0,0.0
1977-06-28 00:00:00+01:00,0.0,0.0
1977-06-28 01:00:00+01:00,0.0,0.0
1977-06-28 02:00:00+01:00,0.0,0.0
1977-06-28 03:00:00+01:00,0.0,0.0
1977-06-28 04:00:00+01:00,0.0,0.0
1977-06-28 05:00:00+01:00,22.555870455699687,0.12667376847920941
1977-06-28 06:00:00+01:00,60.03114885870158,0.337134931990468
1977-06-28 07:00:00+01:00,167.5810432662136,0.9411351389830558
1977-06-28 08:00:00+01:00,317.76086231925274,1.7845450027849232
1977-06-28 09:00:00+01:00,527.4405547104109,2.962106155253667
1977-06-28 10:00:00+01:00,696.5638787621692,3.9119027431283424
1977-06-28 11:00:00+01:00,759.1441066251298,4.2633533028067285
1977-06-28 12:00:00+01:00,798.3761281968159,4.483680335953318
1977-06-28 13:00:00+01:00,772.7995587348246,4.340042321854774
1977-06-28 14:00:00+01:00,707.3247162784377,3.9723356066197058
1977-06-28 15:00:00+01:00,549.5984416459772,3.0865448482838085
1977-06-28 16:00:00+01:00,352.3045396045708,1.9785422944192694
1977-06-28 17:00:00+01:00,185.7011838663652,1.042897848593507
1977-06-28 18:00:00+01:00,55.28051284886333,0.3104553601592165
1977-06-28 19:00:00+01:00,21.679626919321116,0.12175278477890739
1977-06-28 20:00:00+01:00,0.11715728752538097,0.0006579553267425396
1977-06-28 21:00:00+01:00,0.0,0.0
1977-06-28 22:00:00+01:00,0.0,0.0
1977-06-28 23:00:00+01:00,0.0,0.0
1977-06-29 00:00:00+01:00,0.0,0.0
1977-06-29 01:00:00+01:00,0.0,0.0
1977-06-29 02:00:00+01:00,0.0,0.0
1977-06-29 03:00:00+01:00,0.0,0.0
1977-06-29 04:00:00+01:00,0.0,0.0
1977-06-29 05:00:00+01:00,33.275696816750255,0.18687631332286947
1977-06-29 06:00:00+01:00,81.30205924099033,0.4565923646974017
1977-06-29 07:00:00+01:00,271.87595722907133,1.5268553757984646
1977-06-29 08:00:00+01:00,486.3089202208703,2.7311108959604073
1977-06-29 09:00:00+01:00,686.0551991219179,3.8528859982686914
1977-06-29 10:00:00+01:00,834.5048042177804,4.686578980487055
1977-06-29 11:00:00+01:00,869.4066046717373,4.882587491836477
1977-06-29 12:00:00+01:00,815.8716661147193,4.581935276900264
1977-06-29 13:00:00+01:00,663.5058762129627,3.7262490008119986
1977-06-29 14:00:00+01:00,498.3496409939902,2.7987315838222493
1977-06-29 15:00:00+01:00,432.2301091240551,2.4274042928406936
1977-06-29 16:00:00+01:00,310.1692903819618,1.7419107347850973
1977-06-29 17:00:00+01:00,171.00773883424196,0.9603794612931029
1977-06-29 18:00:00+01:00,52.353608552492894,0.29401786563080007
1977-06-29 19:00:00+01:00,20.099077629018453,0.11287641996456761
1977-06-29 20:00:00+01:00,0.11715728752538097,0.0006579553267425396
1977-06-29 21:00:00+01:00,0.0,0.0
1977-06-29 22:00:00+01:00,0.0,0.0
1977-06-29 23:00:00+01:00,0.0,0.0
1977-06-30 00:00:00+01:00,0.0,0.0
1977-06-30 01:00:00+01:00,0.0,0.0
1977-06-30 02:00:00+01:00,0.0,0.0
1977-06-30 03:00:00+01:00,0.0,0.0
1977-06-30 04:00:00+01:00,0.0,0.0
1977-06-30 05:00:00+01:00,36.81354078107228,0.2067448450265019
1977-06-30 06:00:00+01:00,89.19304957053714,0.5009081663881366
1977-06-30 07:00:00+01:00,224.71494343626932,1.2619991223380884
1977-06-30 08:00:00+01:00,414.26405224126097,2.3265069173869217
1977-06-30 09:00:00+01:00,575.1968068070854,3.2303052670285917
1977-06-30 10:00:00+01:00,605.0065861176201,3.3977169876365547
1977-06-30 11:00:00+01:00,621.0773441146774,3.4879703645480284
1977-06-30 12:00:00+01:00,621.529331411532,3.4905087252071634
1977-06-30 13:00:00+01:00,603.3902284856206,3.3886395231752453
1977-06-30 14:00:00+01:00,556.4598736454617,3.125078650392913
1977-06-30 15:00:00+01:00,442.75423603060597,2.486507789547883
1977-06-30 16:00:00+01:00,303.72756639184615,1.7057340128566079
1977-06-30 17:00:00+01:00,149.39530458755914,0.8390040305637321
1977-06-30 18:00:00+01:00,47.76217783281045,0.2682323907090635
1977-06-30 19:00:00+01:00,14.70147897619234,0.08256350593029618
1977-06-30 20:00:00+01:00,0.11715728752538097,0.0006579553267425396
1977-06-30 21:00:00+01:00,0.0,0.0
1977-06-30 22:00:00+01:00,0.0,0.0
1977-06-30 23:00:00+01:00,0.0,0.0
1974-07-01 00:00:00+01:00,0.0,0.0
1974-07-01 01:00:00+01:00,0.0,0.0
1974-07-01 02:00:00+01:00,0.0,0.0
1974-07-01 03:00:00+01:00,0.0,0.0
1974-07-01 04:00:00+01:00,0.0,0.0
1974-07-01 05:00:00+01:00,32.84188778805681,0.18444004181772702
1974-07-01 06:00:00+01:00,79.98998300845257,0.44922374457546965
1974-07-01 07:00:00+01:00,256.45032120487605,1.4402250038865838
1974-07-01 08:00:00+01:00,453.50804397818104,2.5469011749814645
1974-07-01 09:00:00+01:00,629.2255628693414,3.533730761074221
1974-07-01 10:00:00+01:00,687.6140930279013,3.861640746444694
1974-07-01 11:00:00+01:00,701.6258483224985,3.9403307641791514
1974-07-01 12:00:00+01:00,694.9777799303049,3.902995212088592
1974-07-01 13:00:00+01:00,507.7603712248329,2.8515822447986614
1974-07-01 14:00:00+01:00,401.2670099442079,2.253515527846672
1974-07-01 15:00:00+01:00,397.74533188044455,2.2337377838405765
1974-07-01 16:00:00+01:00,298.6615727307786,1.6772833924560526
1974-07-01 17:00:00+01:00,176.47619094652146,0.9910902883556645
1974-07-01 18:00:00+01:00,54.93160370079926,0.30849588638368863
1974-07-01 19:00:00+01:00,21.609619541174276,0.12135962334323475
1974-07-01 20:00:00+01:00,0.11715728752538097,0.0006579553267425396
1974-07-01 21:00:00+01:00,0.0,0.0
1974-07-01 22:00:00+01:00,0.0,0.0
1974-07-01 23:00:00+01:00,0.0,0.0
1974-07-02 00:00:00+01:00,0.0,0.0
1974-07-02 01:00:00+01:00,0.0,0.0
1974-07-02 02:00:00+01:00,0.0,0.0
1974-07-02 03:00:00+01:00,0.0,0.0
1974-07-02 04:00:00+01:00,0.0,0.0
1974-07-02 05:00:00+01:00,31.64639507033672,0.177726154715011
1974-07-02 06:00:00+01:00,77.89800679370525,0.4374752061534486
1974-07-02 07:00:00+01:00,259.94248665505415,1.4598370050547842
1974-07-02 08:00:00+01:00,455.66706599029453,2.5590262426014942
1974-07-02 09:00:00+01:00,636.919189796849,3.5769381698991034
1974-07-02 10:00:00+01:00,770.8666651289859,4.329187191364385
1974-07-02 11:00:00+01:00,816.4744908242442,4.585320740468955
1974-07-02 12:00:00+01:00,738.530003371179,4.147584498932541
1974-07-02 13:00:00+01:00,644.1043429740532,3.6172899901422833
1974-07-02 14:00:00+01:00,570.0316843642981,3.201297939389898
1974-07-02 15:00:00+01:00,430.96491250931837,2.420298948652332
1974-07-02 16:00:00+01:00,288.6689583057107,1.6211648698448713
1974-07-02 17:00:00+01:00,133.12741597769252,0.7476435681307212
1974-07-02 18:00:00+01:00,39.8320001843858,0.22369651303551064
1974-07-02 19:00:00+01:00,14.819221750099846,0.08322474934856072
1974-07-02 20:00:00+01:00,0.11715728752538097,0.0006579553267425396
1974-07-02 21:00:00+01:00,0.0,0.0
1974-07-02 22:00:00+01:00,0.0,0.0
1974-07-02 23:00:00+01:00,0.0,0.0
1974-07-03 00:00:00+01:00,0.0,0.0
1974-07-03 01:00:00+01:00,0.0,0.0
1974-07-03 02:00:00+01:00,0.0,0.0
1974-07-03 03:00:00+01:00,0.0,0.0
1974-07-03 04:00:00+01:00,0.0,0.0
1974-07-03 05:00:00+01:00,31.722410134999283,0.17815305531815595
1974-07-03 06:00:00+01:00,78.43722257436922,0.4405034419776575
1974-07-03 07:00:00+01:00,270.87354241451635,1.5212258141999238
1974-07-03 08:00:00+01:00,489.26917709300653,2.7477356985543246
1974-07-03 09:00:00+01:00,690.8927125029622,3.880053473416636
1974-07-03 10:00:00+01:00,851.0370801260451,4.7794242419878685
1974-07-03 11:00:00+01:00,948.23743194752,5.325301417817272
1974-07-03 12:00:00+01:00,973.2859505150705,5.465973898092636
1974-07-03 13:00:00+01:00,922.8596225028238,5.182779639975858
1974-07-03 14:00:00+01:00,799.6773846204785,4.490988192028608
1974-07-03 15:00:00+01:00,620.5377864829654,3.484940208888334
1974-07-03 16:00:00+01:00,408.4598388884257,2.293910455197399
1974-07-03 17:00:00+01:00,199.71139333928343,1.1215791849934156
1974-07-03 18:00:00+01:00,55.41263237390544,0.3111973434118529
1974-07-03 19:00:00+01:00,21.704262798270406,0.1218911398750866
1974-07-03 20:00:00+01:00,0.11715728752538097,0.0006579553267425396
1974-07-03 21:00:00+01:00,0.0,0.0
1974-07-03 22:00:00+01:00,0.0,0.0
1974-07-03 23:00:00+01:00,0.0,0.0
1974-07-04 00:00:00+01:00,0.0,0.0
1974-07-04 01:00:00+01:00,0.0,0.0
1974-07-04 02:00:00+01:00,0.0,0.0
1974-07-04 03:00:00+01:00,0.0,0.0
1974-07-04 04:00:00+01:00,0.0,0.0
1974-07-04 05:00:00+01:00,26.79383751708257,0.15047419149593572
1974-07-04 06:00:00+01:00,66.71073263745623,0.37464747449195424
1974-07-04 07:00:00+01:00,179.66906695101443,1.0090214799968968
1974-07-04 08:00:00+01:00,276.994851550147,1.5556030863056256
1974-07-04 09:00:00+01:00,441.6401994161572,2.4802513599211387
1974-07-04 10:00:00+01:00,618.8329152822774,3.47536565222527
1974-07-04 11:00:00+01:00,604.6057864196152,3.3954660965325596
1974-07-04 12:00:00+01:00,542.2084824618806,3.045042837505921
1974-07-04 13:00:00+01:00,614.3553485083835,3.4502196372230816
1974-07-04 14:00:00+01:00,536.9502781631556,3.015512762164282
1974-07-04 15:00:00+01:00,350.14958305036464,1.966440058410848
1974-07-04 16:00:00+01:00,244.10261652766218,1.3708802944193508
1974-07-04 17:00:00+01:00,144.26125041932158,0.8101711823549099
1974-07-04 18:00:00+01:00,51.30689100197027,0.28813949986706505
1974-07-04 19:00:00+01:00,16.640142249547036,0.09345103887345615
1974-07-04 20:00:00+01:00,0.11715728752538097,0.0006579553267425396
1974-07-04 21:00:00+01:00,0.0,0.0
1974-07-04 22:00:00+01:00,0.0,0.0
1974-07-04 23:00:00+01:00,0.0,0.0
1974-07-05 00:00:00+01:00,0.0,0.0
1974-07-05 01:00:00+01:00,0.0,0.0
1974-07-05 02:00:00+01:00,0.0,0.0
1974-07-05 03:00:00+01:00,0.0,0.0
1974-07-05 04:00:00+01:00,0.0,0.0
1974-07-05 05:00:00+01:00,27.79532927952617,0.15609856923381896
1974-07-05 06:00:00+01:00,77.58698398973895,0.4357285020863739
1974-07-05 07:00:00+01:00,223.79100583071835,1.2568102887453143
1974-07-05 08:00:00+01:00,429.81276463239885,2.413828486175552
1974-07-05 09:00:00+01:00,598.7750693887825,3.362720789687403
1974-07-05 10:00:00+01:00,720.8875756674964,4.048504624948659
1974-07-05 11:00:00+01:00,835.0302259254627,4.689529748797399
1974-07-05 12:00:00+01:00,788.5394219257622,4.42843739353508
1974-07-05 13:00:00+01:00,683.8750809893496,3.8406424548361873
1974-07-05 14:00:00+01:00,586.6069973448094,3.2943848970884497
1974-07-05 15:00:00+01:00,441.79931167613006,2.4811449343731464
1974-07-05 16:00:00+01:00,308.57692503821966,1.7329680110146417
1974-07-05 17:00:00+01:00,160.44490674070596,0.9010585962558046
1974-07-05 18:00:00+01:00,48.60042233705095,0.2729399718448781
1974-07-05 19:00:00+01:00,19.071855541342018,0.10710754072017677
1974-07-05 20:00:00+01:00,0.11715728752538097,0.0006579553267425396
1974-07-05 21:00:00+01:00,0.0,0.0
1974-07-05 22:00:00+01:00,0.0,0.0
1974-07-05 23:00:00+01:00,0.0,0.0
1974-07-06 00:00:00+01:00,0.0,0.0
1974-07-06 01:00:00+01:00,0.0,0.0
1974-07-06 02:00:00+01:00,0.0,0.0
1974-07-06 03:00:00+01:00,0.0,0.0
1974-07-06 04:00:00+01:00,0.0,0.0
1974-07-06 05:00:00+01:00,30.82281602025362,0.1731009347697443
1974-07-06 06:00:00+01:00,76.67811421684894,0.43062428944182357
1974-07-06 07:00:00+01:00,259.04395457618074,1.4547908488998311
1974-07-06 08:00:00+01:00,458.21862816534326,2.5733558157765675
1974-07-06 09:00:00+01:00,678.7543649055451,3.8118845133095416
1974-07-06 10:00:00+01:00,835.1903308046028,4.6904288977986495
1974-07-06 11:00:00+01:00,912.3310638248219,5.1236512544402
1974-07-06 12:00:00+01:00,915.7153837014928,5.1426575948675834
1974-07-06 13:00:00+01:00,852.7578249782457,4.789087945077828
1974-07-06 14:00:00+01:00,716.8974620374829,4.026096146802504
1974-07-06 15:00:00+01:00,550.3168312695998,3.090579324410072
1974-07-06 16:00:00+01:00,375.8223617693883,2.110618383696884
1974-07-06 17:00:00+01:00,192.5635651691013,1.081436981989673
1974-07-06 18:00:00+01:00,53.844658268086334,0.30239160083357286
1974-07-06 19:00:00+01:00,20.930012785992588,0.11754295180613437
1974-07-06 20:00:00+01:00,0.11715728752538097,0.0006579553267425396
1974-07-06 21:00:00+01:00,0.0,0.0
1974-07-06 22:00:00+01:00,0.0,0.0
1974-07-06 23:00:00+01:00,0.0,0.0
1974-07-07 00:00:00+01:00,0.0,0.0
1974-07-07 01:00:00+01:00,0.0,0.0
1974-07-07 02:00:00+01:00,0.0,0.0
1974-07-07 03:00:00+01:00,0.0,0.0
1974-07-07 04:00:00+01:00,0.0,0.0
1974-07-07 05:00:00+01:00,30.00279916411549,0.1684957201056726
1974-07-07 06:00:00+01:00,75.04187433541055,0.42143516626766564
1974-07-07 07:00:00+01:00,258.4518191235486,1.4514654161978489
1974-07-07 08:00:00+01:00,444.77028519574634,2.497829921659312
1974-07-07 09:00:00+01:00,599.8115762713384,3.3685418123398367
1974-07-07 10:00:00+01:00,737.8192808558047,4.143593081286198
1974-07-07 11:00:00+01:00,718.8960914909181,4.037320449812996
1974-07-07 12:00:00+01:00,544.3729384185874,3.0571984221587867
1974-07-07 13:00:00+01:00,360.14449507447466,2.0225714843382496
1974-07-07 14:00:00+01:00,232.30433238640586,1.3046211306820554
1974-07-07 15:00:00+01:00,213.90120938654061,1.201269191914812
1974-07-07 16:00:00+01:00,241.0800564155706,1.3539055968298443
1974-07-07 17:00:00+01:00,157.57588699854597,0.8849461813838341
1974-07-07 18:00:00+01:00,52.32380230473906,0.2938504737434146
1974-07-07 19:00:00+01:00,16.72062999950042,0.09390305807719436
1974-07-07 20:00:00+01:00,0.11715728752538097,0.0006579553267425396
1974-07-07 21:00:00+01:00,0.0,0.0
1974-07-07 22:00:00+01:00,0.0,0.0
1974-07-07 23:00:00+01:00,0.0,0.0
1974-07-08 00:00:00+01:00,0.0,0.0
1974-07-08 01:00:00+01:00,0.0,0.0
1974-07-08 02:00:00+01:00,0.0,0.0
1974-07-08 03:00:00+01:00,0.0,0.0
1974-07-08 04:00:00+01:00,0.0,0.0
1974-07-08 05:00:00+01:00,31.37262685141119,0.17618867239752525
1974-07-08 06:00:00+01:00,79.69917549042354,0.4475905695542186
1974-07-08 07:00:00+01:00,206.45449983414818,1.1594484710685762
1974-07-08 08:00:00+01:00,345.425667517346,1.9399105487774155
1974-07-08 09:00:00+01:00,502.86221281646823,2.8240741871772856
1974-07-08 10:00:00+01:00,621.3895427142376,3.489723671883158
1974-07-08 11:00:00+01:00,759.2617070658873,4.264013746882023
1974-07-08 12:00:00+01:00,832.3455794854744,4.674452774390424
1974-07-08 13:00:00+01:00,765.4810290611724,4.298941459207544
1974-07-08 14:00:00+01:00,641.970646382603,3.6053071500846983
1974-07-08 15:00:00+01:00,470.6905703494119,2.6433982430822973
1974-07-08 16:00:00+01:00,270.68183614512634,1.5201491917910297
1974-07-08 17:00:00+01:00,148.41421630032542,0.8334942387426276
1974-07-08 18:00:00+01:00,53.70132510333129,0.3015866417803086
1974-07-08 19:00:00+01:00,19.747900432568606,0.11090420882930528
1974-07-08 20:00:00+01:00,0.11715728752538097,0.0006579553267425396
1974-07-08 21:00:00+01:00,0.0,0.0
1974-07-08 22:00:00+01:00,0.0,0.0
1974-07-08 23:00:00+01:00,0.0,0.0
1974-07-09 00:00:00+01:00,0.0,0.0
1974-07-09 01:00:00+01:00,0.0,0.0
1974-07-09 02:00:00+01:00,0.0,0.0
1974-07-09 03:00:00+01:00,0.0,0.0
1974-07-09 04:00:00+01:00,0.0,0.0
1974-07-09 05:00:00+01:00,31.03528351893282,0.1742941522423267
1974-07-09 06:00:00+01:00,76.28657279493031,0.42842539281632863
1974-07-09 07:00:00+01:00,255.68266325003748,1.4359138368122104
1974-07-09 08:00:00+01:00,445.99182687133134,2.5046900997093964
1974-07-09 09:00:00+01:00,586.8594000188061,3.2958023905056155
1974-07-09 10:00:00+01:00,665.1981391392305,3.7357527494059184
1974-07-09 11:00:00+01:00,737.925735973989,4.144190933229922
1974-07-09 12:00:00+01:00,690.2947745547835,3.876695453899664
1974-07-09 13:00:00+01:00,583.574010295287,3.277351641818332
1974-07-09 14:00:00+01:00,586.8278662648223,3.2956252969432422
1974-07-09 15:00:00+01:00,480.6046728869122,2.699075842932899
1974-07-09 16:00:00+01:00,328.358582775899,1.8440618008694487
1974-07-09 17:00:00+01:00,194.36213406956455,1.0915377449346744
1974-07-09 18:00:00+01:00,54.75434623312103,0.3075004084452077
1974-07-09 19:00:00+01:00,20.794478775814017,0.11678179280497153
1974-07-09 20:00:00+01:00,0.11715728752538097,0.0006579553267425396
1974-07-09 21:00:00+01:00,0.0,0.0
1974-07-09 22:00:00+01:00,0.0,0.0
1974-07-09 23:00:00+01:00,0.0,0.0
1974-07-10 00:00:00+01:00,0.0,0.0
1974-07-10 01:00:00+01:00,0.0,0.0
1974-07-10 02:00:00+01:00,0.0,0.0
1974-07-10 03:00:00+01:00,0.0,0.0
1974-07-10 04:00:00+01:00,0.0,0.0
1974-07-10 05:00:00+01:00,31.276861556680124,0.17565085450231555
1974-07-10 06:00:00+01:00,76.1905137988239,0.427885925494195
1974-07-10 07:00:00+01:00,236.8319578509748,1.3300482752910745
1974-07-10 08:00:00+01:00,427.7258684858276,2.402108477416408
1974-07-10 09:00:00+01:00,618.237673856194,3.4720227763763853
1974-07-10 10:00:00+01:00,747.7852302665767,4.199561853177094
1974-07-10 11:00:00+01:00,808.966726416301,4.543157135553947
1974-07-10 12:00:00+01:00,811.9626706662062,4.559982358461414
1974-07-10 13:00:00+01:00,757.7873681963673,4.255733859790799
1974-07-10 14:00:00+01:00,611.0253123849967,3.4315181543541415
1974-07-10 15:00:00+01:00,376.9783267397804,2.1171102829706068
1974-07-10 16:00:00+01:00,227.33151202868393,1.2766937715530888
1974-07-10 17:00:00+01:00,141.49974571748163,0.794662571949377
1974-07-10 18:00:00+01:00,52.460892752211016,0.2946203736964171
1974-07-10 19:00:00+01:00,16.608182632290116,0.09327155366294129
1974-07-10 20:00:00+01:00,0.05857864376269049,0.0003289776633712698
1974-07-10 21:00:00+01:00,0.0,0.0
1974-07-10 22:00:00+01:00,0.0,0.0
1974-07-10 23:00:00+01:00,0.0,0.0
1974-07-11 00:00:00+01:00,0.0,0.0
1974-07-11 01:00:00+01:00,0.0,0.0
1974-07-11 02:00:00+01:00,0.0,0.0
1974-07-11 03:00:00+01:00,0.0,0.0
1974-07-11 04:00:00+01:00,0.0,0.0
1974-07-11 05:00:00+01:00,29.779194079095834,0.16723995394820224
1974-07-11 06:00:00+01:00,81.69203524525925,0.4587824699373759
1974-07-11 07:00:00+01:00,207.53437637187886,1.1655130577044717
1974-07-11 08:00:00+01:00,382.6781052010799,2.1491202388092647
1974-07-11 09:00:00+01:00,613.9580841508171,3.4479886005909886
1974-07-11 10:00:00+01:00,816.0998571219462,4.58321679759685
1974-07-11 11:00:00+01:00,903.5974651432393,5.074603364244432
1974-07-11 12:00:00+01:00,931.1469735735385,5.229321403588992
1974-07-11 13:00:00+01:00,888.159241681835,4.987902301285185
1974-07-11 14:00:00+01:00,752.9798046875148,4.2287345831250835
1974-07-11 15:00:00+01:00,554.854271450627,3.1160615884667213
1974-07-11 16:00:00+01:00,365.57902692004967,2.053091815182999
1974-07-11 17:00:00+01:00,190.76324421076356,1.0713263794876482
1974-07-11 18:00:00+01:00,52.60809526861281,0.2954470630285295
1974-07-11 19:00:00+01:00,19.834709489060323,0.11139172849056277
1974-07-11 20:00:00+01:00,0.11715728752538097,0.0006579553267425396
1974-07-11 21:00:00+01:00,0.0,0.0
1974-07-11 22:00:00+01:00,0.0,0.0
1974-07-11 23:00:00+01:00,0.0,0.0
1974-07-12 00:00:00+01:00,0.0,0.0
1974-07-12 01:00:00+01:00,0.0,0.0
1974-07-12 02:00:00+01:00,0.0,0.0
1974-07-12 03:00:00+01:00,0.0,0.0
1974-07-12 04:00:00+01:00,0.0,0.0
1974-07-12 05:00:00+01:00,29.516057120428762,0.16576217678832794
1974-07-12 06:00:00+01:00,74.98264309181258,0.4211025236036194
1974-07-12 07:00:00+01:00,253.874566819857,1.425759567260317
1974-07-12 08:00:00+01:00,467.3814889641817,2.6248144420228443
1974-07-12 09:00:00+01:00,669.1465438029757,3.757926989997511
1974-07-12 10:00:00+01:00,826.1350902466846,4.639574666825381
1974-07-12 11:00:00+01:00,924.9825876824168,5.194702212424453
1974-07-12 12:00:00+01:00,952.7491647091927,5.3506393090068265
1974-07-12 13:00:00+01:00,903.7136567367713,5.075255896233707
1974-07-12 14:00:00+01:00,785.1512080028076,4.409409184143768
1974-07-12 15:00:00+01:00,611.645710629876,3.4350023108973837
1974-07-12 16:00:00+01:00,406.4332656617301,2.282529219956276
1974-07-12 17:00:00+01:00,201.29832811353225,1.130491410685597
1974-07-12 18:00:00+01:00,52.59133241015287,0.29535292281541853
1974-07-12 19:00:00+01:00,19.973952209784912,0.11217371561015206
1974-07-12 20:00:00+01:00,0.11715728752538097,0.0006579553267425396
1974-07-12 21:00:00+01:00,0.0,0.0
1974-07-12 22:00:00+01:00,0.0,0.0
1974-07-12 23:00:00+01:00,0.0,0.0
1974-07-13 00:00:00+01:00,0.0,0.0
1974-07-13 01:00:00+01:00,0.0,0.0
1974-07-13 02:00:00+01:00,0.0,0.0
1974-07-13 03:00:00+01:00,0.0,0.0
1974-07-13 04:00:00+01:00,0.0,0.0
1974-07-13 05:00:00+01:00,27.896664108656683,0.15666766563421594
1974-07-13 06:00:00+01:00,71.69584763798996,0.4026438803349516
1974-07-13 07:00:00+01:00,265.0472278957724,1.488505231862658
1974-07-13 08:00:00+01:00,483.81489511167143,2.7171044509471467
1974-07-13 09:00:00+01:00,687.5519326506155,3.8612916537658566
1974-07-13 10:00:00+01:00,847.4084341902826,4.759045766412626
1974-07-13 11:00:00+01:00,945.4372729841687,5.309575725079092
1974-07-13 12:00:00+01:00,972.0042951054485,5.458776121312199
1974-07-13 13:00:00+01:00,922.9008763798872,5.183011321749447
1974-07-13 14:00:00+01:00,803.8220937537975,4.514264878521327
1974-07-13 15:00:00+01:00,627.2417264839419,3.522589535933817
1974-07-13 16:00:00+01:00,416.3545808033723,2.338247325791739
1974-07-13 17:00:00+01:00,205.09573344117223,1.1518176390056234
1974-07-13 18:00:00+01:00,52.675500430069114,0.2958256104152681
1974-07-13 19:00:00+01:00,19.273694872949932,0.10824107040648681
1974-07-13 20:00:00+01:00,0.11715728752538097,0.0006579553267425396
1974-07-13 21:00:00+01:00,0.0,0.0
1974-07-13 22:00:00+01:00,0.0,0.0
1974-07-13 23:00:00+01:00,0.0,0.0
1974-07-14 00:00:00+01:00,0.0,0.0
1974-07-14 01:00:00+01:00,0.0,0.0
1974-07-14 02:00:00+01:00,0.0,0.0
1974-07-14 03:00:00+01:00,0.0,0.0
1974-07-14 04:00:00+01:00,0.0,0.0
1974-07-14 05:00:00+01:00,27.801805559493996,0.15613494002211828
1974-07-14 06:00:00+01:00,72.53933705655155,0.40738091690959355
1974-07-14 07:00:00+01:00,265.8752672162084,1.4931555006862265
1974-07-14 08:00:00+01:00,487.6857191092872,2.738842998517757
1974-07-14 09:00:00+01:00,692.293537624402,3.8879205072986416
1974-07-14 10:00:00+01:00,853.6296944903045,4.7939843642575495
1974-07-14 11:00:00+01:00,950.9709037714431,5.3406525955804245
1974-07-14 12:00:00+01:00,975.947357312407,5.480920358666477
1974-07-14 13:00:00+01:00,927.6262362604836,5.209548942838875
1974-07-14 14:00:00+01:00,808.7251587373714,4.541800491469078
1974-07-14 15:00:00+01:00,634.1642697896752,3.561466539138816
1974-07-14 16:00:00+01:00,423.0501477502654,2.3758496297654905
1974-07-14 17:00:00+01:00,207.02503330225835,1.162652587025483
1974-07-14 18:00:00+01:00,52.13420138891349,0.29278567500013813
1974-07-14 19:00:00+01:00,19.233061060288865,0.10801287091458225
1974-07-14 20:00:00+01:00,0.11715728752538097,0.0006579553267425396
1974-07-14 21:00:00+01:00,0.0,0.0
1974-07-14 22:00:00+01:00,0.0,0.0
1974-07-14 23:00:00+01:00,0.0,0.0
1974-07-15 00:00:00+01:00,0.0,0.0
1974-07-15 01:00:00+01:00,0.0,0.0
1974-07-15 02:00:00+01:00,0.0,0.0
1974-07-15 03:00:00+01:00,0.0,0.0
1974-07-15 04:00:00+01:00,0.0,0.0
1974-07-15 05:00:00+01:00,27.09689606487497,0.15217616830033784
1974-07-15 06:00:00+01:00,70.63699631570854,0.3966973713090192
1974-07-15 07:00:00+01:00,264.76067220793755,1.4868959351197772
1974-07-15 08:00:00+01:00,482.89575619729976,2.7119425668040353
1974-07-15 09:00:00+01:00,685.6799859791043,3.8507788012586497
1974-07-15 10:00:00+01:00,842.5571812580698,4.73180112994532
1974-07-15 11:00:00+01:00,936.9039824680069,5.261652765540326
1974-07-15 12:00:00+01:00,959.6479233927749,5.389382737773825
1974-07-15 13:00:00+01:00,909.4241733481512,5.107326157523217
1974-07-15 14:00:00+01:00,789.7822062005766,4.435416870022438
1974-07-15 15:00:00+01:00,607.8559632701899,3.4137190897253866
1974-07-15 16:00:00+01:00,400.4245915265635,2.248784506013181
1974-07-15 17:00:00+01:00,198.59942243345319,1.115334356386273
1974-07-15 18:00:00+01:00,50.20466401858516,0.28194939312837425
1974-07-15 19:00:00+01:00,19.012598255089188,0.10677475180058088
1974-07-15 20:00:00+01:00,0.05857864376269049,0.0003289776633712698
1974-07-15 21:00:00+01:00,0.0,0.0
1974-07-15 22:00:00+01:00,0.0,0.0
1974-07-15 23:00:00+01:00,0.0,0.0
1974-07-16 00:00:00+01:00,0.0,0.0
1974-07-16 01:00:00+01:00,0.0,0.0
1974-07-16 02:00:00+01:00,0.0,0.0
1974-07-16 03:00:00+01:00,0.0,0.0
1974-07-16 04:00:00+01:00,0.0,0.0
1974-07-16 05:00:00+01:00,26.039717714499382,0.1462390546846285
1974-07-16 06:00:00+01:00,68.8186919742676,0.3864857741274868
1974-07-16 07:00:00+01:00,253.14991492276465,1.4216899222062462
1974-07-16 08:00:00+01:00,463.9671248173853,2.605639372974436
1974-07-16 09:00:00+01:00,665.0503505743695,3.734922768825659
1974-07-16 10:00:00+01:00,800.860835740651,4.497634453519496
1974-07-16 11:00:00+01:00,898.470284832471,5.0458091196191575
1974-07-16 12:00:00+01:00,908.3320950006478,5.1011930455236385
1974-07-16 13:00:00+01:00,838.4221621162936,4.708578862445105
1974-07-16 14:00:00+01:00,726.5807474424867,4.080477477637006
1974-07-16 15:00:00+01:00,560.1582557660281,3.1458487643820137
1974-07-16 16:00:00+01:00,393.23270160184524,2.208394852195963
1974-07-16 17:00:00+01:00,198.36154979487722,1.1139984636480305
1974-07-16 18:00:00+01:00,50.293123505720416,0.28244618160812585
1974-07-16 19:00:00+01:00,18.364663710727505,0.10313595139944567
1974-07-16 20:00:00+01:00,0.05857864376269049,0.0003289776633712698
1974-07-16 21:00:00+01:00,0.0,0.0
1974-07-16 22:00:00+01:00,0.0,0.0
1974-07-16 23:00:00+01:00,0.0,0.0
1974-07-17 00:00:00+01:00,0.0,0.0
1974-07-17 01:00:00+01:00,0.0,0.0
1974-07-17 02:00:00+01:00,0.0,0.0
1974-07-17 03:00:00+01:00,0.0,0.0
1974-07-17 04:00:00+01:00,0.0,0.0
1974-07-17 05:00:00+01:00,26.12080702238179,0.14669445223769614
1974-07-17 06:00:00+01:00,68.31180884672048,0.3836391184831822
1974-07-17 07:00:00+01:00,259.51166789163966,1.4574175268794483
1974-07-17 08:00:00+01:00,479.02048159017954,2.6901790246104484
1974-07-17 09:00:00+01:00,682.8612778559805,3.8349489364391864
1974-07-17 10:00:00+01:00,843.912644106602,4.739413409302677
1974-07-17 11:00:00+01:00,943.4897642865351,5.298638516233181
1974-07-17 12:00:00+01:00,971.4694389881897,5.455772369357674
1974-07-17 13:00:00+01:00,913.6888912841722,5.131276813451911
1974-07-17 14:00:00+01:00,791.6206808182665,4.445741743475383
1974-07-17 15:00:00+01:00,631.1015811047049,3.5442664794840226
1974-07-17 16:00:00+01:00,428.09431411318764,2.4041776680596616
1974-07-17 17:00:00+01:00,208.1575372356781,1.169012729115568
1974-07-17 18:00:00+01:00,49.989007832309085,0.2807382679862478
1974-07-17 19:00:00+01:00,18.315503667881742,0.10285986859882386
1974-07-17 20:00:00+01:00,0.05857864376269049,0.0003289776633712698
1974-07-17 21:00:00+01:00,0.0,0.0
1974-07-17 22:00:00+01:00,0.0,0.0
1974-07-17 23:00:00+01:00,0.0,0.0
1974-07-18 00:00:00+01:00,0.0,0.0
1974-07-18 01:00:00+01:00,0.0,0.0
1974-07-18 02:00:00+01:00,0.0,0.0
1974-07-18 03:00:00+01:00,0.0,0.0
1974-07-18 04:00:00+01:00,0.0,0.0
1974-07-18 05:00:00+01:00,26.89075678488303,0.1510184901039031
1974-07-18 06:00:00+01:00,76.0014038574099,0.42682388406321403
1974-07-18 07:00:00+01:00,229.31001823327375,1.2878050623980652
1974-07-18 08:00:00+01:00,469.0367729052697,2.6341105166359946
1974-07-18 09:00:00+01:00,673.7665951098273,3.7838731981367904
1974-07-18 10:00:00+01:00,828.6436499756302,4.653662738263139
1974-07-18 11:00:00+01:00,919.399624534085,5.163348291383421
1974-07-18 12:00:00+01:00,926.0396375122405,5.200638604268743
1974-07-18 13:00:00+01:00,879.9847053081528,4.941994105010586
1974-07-18 14:00:00+01:00,759.2929712172921,4.264189326356312
1974-07-18 15:00:00+01:00,555.0275933140298,3.117034964051591
1974-07-18 16:00:00+01:00,360.54617339648905,2.024827309794682
1974-07-18 17:00:00+01:00,176.1288744856235,0.9891397591112616
1974-07-18 18:00:00+01:00,49.81621338625643,0.27976785437721613
1974-07-18 19:00:00+01:00,18.027196687734694,0.10124073659831806
1974-07-18 20:00:00+01:00,0.05857864376269049,0.0003289776633712698
1974-07-18 21:00:00+01:00,0.0,0.0
1974-07-18 22:00:00+01:00,0.0,0.0
1974-07-18 23:00:00+01:00,0.0,0.0
1974-07-19 00:00:00+01:00,0.0,0.0
1974-07-19 01:00:00+01:00,0.0,0.0
1974-07-19 02:00:00+01:00,0.0,0.0
1974-07-19 03:00:00+01:00,0.0,0.0
1974-07-19 04:00:00+01:00,0.0,0.0
1974-07-19 05:00:00+01:00,24.064487782611145,0.1351461633871442
1974-07-19 06:00:00+01:00,65.65406205745876,0.36871321251468836
1974-07-19 07:00:00+01:00,176.29529516698688,0.9900743776577983
1974-07-19 08:00:00+01:00,283.4825049848715,1.5920377479950387
1974-07-19 09:00:00+01:00,417.10540458282355,2.342463952137137
1974-07-19 10:00:00+01:00,575.855588711803,3.234004986205486
1974-07-19 11:00:00+01:00,652.2924351874103,3.663274316012496
1974-07-19 12:00:00+01:00,751.1933865210044,4.21870205870196
1974-07-19 13:00:00+01:00,728.3992715698059,4.09069030913603
1974-07-19 14:00:00+01:00,540.3875614064984,3.034816544858895
1974-07-19 15:00:00+01:00,330.6975130186685,1.857197233112842
1974-07-19 16:00:00+01:00,218.9797060865447,1.229790029382035
1974-07-19 17:00:00+01:00,132.6127504263227,0.7447532063942283
1974-07-19 18:00:00+01:00,43.13049675505079,0.24222086977636523
1974-07-19 19:00:00+01:00,13.0719788299453,0.07341223310897281
1974-07-19 20:00:00+01:00,0.05857864376269049,0.0003289776633712698
1974-07-19 21:00:00+01:00,0.0,0.0
1974-07-19 22:00:00+01:00,0.0,0.0
1974-07-19 23:00:00+01:00,0.0,0.0
1974-07-20 00:00:00+01:00,0.0,0.0
1974-07-20 01:00:00+01:00,0.0,0.0
1974-07-20 02:00:00+01:00,0.0,0.0
1974-07-20 03:00:00+01:00,0.0,0.0
1974-07-20 04:00:00+01:00,0.0,0.0
1974-07-20 05:00:00+01:00,20.98177298308124,0.11783363707298425
1974-07-20 06:00:00+01:00,60.73269047699643,0.341074789718812
1974-07-20 07:00:00+01:00,166.54284669305724,0.9353046270282095
1974-07-20 08:00:00+01:00,320.25362988577535,1.7985443854385144
1974-07-20 09:00:00+01:00,478.49834529578106,2.6872467071811066
1974-07-20 10:00:00+01:00,552.8250918624169,3.1046657158993334
1974-07-20 11:00:00+01:00,550.1673487754995,3.089739830723205
1974-07-20 12:00:00+01:00,479.0608210916667,2.6904055712508
1974-07-20 13:00:00+01:00,336.7763857652349,1.8913361824575592
1974-07-20 14:00:00+01:00,271.04030146172914,1.5221623330090708
1974-07-20 15:00:00+01:00,242.18719148033944,1.3601232673535861
1974-07-20 16:00:00+01:00,169.70928215952273,0.9530873286078796
1974-07-20 17:00:00+01:00,93.93833184088484,0.5275576716184093
1974-07-20 18:00:00+01:00,28.794248104012187,0.16170849735213244
1974-07-20 19:00:00+01:00,8.640126090755125,0.04852294812568078
1974-07-20 20:00:00+01:00,0.0,0.0
1974-07-20 21:00:00+01:00,0.0,0.0
1974-07-20 22:00:00+01:00,0.0,0.0
1974-07-20 23:00:00+01:00,0.0,0.0
1974-07-21 00:00:00+01:00,0.0,0.0
1974-07-21 01:00:00+01:00,0.0,0.0
1974-07-21 02:00:00+01:00,0.0,0.0
1974-07-21 03:00:00+01:00,0.0,0.0
1974-07-21 04:00:00+01:00,0.0,0.0
1974-07-21 05:00:00+01:00,18.038649004547946,0.10130505280954126
1974-07-21 06:00:00+01:00,55.005955952659335,0.3089134486301348
1974-07-21 07:00:00+01:00,185.15929819067156,1.0398546186388113
1974-07-21 08:00:00+01:00,339.6904810737909,1.9077017417104096
1974-07-21 09:00:00+01:00,427.4146369486135,2.4003606011034133
1974-07-21 10:00:00+01:00,565.746833555139,3.1772342172456605
1974-07-21 11:00:00+01:00,707.3204084447549,3.972311413825743
1974-07-21 12:00:00+01:00,722.6129559624512,4.0581943606851265
1974-07-21 13:00:00+01:00,678.3933086336044,3.809856821286323
1974-07-21 14:00:00+01:00,598.6602577652186,3.362076007609468
1974-07-21 15:00:00+01:00,475.22038980333286,2.6688377091355173
1974-07-21 16:00:00+01:00,296.82059574590113,1.666944465708981
1974-07-21 17:00:00+01:00,145.9485012937729,0.8196467832658286
1974-07-21 18:00:00+01:00,54.95827492232218,0.30864567196376136
1974-07-21 19:00:00+01:00,17.36248404387074,0.09750771039037809
1974-07-21 20:00:00+01:00,0.05857864376269049,0.0003289776633712698
1974-07-21 21:00:00+01:00,0.0,0.0
1974-07-21 22:00:00+01:00,0.0,0.0
1974-07-21 23:00:00+01:00,0.0,0.0
1974-07-22 00:00:00+01:00,0.0,0.0
1974-07-22 01:00:00+01:00,0.0,0.0
1974-07-22 02:00:00+01:00,0.0,0.0
1974-07-22 03:00:00+01:00,0.0,0.0
1974-07-22 04:00:00+01:00,0.0,0.0
1974-07-22 05:00:00+01:00,14.092187480498286,0.07914172489047838
1974-07-22 06:00:00+01:00,51.263778413757,0.28789737957165934
1974-07-22 07:00:00+01:00,126.95643896930866,0.7129873612516375
1974-07-22 08:00:00+01:00,240.9336281356808,1.3530832556099834
1974-07-22 09:00:00+01:00,364.31094528407175,2.045970268715347
1974-07-22 10:00:00+01:00,447.90856008030346,2.5154544734109843
1974-07-22 11:00:00+01:00,546.8750305607248,3.07125017162903
1974-07-22 12:00:00+01:00,545.3388709528041,3.062623099270948
1974-07-22 13:00:00+01:00,494.1609568105074,2.7752079334478097
1974-07-22 14:00:00+01:00,436.651683124217,2.452235852425603
1974-07-22 15:00:00+01:00,354.02187202937114,1.9881868333169483
1974-07-22 16:00:00+01:00,219.68797185407473,1.2337676499324837
1974-07-22 17:00:00+01:00,114.01892092612903,0.6403302599211407
1974-07-22 18:00:00+01:00,47.68340858634014,0.2677900226208862
1974-07-22 19:00:00+01:00,14.274938866877307,0.08016805667638295
1974-07-22 20:00:00+01:00,0.05857864376269049,0.0003289776633712698
1974-07-22 21:00:00+01:00,0.0,0.0
1974-07-22 22:00:00+01:00,0.0,0.0
1974-07-22 23:00:00+01:00,0.0,0.0
1974-07-23 00:00:00+01:00,0.0,0.0
1974-07-23 01:00:00+01:00,0.0,0.0
1974-07-23 02:00:00+01:00,0.0,0.0
1974-07-23 03:00:00+01:00,0.0,0.0
1974-07-23 04:00:00+01:00,0.0,0.0
1974-07-23 05:00:00+01:00,10.639217633308057,0.059749846228658046
1974-07-23 06:00:00+01:00,34.445433415699114,0.19344555406256622
1974-07-23 07:00:00+01:00,82.21474015795617,0.46171798072708187
1974-07-23 08:00:00+01:00,121.93697605073628,0.6847980575009349
1974-07-23 09:00:00+01:00,120.53099508845122,0.676902068416742
1974-07-23 10:00:00+01:00,109.97060076992935,0.6175948939239232
1974-07-23 11:00:00+01:00,109.87012277893443,0.6170306095264957
1974-07-23 12:00:00+01:00,135.75770095703965,0.7624152485747346
1974-07-23 13:00:00+01:00,200.1396059884579,1.1239840272311796
1974-07-23 14:00:00+01:00,224.5152429041324,1.2608776041496075
1974-07-23 15:00:00+01:00,176.89106981022712,0.9934202480542356
1974-07-23 16:00:00+01:00,119.97850117527905,0.6737992626003672
1974-07-23 17:00:00+01:00,68.38533942085117,0.38405206618750015
1974-07-23 18:00:00+01:00,29.053989885171465,0.16316720719512295
1974-07-23 19:00:00+01:00,6.870020054725279,0.03858203262733717
1974-07-23 20:00:00+01:00,0.0,0.0
1974-07-23 21:00:00+01:00,0.0,0.0
1974-07-23 22:00:00+01:00,0.0,0.0
1974-07-23 23:00:00+01:00,0.0,0.0
1974-07-24 00:00:00+01:00,0.0,0.0
1974-07-24 01:00:00+01:00,0.0,0.0
1974-07-24 02:00:00+01:00,0.0,0.0
1974-07-24 03:00:00+01:00,0.0,0.0
1974-07-24 04:00:00+01:00,0.0,0.0
1974-07-24 05:00:00+01:00,19.615730004641414,0.11016193970606619
1974-07-24 06:00:00+01:00,69.29369673999707,0.3891534008918236
1974-07-24 07:00:00+01:00,196.85510130267494,1.1055382489158225
1974-07-24 08:00:00+01:00,381.5942146954651,2.143033109729732
1974-07-24 09:00:00+01:00,579.5301058545125,3.254641074478942
1974-07-24 10:00:00+01:00,689.9302298429822,3.8746481707981872
1974-07-24 11:00:00+01:00,733.5307432123886,4.119508653880774
1974-07-24 12:00:00+01:00,764.9705321669677,4.296074508649691
1974-07-24 13:00:00+01:00,678.2752295340374,3.8091936890631537
1974-07-24 14:00:00+01:00,535.6830633301121,3.0083960836619092
1974-07-24 15:00:00+01:00,407.1444719506467,2.286523354474832
1974-07-24 16:00:00+01:00,247.45406022036494,1.3897020021975695
1974-07-24 17:00:00+01:00,130.21004006966206,0.7312595850312221
1974-07-24 18:00:00+01:00,48.18287894110575,0.2705950481332499
1974-07-24 19:00:00+01:00,14.390209116612315,0.08081541439889477
1974-07-24 20:00:00+01:00,0.0,0.0
1974-07-24 21:00:00+01:00,0.0,0.0
1974-07-24 22:00:00+01:00,0.0,0.0
1974-07-24 23:00:00+01:00,0.0,0.0
1974-07-25 00:00:00+01:00,0.0,0.0
1974-07-25 01:00:00+01:00,0.0,0.0
1974-07-25 02:00:00+01:00,0.0,0.0
1974-07-25 03:00:00+01:00,0.0,0.0
1974-07-25 04:00:00+01:00,0.0,0.0
1974-07-25 05:00:00+01:00,23.052379284752742,0.1294621620631714
1974-07-25 06:00:00+01:00,69.61654545334855,0.39096651926600545
1974-07-25 07:00:00+01:00,238.31643222491743,1.3383850833751363
1974-07-25 08:00:00+01:00,457.95143115863186,2.5718552373868766
1974-07-25 09:00:00+01:00,657.6487231915835,3.693355229443933
1974-07-25 10:00:00+01:00,817.7261611483298,4.592350121009019
1974-07-25 11:00:00+01:00,916.4059472099407,5.146535799531027
1974-07-25 12:00:00+01:00,915.672119543209,5.142414623354661
1974-07-25 13:00:00+01:00,814.5495547897043,4.574510299698979
1974-07-25 14:00:00+01:00,719.2888653062112,4.039526267559682
1974-07-25 15:00:00+01:00,603.3820695544938,3.3885937026180373
1974-07-25 16:00:00+01:00,415.8149011004714,2.335216484580247
1974-07-25 17:00:00+01:00,203.62238833008513,1.1435433328617581
1974-07-25 18:00:00+01:00,48.67461350208231,0.2733566294276943
1974-07-25 19:00:00+01:00,15.434292602977875,0.08667898725832374
1974-07-25 20:00:00+01:00,0.0,0.0
1974-07-25 21:00:00+01:00,0.0,0.0
1974-07-25 22:00:00+01:00,0.0,0.0
1974-07-25 23:00:00+01:00,0.0,0.0
1974-07-26 00:00:00+01:00,0.0,0.0
1974-07-26 01:00:00+01:00,0.0,0.0
1974-07-26 02:00:00+01:00,0.0,0.0
1974-07-26 03:00:00+01:00,0.0,0.0
1974-07-26 04:00:00+01:00,0.0,0.0
1974-07-26 05:00:00+01:00,15.637917340553615,0.0878225437845491
1974-07-26 06:00:00+01:00,46.741082597056014,0.26249791986506654
1974-07-26 07:00:00+01:00,142.70967931925279,0.8014575590569237
1974-07-26 08:00:00+01:00,313.1138985081203,1.7584476540216039
1974-07-26 09:00:00+01:00,526.0258637151665,2.954161250624375
1974-07-26 10:00:00+01:00,668.7481042406266,3.755689353415359
1974-07-26 11:00:00+01:00,772.5404371154548,4.338587094840394
1974-07-26 12:00:00+01:00,794.0143599155401,4.459184645285673
1974-07-26 13:00:00+01:00,730.3758333487934,4.101790680086824
1974-07-26 14:00:00+01:00,637.6006213178081,3.58076508932081
1974-07-26 15:00:00+01:00,475.87705177705664,2.6725255227799503
1974-07-26 16:00:00+01:00,315.8006292146858,1.773536333669675
1974-07-26 17:00:00+01:00,166.991511583607,0.937824329053537
1974-07-26 18:00:00+01:00,44.825551933679876,0.25174029965954614
1974-07-26 19:00:00+01:00,12.992194035886474,0.07296416170553843
1974-07-26 20:00:00+01:00,0.0,0.0
1974-07-26 21:00:00+01:00,0.0,0.0
1974-07-26 22:00:00+01:00,0.0,0.0
1974-07-26 23:00:00+01:00,0.0,0.0
1974-07-27 00:00:00+01:00,0.0,0.0
1974-07-27 01:00:00+01:00,0.0,0.0
1974-07-27 02:00:00+01:00,0.0,0.0
1974-07-27 03:00:00+01:00,0.0,0.0
1974-07-27 04:00:00+01:00,0.0,0.0
1974-07-27 05:00:00+01:00,22.719579145315066,0.1275931564800894
1974-07-27 06:00:00+01:00,65.59255323003329,0.368367778939867
1974-07-27 07:00:00+01:00,257.2911981047421,1.4449473685562317
1974-07-27 08:00:00+01:00,479.22166992932875,2.6913088983231104
1974-07-27 09:00:00+01:00,695.957376382884,3.9084966257662765
1974-07-27 10:00:00+01:00,859.497763424937,4.8269394393944465
1974-07-27 11:00:00+01:00,960.9080975746666,5.396459875979328
1974-07-27 12:00:00+01:00,988.7339535793055,5.55272988330138
1974-07-27 13:00:00+01:00,937.6255104190698,5.265704866513495
1974-07-27 14:00:00+01:00,816.3519536406691,4.584632571645997
1974-07-27 15:00:00+01:00,637.5330237144087,3.5803854611801196
1974-07-27 16:00:00+01:00,414.826396138182,2.32966504071203
1974-07-27 17:00:00+01:00,197.18231020175085,1.1073758540930327
1974-07-27 18:00:00+01:00,48.99582940102139,0.2751605779161361
1974-07-27 19:00:00+01:00,14.511952857893723,0.08149912724993115
1974-07-27 20:00:00+01:00,0.0,0.0
1974-07-27 21:00:00+01:00,0.0,0.0
1974-07-27 22:00:00+01:00,0.0,0.0
1974-07-27 23:00:00+01:00,0.0,0.0
1974-07-28 00:00:00+01:00,0.0,0.0
1974-07-28 01:00:00+01:00,0.0,0.0
1974-07-28 02:00:00+01:00,0.0,0.0
1974-07-28 03:00:00+01:00,0.0,0.0
1974-07-28 04:00:00+01:00,0.0,0.0
1974-07-28 05:00:00+01:00,22.00534311617949,0.12358200694046402
1974-07-28 06:00:00+01:00,64.7144557106362,0.3634363832709329
1974-07-28 07:00:00+01:00,258.9017031298176,1.4539919647770556
1974-07-28 08:00:00+01:00,480.92329284275485,2.7008652126049113
1974-07-28 09:00:00+01:00,689.0954587695627,3.869960096449864
1974-07-28 10:00:00+01:00,848.8046089414908,4.766886683815413
1974-07-28 11:00:00+01:00,948.0119265306187,5.324034979395955
1974-07-28 12:00:00+01:00,971.5657782116436,5.456313410436591
1974-07-28 13:00:00+01:00,877.2467185519447,4.926617571387721
1974-07-28 14:00:00+01:00,751.0806217112588,4.218068771530429
1974-07-28 15:00:00+01:00,581.856130337871,3.2677040279774836
1974-07-28 16:00:00+01:00,351.0298638962155,1.9713837156411462
1974-07-28 17:00:00+01:00,164.59829331743143,0.9243840152706948
1974-07-28 18:00:00+01:00,50.60284622546093,0.28418558440218855
1974-07-28 19:00:00+01:00,13.67277994607021,0.07678633217713031
1974-07-28 20:00:00+01:00,0.0,0.0
1974-07-28 21:00:00+01:00,0.0,0.0
1974-07-28 22:00:00+01:00,0.0,0.0
1974-07-28 23:00:00+01:00,0.0,0.0
1974-07-29 00:00:00+01:00,0.0,0.0
1974-07-29 01:00:00+01:00,0.0,0.0
1974-07-29 02:00:00+01:00,0.0,0.0
1974-07-29 03:00:00+01:00,0.0,0.0
1974-07-29 04:00:00+01:00,0.0,0.0
1974-07-29 05:00:00+01:00,21.735618345442024,0.12206723262800241
1974-07-29 06:00:00+01:00,63.77802707727865,0.35817740006599696
1974-07-29 07:00:00+01:00,245.6117808351139,1.3793557611699996
1974-07-29 08:00:00+01:00,459.79201556424886,2.5821919594088216
1974-07-29 09:00:00+01:00,665.8041094470916,3.739155878654866
1974-07-29 10:00:00+01:00,818.3560018391418,4.59588730632862
1974-07-29 11:00:00+01:00,895.2345333894789,5.027637139515313
1974-07-29 12:00:00+01:00,842.6680046624258,4.732423514184183
1974-07-29 13:00:00+01:00,697.1891173456123,3.9154140830129585
1974-07-29 14:00:00+01:00,618.3504785580014,3.472656287581736
1974-07-29 15:00:00+01:00,463.7345107220212,2.6043330122148713
1974-07-29 16:00:00+01:00,280.92174477441495,1.5776565186531144
1974-07-29 17:00:00+01:00,156.48411162603702,0.8788147708918239
1974-07-29 18:00:00+01:00,42.88168721667297,0.24082355540883543
1974-07-29 19:00:00+01:00,12.00797469107183,0.0674367858650594
1974-07-29 20:00:00+01:00,0.0,0.0
1974-07-29 21:00:00+01:00,0.0,0.0
1974-07-29 22:00:00+01:00,0.0,0.0
1974-07-29 23:00:00+01:00,0.0,0.0
1974-07-30 00:00:00+01:00,0.0,0.0
1974-07-30 01:00:00+01:00,0.0,0.0
1974-07-30 02:00:00+01:00,0.0,0.0
1974-07-30 03:00:00+01:00,0.0,0.0
1974-07-30 04:00:00+01:00,0.0,0.0
1974-07-30 05:00:00+01:00,20.162562875199164,0.1132329531071185
1974-07-30 06:00:00+01:00,62.6780825906377,0.3520001118290213
1974-07-30 07:00:00+01:00,234.90492049027506,1.3192260334733847
1974-07-30 08:00:00+01:00,425.0763201244623,2.3872286138189804
1974-07-30 09:00:00+01:00,651.8019632819937,3.6605198257916762
1974-07-30 10:00:00+01:00,786.3794268142065,4.416306860988583
1974-07-30 11:00:00+01:00,806.7410274286073,4.530657610039058
1974-07-30 12:00:00+01:00,780.524357606479,4.383424792317987
1974-07-30 13:00:00+01:00,716.7454564586787,4.025242483471939
1974-07-30 14:00:00+01:00,650.2245834400369,3.6516612605992473
1974-07-30 15:00:00+01:00,526.8132193781944,2.9585830400279396
1974-07-30 16:00:00+01:00,342.09191664129725,1.9211882038575252
1974-07-30 17:00:00+01:00,166.8442815153125,0.9369974849899949
1974-07-30 18:00:00+01:00,41.36119088579019,0.2322844480145977
1974-07-30 19:00:00+01:00,11.87103397117986,0.0666677267821461
1974-07-30 20:00:00+01:00,0.0,0.0
1974-07-30 21:00:00+01:00,0.0,0.0
1974-07-30 22:00:00+01:00,0.0,0.0
1974-07-30 23:00:00+01:00,0.0,0.0
1974-07-31 00:00:00+01:00,0.0,0.0
1974-07-31 01:00:00+01:00,0.0,0.0
1974-07-31 02:00:00+01:00,0.0,0.0
1974-07-31 03:00:00+01:00,0.0,0.0
1974-07-31 04:00:00+01:00,0.0,0.0
1974-07-31 05:00:00+01:00,20.242998279496565,0.11368467833765271
1974-07-31 06:00:00+01:00,62.47301104809172,0.35084843004608307
1974-07-31 07:00:00+01:00,249.55917066769456,1.4015243024697728
1974-07-31 08:00:00+01:00,464.06192906766796,2.606171793644023
1974-07-31 09:00:00+01:00,666.4663341241021,3.742874932440957
1974-07-31 10:00:00+01:00,790.9427495812636,4.441934481648376
1974-07-31 11:00:00+01:00,865.814888796,4.862416415478336
1974-07-31 12:00:00+01:00,909.6110876803134,5.10837586841264
1974-07-31 13:00:00+01:00,853.513678538057,4.793332818669728
1974-07-31 14:00:00+01:00,716.9623858582435,4.026460758979895
1974-07-31 15:00:00+01:00,537.4732459481808,3.0184497492449833
1974-07-31 16:00:00+01:00,327.2077219161083,1.8375985662808643
1974-07-31 17:00:00+01:00,150.81996938179176,0.8470049480481425
1974-07-31 18:00:00+01:00,40.70626663527662,0.22860639342371347
1974-07-31 19:00:00+01:00,11.084673866959212,0.06225152843684293
1974-07-31 20:00:00+01:00,0.0,0.0
1974-07-31 21:00:00+01:00,0.0,0.0
1974-07-31 22:00:00+01:00,0.0,0.0
1974-07-31 23:00:00+01:00,0.0,0.0
1983-08-01 00:00:00+01:00,0.0,0.0
1983-08-01 01:00:00+01:00,0.0,0.0
1983-08-01 02:00:00+01:00,0.0,0.0
1983-08-01 03:00:00+01:00,0.0,0.0
1983-08-01 04:00:00+01:00,0.0,0.0
1983-08-01 05:00:00+01:00,21.11902321106055,0.11860443435331605
1983-08-01 06:00:00+01:00,65.43551793110788,0.3674858687011019
1983-08-01 07:00:00+01:00,258.9057551797186,1.4540147210892995
1983-08-01 08:00:00+01:00,484.57379245570854,2.721366418431259
1983-08-01 09:00:00+01:00,697.6474339477099,3.9179879890503386
1983-08-01 10:00:00+01:00,860.4172604455767,4.832103334662359
1983-08-01 11:00:00+01:00,960.4839959259775,5.39407812112029
1983-08-01 12:00:00+01:00,985.0866639948972,5.532246704995343
1983-08-01 13:00:00+01:00,931.3219873318349,5.230304280855584
1983-08-01 14:00:00+01:00,804.6580449692627,4.51895958054738
1983-08-01 15:00:00+01:00,624.6264662920528,3.507902234696168
1983-08-01 16:00:00+01:00,407.5822167092472,2.2889817290391323
1983-08-01 17:00:00+01:00,189.79087678216536,1.0658655640086407
1983-08-01 18:00:00+01:00,44.82940034118052,0.25176191231606987
1983-08-01 19:00:00+01:00,12.432576684612325,0.06982135066078282
1983-08-01 20:00:00+01:00,0.0,0.0
1983-08-01 21:00:00+01:00,0.0,0.0
1983-08-01 22:00:00+01:00,0.0,0.0
1983-08-01 23:00:00+01:00,0.0,0.0
1983-08-02 00:00:00+01:00,0.0,0.0
1983-08-02 01:00:00+01:00,0.0,0.0
1983-08-02 02:00:00+01:00,0.0,0.0
1983-08-02 03:00:00+01:00,0.0,0.0
1983-08-02 04:00:00+01:00,0.0,0.0
1983-08-02 05:00:00+01:00,20.908123691078494,0.11742002264909682
1983-08-02 06:00:00+01:00,64.28846451864871,0.36104401673673114
1983-08-02 07:00:00+01:00,242.66635857110373,1.3628142697353185
1983-08-02 08:00:00+01:00,441.08145294806957,2.4771134397563586
1983-08-02 09:00:00+01:00,673.6605800986611,3.7832778178340805
1983-08-02 10:00:00+01:00,840.3720189854248,4.719529258622146
1983-08-02 11:00:00+01:00,939.8176864381236,5.278016127036501
1983-08-02 12:00:00+01:00,964.6411063331077,5.417424453166733
1983-08-02 13:00:00+01:00,878.9582542463863,4.936229555847706
1983-08-02 14:00:00+01:00,747.1816139212558,4.196171943781773
1983-08-02 15:00:00+01:00,593.0557453775187,3.330601066040145
1983-08-02 16:00:00+01:00,396.6208126354962,2.2274224837609466
1983-08-02 17:00:00+01:00,190.26534296476254,1.0685301660901065
1983-08-02 18:00:00+01:00,46.40054043540351,0.2605854350852261
1983-08-02 19:00:00+01:00,12.310034595041316,0.06913315428575204
1983-08-02 20:00:00+01:00,0.0,0.0
1983-08-02 21:00:00+01:00,0.0,0.0
1983-08-02 22:00:00+01:00,0.0,0.0
1983-08-02 23:00:00+01:00,0.0,0.0
1983-08-03 00:00:00+01:00,0.0,0.0
1983-08-03 01:00:00+01:00,0.0,0.0
1983-08-03 02:00:00+01:00,0.0,0.0
1983-08-03 03:00:00+01:00,0.0,0.0
1983-08-03 04:00:00+01:00,0.0,0.0
1983-08-03 05:00:00+01:00,19.269472726616605,0.10821735883267886
1983-08-03 06:00:00+01:00,64.00312522411615,0.3594415512586363
1983-08-03 07:00:00+01:00,239.35382321087337,1.344211071152265
1983-08-03 08:00:00+01:00,447.17468193880654,2.5113330137683376
1983-08-03 09:00:00+01:00,630.4259140784344,3.5404719334644876
1983-08-03 10:00:00+01:00,776.3443774079178,4.359950023522866
1983-08-03 11:00:00+01:00,830.3861994705105,4.663448896226387
1983-08-03 12:00:00+01:00,844.0258583131816,4.740049220286828
1983-08-03 13:00:00+01:00,793.9788829514174,4.4589854066551595
1983-08-03 14:00:00+01:00,643.8357782176752,3.615781730470464
1983-08-03 15:00:00+01:00,490.10939271537615,2.752454349489552
1983-08-03 16:00:00+01:00,339.2102560664073,1.9050047980689433
1983-08-03 17:00:00+01:00,171.4527221470645,0.9628784875779142
1983-08-03 18:00:00+01:00,41.960264144049304,0.23564884343298087
1983-08-03 19:00:00+01:00,10.085979814434998,0.05664286263786694
1983-08-03 20:00:00+01:00,0.0,0.0
1983-08-03 21:00:00+01:00,0.0,0.0
1983-08-03 22:00:00+01:00,0.0,0.0
1983-08-03 23:00:00+01:00,0.0,0.0
1983-08-04 00:00:00+01:00,0.0,0.0
1983-08-04 01:00:00+01:00,0.0,0.0
1983-08-04 02:00:00+01:00,0.0,0.0
1983-08-04 03:00:00+01:00,0.0,0.0
1983-08-04 04:00:00+01:00,0.0,0.0
1983-08-04 05:00:00+01:00,13.643385108219798,0.07662125076776238
1983-08-04 06:00:00+01:00,49.493350503088784,0.2779546564253466
1983-08-04 07:00:00+01:00,147.06571934476017,0.8259210798401733
1983-08-04 08:00:00+01:00,227.26003859144492,1.2762923767295546
1983-08-04 09:00:00+01:00,312.67300716284393,1.7559716082265315
1983-08-04 10:00:00+01:00,394.60629217050086,2.216108936829533
1983-08-04 11:00:00+01:00,438.7833631204666,2.4642073672845406
1983-08-04 12:00:00+01:00,488.0816768224482,2.741066697034869
1983-08-04 13:00:00+01:00,497.73461521653644,2.7952775990560688
1983-08-04 14:00:00+01:00,386.00520397298715,2.167805225512296
1983-08-04 15:00:00+01:00,189.28772763545436,1.0630398784007118
1983-08-04 16:00:00+01:00,113.52266570559841,0.6375432906026406
1983-08-04 17:00:00+01:00,78.61395356868576,0.44149596324173923
1983-08-04 18:00:00+01:00,23.441620686850918,0.13164814177735473
1983-08-04 19:00:00+01:00,5.234118908111667,0.029394811787955125
1983-08-04 20:00:00+01:00,0.0,0.0
1983-08-04 21:00:00+01:00,0.0,0.0
1983-08-04 22:00:00+01:00,0.0,0.0
1983-08-04 23:00:00+01:00,0.0,0.0
1983-08-05 00:00:00+01:00,0.0,0.0
1983-08-05 01:00:00+01:00,0.0,0.0
1983-08-05 02:00:00+01:00,0.0,0.0
1983-08-05 03:00:00+01:00,0.0,0.0
1983-08-05 04:00:00+01:00,0.0,0.0
1983-08-05 05:00:00+01:00,19.313673019738758,0.10846558767885287
1983-08-05 06:00:00+01:00,64.65382299316147,0.3630958699295948
1983-08-05 07:00:00+01:00,249.40395123236954,1.4006525901209872
1983-08-05 08:00:00+01:00,470.7347153260064,2.6436461612708517
1983-08-05 09:00:00+01:00,670.2009089001247,3.7638483043830995
1983-08-05 10:00:00+01:00,824.4881029855344,4.630325186366761
1983-08-05 11:00:00+01:00,897.6245975549803,5.041059739868769
1983-08-05 12:00:00+01:00,859.780759208559,4.8285287437152675
1983-08-05 13:00:00+01:00,772.3829992840517,4.337702923979235
1983-08-05 14:00:00+01:00,695.1201209464691,3.9037945992353706
1983-08-05 15:00:00+01:00,518.2266267365653,2.9103607357525507
1983-08-05 16:00:00+01:00,311.2323154470514,1.7478806835506409
1983-08-05 17:00:00+01:00,151.0715109725072,0.8484176056216004
1983-08-05 18:00:00+01:00,46.05371803994036,0.25863768051230507
1983-08-05 19:00:00+01:00,10.579203368311573,0.05941280611643779
1983-08-05 20:00:00+01:00,0.0,0.0
1983-08-05 21:00:00+01:00,0.0,0.0
1983-08-05 22:00:00+01:00,0.0,0.0
1983-08-05 23:00:00+01:00,0.0,0.0
1983-08-06 00:00:00+01:00,0.0,0.0
1983-08-06 01:00:00+01:00,0.0,0.0
1983-08-06 02:00:00+01:00,0.0,0.0
1983-08-06 03:00:00+01:00,0.0,0.0
1983-08-06 04:00:00+01:00,0.0,0.0
1983-08-06 05:00:00+01:00,18.47283267788373,0.10374342831899502
1983-08-06 06:00:00+01:00,66.86003934666215,0.3754859809708546
1983-08-06 07:00:00+01:00,236.86025808239336,1.3302072093907211
1983-08-06 08:00:00+01:00,453.5166995443459,2.546949784641047
1983-08-06 09:00:00+01:00,640.1493520674147,3.595078761210601
1983-08-06 10:00:00+01:00,726.4966965447242,4.080005447795171
1983-08-06 11:00:00+01:00,775.1421237585228,4.353198167027863
1983-08-06 12:00:00+01:00,846.2589118019115,4.752590048679535
1983-08-06 13:00:00+01:00,752.4989220356732,4.226033946152341
1983-08-06 14:00:00+01:00,580.4896221736867,3.2600297181274245
1983-08-06 15:00:00+01:00,487.59826888038856,2.7383518780322618
1983-08-06 16:00:00+01:00,304.981290398065,1.7127749268755332
1983-08-06 17:00:00+01:00,125.38512693888622,0.704162872888785
1983-08-06 18:00:00+01:00,38.14339102948505,0.21421328402158807
1983-08-06 19:00:00+01:00,6.733074278138062,0.03781294514602336
1983-08-06 20:00:00+01:00,0.0,0.0
1983-08-06 21:00:00+01:00,0.0,0.0
1983-08-06 22:00:00+01:00,0.0,0.0
1983-08-06 23:00:00+01:00,0.0,0.0
1983-08-07 00:00:00+01:00,0.0,0.0
1983-08-07 01:00:00+01:00,0.0,0.0
1983-08-07 02:00:00+01:00,0.0,0.0
1983-08-07 03:00:00+01:00,0.0,0.0
1983-08-07 04:00:00+01:00,0.0,0.0
1983-08-07 05:00:00+01:00,14.15706736011491,0.07950609029440533
1983-08-07 06:00:00+01:00,57.54629439010824,0.32317998929484787
1983-08-07 07:00:00+01:00,179.00843978698092,1.0053113978436847
1983-08-07 08:00:00+01:00,362.04127753178886,2.0332238146185264
1983-08-07 09:00:00+01:00,556.652225122793,3.1261588962896054
1983-08-07 10:00:00+01:00,679.2885315672316,3.8148843932815732
1983-08-07 11:00:00+01:00,758.9414054430323,4.26221493296807
1983-08-07 12:00:00+01:00,761.6761026672323,4.277572992579176
1983-08-07 13:00:00+01:00,654.7568321822615,3.6771143695355804
1983-08-07 14:00:00+01:00,511.97552979032855,2.875254575302485
1983-08-07 15:00:00+01:00,310.36780908933923,1.7430256158457291
1983-08-07 16:00:00+01:00,200.63475684597017,1.1267647944469685
1983-08-07 17:00:00+01:00,103.82048103411617,0.5830558214875964
1983-08-07 18:00:00+01:00,36.73285640681321,0.20629172158066297
1983-08-07 19:00:00+01:00,0.702943725152286,0.003947731960455238
1983-08-07 20:00:00+01:00,0.0,0.0
1983-08-07 21:00:00+01:00,0.0,0.0
1983-08-07 22:00:00+01:00,0.0,0.0
1983-08-07 23:00:00+01:00,0.0,0.0
1983-08-08 00:00:00+01:00,0.0,0.0
1983-08-08 01:00:00+01:00,0.0,0.0
1983-08-08 02:00:00+01:00,0.0,0.0
1983-08-08 03:00:00+01:00,0.0,0.0
1983-08-08 04:00:00+01:00,0.0,0.0
1983-08-08 05:00:00+01:00,,
1983-08-08 06:00:00+01:00,57.65616570910347,0.32379702662232507
1983-08-08 07:00:00+01:00,184.4905308371258,1.0360988211812985
1983-08-08 08:00:00+01:00,362.18317216051486,2.0340206948534516
1983-08-08 09:00:00+01:00,500.5605264124065,2.8111479163320747
1983-08-08 10:00:00+01:00,649.8541577789463,3.649580950086562
1983-08-08 11:00:00+01:00,736.7502752849016,4.137589546000007
1983-08-08 12:00:00+01:00,758.4983948432207,4.259726985439527
1983-08-08 13:00:00+01:00,695.8571581878953,3.90793380038322
1983-08-08 14:00:00+01:00,553.3450948448276,3.1075860526485517
1983-08-08 15:00:00+01:00,463.5383343120713,2.6032312854965927
1983-08-08 16:00:00+01:00,300.42200196234666,1.6871699630205388
1983-08-08 17:00:00+01:00,136.57936744792147,0.767029727587527
1983-08-08 18:00:00+01:00,38.83261845500613,0.21808398524331443
1983-08-08 19:00:00+01:00,0.9372583002030478,0.005263642613940317
1983-08-08 20:00:00+01:00,0.0,0.0
1983-08-08 21:00:00+01:00,0.0,0.0
1983-08-08 22:00:00+01:00,0.0,0.0
1983-08-08 23:00:00+01:00,0.0,0.0
1983-08-09 00:00:00+01:00,0.0,0.0
1983-08-09 01:00:00+01:00,0.0,0.0
1983-08-09 02:00:00+01:00,0.0,0.0
1983-08-09 03:00:00+01:00,0.0,0.0
1983-08-09 04:00:00+01:00,0.0,0.0
1983-08-09 05:00:00+01:00,,
1983-08-09 06:00:00+01:00,42.11080201886913,0.23649426413796903
1983-08-09 07:00:00+01:00,128.30296732720228,0.720549464509568
1983-08-09 08:00:00+01:00,289.2082263187882,1.6241933990063147
1983-08-09 09:00:00+01:00,513.3638492696589,2.883051377498404
1983-08-09 10:00:00+01:00,652.301705233042,3.6633263765887634
1983-08-09 11:00:00+01:00,668.6134708292493,3.754933252177064
1983-08-09 12:00:00+01:00,601.2521453553197,3.376632048315475
1983-08-09 13:00:00+01:00,487.34502331694284,2.736929650947951
1983-08-09 14:00:00+01:00,398.5629103536678,2.2383293045461983
1983-08-09 15:00:00+01:00,381.90254053331995,2.144764667635125
1983-08-09 16:00:00+01:00,307.83663791141464,1.7288105585105045
1983-08-09 17:00:00+01:00,162.63110008693127,0.913336258088206
1983-08-09 18:00:00+01:00,45.12404464477555,0.2534166347250595
1983-08-09 19:00:00+01:00,0.9372583002030478,0.005263642613940317
1983-08-09 20:00:00+01:00,0.0,0.0
1983-08-09 21:00:00+01:00,0.0,0.0
1983-08-09 22:00:00+01:00,0.0,0.0
1983-08-09 23:00:00+01:00,0.0,0.0
1983-08-10 00:00:00+01:00,0.0,0.0
1983-08-10 01:00:00+01:00,0.0,0.0
1983-08-10 02:00:00+01:00,0.0,0.0
1983-08-10 03:00:00+01:00,0.0,0.0
1983-08-10 04:00:00+01:00,0.0,0.0
1983-08-10 05:00:00+01:00,,
1983-08-10 06:00:00+01:00,61.34278191407694,0.34450106322945606
1983-08-10 07:00:00+01:00,239.8192280001033,1.3468247844485801
1983-08-10 08:00:00+01:00,458.3259524635204,2.573958549035131
1983-08-10 09:00:00+01:00,658.9223998130082,3.7005081973498535
1983-08-10 10:00:00+01:00,815.2194194060219,4.578272259384218
1983-08-10 11:00:00+01:00,893.9144174573034,5.020223368440217
1983-08-10 12:00:00+01:00,844.4370190956439,4.742358299241136
1983-08-10 13:00:00+01:00,683.6649014009663,3.839462086267826
1983-08-10 14:00:00+01:00,579.1387282285183,3.2524430977313585
1983-08-10 15:00:00+01:00,447.64626021118295,2.5139813973460035
1983-08-10 16:00:00+01:00,293.35987117040077,1.6475090364929708
1983-08-10 17:00:00+01:00,153.39424559795953,0.8614620832781408
1983-08-10 18:00:00+01:00,39.66485475126522,0.22275782428310542
1983-08-10 19:00:00+01:00,0.8201010126776669,0.0046056872871977775
1983-08-10 20:00:00+01:00,0.0,0.0
1983-08-10 21:00:00+01:00,0.0,0.0
1983-08-10 22:00:00+01:00,0.0,0.0
1983-08-10 23:00:00+01:00,0.0,0.0
1983-08-11 00:00:00+01:00,0.0,0.0
1983-08-11 01:00:00+01:00,0.0,0.0
1983-08-11 02:00:00+01:00,0.0,0.0
1983-08-11 03:00:00+01:00,0.0,0.0
1983-08-11 04:00:00+01:00,0.0,0.0
1983-08-11 05:00:00+01:00,,
1983-08-11 06:00:00+01:00,58.73316117879139,0.3298454331800924
1983-08-11 07:00:00+01:00,229.2394415100573,1.287408703520482
1983-08-11 08:00:00+01:00,447.47264791696284,2.5130063907016633
1983-08-11 09:00:00+01:00,638.5495782829723,3.5860944316371723
1983-08-11 10:00:00+01:00,727.5654120853136,4.08600735427112
1983-08-11 11:00:00+01:00,780.9795260941024,4.385981018544479
1983-08-11 12:00:00+01:00,825.9938109907584,4.638781242524099
1983-08-11 13:00:00+01:00,703.2534794144401,3.9494715403914955
1983-08-11 14:00:00+01:00,486.3289299173788,2.7312232704159993
1983-08-11 15:00:00+01:00,355.22859497486405,1.9949637893788363
1983-08-11 16:00:00+01:00,262.24564355898985,1.472771534227287
1983-08-11 17:00:00+01:00,131.74299559854668,0.7398686632814382
1983-08-11 18:00:00+01:00,38.24936558780807,0.21480843714113013
1983-08-11 19:00:00+01:00,0.6443650813895954,0.0036187542970839677
1983-08-11 20:00:00+01:00,0.0,0.0
1983-08-11 21:00:00+01:00,0.0,0.0
1983-08-11 22:00:00+01:00,0.0,0.0
1983-08-11 23:00:00+01:00,0.0,0.0
1983-08-12 00:00:00+01:00,0.0,0.0
1983-08-12 01:00:00+01:00,0.0,0.0
1983-08-12 02:00:00+01:00,0.0,0.0
1983-08-12 03:00:00+01:00,0.0,0.0
1983-08-12 04:00:00+01:00,0.0,0.0
1983-08-12 05:00:00+01:00,,
1983-08-12 06:00:00+01:00,58.50880425040465,0.3285854446702725
1983-08-12 07:00:00+01:00,159.33961410550012,0.8948512728164886
1983-08-12 08:00:00+01:00,313.34736447314293,1.7597587988811707
1983-08-12 09:00:00+01:00,512.8196123765094,2.879994943106477
1983-08-12 10:00:00+01:00,544.3560175888595,3.0571033947790345
1983-08-12 11:00:00+01:00,483.7480334437764,2.7167289558202485
1983-08-12 12:00:00+01:00,480.9068111262885,2.700772651285236
1983-08-12 13:00:00+01:00,369.264487327151,2.0737893608292803
1983-08-12 14:00:00+01:00,222.82696492098455,1.2513962349962493
1983-08-12 15:00:00+01:00,144.86419444303698,0.8135573159920956
1983-08-12 16:00:00+01:00,109.92431791376947,0.6173349694037293
1983-08-12 17:00:00+01:00,65.75306791761086,0.3692692294253026
1983-08-12 18:00:00+01:00,27.37218299366131,0.1537221796924019
1983-08-12 19:00:00+01:00,0.351471862576143,0.001973865980227619
1983-08-12 20:00:00+01:00,0.0,0.0
1983-08-12 21:00:00+01:00,0.0,0.0
1983-08-12 22:00:00+01:00,0.0,0.0
1983-08-12 23:00:00+01:00,0.0,0.0
1983-08-13 00:00:00+01:00,0.0,0.0
1983-08-13 01:00:00+01:00,0.0,0.0
1983-08-13 02:00:00+01:00,0.0,0.0
1983-08-13 03:00:00+01:00,0.0,0.0
1983-08-13 04:00:00+01:00,0.0,0.0
1983-08-13 05:00:00+01:00,,
1983-08-13 06:00:00+01:00,56.16946592502272,0.3154477206349276
1983-08-13 07:00:00+01:00,167.42333648179869,0.9402494576817815
1983-08-13 08:00:00+01:00,358.39406137623376,2.0127410486889286
1983-08-13 09:00:00+01:00,573.2045476167098,3.2191167394154423
1983-08-13 10:00:00+01:00,752.1648856135812,4.224157997605872
1983-08-13 11:00:00+01:00,800.9560660052866,4.498169266685689
1983-08-13 12:00:00+01:00,660.2722294125658,3.7080888403809698
1983-08-13 13:00:00+01:00,445.93685448440175,2.5043813747844
1983-08-13 14:00:00+01:00,384.8135734648062,2.161113028578352
1983-08-13 15:00:00+01:00,344.1521275073849,1.9327583480814736
1983-08-13 16:00:00+01:00,206.10271385520957,1.1574728410108568
1983-08-13 17:00:00+01:00,100.62098566952612,0.5650874555200587
1983-08-13 18:00:00+01:00,35.76394411911012,0.20085031017292243
1983-08-13 19:00:00+01:00,0.5272077938642143,0.0029607989703414276
1983-08-13 20:00:00+01:00,0.0,0.0
1983-08-13 21:00:00+01:00,0.0,0.0
1983-08-13 22:00:00+01:00,0.0,0.0
1983-08-13 23:00:00+01:00,0.0,0.0
1983-08-14 00:00:00+01:00,0.0,0.0
1983-08-14 01:00:00+01:00,0.0,0.0
1983-08-14 02:00:00+01:00,0.0,0.0
1983-08-14 03:00:00+01:00,0.0,0.0
1983-08-14 04:00:00+01:00,0.0,0.0
1983-08-14 05:00:00+01:00,,
1983-08-14 06:00:00+01:00,51.68333480489776,0.29025360826430585
1983-08-14 07:00:00+01:00,191.14253370822277,1.073456469305379
1983-08-14 08:00:00+01:00,385.17840498100225,2.1631619223733085
1983-08-14 09:00:00+01:00,542.2252786693373,3.0451371650069987
1983-08-14 10:00:00+01:00,702.2530244001969,3.943852985031506
1983-08-14 11:00:00+01:00,840.7679363621999,4.721752730610114
1983-08-14 12:00:00+01:00,890.5629179805347,5.001401347378684
1983-08-14 13:00:00+01:00,872.1563964140028,4.8980303222610395
1983-08-14 14:00:00+01:00,765.730558861876,4.3003428185682955
1983-08-14 15:00:00+01:00,594.7775611834154,3.340270783606061
1983-08-14 16:00:00+01:00,368.69287396272796,2.0705791801746805
1983-08-14 17:00:00+01:00,172.23653059864023,0.9672803558419635
1983-08-14 18:00:00+01:00,40.901666156447476,0.229703757134609
1983-08-14 19:00:00+01:00,0.702943725152286,0.003947731960455238
1983-08-14 20:00:00+01:00,0.0,0.0
1983-08-14 21:00:00+01:00,0.0,0.0
1983-08-14 22:00:00+01:00,0.0,0.0
1983-08-14 23:00:00+01:00,0.0,0.0
1983-08-15 00:00:00+01:00,0.0,0.0
1983-08-15 01:00:00+01:00,0.0,0.0
1983-08-15 02:00:00+01:00,0.0,0.0
1983-08-15 03:00:00+01:00,0.0,0.0
1983-08-15 04:00:00+01:00,0.0,0.0
1983-08-15 05:00:00+01:00,,
1983-08-15 06:00:00+01:00,61.680385245654094,0.3463970435395934
1983-08-15 07:00:00+01:00,248.98347807161508,1.3982912128501903
1983-08-15 08:00:00+01:00,479.8835483415241,2.6950260074859993
1983-08-15 09:00:00+01:00,685.1436629700503,3.8477668112398025
1983-08-15 10:00:00+01:00,856.7566234648341,4.811545197378508
1983-08-15 11:00:00+01:00,962.5797037679172,5.405847616360623
1983-08-15 12:00:00+01:00,988.4629469521558,5.551207910083306
1983-08-15 13:00:00+01:00,935.789599007394,5.255394388025525
1983-08-15 14:00:00+01:00,813.5715544041111,4.569017849533488
1983-08-15 15:00:00+01:00,623.6183679211802,3.502240754245348
1983-08-15 16:00:00+01:00,402.240465036779,2.258982451646551
1983-08-15 17:00:00+01:00,180.02262002969528,1.0110070340867687
1983-08-15 18:00:00+01:00,38.180537895208204,0.2144219008194893
1983-08-15 19:00:00+01:00,0.702943725152286,0.003947731960455238
1983-08-15 20:00:00+01:00,0.0,0.0
1983-08-15 21:00:00+01:00,0.0,0.0
1983-08-15 22:00:00+01:00,0.0,0.0
1983-08-15 23:00:00+01:00,0.0,0.0
1983-08-16 00:00:00+01:00,0.0,0.0
1983-08-16 01:00:00+01:00,0.0,0.0
1983-08-16 02:00:00+01:00,0.0,0.0
1983-08-16 03:00:00+01:00,0.0,0.0
1983-08-16 04:00:00+01:00,0.0,0.0
1983-08-16 05:00:00+01:00,,
1983-08-16 06:00:00+01:00,60.27101570678188,0.338482024209287
1983-08-16 07:00:00+01:00,253.10185388246492,1.421420011403923
1983-08-16 08:00:00+01:00,482.36588561807423,2.708966813631105
1983-08-16 09:00:00+01:00,699.4265061077251,3.9279792583009847
1983-08-16 10:00:00+01:00,865.4098528290303,4.8601417334878345
1983-08-16 11:00:00+01:00,969.1129284402529,5.44253820612046
1983-08-16 12:00:00+01:00,995.1537315951997,5.588783356638642
1983-08-16 13:00:00+01:00,940.7206564396264,5.283087206564942
1983-08-16 14:00:00+01:00,819.0423745597448,4.599741975527526
1983-08-16 15:00:00+01:00,625.4627620915453,3.5125988719061185
1983-08-16 16:00:00+01:00,401.45568312927185,2.2545751164539904
1983-08-16 17:00:00+01:00,178.18640428223466,1.00069484644903
1983-08-16 18:00:00+01:00,37.22275732618674,0.20904300514386473
1983-08-16 19:00:00+01:00,0.6443650813895954,0.0036187542970839677
1983-08-16 20:00:00+01:00,0.0,0.0
1983-08-16 21:00:00+01:00,0.0,0.0
1983-08-16 22:00:00+01:00,0.0,0.0
1983-08-16 23:00:00+01:00,0.0,0.0
1983-08-17 00:00:00+01:00,0.0,0.0
1983-08-17 01:00:00+01:00,0.0,0.0
1983-08-17 02:00:00+01:00,0.0,0.0
1983-08-17 03:00:00+01:00,0.0,0.0
1983-08-17 04:00:00+01:00,0.0,0.0
1983-08-17 05:00:00+01:00,,
1983-08-17 06:00:00+01:00,60.682957048067294,0.34079548678194593
1983-08-17 07:00:00+01:00,251.02432728073697,1.409752622008619
1983-08-17 08:00:00+01:00,480.9592954329971,2.701067403151712
1983-08-17 09:00:00+01:00,700.0685554693898,3.931585007516093
1983-08-17 10:00:00+01:00,874.1976496293437,4.909494000318394
1983-08-17 11:00:00+01:00,969.830189112252,5.446566342054408
1983-08-17 12:00:00+01:00,990.411407744707,5.562150465894275
1983-08-17 13:00:00+01:00,910.0642288711733,5.110920709340509
1983-08-17 14:00:00+01:00,694.6352851366846,3.901071761327621
1983-08-17 15:00:00+01:00,461.5127309522917,2.59185549702807
1983-08-17 16:00:00+01:00,271.9559532699824,1.527304633564221
1983-08-17 17:00:00+01:00,124.16223661124985,0.6972951208087792
1983-08-17 18:00:00+01:00,36.07289892065728,0.2025854003384113
1983-08-17 19:00:00+01:00,0.4686291501015239,0.0026318213069701584
1983-08-17 20:00:00+01:00,0.0,0.0
1983-08-17 21:00:00+01:00,0.0,0.0
1983-08-17 22:00:00+01:00,0.0,0.0
1983-08-17 23:00:00+01:00,0.0,0.0
1983-08-18 00:00:00+01:00,0.0,0.0
1983-08-18 01:00:00+01:00,0.0,0.0
1983-08-18 02:00:00+01:00,0.0,0.0
1983-08-18 03:00:00+01:00,0.0,0.0
1983-08-18 04:00:00+01:00,0.0,0.0
1983-08-18 05:00:00+01:00,,
1983-08-18 06:00:00+01:00,56.59462770642143,0.3178354291992627
1983-08-18 07:00:00+01:00,217.30175192419432,1.2203666388062753
1983-08-18 08:00:00+01:00,417.3030217140232,2.3435737699459547
1983-08-18 09:00:00+01:00,629.4140034236426,3.534789043227177
1983-08-18 10:00:00+01:00,784.0841596522491,4.4034166406070305
1983-08-18 11:00:00+01:00,770.4167075905839,4.326660229828719
1983-08-18 12:00:00+01:00,636.5576583635468,3.574907809369679
1983-08-18 13:00:00+01:00,467.5713839237019,2.62588089211551
1983-08-18 14:00:00+01:00,322.33387885600746,1.810227063655338
1983-08-18 15:00:00+01:00,193.07061063550248,1.0842845493289819
1983-08-18 16:00:00+01:00,97.70065983602314,0.5486869056391058
1983-08-18 17:00:00+01:00,53.063173216930934,0.2980027807862841
1983-08-18 18:00:00+01:00,23.14156003909786,0.12996300117957357
1983-08-18 19:00:00+01:00,0.2928932188134524,0.001644888316856349
1983-08-18 20:00:00+01:00,0.0,0.0
1983-08-18 21:00:00+01:00,0.0,0.0
1983-08-18 22:00:00+01:00,0.0,0.0
1983-08-18 23:00:00+01:00,0.0,0.0
1983-08-19 00:00:00+01:00,0.0,0.0
1983-08-19 01:00:00+01:00,0.0,0.0
1983-08-19 02:00:00+01:00,0.0,0.0
1983-08-19 03:00:00+01:00,0.0,0.0
1983-08-19 04:00:00+01:00,0.0,0.0
1983-08-19 05:00:00+01:00,,
1983-08-19 06:00:00+01:00,56.23465054878051,0.3158137974819513
1983-08-19 07:00:00+01:00,171.73880301628515,0.9644851177394573
1983-08-19 08:00:00+01:00,335.399050334689,1.8836010666796132
1983-08-19 09:00:00+01:00,538.8542623015785,3.026205537085665
1983-08-19 10:00:00+01:00,622.6309006734525,3.496695138182109
1983-08-19 11:00:00+01:00,687.324544307854,3.860014640832908
1983-08-19 12:00:00+01:00,768.5259856270732,4.316041935281643
1983-08-19 13:00:00+01:00,714.7585045828422,4.014083761737242
1983-08-19 14:00:00+01:00,624.337191031771,3.5062776648344256
1983-08-19 15:00:00+01:00,458.6185437036746,2.5756017414398364
1983-08-19 16:00:00+01:00,278.7898721980924,1.5656839222644867
1983-08-19 17:00:00+01:00,128.72649937163274,0.7229280204710895
1983-08-19 18:00:00+01:00,28.351037457408065,0.1592194263608037
1983-08-19 19:00:00+01:00,0.41005050633883344,0.0023028436435988888
1983-08-19 20:00:00+01:00,0.0,0.0
1983-08-19 21:00:00+01:00,0.0,0.0
1983-08-19 22:00:00+01:00,0.0,0.0
1983-08-19 23:00:00+01:00,0.0,0.0
1983-08-20 00:00:00+01:00,0.0,0.0
1983-08-20 01:00:00+01:00,0.0,0.0
1983-08-20 02:00:00+01:00,0.0,0.0
1983-08-20 03:00:00+01:00,0.0,0.0
1983-08-20 04:00:00+01:00,0.0,0.0
1983-08-20 05:00:00+01:00,,
1983-08-20 06:00:00+01:00,57.86061649340123,0.32494522222694133
1983-08-20 07:00:00+01:00,214.86326989442682,1.2066721237271012
1983-08-20 08:00:00+01:00,416.1651723791292,2.33718360808119
1983-08-20 09:00:00+01:00,654.245146382275,3.6742407420828567
1983-08-20 10:00:00+01:00,841.1078418811794,4.723661640004703
1983-08-20 11:00:00+01:00,883.3134696274858,4.9606884454279605
1983-08-20 12:00:00+01:00,811.5006118562578,4.557387436184743
1983-08-20 13:00:00+01:00,732.3596839382435,4.112931984997175
1983-08-20 14:00:00+01:00,638.4260663526355,3.585400788636401
1983-08-20 15:00:00+01:00,496.9409267091332,2.790820244398492
1983-08-20 16:00:00+01:00,306.6537364230809,1.7221673837520226
1983-08-20 17:00:00+01:00,134.0561131700208,0.7528591315628369
1983-08-20 18:00:00+01:00,29.950849885949893,0.1682039729594946
1983-08-20 19:00:00+01:00,0.351471862576143,0.001973865980227619
1983-08-20 20:00:00+01:00,0.0,0.0
1983-08-20 21:00:00+01:00,0.0,0.0
1983-08-20 22:00:00+01:00,0.0,0.0
1983-08-20 23:00:00+01:00,0.0,0.0
1983-08-21 00:00:00+01:00,0.0,0.0
1983-08-21 01:00:00+01:00,0.0,0.0
1983-08-21 02:00:00+01:00,0.0,0.0
1983-08-21 03:00:00+01:00,0.0,0.0
1983-08-21 04:00:00+01:00,0.0,0.0
1983-08-21 05:00:00+01:00,0.0,0.0
1983-08-21 06:00:00+01:00,57.86077437685138,0.3249461089003973
1983-08-21 07:00:00+01:00,239.42588775210703,1.344615785615833
1983-08-21 08:00:00+01:00,465.5375069815331,2.6144586392082902
1983-08-21 09:00:00+01:00,673.0297171286124,3.7797348913942876
1983-08-21 10:00:00+01:00,763.1268324899723,4.285720291263685
1983-08-21 11:00:00+01:00,763.8006585558251,4.289504498449513
1983-08-21 12:00:00+01:00,785.64872003246,4.412203211702296
1983-08-21 13:00:00+01:00,719.6630748853511,4.041627828556131
1983-08-21 14:00:00+01:00,612.1020441448296,3.4375650799173627
1983-08-21 15:00:00+01:00,491.9070831195337,2.762550178799301
1983-08-21 16:00:00+01:00,325.69659009374266,1.8291120499664588
1983-08-21 17:00:00+01:00,139.34419756378108,0.7825570135181945
1983-08-21 18:00:00+01:00,26.659672485373658,0.14972072067785844
1983-08-21 19:00:00+01:00,0.351471862576143,0.001973865980227619
1983-08-21 20:00:00+01:00,0.0,0.0
1983-08-21 21:00:00+01:00,0.0,0.0
1983-08-21 22:00:00+01:00,0.0,0.0
1983-08-21 23:00:00+01:00,0.0,0.0
1983-08-22 00:00:00+01:00,0.0,0.0
1983-08-22 01:00:00+01:00,0.0,0.0
1983-08-22 02:00:00+01:00,0.0,0.0
1983-08-22 03:00:00+01:00,0.0,0.0
1983-08-22 04:00:00+01:00,0.0,0.0
1983-08-22 05:00:00+01:00,0.0,0.0
1983-08-22 06:00:00+01:00,57.96002744824733,0.325503514149357
1983-08-22 07:00:00+01:00,241.3476392474884,1.355408342013895
1983-08-22 08:00:00+01:00,470.4743086620847,2.6421837174462675
1983-08-22 09:00:00+01:00,685.7191901296652,3.8509989717682
1983-08-22 10:00:00+01:00,850.7882426774547,4.778026770876585
1983-08-22 11:00:00+01:00,930.2206876592585,5.224119381894396
1983-08-22 12:00:00+01:00,860.9653112287848,4.835181187860855
1983-08-22 13:00:00+01:00,752.1571968789394,4.224114817672124
1983-08-22 14:00:00+01:00,654.134055512988,3.6736168557609403
1983-08-22 15:00:00+01:00,440.785624047569,2.4754520646511473
1983-08-22 16:00:00+01:00,235.01909520140777,1.3198672386511061
1983-08-22 17:00:00+01:00,120.95521410312008,0.6792844824031223
1983-08-22 18:00:00+01:00,30.234885848301737,0.16979911892406255
1983-08-22 19:00:00+01:00,0.351471862576143,0.001973865980227619
1983-08-22 20:00:00+01:00,0.0,0.0
1983-08-22 21:00:00+01:00,0.0,0.0
1983-08-22 22:00:00+01:00,0.0,0.0
1983-08-22 23:00:00+01:00,0.0,0.0
1983-08-23 00:00:00+01:00,0.0,0.0
1983-08-23 01:00:00+01:00,0.0,0.0
1983-08-23 02:00:00+01:00,0.0,0.0
1983-08-23 03:00:00+01:00,0.0,0.0
1983-08-23 04:00:00+01:00,0.0,0.0
1983-08-23 05:00:00+01:00,0.0,0.0
1983-08-23 06:00:00+01:00,54.83260933325644,0.3079399340155682
1983-08-23 07:00:00+01:00,230.78377353744548,1.2960816721862938
1983-08-23 08:00:00+01:00,459.55780224568593,2.5808766174117723
1983-08-23 09:00:00+01:00,637.0694776274092,3.5777821863555306
1983-08-23 10:00:00+01:00,730.2519278845751,4.101094826999774
1983-08-23 11:00:00+01:00,808.6475131698004,4.5413644339616
1983-08-23 12:00:00+01:00,790.6533754995171,4.440309356805288
1983-08-23 13:00:00+01:00,708.2167550712527,3.9773452964801552
1983-08-23 14:00:00+01:00,563.5346569563925,3.1648106334671002
1983-08-23 15:00:00+01:00,407.61570996822377,2.289169827181545
1983-08-23 16:00:00+01:00,231.4373123791695,1.299751946321416
1983-08-23 17:00:00+01:00,92.55238364924004,0.519774186574132
1983-08-23 18:00:00+01:00,25.600550173788697,0.14377268977599733
1983-08-23 19:00:00+01:00,0.23431457505076195,0.0013159106534850792
1983-08-23 20:00:00+01:00,0.0,0.0
1983-08-23 21:00:00+01:00,0.0,0.0
1983-08-23 22:00:00+01:00,0.0,0.0
1983-08-23 23:00:00+01:00,0.0,0.0
1983-08-24 00:00:00+01:00,0.0,0.0
1983-08-24 01:00:00+01:00,0.0,0.0
1983-08-24 02:00:00+01:00,0.0,0.0
1983-08-24 03:00:00+01:00,0.0,0.0
1983-08-24 04:00:00+01:00,0.0,0.0
1983-08-24 05:00:00+01:00,0.0,0.0
1983-08-24 06:00:00+01:00,59.671770337215484,0.33511666221380215
1983-08-24 07:00:00+01:00,203.0462715646791,1.1403078611072377
1983-08-24 08:00:00+01:00,391.52487876933606,2.198803719168591
1983-08-24 09:00:00+01:00,576.0447683631719,3.235067419127573
1983-08-24 10:00:00+01:00,766.068081791328,4.302238347340098
1983-08-24 11:00:00+01:00,918.6606025391513,5.1591979438598745
1983-08-24 12:00:00+01:00,946.1024471322528,5.313311343094732
1983-08-24 13:00:00+01:00,856.2420742452965,4.808655488961585
1983-08-24 14:00:00+01:00,660.7663091608454,3.710863592247307
1983-08-24 15:00:00+01:00,395.7158314626814,2.222340109494419
1983-08-24 16:00:00+01:00,165.56219209759735,0.9297972708201065
1983-08-24 17:00:00+01:00,62.13336948510505,0.34894100302834996
1983-08-24 18:00:00+01:00,21.578094989678952,0.121182581462037
1983-08-24 19:00:00+01:00,0.23431457505076195,0.0013159106534850792
1983-08-24 20:00:00+01:00,0.0,0.0
1983-08-24 21:00:00+01:00,0.0,0.0
1983-08-24 22:00:00+01:00,0.0,0.0
1983-08-24 23:00:00+01:00,0.0,0.0
1983-08-25 00:00:00+01:00,0.0,0.0
1983-08-25 01:00:00+01:00,0.0,0.0
1983-08-25 02:00:00+01:00,0.0,0.0
1983-08-25 03:00:00+01:00,0.0,0.0
1983-08-25 04:00:00+01:00,0.0,0.0
1983-08-25 05:00:00+01:00,0.0,0.0
1983-08-25 06:00:00+01:00,44.58271136396062,0.25037650702000286
1983-08-25 07:00:00+01:00,191.08971031128394,1.0731598131081705
1983-08-25 08:00:00+01:00,395.07645676800234,2.218749381209101
1983-08-25 09:00:00+01:00,594.860021978428,3.340733883430852
1983-08-25 10:00:00+01:00,713.6609898880607,4.007920119211349
1983-08-25 11:00:00+01:00,726.474144171574,4.07987879366756
1983-08-25 12:00:00+01:00,675.0170381013904,3.790895685977409
1983-08-25 13:00:00+01:00,522.4661175312182,2.9341697160553215
1983-08-25 14:00:00+01:00,293.03737562689844,1.6456979015206614
1983-08-25 15:00:00+01:00,142.69923033594486,0.8013988775666663
1983-08-25 16:00:00+01:00,72.89869498321266,0.40939907102572226
1983-08-25 17:00:00+01:00,50.45443979589302,0.2833521338937352
1983-08-25 18:00:00+01:00,14.559035459673446,0.08176354314152608
1983-08-25 19:00:00+01:00,0.11715728752538097,0.0006579553267425396
1983-08-25 20:00:00+01:00,0.0,0.0
1983-08-25 21:00:00+01:00,0.0,0.0
1983-08-25 22:00:00+01:00,0.0,0.0
1983-08-25 23:00:00+01:00,0.0,0.0
1983-08-26 00:00:00+01:00,0.0,0.0
1983-08-26 01:00:00+01:00,0.0,0.0
1983-08-26 02:00:00+01:00,0.0,0.0
1983-08-26 03:00:00+01:00,0.0,0.0
1983-08-26 04:00:00+01:00,0.0,0.0
1983-08-26 05:00:00+01:00,0.0,0.0
1983-08-26 06:00:00+01:00,42.57357605086872,0.23909320310167873
1983-08-26 07:00:00+01:00,158.2122657732917,0.8885200845828062
1983-08-26 08:00:00+01:00,323.85740162679355,1.8187831675360724
1983-08-26 09:00:00+01:00,485.6070008157491,2.727168916581247
1983-08-26 10:00:00+01:00,606.7354523877707,3.4074263006097207
1983-08-26 11:00:00+01:00,612.441382669884,3.4394708050740683
1983-08-26 12:00:00+01:00,531.0999434450398,2.9826572823873434
1983-08-26 13:00:00+01:00,532.4395185072806,2.9901803359368877
1983-08-26 14:00:00+01:00,476.74640975194154,2.6774078371669034
1983-08-26 15:00:00+01:00,356.67060955140175,2.003062143240672
1983-08-26 16:00:00+01:00,218.24788212113523,1.2256801059922955
1983-08-26 17:00:00+01:00,88.15321399855358,0.49506844981587694
1983-08-26 18:00:00+01:00,23.672199233483667,0.13294307089524426
1983-08-26 19:00:00+01:00,0.1757359312880715,0.0009869329901138096
1983-08-26 20:00:00+01:00,0.0,0.0
1983-08-26 21:00:00+01:00,0.0,0.0
1983-08-26 22:00:00+01:00,0.0,0.0
1983-08-26 23:00:00+01:00,0.0,0.0
1983-08-27 00:00:00+01:00,0.0,0.0
1983-08-27 01:00:00+01:00,0.0,0.0
1983-08-27 02:00:00+01:00,0.0,0.0
1983-08-27 03:00:00+01:00,0.0,0.0
1983-08-27 04:00:00+01:00,0.0,0.0
1983-08-27 05:00:00+01:00,0.0,0.0
1983-08-27 06:00:00+01:00,42.039307054361636,0.23609274841729497
1983-08-27 07:00:00+01:00,148.53145715561052,0.8341526633859087
1983-08-27 08:00:00+01:00,307.01852116235415,1.724216014847781
1983-08-27 09:00:00+01:00,484.11833540608245,2.718808571640559
1983-08-27 10:00:00+01:00,673.53637264347,3.7825802687657273
1983-08-27 11:00:00+01:00,752.3025054612333,4.224930870670287
1983-08-27 12:00:00+01:00,691.1054427056697,3.881248166235041
1983-08-27 13:00:00+01:00,606.4576726386929,3.405866289538899
1983-08-27 14:00:00+01:00,577.548961447956,3.2435149674917207
1983-08-27 15:00:00+01:00,492.4470447105775,2.7655826030946034
1983-08-27 16:00:00+01:00,303.9886682070257,1.7072003606506563
1983-08-27 17:00:00+01:00,121.77487273689715,0.6838876852904144
1983-08-27 18:00:00+01:00,24.373334430218748,0.13688064616010848
1983-08-27 19:00:00+01:00,0.1757359312880715,0.0009869329901138096
1983-08-27 20:00:00+01:00,0.0,0.0
1983-08-27 21:00:00+01:00,0.0,0.0
1983-08-27 22:00:00+01:00,0.0,0.0
1983-08-27 23:00:00+01:00,0.0,0.0
1983-08-28 00:00:00+01:00,0.0,0.0
1983-08-28 01:00:00+01:00,0.0,0.0
1983-08-28 02:00:00+01:00,0.0,0.0
1983-08-28 03:00:00+01:00,0.0,0.0
1983-08-28 04:00:00+01:00,0.0,0.0
1983-08-28 05:00:00+01:00,0.0,0.0
1983-08-28 06:00:00+01:00,55.945056197126895,0.31418743560306467
1983-08-28 07:00:00+01:00,237.26148876571153,1.3324605209082359
1983-08-28 08:00:00+01:00,472.7934937271634,2.65520826077175
1983-08-28 09:00:00+01:00,690.8169823727602,3.8796281730054214
1983-08-28 10:00:00+01:00,853.3928942403787,4.792654494053966
1983-08-28 11:00:00+01:00,953.9353898630844,5.357301149471082
1983-08-28 12:00:00+01:00,940.774104165793,5.283387368995093
1983-08-28 13:00:00+01:00,873.3509780984854,4.904739093001094
1983-08-28 14:00:00+01:00,717.3111670963033,4.028419514412839
1983-08-28 15:00:00+01:00,538.3808712287466,3.0235469728206414
1983-08-28 16:00:00+01:00,358.8988201900862,2.0155757741875244
1983-08-28 17:00:00+01:00,147.79978383386037,0.8300435860109598
1983-08-28 18:00:00+01:00,25.733448670537364,0.14451904773373783
1983-08-28 19:00:00+01:00,0.1757359312880715,0.0009869329901138096
1983-08-28 20:00:00+01:00,0.0,0.0
1983-08-28 21:00:00+01:00,0.0,0.0
1983-08-28 22:00:00+01:00,0.0,0.0
1983-08-28 23:00:00+01:00,0.0,0.0
1983-08-29 00:00:00+01:00,0.0,0.0
1983-08-29 01:00:00+01:00,0.0,0.0
1983-08-29 02:00:00+01:00,0.0,0.0
1983-08-29 03:00:00+01:00,0.0,0.0
1983-08-29 04:00:00+01:00,0.0,0.0
1983-08-29 05:00:00+01:00,0.0,0.0
1983-08-29 06:00:00+01:00,56.803815313999706,0.31901022680342234
1983-08-29 07:00:00+01:00,238.358809254754,1.3386230727746984
1983-08-29 08:00:00+01:00,475.92104773286314,2.6727726040677595
1983-08-29 09:00:00+01:00,694.877854413553,3.9024340303865133
1983-08-29 10:00:00+01:00,866.7649898568667,4.867752183036163
1983-08-29 11:00:00+01:00,963.6505739464393,5.411861623283203
1983-08-29 12:00:00+01:00,981.4660988415804,5.511913611094315
1983-08-29 13:00:00+01:00,885.7026144576001,4.974105882793882
1983-08-29 14:00:00+01:00,643.1435455342078,3.61189415172011
1983-08-29 15:00:00+01:00,371.6413043283711,2.087137565108132
1983-08-29 16:00:00+01:00,229.32021395661286,1.287862321580338
1983-08-29 17:00:00+01:00,125.2157941387813,0.7032118998833958
1983-08-29 18:00:00+01:00,24.74656257718926,0.13897669543349486
1983-08-29 19:00:00+01:00,0.11715728752538097,0.0006579553267425396
1983-08-29 20:00:00+01:00,0.0,0.0
1983-08-29 21:00:00+01:00,0.0,0.0
1983-08-29 22:00:00+01:00,0.0,0.0
1983-08-29 23:00:00+01:00,0.0,0.0
1983-08-30 00:00:00+01:00,0.0,0.0
1983-08-30 01:00:00+01:00,0.0,0.0
1983-08-30 02:00:00+01:00,0.0,0.0
1983-08-30 03:00:00+01:00,0.0,0.0
1983-08-30 04:00:00+01:00,0.0,0.0
1983-08-30 05:00:00+01:00,0.0,0.0
1983-08-30 06:00:00+01:00,47.76000344210526,0.2682201793308631
1983-08-30 07:00:00+01:00,165.1965264883499,0.9277436927585729
1983-08-30 08:00:00+01:00,336.4207413310527,1.889338883315192
1983-08-30 09:00:00+01:00,531.3700842805943,2.9841743933198175
1983-08-30 10:00:00+01:00,606.3517996892132,3.405271707054621
1983-08-30 11:00:00+01:00,589.4410310425615,3.3103008303350254
1983-08-30 12:00:00+01:00,595.7436945886132,3.3456965888096515
1983-08-30 13:00:00+01:00,577.5816535413626,3.243698566288292
1983-08-30 14:00:00+01:00,444.18469370559524,2.494541239850623
1983-08-30 15:00:00+01:00,234.225704743767,1.3154115578409955
1983-08-30 16:00:00+01:00,96.66019853864202,0.5428436749930136
1983-08-30 17:00:00+01:00,45.53159570795927,0.25570544149589924
1983-08-30 18:00:00+01:00,14.52273879408003,0.08155970106755345
1983-08-30 19:00:00+01:00,0.05857864376269049,0.0003289776633712698
1983-08-30 20:00:00+01:00,0.0,0.0
1983-08-30 21:00:00+01:00,0.0,0.0
1983-08-30 22:00:00+01:00,0.0,0.0
1983-08-30 23:00:00+01:00,0.0,0.0
1983-08-31 00:00:00+01:00,0.0,0.0
1983-08-31 01:00:00+01:00,0.0,0.0
1983-08-31 02:00:00+01:00,0.0,0.0
1983-08-31 03:00:00+01:00,0.0,0.0
1983-08-31 04:00:00+01:00,0.0,0.0
1983-08-31 05:00:00+01:00,0.0,0.0
1983-08-31 06:00:00+01:00,39.23909012345348,0.22036673013331473
1983-08-31 07:00:00+01:00,132.11724795047317,0.7419704644898573
1983-08-31 08:00:00+01:00,277.05764301198724,1.5559557231553205
1983-08-31 09:00:00+01:00,467.6686753719836,2.62642728088906
1983-08-31 10:00:00+01:00,671.8486730450486,3.7731021478209925
1983-08-31 11:00:00+01:00,789.9621620503042,4.436427502074508
1983-08-31 12:00:00+01:00,698.1040089232486,3.920552114112964
1983-08-31 13:00:00+01:00,517.7063387244286,2.907438798276391
1983-08-31 14:00:00+01:00,389.74647504727307,2.1888162038654855
1983-08-31 15:00:00+01:00,222.29948866880346,1.2484339283640002
1983-08-31 16:00:00+01:00,117.00970982695969,0.6571265303882057
1983-08-31 17:00:00+01:00,68.45476679650295,0.38444197032916055
1983-08-31 18:00:00+01:00,18.526422433753442,0.10404438838795933
1983-08-31 19:00:00+01:00,0.05857864376269049,0.0003289776633712698
1983-08-31 20:00:00+01:00,0.0,0.0
1983-08-31 21:00:00+01:00,0.0,0.0
1983-08-31 22:00:00+01:00,0.0,0.0
1983-08-31 23:00:00+01:00,0.0,0.0
1983-09-01 00:00:00+01:00,0.0,0.0
1983-09-01 01:00:00+01:00,0.0,0.0
1983-09-01 02:00:00+01:00,0.0,0.0
1983-09-01 03:00:00+01:00,0.0,0.0
1983-09-01 04:00:00+01:00,0.0,0.0
1983-09-01 05:00:00+01:00,0.0,0.0
1983-09-01 06:00:00+01:00,41.58471519039135,0.2335397605092378
1983-09-01 07:00:00+01:00,162.42234911033455,0.9121639126036387
1983-09-01 08:00:00+01:00,357.711712593475,2.0089089779249556
1983-09-01 09:00:00+01:00,555.9645095539195,3.122296685654812
1983-09-01 10:00:00+01:00,692.7615432532086,3.890548826910019
1983-09-01 11:00:00+01:00,702.4688041577413,3.9450648041498746
1983-09-01 12:00:00+01:00,651.6412108462152,3.6596170401123453
1983-09-01 13:00:00+01:00,450.6118538673354,2.530636171318956
1983-09-01 14:00:00+01:00,234.8081607249203,1.3186826306311525
1983-09-01 15:00:00+01:00,150.1140377973386,0.8430404362698536
1983-09-01 16:00:00+01:00,101.02018538922661,0.5673293611458966
1983-09-01 17:00:00+01:00,52.80052370494684,0.29652774112698144
1983-09-01 18:00:00+01:00,16.17208758620671,0.09082244388413688
1983-09-01 19:00:00+01:00,0.05857864376269049,0.0003289776633712698
1983-09-01 20:00:00+01:00,0.0,0.0
1983-09-01 21:00:00+01:00,0.0,0.0
1983-09-01 22:00:00+01:00,0.0,0.0
1983-09-01 23:00:00+01:00,0.0,0.0
1983-09-02 00:00:00+01:00,0.0,0.0
1983-09-02 01:00:00+01:00,0.0,0.0
1983-09-02 02:00:00+01:00,0.0,0.0
1983-09-02 03:00:00+01:00,0.0,0.0
1983-09-02 04:00:00+01:00,0.0,0.0
1983-09-02 05:00:00+01:00,0.0,0.0
1983-09-02 06:00:00+01:00,44.529021295276756,0.25007498359427427
1983-09-02 07:00:00+01:00,163.7795671548353,0.919786049141555
1983-09-02 08:00:00+01:00,328.2645981783877,1.8435339833698254
1983-09-02 09:00:00+01:00,555.9875168426162,3.1224258945881322
1983-09-02 10:00:00+01:00,793.0897055613754,4.453991786432684
1983-09-02 11:00:00+01:00,867.2686222501673,4.870580582556939
1983-09-02 12:00:00+01:00,807.5692971139947,4.535309172592195
1983-09-02 13:00:00+01:00,711.4018158380021,3.9952325977462197
1983-09-02 14:00:00+01:00,529.5977681749919,2.974221066070754
1983-09-02 15:00:00+01:00,361.3556653443434,2.0293734165738324
1983-09-02 16:00:00+01:00,238.42362087544507,1.3389870548364995
1983-09-02 17:00:00+01:00,102.3356370049516,0.5747169374198081
1983-09-02 18:00:00+01:00,18.4948881672073,0.1038672919470362
1983-09-02 19:00:00+01:00,0.05857864376269049,0.0003289776633712698
1983-09-02 20:00:00+01:00,0.0,0.0
1983-09-02 21:00:00+01:00,0.0,0.0
1983-09-02 22:00:00+01:00,0.0,0.0
1983-09-02 23:00:00+01:00,0.0,0.0
1983-09-03 00:00:00+01:00,0.0,0.0
1983-09-03 01:00:00+01:00,0.0,0.0
1983-09-03 02:00:00+01:00,0.0,0.0
1983-09-03 03:00:00+01:00,0.0,0.0
1983-09-03 04:00:00+01:00,0.0,0.0
1983-09-03 05:00:00+01:00,0.0,0.0
1983-09-03 06:00:00+01:00,49.98445935986095,0.2807127237649791
1983-09-03 07:00:00+01:00,230.90828210531822,1.2967809123034673
1983-09-03 08:00:00+01:00,476.4647553568526,2.6758260660840847
1983-09-03 09:00:00+01:00,684.6807787784459,3.8451672536197523
1983-09-03 10:00:00+01:00,832.2950106337973,4.674168779719405
1983-09-03 11:00:00+01:00,943.6143495260255,5.299338186938159
1983-09-03 12:00:00+01:00,979.6344084857709,5.501626838056089
1983-09-03 13:00:00+01:00,886.01527847628,4.975861803922788
1983-09-03 14:00:00+01:00,702.8301877472712,3.9470943343886753
1983-09-03 15:00:00+01:00,497.3651119084474,2.7932024684778405
1983-09-03 16:00:00+01:00,299.11102793646126,1.6798075328911666
1983-09-03 17:00:00+01:00,115.19754710333459,0.6469494245323271
1983-09-03 18:00:00+01:00,16.6520697943915,0.09351802396530268
1983-09-03 19:00:00+01:00,0.05857864376269049,0.0003289776633712698
1983-09-03 20:00:00+01:00,0.0,0.0
1983-09-03 21:00:00+01:00,0.0,0.0
1983-09-03 22:00:00+01:00,0.0,0.0
1983-09-03 23:00:00+01:00,0.0,0.0
1983-09-04 00:00:00+01:00,0.0,0.0
1983-09-04 01:00:00+01:00,0.0,0.0
1983-09-04 02:00:00+01:00,0.0,0.0
1983-09-04 03:00:00+01:00,0.0,0.0
1983-09-04 04:00:00+01:00,0.0,0.0
1983-09-04 05:00:00+01:00,0.0,0.0
1983-09-04 06:00:00+01:00,28.655093749623436,0.16092700649788522
1983-09-04 07:00:00+01:00,73.8126327536395,0.4145317455444395
1983-09-04 08:00:00+01:00,96.74170400494444,0.543301409691768
1983-09-04 09:00:00+01:00,173.6253704353112,0.9750800803647076
1983-09-04 10:00:00+01:00,353.37330037408543,1.9845444549008637
1983-09-04 11:00:00+01:00,441.2742559409974,2.4781962213646413
1983-09-04 12:00:00+01:00,368.73916720238594,2.0708391630085994
1983-09-04 13:00:00+01:00,246.36099663823362,1.3835633571203199
1983-09-04 14:00:00+01:00,238.5413428720309,1.3396481815693255
1983-09-04 15:00:00+01:00,236.93923684739835,1.3306507541349892
1983-09-04 16:00:00+01:00,134.57963167011607,0.7557992114593719
1983-09-04 17:00:00+01:00,50.67880481009489,0.2846121678134929
1983-09-04 18:00:00+01:00,12.848930932351475,0.07215959611608588
1983-09-04 19:00:00+01:00,0.0,0.0
1983-09-04 20:00:00+01:00,0.0,0.0
1983-09-04 21:00:00+01:00,0.0,0.0
1983-09-04 22:00:00+01:00,0.0,0.0
1983-09-04 23:00:00+01:00,0.0,0.0
1983-09-05 00:00:00+01:00,0.0,0.0
1983-09-05 01:00:00+01:00,0.0,0.0
1983-09-05 02:00:00+01:00,0.0,0.0
1983-09-05 03:00:00+01:00,0.0,0.0
1983-09-05 04:00:00+01:00,0.0,0.0
1983-09-05 05:00:00+01:00,0.0,0.0
1983-09-05 06:00:00+01:00,36.31707172285228,0.20395667479553842
1983-09-05 07:00:00+01:00,142.50470171601685,0.8003064048371507
1983-09-05 08:00:00+01:00,252.46789052677525,1.41785967319837
1983-09-05 09:00:00+01:00,324.42644386800885,1.8219789087627376
1983-09-05 10:00:00+01:00,471.3381555717508,2.6470350816909525
1983-09-05 11:00:00+01:00,558.1036290152504,3.134309980549646
1983-09-05 12:00:00+01:00,512.4184772083486,2.8777421680020856
1983-09-05 13:00:00+01:00,496.78718147259247,2.789956811150079
1983-09-05 14:00:00+01:00,446.16890486929054,2.505684569745936
1983-09-05 15:00:00+01:00,339.5970015393188,1.9071767606448145
1983-09-05 16:00:00+01:00,202.24243326670052,1.1357935052257901
1983-09-05 17:00:00+01:00,81.28828276733589,0.45651499602135837
1983-09-05 18:00:00+01:00,12.929546206862256,0.07261233149773842
1983-09-05 19:00:00+01:00,0.0,0.0
1983-09-05 20:00:00+01:00,0.0,0.0
1983-09-05 21:00:00+01:00,0.0,0.0
1983-09-05 22:00:00+01:00,0.0,0.0
1983-09-05 23:00:00+01:00,0.0,0.0
1983-09-06 00:00:00+01:00,0.0,0.0
1983-09-06 01:00:00+01:00,0.0,0.0
1983-09-06 02:00:00+01:00,0.0,0.0
1983-09-06 03:00:00+01:00,0.0,0.0
1983-09-06 04:00:00+01:00,0.0,0.0
1983-09-06 05:00:00+01:00,0.0,0.0
1983-09-06 06:00:00+01:00,43.749166175889435,0.24569531724379506
1983-09-06 07:00:00+01:00,179.05152083233008,1.0055533409943658
1983-09-06 08:00:00+01:00,388.28270787837,2.1805956874449257
1983-09-06 09:00:00+01:00,611.3584785114069,3.433389215320061
1983-09-06 10:00:00+01:00,790.4411379012181,4.439117430453241
1983-09-06 11:00:00+01:00,896.4342295075442,5.034374632914368
1983-09-06 12:00:00+01:00,912.1099129154413,5.122409270933119
1983-09-06 13:00:00+01:00,871.3324291841554,4.893402922298217
1983-09-06 14:00:00+01:00,741.2080014316333,4.162624136040053
1983-09-06 15:00:00+01:00,556.2759544421441,3.124045760147081
1983-09-06 16:00:00+01:00,347.6470756855563,1.952385977050084
1983-09-06 17:00:00+01:00,135.79757451371364,0.7626391784690157
1983-09-06 18:00:00+01:00,16.865069042608248,0.09471422774328792
1983-09-06 19:00:00+01:00,0.0,0.0
1983-09-06 20:00:00+01:00,0.0,0.0
1983-09-06 21:00:00+01:00,0.0,0.0
1983-09-06 22:00:00+01:00,0.0,0.0
1983-09-06 23:00:00+01:00,0.0,0.0
1983-09-07 00:00:00+01:00,0.0,0.0
1983-09-07 01:00:00+01:00,0.0,0.0
1983-09-07 02:00:00+01:00,0.0,0.0
1983-09-07 03:00:00+01:00,0.0,0.0
1983-09-07 04:00:00+01:00,0.0,0.0
1983-09-07 05:00:00+01:00,0.0,0.0
1983-09-07 06:00:00+01:00,50.69409752293714,0.28469805168881496
1983-09-07 07:00:00+01:00,240.02725950309406,1.3479930893693763
1983-09-07 08:00:00+01:00,472.452701830075,2.653294373477701
1983-09-07 09:00:00+01:00,687.9978410867548,3.8637958755432145
1983-09-07 10:00:00+01:00,854.5306242593962,4.799043985840769
1983-09-07 11:00:00+01:00,943.2896330714105,5.297514579329042
1983-09-07 12:00:00+01:00,912.3293162645853,5.123641440141911
1983-09-07 13:00:00+01:00,790.3602818858192,4.43866334307076
1983-09-07 14:00:00+01:00,537.992006443273,3.0213631081854215
1983-09-07 15:00:00+01:00,363.77677226651554,2.042970353048751
1983-09-07 16:00:00+01:00,231.0704672186888,1.2976917439001563
1983-09-07 17:00:00+01:00,77.83805659173757,0.4371385258191982
1983-09-07 18:00:00+01:00,9.810746113194053,0.055097150171697806
1983-09-07 19:00:00+01:00,0.0,0.0
1983-09-07 20:00:00+01:00,0.0,0.0
1983-09-07 21:00:00+01:00,0.0,0.0
1983-09-07 22:00:00+01:00,0.0,0.0
1983-09-07 23:00:00+01:00,0.0,0.0
1983-09-08 00:00:00+01:00,0.0,0.0
1983-09-08 01:00:00+01:00,0.0,0.0
1983-09-08 02:00:00+01:00,0.0,0.0
1983-09-08 03:00:00+01:00,0.0,0.0
1983-09-08 04:00:00+01:00,0.0,0.0
1983-09-08 05:00:00+01:00,0.0,0.0
1983-09-08 06:00:00+01:00,32.986313028333726,0.18525113396712223
1983-09-08 07:00:00+01:00,131.75693593241914,0.7399469521964659
1983-09-08 08:00:00+01:00,310.25554648406023,1.7423951490544825
1983-09-08 09:00:00+01:00,531.3872034338564,2.984270534484537
1983-09-08 10:00:00+01:00,695.5810768014717,3.9063833273170645
1983-09-08 11:00:00+01:00,756.4017048550049,4.247951974465708
1983-09-08 12:00:00+01:00,730.7922659804436,4.1041293657461715
1983-09-08 13:00:00+01:00,627.880615601108,3.5261775372158226
1983-09-08 14:00:00+01:00,497.3480550541268,2.7931066771839763
1983-09-08 15:00:00+01:00,324.8911263921125,1.8245885658181036
1983-09-08 16:00:00+01:00,192.9913430827671,1.0838393827528199
1983-09-08 17:00:00+01:00,96.09774132769758,0.5396849152963495
1983-09-08 18:00:00+01:00,13.53525526074918,0.0760139935443674
1983-09-08 19:00:00+01:00,0.0,0.0
1983-09-08 20:00:00+01:00,0.0,0.0
1983-09-08 21:00:00+01:00,0.0,0.0
1983-09-08 22:00:00+01:00,0.0,0.0
1983-09-08 23:00:00+01:00,0.0,0.0
1983-09-09 00:00:00+01:00,0.0,0.0
1983-09-09 01:00:00+01:00,0.0,0.0
1983-09-09 02:00:00+01:00,0.0,0.0
1983-09-09 03:00:00+01:00,0.0,0.0
1983-09-09 04:00:00+01:00,0.0,0.0
1983-09-09 05:00:00+01:00,0.0,0.0
1983-09-09 06:00:00+01:00,49.950080021096014,0.2805196493984752
1983-09-09 07:00:00+01:00,222.4499464041838,1.2492788990058963
1983-09-09 08:00:00+01:00,426.2523598851723,2.393833253115128
1983-09-09 09:00:00+01:00,699.2007152900915,3.9267112170691534
1983-09-09 10:00:00+01:00,891.6087809016051,5.007274913543414
1983-09-09 11:00:00+01:00,985.8724665726318,5.5366597722719
1983-09-09 12:00:00+01:00,1005.5425729424128,5.647127089644591
1983-09-09 13:00:00+01:00,937.2922284662641,5.263833155066539
1983-09-09 14:00:00+01:00,798.3728689606583,4.483662032083057
1983-09-09 15:00:00+01:00,591.1965832377223,3.3201600114630483
1983-09-09 16:00:00+01:00,350.0041043080342,1.96562304979392
1983-09-09 17:00:00+01:00,125.82943305046558,0.7066580960114148
1983-09-09 18:00:00+01:00,13.46175628983724,0.07560122332372593
1983-09-09 19:00:00+01:00,0.0,0.0
1983-09-09 20:00:00+01:00,0.0,0.0
1983-09-09 21:00:00+01:00,0.0,0.0
1983-09-09 22:00:00+01:00,0.0,0.0
1983-09-09 23:00:00+01:00,0.0,0.0
1983-09-10 00:00:00+01:00,0.0,0.0
1983-09-10 01:00:00+01:00,0.0,0.0
1983-09-10 02:00:00+01:00,0.0,0.0
1983-09-10 03:00:00+01:00,0.0,0.0
1983-09-10 04:00:00+01:00,0.0,0.0
1983-09-10 05:00:00+01:00,0.0,0.0
1983-09-10 06:00:00+01:00,49.942918712666724,0.28047943149033633
1983-09-10 07:00:00+01:00,242.1373917560182,1.3598435921017984
1983-09-10 08:00:00+01:00,486.4375351841271,2.731833197594058
1983-09-10 09:00:00+01:00,711.342066408012,3.9948970449473955
1983-09-10 10:00:00+01:00,883.3173428554385,4.960710197476143
1983-09-10 11:00:00+01:00,975.3570739232011,5.477605327152698
1983-09-10 12:00:00+01:00,993.791226681277,5.581131529042051
1983-09-10 13:00:00+01:00,927.7866043719977,5.210449570153139
1983-09-10 14:00:00+01:00,789.4319135944636,4.4334496267465076
1983-09-10 15:00:00+01:00,583.5339501538963,3.2771266640642818
1983-09-10 16:00:00+01:00,345.90261292322907,1.9425890741768541
1983-09-10 17:00:00+01:00,124.18116299228824,0.6974014113646907
1983-09-10 18:00:00+01:00,13.182676495060626,0.07403391119626047
1983-09-10 19:00:00+01:00,0.0,0.0
1983-09-10 20:00:00+01:00,0.0,0.0
1983-09-10 21:00:00+01:00,0.0,0.0
1983-09-10 22:00:00+01:00,0.0,0.0
1983-09-10 23:00:00+01:00,0.0,0.0
1983-09-11 00:00:00+01:00,0.0,0.0
1983-09-11 01:00:00+01:00,0.0,0.0
1983-09-11 02:00:00+01:00,0.0,0.0
1983-09-11 03:00:00+01:00,0.0,0.0
1983-09-11 04:00:00+01:00,0.0,0.0
1983-09-11 05:00:00+01:00,0.0,0.0
1983-09-11 06:00:00+01:00,49.34760295514036,0.27713613819606825
1983-09-11 07:00:00+01:00,243.9370176766501,1.3699502912720671
1983-09-11 08:00:00+01:00,494.69606436996617,2.7782130975017303
1983-09-11 09:00:00+01:00,723.9203207995687,4.065536521610378
1983-09-11 10:00:00+01:00,892.6444527281151,5.013091246521094
1983-09-11 11:00:00+01:00,990.4446715355695,5.562337275343758
1983-09-11 12:00:00+01:00,1005.8027369045083,5.648588170455717
1983-09-11 13:00:00+01:00,934.6807644928294,5.24916717339173
1983-09-11 14:00:00+01:00,793.1199183878146,4.454161461665967
1983-09-11 15:00:00+01:00,583.9843044079179,3.2796558535548663
1983-09-11 16:00:00+01:00,341.83941571885236,1.9197701586770748
1983-09-11 17:00:00+01:00,119.15965383481345,0.6692006159363124
1983-09-11 18:00:00+01:00,12.258377426591634,0.06884304762773862
1983-09-11 19:00:00+01:00,0.0,0.0
1983-09-11 20:00:00+01:00,0.0,0.0
1983-09-11 21:00:00+01:00,0.0,0.0
1983-09-11 22:00:00+01:00,0.0,0.0
1983-09-11 23:00:00+01:00,0.0,0.0
1983-09-12 00:00:00+01:00,0.0,0.0
1983-09-12 01:00:00+01:00,0.0,0.0
1983-09-12 02:00:00+01:00,0.0,0.0
1983-09-12 03:00:00+01:00,0.0,0.0
1983-09-12 04:00:00+01:00,0.0,0.0
1983-09-12 05:00:00+01:00,0.0,0.0
1983-09-12 06:00:00+01:00,37.858636918010916,0.2126141049315493
1983-09-12 07:00:00+01:00,134.0955022737785,0.7530803407695401
1983-09-12 08:00:00+01:00,260.0964078831391,1.460701426671709
1983-09-12 09:00:00+01:00,438.5950413565417,2.4631497522583383
1983-09-12 10:00:00+01:00,571.2362557388137,3.208062812229178
1983-09-12 11:00:00+01:00,557.0518122176652,3.128402977414408
1983-09-12 12:00:00+01:00,521.1455504516116,2.9267534113362506
1983-09-12 13:00:00+01:00,404.69819907742965,2.2727850860188448
1983-09-12 14:00:00+01:00,319.3108555304191,1.7932497646588335
1983-09-12 15:00:00+01:00,251.51903267777146,1.4125308875183646
1983-09-12 16:00:00+01:00,108.21383547959198,0.6077289000533885
1983-09-12 17:00:00+01:00,22.302994847894265,0.1252536190657742
1983-09-12 18:00:00+01:00,3.4608682855254838,0.019436236291511116
1983-09-12 19:00:00+01:00,0.0,0.0
1983-09-12 20:00:00+01:00,0.0,0.0
1983-09-12 21:00:00+01:00,0.0,0.0
1983-09-12 22:00:00+01:00,0.0,0.0
1983-09-12 23:00:00+01:00,0.0,0.0
1983-09-13 00:00:00+01:00,0.0,0.0
1983-09-13 01:00:00+01:00,0.0,0.0
1983-09-13 02:00:00+01:00,0.0,0.0
1983-09-13 03:00:00+01:00,0.0,0.0
1983-09-13 04:00:00+01:00,0.0,0.0
1983-09-13 05:00:00+01:00,0.0,0.0
1983-09-13 06:00:00+01:00,17.203497758422603,0.09661484341130135
1983-09-13 07:00:00+01:00,88.93077246610123,0.4994352181696245
1983-09-13 08:00:00+01:00,253.7603138405654,1.4251179225286155
1983-09-13 09:00:00+01:00,464.15403461360006,2.606689058389978
1983-09-13 10:00:00+01:00,600.2971437178495,3.3712687591194426
1983-09-13 11:00:00+01:00,718.8499677594904,4.037061418937298
1983-09-13 12:00:00+01:00,784.4504227566167,4.405473574201159
1983-09-13 13:00:00+01:00,685.9402255479458,3.852240306677264
1983-09-13 14:00:00+01:00,610.9007112476919,3.430818394367037
1983-09-13 15:00:00+01:00,493.25047424474803,2.770094663358505
1983-09-13 16:00:00+01:00,294.05690616898653,1.6514235850450285
1983-09-13 17:00:00+01:00,48.49086554471005,0.2723247008990916
1983-09-13 18:00:00+01:00,1.2301515190165002,0.006908530930796665
1983-09-13 19:00:00+01:00,0.0,0.0
1983-09-13 20:00:00+01:00,0.0,0.0
1983-09-13 21:00:00+01:00,0.0,0.0
1983-09-13 22:00:00+01:00,0.0,0.0
1983-09-13 23:00:00+01:00,0.0,0.0
1983-09-14 00:00:00+01:00,0.0,0.0
1983-09-14 01:00:00+01:00,0.0,0.0
1983-09-14 02:00:00+01:00,0.0,0.0
1983-09-14 03:00:00+01:00,0.0,0.0
1983-09-14 04:00:00+01:00,0.0,0.0
1983-09-14 05:00:00+01:00,0.0,0.0
1983-09-14 06:00:00+01:00,37.589835316011516,0.21110451513472067
1983-09-14 07:00:00+01:00,167.71326893388348,0.9418777183326897
1983-09-14 08:00:00+01:00,365.2664678008158,2.0513364831693814
1983-09-14 09:00:00+01:00,623.4706382860159,3.5014111046142653
1983-09-14 10:00:00+01:00,849.3260371250365,4.769815024494205
1983-09-14 11:00:00+01:00,984.2435330714295,5.527511681729148
1983-09-14 12:00:00+01:00,1005.4095308088243,5.646379925022359
1983-09-14 13:00:00+01:00,937.5939083976283,5.265527389561081
1983-09-14 14:00:00+01:00,791.6626973218632,4.445977708159584
1983-09-14 15:00:00+01:00,584.427018232507,3.2821421343937587
1983-09-14 16:00:00+01:00,340.9509651694081,1.914780620391396
1983-09-14 17:00:00+01:00,47.84563811953552,0.2687011036793115
1983-09-14 18:00:00+01:00,1.2301515190165002,0.006908530930796665
1983-09-14 19:00:00+01:00,0.0,0.0
1983-09-14 20:00:00+01:00,0.0,0.0
1983-09-14 21:00:00+01:00,0.0,0.0
1983-09-14 22:00:00+01:00,0.0,0.0
1983-09-14 23:00:00+01:00,0.0,0.0
1983-09-15 00:00:00+01:00,0.0,0.0
1983-09-15 01:00:00+01:00,0.0,0.0
1983-09-15 02:00:00+01:00,0.0,0.0
1983-09-15 03:00:00+01:00,0.0,0.0
1983-09-15 04:00:00+01:00,0.0,0.0
1983-09-15 05:00:00+01:00,0.0,0.0
1983-09-15 06:00:00+01:00,49.50566224986794,0.2780237991952583
1983-09-15 07:00:00+01:00,251.21921413749132,1.4108471065961512
1983-09-15 08:00:00+01:00,498.9635371067948,2.802179224391759
1983-09-15 09:00:00+01:00,729.3213787297353,4.095868862946193
1983-09-15 10:00:00+01:00,898.6445680520413,5.046787894180264
1983-09-15 11:00:00+01:00,997.714245621411,5.603163203409844
1983-09-15 12:00:00+01:00,1010.7122412308228,5.6761599467523
1983-09-15 13:00:00+01:00,939.8662242932887,5.27828871563111
1983-09-15 14:00:00+01:00,794.0989623875073,4.459659772768241
1983-09-15 15:00:00+01:00,581.5536776532684,3.2660054537007555
1983-09-15 16:00:00+01:00,335.4204833304898,1.8837214343840305
1983-09-15 17:00:00+01:00,45.95332326105378,0.258073863434078
1983-09-15 18:00:00+01:00,1.1129942314911192,0.006250575604054125
1983-09-15 19:00:00+01:00,0.0,0.0
1983-09-15 20:00:00+01:00,0.0,0.0
1983-09-15 21:00:00+01:00,0.0,0.0
1983-09-15 22:00:00+01:00,0.0,0.0
1983-09-15 23:00:00+01:00,0.0,0.0
1983-09-16 00:00:00+01:00,0.0,0.0
1983-09-16 01:00:00+01:00,0.0,0.0
1983-09-16 02:00:00+01:00,0.0,0.0
1983-09-16 03:00:00+01:00,0.0,0.0
1983-09-16 04:00:00+01:00,0.0,0.0
1983-09-16 05:00:00+01:00,0.0,0.0
1983-09-16 06:00:00+01:00,49.49371803154709,0.27795672046516845
1983-09-16 07:00:00+01:00,254.51773678355545,1.4293716097764473
1983-09-16 08:00:00+01:00,505.40879090409203,2.838375769717381
1983-09-16 09:00:00+01:00,735.9926139873597,4.133334520153013
1983-09-16 10:00:00+01:00,901.6201861507635,5.0634989654226885
1983-09-16 11:00:00+01:00,995.5793635329278,5.591173705600923
1983-09-16 12:00:00+01:00,1004.1783747129475,5.639465752387913
1983-09-16 13:00:00+01:00,935.8349185926195,5.2556489028161515
1983-09-16 14:00:00+01:00,778.311825736837,4.370999213338076
1983-09-16 15:00:00+01:00,557.5680929061923,3.1313024097611764
1983-09-16 16:00:00+01:00,305.2109345044521,1.714064608177003
1983-09-16 17:00:00+01:00,44.43271458325601,0.24953412509956574
1983-09-16 18:00:00+01:00,0.9958369439657384,0.005592620277311586
1983-09-16 19:00:00+01:00,0.0,0.0
1983-09-16 20:00:00+01:00,0.0,0.0
1983-09-16 21:00:00+01:00,0.0,0.0
1983-09-16 22:00:00+01:00,0.0,0.0
1983-09-16 23:00:00+01:00,0.0,0.0
1983-09-17 00:00:00+01:00,0.0,0.0
1983-09-17 01:00:00+01:00,0.0,0.0
1983-09-17 02:00:00+01:00,0.0,0.0
1983-09-17 03:00:00+01:00,0.0,0.0
1983-09-17 04:00:00+01:00,0.0,0.0
1983-09-17 05:00:00+01:00,0.0,0.0
1983-09-17 06:00:00+01:00,42.630302108344694,0.2394117766404638
1983-09-17 07:00:00+01:00,217.00740722158906,1.2187135989564442
1983-09-17 08:00:00+01:00,418.23369861359214,2.3488004514139336
1983-09-17 09:00:00+01:00,535.4847469703631,3.007282338985559
1983-09-17 10:00:00+01:00,719.2764710241632,4.039456661271701
1983-09-17 11:00:00+01:00,793.2664388017077,4.45498432031039
1983-09-17 12:00:00+01:00,750.7539774844706,4.216234337552787
1983-09-17 13:00:00+01:00,660.0856950481037,3.707041263390151
1983-09-17 14:00:00+01:00,464.5396352488279,2.6088545915574173
1983-09-17 15:00:00+01:00,227.8403939084736,1.279551652189988
1983-09-17 16:00:00+01:00,52.784349002313164,0.2964369039969907
1983-09-17 17:00:00+01:00,12.76763640637368,0.07170304605819458
1983-09-17 18:00:00+01:00,0.05857864376269049,0.0003289776633712698
1983-09-17 19:00:00+01:00,0.0,0.0
1983-09-17 20:00:00+01:00,0.0,0.0
1983-09-17 21:00:00+01:00,0.0,0.0
1983-09-17 22:00:00+01:00,0.0,0.0
1983-09-17 23:00:00+01:00,0.0,0.0
1983-09-18 00:00:00+01:00,0.0,0.0
1983-09-18 01:00:00+01:00,0.0,0.0
1983-09-18 02:00:00+01:00,0.0,0.0
1983-09-18 03:00:00+01:00,0.0,0.0
1983-09-18 04:00:00+01:00,0.0,0.0
1983-09-18 05:00:00+01:00,0.0,0.0
1983-09-18 06:00:00+01:00,15.334911529101033,0.0861208631474314
1983-09-18 07:00:00+01:00,81.39573654161848,0.4571184564177294
1983-09-18 08:00:00+01:00,152.09108943736726,0.8541435582802546
1983-09-18 09:00:00+01:00,185.05719522661903,1.0392812083926926
1983-09-18 10:00:00+01:00,340.8856104856279,1.9144135884872864
1983-09-18 11:00:00+01:00,471.01210695116157,2.6452039926377235
1983-09-18 12:00:00+01:00,502.09315291220076,2.81975514675492
1983-09-18 13:00:00+01:00,525.3758158750923,2.9505105819545183
1983-09-18 14:00:00+01:00,409.00906382556786,2.2969949024443888
1983-09-18 15:00:00+01:00,227.932010991165,1.2800661737263825
1983-09-18 16:00:00+01:00,105.01854163371326,0.5897841298149337
1983-09-18 17:00:00+01:00,29.268137318673553,0.16436985918167069
1983-09-18 18:00:00+01:00,0.41005050633883344,0.0023028436435988888
1983-09-18 19:00:00+01:00,0.0,0.0
1983-09-18 20:00:00+01:00,0.0,0.0
1983-09-18 21:00:00+01:00,0.0,0.0
1983-09-18 22:00:00+01:00,0.0,0.0
1983-09-18 23:00:00+01:00,0.0,0.0
1983-09-19 00:00:00+01:00,0.0,0.0
1983-09-19 01:00:00+01:00,0.0,0.0
1983-09-19 02:00:00+01:00,0.0,0.0
1983-09-19 03:00:00+01:00,0.0,0.0
1983-09-19 04:00:00+01:00,0.0,0.0
1983-09-19 05:00:00+01:00,0.0,0.0
1983-09-19 06:00:00+01:00,16.634050761927416,0.09341682907898435
1983-09-19 07:00:00+01:00,62.568588645412916,0.3513851938326389
1983-09-19 08:00:00+01:00,127.10541121876628,0.7138239894045915
1983-09-19 09:00:00+01:00,222.3215261030818,1.2485576905949074
1983-09-19 10:00:00+01:00,312.1981120925525,1.753304597511775
1983-09-19 11:00:00+01:00,370.2938714474238,2.079570382048732
1983-09-19 12:00:00+01:00,349.9984947798273,1.96559154668351
1983-09-19 13:00:00+01:00,332.2449627576274,1.8658877108468355
1983-09-19 14:00:00+01:00,275.92057082377954,1.5495699257463458
1983-09-19 15:00:00+01:00,198.43437918617263,1.1144074735095455
1983-09-19 16:00:00+01:00,98.90428076992676,0.5554464408039087
1983-09-19 17:00:00+01:00,19.291705872346874,0.10834222017910006
1983-09-19 18:00:00+01:00,0.2928932188134524,0.001644888316856349
1983-09-19 19:00:00+01:00,0.0,0.0
1983-09-19 20:00:00+01:00,0.0,0.0
1983-09-19 21:00:00+01:00,0.0,0.0
1983-09-19 22:00:00+01:00,0.0,0.0
1983-09-19 23:00:00+01:00,0.0,0.0
1983-09-20 00:00:00+01:00,0.0,0.0
1983-09-20 01:00:00+01:00,0.0,0.0
1983-09-20 02:00:00+01:00,0.0,0.0
1983-09-20 03:00:00+01:00,0.0,0.0
1983-09-20 04:00:00+01:00,0.0,0.0
1983-09-20 05:00:00+01:00,0.0,0.0
1983-09-20 06:00:00+01:00,22.236856748028035,0.12488218749692544
1983-09-20 07:00:00+01:00,101.56677060956007,0.5703989837432893
1983-09-20 08:00:00+01:00,222.99250800546596,1.2523259249586969
1983-09-20 09:00:00+01:00,393.4115388073854,2.209399201942276
1983-09-20 10:00:00+01:00,590.2366677992304,3.3147691263604777
1983-09-20 11:00:00+01:00,674.9578164578035,3.790563097227025
1983-09-20 12:00:00+01:00,702.8322903688379,3.947106142711393
1983-09-20 13:00:00+01:00,663.7894566560612,3.72784158858044
1983-09-20 14:00:00+01:00,565.7170907689484,3.177067181758414
1983-09-20 15:00:00+01:00,418.26860534222953,2.348996487601961
1983-09-20 16:00:00+01:00,223.5045737725485,1.2552016863066324
1983-09-20 17:00:00+01:00,33.37420992404175,0.18742956293341845
1983-09-20 18:00:00+01:00,0.5272077938642143,0.0029607989703414276
1983-09-20 19:00:00+01:00,0.0,0.0
1983-09-20 20:00:00+01:00,0.0,0.0
1983-09-20 21:00:00+01:00,0.0,0.0
1983-09-20 22:00:00+01:00,0.0,0.0
1983-09-20 23:00:00+01:00,0.0,0.0
1983-09-21 00:00:00+01:00,0.0,0.0
1983-09-21 01:00:00+01:00,0.0,0.0
1983-09-21 02:00:00+01:00,0.0,0.0
1983-09-21 03:00:00+01:00,0.0,0.0
1983-09-21 04:00:00+01:00,0.0,0.0
1983-09-21 05:00:00+01:00,0.0,0.0
1983-09-21 06:00:00+01:00,27.501461537551272,0.15444820799488795
1983-09-21 07:00:00+01:00,113.93740904826073,0.6398724892150323
1983-09-21 08:00:00+01:00,270.60213419763284,1.5197015856539062
1983-09-21 09:00:00+01:00,447.18039831121445,2.5113651169157802
1983-09-21 10:00:00+01:00,626.7095777194672,3.519600988472528
1983-09-21 11:00:00+01:00,804.6735018279531,4.519046386265785
1983-09-21 12:00:00+01:00,904.9192492791083,5.082026503951472
1983-09-21 13:00:00+01:00,842.229237380727,4.729959397130163
1983-09-21 14:00:00+01:00,661.563642542952,3.7153414165212184
1983-09-21 15:00:00+01:00,461.4085744892303,2.5912705543315173
1983-09-21 16:00:00+01:00,260.1959812474417,1.4612606306856326
1983-09-21 17:00:00+01:00,42.25258985596386,0.23729054463109303
1983-09-21 18:00:00+01:00,0.6443650813895954,0.0036187542970839677
1983-09-21 19:00:00+01:00,0.0,0.0
1983-09-21 20:00:00+01:00,0.0,0.0
1983-09-21 21:00:00+01:00,0.0,0.0
1983-09-21 22:00:00+01:00,0.0,0.0
1983-09-21 23:00:00+01:00,0.0,0.0
1983-09-22 00:00:00+01:00,0.0,0.0
1983-09-22 01:00:00+01:00,0.0,0.0
1983-09-22 02:00:00+01:00,0.0,0.0
1983-09-22 03:00:00+01:00,0.0,0.0
1983-09-22 04:00:00+01:00,0.0,0.0
1983-09-22 05:00:00+01:00,0.0,0.0
1983-09-22 06:00:00+01:00,36.334543014860834,0.20405479357145842
1983-09-22 07:00:00+01:00,205.99116473646563,1.1568463811599912
1983-09-22 08:00:00+01:00,485.23686050679277,2.725090208606148
1983-09-22 09:00:00+01:00,728.6583577031154,4.092145336860695
1983-09-22 10:00:00+01:00,909.2487375410782,5.106340910030696
1983-09-22 11:00:00+01:00,1004.6139339097329,5.64191185283706
1983-09-22 12:00:00+01:00,1023.3212963602364,5.746972400359088
1983-09-22 13:00:00+01:00,946.0261877602225,5.312883070461409
1983-09-22 14:00:00+01:00,794.6414649658794,4.4627064672483785
1983-09-22 15:00:00+01:00,572.4753592805581,3.2150216177196143
1983-09-22 16:00:00+01:00,318.8561667469539,1.7906962324508928
1983-09-22 17:00:00+01:00,37.58688212526578,0.21108793001549261
1983-09-22 18:00:00+01:00,0.5857864376269049,0.003289776633712698
1983-09-22 19:00:00+01:00,0.0,0.0
1983-09-22 20:00:00+01:00,0.0,0.0
1983-09-22 21:00:00+01:00,0.0,0.0
1983-09-22 22:00:00+01:00,0.0,0.0
1983-09-22 23:00:00+01:00,0.0,0.0
1983-09-23 00:00:00+01:00,0.0,0.0
1983-09-23 01:00:00+01:00,0.0,0.0
1983-09-23 02:00:00+01:00,0.0,0.0
1983-09-23 03:00:00+01:00,0.0,0.0
1983-09-23 04:00:00+01:00,0.0,0.0
1983-09-23 05:00:00+01:00,0.0,0.0
1983-09-23 06:00:00+01:00,40.92573382286633,0.2298389211492173
1983-09-23 07:00:00+01:00,206.49961932699455,1.1597018621404014
1983-09-23 08:00:00+01:00,389.002652571559,2.184638896841875
1983-09-23 09:00:00+01:00,576.5743663845346,3.2380416416155464
1983-09-23 10:00:00+01:00,801.547176365334,4.501488942467716
1983-09-23 11:00:00+01:00,916.1491505518186,5.145093629499013
1983-09-23 12:00:00+01:00,962.4764545710536,5.405267768871038
1983-09-23 13:00:00+01:00,917.9217428289187,5.155048507727208
1983-09-23 14:00:00+01:00,763.7971833441029,4.289484981660482
1983-09-23 15:00:00+01:00,538.9951676342972,3.0269968614342133
1983-09-23 16:00:00+01:00,287.9684784293536,1.6172309748592497
1983-09-23 17:00:00+01:00,37.27987738584638,0.2093637913989133
1983-09-23 18:00:00+01:00,0.5272077938642143,0.0029607989703414276
1983-09-23 19:00:00+01:00,0.0,0.0
1983-09-23 20:00:00+01:00,0.0,0.0
1983-09-23 21:00:00+01:00,0.0,0.0
1983-09-23 22:00:00+01:00,0.0,0.0
1983-09-23 23:00:00+01:00,0.0,0.0
1983-09-24 00:00:00+01:00,0.0,0.0
1983-09-24 01:00:00+01:00,0.0,0.0
1983-09-24 02:00:00+01:00,0.0,0.0
1983-09-24 03:00:00+01:00,0.0,0.0
1983-09-24 04:00:00+01:00,0.0,0.0
1983-09-24 05:00:00+01:00,0.0,0.0
1983-09-24 06:00:00+01:00,44.19556960695398,0.24820231891265357
1983-09-24 07:00:00+01:00,235.18785615801988,1.3208150001834396
1983-09-24 08:00:00+01:00,490.6576805096581,2.75553353374224
1983-09-24 09:00:00+01:00,724.0828439333134,4.066449251529487
1983-09-24 10:00:00+01:00,899.1227753778287,5.049473506521886
1983-09-24 11:00:00+01:00,989.1058349820007,5.554818369258916
1983-09-24 12:00:00+01:00,1001.8757576448542,5.626534254933501
1983-09-24 13:00:00+01:00,928.1475744520695,5.212476778122823
1983-09-24 14:00:00+01:00,780.1878382100632,4.381534899387715
1983-09-24 15:00:00+01:00,560.7400822568275,3.149116301954343
1983-09-24 16:00:00+01:00,308.84319904648544,1.734463405845062
1983-09-24 17:00:00+01:00,34.829168515715054,0.19560061038425575
1983-09-24 18:00:00+01:00,0.5272077938642143,0.0029607989703414276
1983-09-24 19:00:00+01:00,0.0,0.0
1983-09-24 20:00:00+01:00,0.0,0.0
1983-09-24 21:00:00+01:00,0.0,0.0
1983-09-24 22:00:00+01:00,0.0,0.0
1983-09-24 23:00:00+01:00,0.0,0.0
1983-09-25 00:00:00+01:00,0.0,0.0
1983-09-25 01:00:00+01:00,0.0,0.0
1983-09-25 02:00:00+01:00,0.0,0.0
1983-09-25 03:00:00+01:00,0.0,0.0
1983-09-25 04:00:00+01:00,0.0,0.0
1983-09-25 05:00:00+01:00,0.0,0.0
1983-09-25 06:00:00+01:00,44.569479369322934,0.2503021961381176
1983-09-25 07:00:00+01:00,243.7366648376988,1.3688251097285165
1983-09-25 08:00:00+01:00,492.88271556253056,2.7680293305991714
1983-09-25 09:00:00+01:00,717.6717250001657,4.03044440760093
1983-09-25 10:00:00+01:00,865.5040394835488,4.86067068573961
1983-09-25 11:00:00+01:00,904.1278324237355,5.077581906891698
1983-09-25 12:00:00+01:00,874.1452068270319,4.909199481540611
1983-09-25 13:00:00+01:00,818.2481488649798,4.595281604025727
1983-09-25 14:00:00+01:00,665.9503733588635,3.739977296783378
1983-09-25 15:00:00+01:00,374.4663017413198,2.1030027505792517
1983-09-25 16:00:00+01:00,113.98437385337999,0.640136243560582
1983-09-25 17:00:00+01:00,15.521800082221235,0.08717042926175446
1983-09-25 18:00:00+01:00,0.11715728752538097,0.0006579553267425396
1983-09-25 19:00:00+01:00,0.0,0.0
1983-09-25 20:00:00+01:00,0.0,0.0
1983-09-25 21:00:00+01:00,0.0,0.0
1983-09-25 22:00:00+01:00,0.0,0.0
1983-09-25 23:00:00+01:00,0.0,0.0
1983-09-26 00:00:00+01:00,0.0,0.0
1983-09-26 01:00:00+01:00,0.0,0.0
1983-09-26 02:00:00+01:00,0.0,0.0
1983-09-26 03:00:00+01:00,0.0,0.0
1983-09-26 04:00:00+01:00,0.0,0.0
1983-09-26 05:00:00+01:00,0.0,0.0
1983-09-26 06:00:00+01:00,24.061599032104073,0.13512994016429647
1983-09-26 07:00:00+01:00,124.38722398682087,0.6985586499099861
1983-09-26 08:00:00+01:00,273.10098879262273,1.5337351530593692
1983-09-26 09:00:00+01:00,453.1332410644228,2.5447962818177987
1983-09-26 10:00:00+01:00,588.5328279718872,3.3052003618901185
1983-09-26 11:00:00+01:00,677.0699043956547,3.802424583085997
1983-09-26 12:00:00+01:00,613.977717434107,3.448098861109945
1983-09-26 13:00:00+01:00,443.94945591825876,2.493220144436941
1983-09-26 14:00:00+01:00,354.70122413765097,1.992002074757048
1983-09-26 15:00:00+01:00,241.6326466600571,1.3570089436428807
1983-09-26 16:00:00+01:00,127.74612158485921,0.7174222188205692
1983-09-26 17:00:00+01:00,22.822788646683733,0.12817278103977586
1983-09-26 18:00:00+01:00,0.1757359312880715,0.0009869329901138096
1983-09-26 19:00:00+01:00,0.0,0.0
1983-09-26 20:00:00+01:00,0.0,0.0
1983-09-26 21:00:00+01:00,0.0,0.0
1983-09-26 22:00:00+01:00,0.0,0.0
1983-09-26 23:00:00+01:00,0.0,0.0
1983-09-27 00:00:00+01:00,0.0,0.0
1983-09-27 01:00:00+01:00,0.0,0.0
1983-09-27 02:00:00+01:00,0.0,0.0
1983-09-27 03:00:00+01:00,0.0,0.0
1983-09-27 04:00:00+01:00,0.0,0.0
1983-09-27 05:00:00+01:00,0.0,0.0
1983-09-27 06:00:00+01:00,25.990856733220596,0.14596465141376685
1983-09-27 07:00:00+01:00,121.6558106662226,0.6832190327015062
1983-09-27 08:00:00+01:00,271.5762993900542,1.5251724973745442
1983-09-27 09:00:00+01:00,478.3287656018069,2.6862943476197474
1983-09-27 10:00:00+01:00,709.1615951423533,3.982651518319456
1983-09-27 11:00:00+01:00,884.7543957809642,4.968780686705895
1983-09-27 12:00:00+01:00,938.7625033927127,5.272090219053474
1983-09-27 13:00:00+01:00,886.0691331617113,4.97616425183617
1983-09-27 14:00:00+01:00,750.7837867355789,4.216401746307011
1983-09-27 15:00:00+01:00,548.059973247908,3.0779048097602515
1983-09-27 16:00:00+01:00,295.81931166934584,1.6613212543350462
1983-09-27 17:00:00+01:00,32.056677743745944,0.18003030220887722
1983-09-27 18:00:00+01:00,0.351471862576143,0.001973865980227619
1983-09-27 19:00:00+01:00,0.0,0.0
1983-09-27 20:00:00+01:00,0.0,0.0
1983-09-27 21:00:00+01:00,0.0,0.0
1983-09-27 22:00:00+01:00,0.0,0.0
1983-09-27 23:00:00+01:00,0.0,0.0
1983-09-28 00:00:00+01:00,0.0,0.0
1983-09-28 01:00:00+01:00,0.0,0.0
1983-09-28 02:00:00+01:00,0.0,0.0
1983-09-28 03:00:00+01:00,0.0,0.0
1983-09-28 04:00:00+01:00,0.0,0.0
1983-09-28 05:00:00+01:00,0.0,0.0
1983-09-28 06:00:00+01:00,42.39051225322783,0.2380651168141275
1983-09-28 07:00:00+01:00,228.66330517054587,1.2841731218377856
1983-09-28 08:00:00+01:00,481.210761988316,2.7024796393263824
1983-09-28 09:00:00+01:00,725.6865633526553,4.075455739788512
1983-09-28 10:00:00+01:00,913.8664656944898,5.132274071340255
1983-09-28 11:00:00+01:00,1004.0327249730989,5.638647783448924
1983-09-28 12:00:00+01:00,1010.5561924829283,5.675283576984125
1983-09-28 13:00:00+01:00,929.0402396652808,5.217489985960217
1983-09-28 14:00:00+01:00,774.3302074165492,4.348638444851341
1983-09-28 15:00:00+01:00,550.8435895603797,3.0935375989710927
1983-09-28 16:00:00+01:00,294.54303770699494,1.6541536997624835
1983-09-28 17:00:00+01:00,30.31013097143494,0.17022169553557864
1983-09-28 18:00:00+01:00,0.2928932188134524,0.001644888316856349
1983-09-28 19:00:00+01:00,0.0,0.0
1983-09-28 20:00:00+01:00,0.0,0.0
1983-09-28 21:00:00+01:00,0.0,0.0
1983-09-28 22:00:00+01:00,0.0,0.0
1983-09-28 23:00:00+01:00,0.0,0.0
1983-09-29 00:00:00+01:00,0.0,0.0
1983-09-29 01:00:00+01:00,0.0,0.0
1983-09-29 02:00:00+01:00,0.0,0.0
1983-09-29 03:00:00+01:00,0.0,0.0
1983-09-29 04:00:00+01:00,0.0,0.0
1983-09-29 05:00:00+01:00,0.0,0.0
1983-09-29 06:00:00+01:00,43.39424997737474,0.24370210787293656
1983-09-29 07:00:00+01:00,244.74186975476434,1.3744703405427565
1983-09-29 08:00:00+01:00,500.96495691669315,2.8134191980441488
1983-09-29 09:00:00+01:00,733.0823592045987,4.116990529293026
1983-09-29 10:00:00+01:00,906.8122742858958,5.092657732389591
1983-09-29 11:00:00+01:00,995.1099990998241,5.588537754944612
1983-09-29 12:00:00+01:00,1002.1733401580452,5.628205478327582
1983-09-29 13:00:00+01:00,920.6839059596717,5.170560815869517
1983-09-29 14:00:00+01:00,763.9959138986011,4.2906010524545435
1983-09-29 15:00:00+01:00,538.9338718627513,3.0266526243812115
1983-09-29 16:00:00+01:00,284.8953081708572,1.5999720506875343
1983-09-29 17:00:00+01:00,29.334413516746817,0.16474206631005014
1983-09-29 18:00:00+01:00,0.23431457505076195,0.0013159106534850792
1983-09-29 19:00:00+01:00,0.0,0.0
1983-09-29 20:00:00+01:00,0.0,0.0
1983-09-29 21:00:00+01:00,0.0,0.0
1983-09-29 22:00:00+01:00,0.0,0.0
1983-09-29 23:00:00+01:00,0.0,0.0
1983-09-30 00:00:00+01:00,0.0,0.0
1983-09-30 01:00:00+01:00,0.0,0.0
1983-09-30 02:00:00+01:00,0.0,0.0
1983-09-30 03:00:00+01:00,0.0,0.0
1983-09-30 04:00:00+01:00,0.0,0.0
1983-09-30 05:00:00+01:00,0.0,0.0
1983-09-30 06:00:00+01:00,39.44244385815713,0.22150876470741043
1983-09-30 07:00:00+01:00,220.3945732073915,1.2377359231327105
1983-09-30 08:00:00+01:00,469.0074523536533,2.633945852418117
1983-09-30 09:00:00+01:00,696.6083238719507,3.912152346864875
1983-09-30 10:00:00+01:00,858.2514935976578,4.819940388044447
1983-09-30 11:00:00+01:00,907.8473801397187,5.098470886864661
1983-09-30 12:00:00+01:00,830.1306959468524,4.662013988437523
1983-09-30 13:00:00+01:00,762.2735029548681,4.28092799259454
1983-09-30 14:00:00+01:00,637.6809317429183,3.58121611266823
1983-09-30 15:00:00+01:00,415.7442188407632,2.334819533009726
1983-09-30 16:00:00+01:00,222.37047795422114,1.2488326041909061
1983-09-30 17:00:00+01:00,28.015242716543995,0.15733360309611108
1983-09-30 18:00:00+01:00,0.23431457505076195,0.0013159106534850792
1983-09-30 19:00:00+01:00,0.0,0.0
1983-09-30 20:00:00+01:00,0.0,0.0
1983-09-30 21:00:00+01:00,0.0,0.0
1983-09-30 22:00:00+01:00,0.0,0.0
1983-09-30 23:00:00+01:00,0.0,0.0
1979-10-01 00:00:00+01:00,0.0,0.0
1979-10-01 01:00:00+01:00,0.0,0.0
1979-10-01 02:00:00+01:00,0.0,0.0
1979-10-01 03:00:00+01:00,0.0,0.0
1979-10-01 04:00:00+01:00,0.0,0.0
1979-10-01 05:00:00+01:00,0.0,0.0
1979-10-01 06:00:00+01:00,28.087063078527123,0.15773694624900833
1979-10-01 07:00:00+01:00,151.42829806160802,0.8504213219139907
1979-10-01 08:00:00+01:00,375.71448425173276,2.110012543557731
1979-10-01 09:00:00+01:00,608.4763695864319,3.4172032915974015
1979-10-01 10:00:00+01:00,789.9488542169756,4.4363527652825345
1979-10-01 11:00:00+01:00,919.3109686941855,5.162850400186546
1979-10-01 12:00:00+01:00,950.4458477696644,5.337703881074435
1979-10-01 13:00:00+01:00,891.1603013136155,5.004756252177264
1979-10-01 14:00:00+01:00,711.6621597864396,3.9966946893606443
1979-10-01 15:00:00+01:00,427.6204976830253,2.4015167149878702
1979-10-01 16:00:00+01:00,206.51925562137768,1.159812139569657
1979-10-01 17:00:00+01:00,25.10657272683572,0.14099851243390937
1979-10-01 18:00:00+01:00,0.1757359312880715,0.0009869329901138096
1979-10-01 19:00:00+01:00,0.0,0.0
1979-10-01 20:00:00+01:00,0.0,0.0
1979-10-01 21:00:00+01:00,0.0,0.0
1979-10-01 22:00:00+01:00,0.0,0.0
1979-10-01 23:00:00+01:00,0.0,0.0
1979-10-02 00:00:00+01:00,0.0,0.0
1979-10-02 01:00:00+01:00,0.0,0.0
1979-10-02 02:00:00+01:00,0.0,0.0
1979-10-02 03:00:00+01:00,0.0,0.0
1979-10-02 04:00:00+01:00,0.0,0.0
1979-10-02 05:00:00+01:00,0.0,0.0
1979-10-02 06:00:00+01:00,22.827636022074476,0.12820000389997027
1979-10-02 07:00:00+01:00,103.30943332230427,0.5801857775380608
1979-10-02 08:00:00+01:00,227.54492975441784,1.2778923255008108
1979-10-02 09:00:00+01:00,420.9706515699463,2.364171179216818
1979-10-02 10:00:00+01:00,510.23056506691256,2.865454853415781
1979-10-02 11:00:00+01:00,419.8541237478514,2.3579007589679337
1979-10-02 12:00:00+01:00,468.01080020632287,2.6283486539587093
1979-10-02 13:00:00+01:00,537.855867264376,3.0205985505567354
1979-10-02 14:00:00+01:00,461.37293934915226,2.591070427384839
1979-10-02 15:00:00+01:00,269.10566201114375,1.5112973978545834
1979-10-02 16:00:00+01:00,100.21827184723216,0.5628258146940558
1979-10-02 17:00:00+01:00,13.20364950973229,0.07415169564665654
1979-10-02 18:00:00+01:00,0.05857864376269049,0.0003289776633712698
1979-10-02 19:00:00+01:00,0.0,0.0
1979-10-02 20:00:00+01:00,0.0,0.0
1979-10-02 21:00:00+01:00,0.0,0.0
1979-10-02 22:00:00+01:00,0.0,0.0
1979-10-02 23:00:00+01:00,0.0,0.0
1979-10-03 00:00:00+01:00,0.0,0.0
1979-10-03 01:00:00+01:00,0.0,0.0
1979-10-03 02:00:00+01:00,0.0,0.0
1979-10-03 03:00:00+01:00,0.0,0.0
1979-10-03 04:00:00+01:00,0.0,0.0
1979-10-03 05:00:00+01:00,0.0,0.0
1979-10-03 06:00:00+01:00,30.316927304350372,0.1702598637412317
1979-10-03 07:00:00+01:00,180.47072484566874,1.0135235907332756
1979-10-03 08:00:00+01:00,366.0971188839229,2.056001419652111
1979-10-03 09:00:00+01:00,549.039440188182,3.08340549609683
1979-10-03 10:00:00+01:00,727.3595861100432,4.084851435594003
1979-10-03 11:00:00+01:00,831.5573981636776,4.670026348087213
1979-10-03 12:00:00+01:00,829.260680497371,4.657127981673235
1979-10-03 13:00:00+01:00,740.5695841161207,4.159038784396134
1979-10-03 14:00:00+01:00,626.2635396197821,3.5170960385046963
1979-10-03 15:00:00+01:00,483.81938747497327,2.71712968005945
1979-10-03 16:00:00+01:00,268.4743614732963,1.507752014034032
1979-10-03 17:00:00+01:00,23.718024801174217,0.1332004272833944
1979-10-03 18:00:00+01:00,0.11715728752538097,0.0006579553267425396
1979-10-03 19:00:00+01:00,0.0,0.0
1979-10-03 20:00:00+01:00,0.0,0.0
1979-10-03 21:00:00+01:00,0.0,0.0
1979-10-03 22:00:00+01:00,0.0,0.0
1979-10-03 23:00:00+01:00,0.0,0.0
1979-10-04 00:00:00+01:00,0.0,0.0
1979-10-04 01:00:00+01:00,0.0,0.0
1979-10-04 02:00:00+01:00,0.0,0.0
1979-10-04 03:00:00+01:00,0.0,0.0
1979-10-04 04:00:00+01:00,0.0,0.0
1979-10-04 05:00:00+01:00,0.0,0.0
1979-10-04 06:00:00+01:00,39.44339005720962,0.2215140785612892
1979-10-04 07:00:00+01:00,245.69705665758704,1.379834670189009
1979-10-04 08:00:00+01:00,514.8349522396397,2.8913130917778167
1979-10-04 09:00:00+01:00,752.9213305735748,4.228406192501196
1979-10-04 10:00:00+01:00,925.7812946796163,5.199187750920725
1979-10-04 11:00:00+01:00,1022.528055530239,5.742517559857822
1979-10-04 12:00:00+01:00,1012.7573902107436,5.687645503423536
1979-10-04 13:00:00+01:00,930.8222095704974,5.2274975289479135
1979-10-04 14:00:00+01:00,773.4406495702378,4.343642687986455
1979-10-04 15:00:00+01:00,542.839951676672,3.0485891686161897
1979-10-04 16:00:00+01:00,280.0236412408916,1.5726127692088474
1979-10-04 17:00:00+01:00,22.877139349073857,0.12847801458439878
1979-10-04 18:00:00+01:00,0.11715728752538097,0.0006579553267425396
1979-10-04 19:00:00+01:00,0.0,0.0
1979-10-04 20:00:00+01:00,0.0,0.0
1979-10-04 21:00:00+01:00,0.0,0.0
1979-10-04 22:00:00+01:00,0.0,0.0
1979-10-04 23:00:00+01:00,0.0,0.0
1979-10-05 00:00:00+01:00,0.0,0.0
1979-10-05 01:00:00+01:00,0.0,0.0
1979-10-05 02:00:00+01:00,0.0,0.0
1979-10-05 03:00:00+01:00,0.0,0.0
1979-10-05 04:00:00+01:00,0.0,0.0
1979-10-05 05:00:00+01:00,0.0,0.0
1979-10-05 06:00:00+01:00,,
1979-10-05 07:00:00+01:00,145.70642475338008,0.8182872814149825
1979-10-05 08:00:00+01:00,349.2098233734399,1.9611623680652386
1979-10-05 09:00:00+01:00,585.870374928426,3.290248025598041
1979-10-05 10:00:00+01:00,791.6622727897676,4.445975323987335
1979-10-05 11:00:00+01:00,851.0071659473062,4.779256243960073
1979-10-05 12:00:00+01:00,764.5566207586623,4.293749982180648
1979-10-05 13:00:00+01:00,629.3387824069167,3.534366601997245
1979-10-05 14:00:00+01:00,419.2335273287815,2.354415489478437
1979-10-05 15:00:00+01:00,207.13604202831044,1.1632760120309913
1979-10-05 16:00:00+01:00,92.84708993241952,0.521429257060468
1979-10-05 17:00:00+01:00,20.805638659017607,0.11684446670904287
1979-10-05 18:00:00+01:00,0.05857864376269049,0.0003289776633712698
1979-10-05 19:00:00+01:00,0.0,0.0
1979-10-05 20:00:00+01:00,0.0,0.0
1979-10-05 21:00:00+01:00,0.0,0.0
1979-10-05 22:00:00+01:00,0.0,0.0
1979-10-05 23:00:00+01:00,0.0,0.0
1979-10-06 00:00:00+01:00,0.0,0.0
1979-10-06 01:00:00+01:00,0.0,0.0
1979-10-06 02:00:00+01:00,0.0,0.0
1979-10-06 03:00:00+01:00,0.0,0.0
1979-10-06 04:00:00+01:00,0.0,0.0
1979-10-06 05:00:00+01:00,0.0,0.0
1979-10-06 06:00:00+01:00,,
1979-10-06 07:00:00+01:00,31.503551818223983,0.1769239470111459
1979-10-06 08:00:00+01:00,32.48965019527364,0.18246187549665677
1979-10-06 09:00:00+01:00,38.55953887099073,0.2165503702994839
1979-10-06 10:00:00+01:00,46.3726637834687,0.2604288798079602
1979-10-06 11:00:00+01:00,38.657421577639006,0.21710007958002064
1979-10-06 12:00:00+01:00,32.631743800052504,0.18325987318109485
1979-10-06 13:00:00+01:00,28.302835505577978,0.15894872419932593
1979-10-06 14:00:00+01:00,22.249895779535144,0.12495541469786936
1979-10-06 15:00:00+01:00,11.941016044529233,0.06706074610607618
1979-10-06 16:00:00+01:00,5.0993471254879585,0.028637933456740372
1979-10-06 17:00:00+01:00,1.6944297825911754,0.009515917659032041
1979-10-06 18:00:00+01:00,0.0,0.0
1979-10-06 19:00:00+01:00,0.0,0.0
1979-10-06 20:00:00+01:00,0.0,0.0
1979-10-06 21:00:00+01:00,0.0,0.0
1979-10-06 22:00:00+01:00,0.0,0.0
1979-10-06 23:00:00+01:00,0.0,0.0
1979-10-07 00:00:00+01:00,0.0,0.0
1979-10-07 01:00:00+01:00,0.0,0.0
1979-10-07 02:00:00+01:00,0.0,0.0
1979-10-07 03:00:00+01:00,0.0,0.0
1979-10-07 04:00:00+01:00,0.0,0.0
1979-10-07 05:00:00+01:00,0.0,0.0
1979-10-07 06:00:00+01:00,,
1979-10-07 07:00:00+01:00,62.69950989761806,0.35212044758502303
1979-10-07 08:00:00+01:00,155.50367694460135,0.8733086497208812
1979-10-07 09:00:00+01:00,282.10954693122284,1.5843272155657473
1979-10-07 10:00:00+01:00,417.47317739469537,2.344529364248609
1979-10-07 11:00:00+01:00,460.5103296415892,2.586226011267165
1979-10-07 12:00:00+01:00,442.56938238118926,2.4854696514527586
1979-10-07 13:00:00+01:00,383.64158036059905,2.154531115305124
1979-10-07 14:00:00+01:00,267.7956847191974,1.5039405653830125
1979-10-07 15:00:00+01:00,159.58878691339964,0.8962506273056523
1979-10-07 16:00:00+01:00,60.90032668158546,0.34201623464378395
1979-10-07 17:00:00+01:00,12.881826814377982,0.07234433938954675
1979-10-07 18:00:00+01:00,0.0,0.0
1979-10-07 19:00:00+01:00,0.0,0.0
1979-10-07 20:00:00+01:00,0.0,0.0
1979-10-07 21:00:00+01:00,0.0,0.0
1979-10-07 22:00:00+01:00,0.0,0.0
1979-10-07 23:00:00+01:00,0.0,0.0
1979-10-08 00:00:00+01:00,0.0,0.0
1979-10-08 01:00:00+01:00,0.0,0.0
1979-10-08 02:00:00+01:00,0.0,0.0
1979-10-08 03:00:00+01:00,0.0,0.0
1979-10-08 04:00:00+01:00,0.0,0.0
1979-10-08 05:00:00+01:00,0.0,0.0
1979-10-08 06:00:00+01:00,,
1979-10-08 07:00:00+01:00,101.65685606678477,0.5709049036710633
1979-10-08 08:00:00+01:00,202.2149411127911,1.135639109289435
1979-10-08 09:00:00+01:00,335.2301898701413,1.8826527463107134
1979-10-08 10:00:00+01:00,399.1204107025512,2.2414602265055277
1979-10-08 11:00:00+01:00,440.16644780730655,2.4719747708858337
1979-10-08 12:00:00+01:00,501.95555984877024,2.8189824241106938
1979-10-08 13:00:00+01:00,466.54614057157534,2.6201231254499673
1979-10-08 14:00:00+01:00,318.7517002707221,1.790109548720375
1979-10-08 15:00:00+01:00,151.16341993488092,0.8489337663542913
1979-10-08 16:00:00+01:00,56.74113865438805,0.31865823468304333
1979-10-08 17:00:00+01:00,15.0244461873671,0.08437728978825365
1979-10-08 18:00:00+01:00,0.0,0.0
1979-10-08 19:00:00+01:00,0.0,0.0
1979-10-08 20:00:00+01:00,0.0,0.0
1979-10-08 21:00:00+01:00,0.0,0.0
1979-10-08 22:00:00+01:00,0.0,0.0
1979-10-08 23:00:00+01:00,0.0,0.0
1979-10-09 00:00:00+01:00,0.0,0.0
1979-10-09 01:00:00+01:00,0.0,0.0
1979-10-09 02:00:00+01:00,0.0,0.0
1979-10-09 03:00:00+01:00,0.0,0.0
1979-10-09 04:00:00+01:00,0.0,0.0
1979-10-09 05:00:00+01:00,0.0,0.0
1979-10-09 06:00:00+01:00,,
1979-10-09 07:00:00+01:00,189.63562991900892,1.0649936976251542
1979-10-09 08:00:00+01:00,442.5372102105231,2.4852889725422975
1979-10-09 09:00:00+01:00,693.1997747092469,3.8930099347671305
1979-10-09 10:00:00+01:00,860.3602279426525,4.831783040125937
1979-10-09 11:00:00+01:00,950.1347817255494,5.335956934170685
1979-10-09 12:00:00+01:00,951.5311663714085,5.343799030341831
1979-10-09 13:00:00+01:00,805.8826492431613,4.525836958149593
1979-10-09 14:00:00+01:00,631.927718671056,3.5489060680566507
1979-10-09 15:00:00+01:00,450.5554009698692,2.5303191318467855
1979-10-09 16:00:00+01:00,214.29276390003864,1.2034681620626169
1979-10-09 17:00:00+01:00,16.79358763630006,0.09431278816546113
1979-10-09 18:00:00+01:00,0.0,0.0
1979-10-09 19:00:00+01:00,0.0,0.0
1979-10-09 20:00:00+01:00,0.0,0.0
1979-10-09 21:00:00+01:00,0.0,0.0
1979-10-09 22:00:00+01:00,0.0,0.0
1979-10-09 23:00:00+01:00,0.0,0.0
1979-10-10 00:00:00+01:00,0.0,0.0
1979-10-10 01:00:00+01:00,0.0,0.0
1979-10-10 02:00:00+01:00,0.0,0.0
1979-10-10 03:00:00+01:00,0.0,0.0
1979-10-10 04:00:00+01:00,0.0,0.0
1979-10-10 05:00:00+01:00,0.0,0.0
1979-10-10 06:00:00+01:00,,
1979-10-10 07:00:00+01:00,233.23699626516589,1.3098589710251716
1979-10-10 08:00:00+01:00,494.6218615798065,2.777796374632193
1979-10-10 09:00:00+01:00,734.2829426007547,4.123733005645838
1979-10-10 10:00:00+01:00,902.5498407893667,5.068719905873084
1979-10-10 11:00:00+01:00,993.049397345329,5.576965415491368
1979-10-10 12:00:00+01:00,993.8483545584066,5.581452359200012
1979-10-10 13:00:00+01:00,889.5201438116577,4.9955451276462695
1979-10-10 14:00:00+01:00,683.9037838635786,3.8408036501778575
1979-10-10 15:00:00+01:00,392.56183102571623,2.2046272430404223
1979-10-10 16:00:00+01:00,181.98337326904118,1.022018624278935
1979-10-10 17:00:00+01:00,16.05561726843109,0.09016834657950899
1979-10-10 18:00:00+01:00,0.0,0.0
1979-10-10 19:00:00+01:00,0.0,0.0
1979-10-10 20:00:00+01:00,0.0,0.0
1979-10-10 21:00:00+01:00,0.0,0.0
1979-10-10 22:00:00+01:00,0.0,0.0
1979-10-10 23:00:00+01:00,0.0,0.0
1979-10-11 00:00:00+01:00,0.0,0.0
1979-10-11 01:00:00+01:00,0.0,0.0
1979-10-11 02:00:00+01:00,0.0,0.0
1979-10-11 03:00:00+01:00,0.0,0.0
1979-10-11 04:00:00+01:00,0.0,0.0
1979-10-11 05:00:00+01:00,0.0,0.0
1979-10-11 06:00:00+01:00,,
1979-10-11 07:00:00+01:00,201.68697481787137,1.1326740505771655
1979-10-11 08:00:00+01:00,378.85910739131583,2.1276727471096297
1979-10-11 09:00:00+01:00,608.1552799707225,3.4154000523155776
1979-10-11 10:00:00+01:00,871.0870421030384,4.892024828450663
1979-10-11 11:00:00+01:00,994.7350380358055,5.586431973609083
1979-10-11 12:00:00+01:00,995.3519703856366,5.589896665685735
1979-10-11 13:00:00+01:00,897.1046101345892,5.038139490515853
1979-10-11 14:00:00+01:00,711.4519641242965,3.9955142305220495
1979-10-11 15:00:00+01:00,492.02046281452317,2.763186919166362
1979-10-11 16:00:00+01:00,246.28689818839615,1.3831472202260329
1979-10-11 17:00:00+01:00,15.371953014054784,0.08632888812693167
1979-10-11 18:00:00+01:00,0.0,0.0
1979-10-11 19:00:00+01:00,0.0,0.0
1979-10-11 20:00:00+01:00,0.0,0.0
1979-10-11 21:00:00+01:00,0.0,0.0
1979-10-11 22:00:00+01:00,0.0,0.0
1979-10-11 23:00:00+01:00,0.0,0.0
1979-10-12 00:00:00+01:00,0.0,0.0
1979-10-12 01:00:00+01:00,0.0,0.0
1979-10-12 02:00:00+01:00,0.0,0.0
1979-10-12 03:00:00+01:00,0.0,0.0
1979-10-12 04:00:00+01:00,0.0,0.0
1979-10-12 05:00:00+01:00,0.0,0.0
1979-10-12 06:00:00+01:00,,
1979-10-12 07:00:00+01:00,213.18376539106583,1.1972400264362257
1979-10-12 08:00:00+01:00,467.54159346162885,2.6257135888805077
1979-10-12 09:00:00+01:00,694.1910738698872,3.8985770708532863
1979-10-12 10:00:00+01:00,835.0357964382551,4.689561032797241
1979-10-12 11:00:00+01:00,845.1264759724592,4.74623028906133
1979-10-12 12:00:00+01:00,754.2207644293692,4.235703813035337
1979-10-12 13:00:00+01:00,649.8677639724084,3.649657362469046
1979-10-12 14:00:00+01:00,413.81323965743314,2.3239751539161446
1979-10-12 15:00:00+01:00,182.65547004053786,1.0257931197476606
1979-10-12 16:00:00+01:00,58.99030127306078,0.33128953194950933
1979-10-12 17:00:00+01:00,11.454160218464446,0.06432656378689633
1979-10-12 18:00:00+01:00,0.0,0.0
1979-10-12 19:00:00+01:00,0.0,0.0
1979-10-12 20:00:00+01:00,0.0,0.0
1979-10-12 21:00:00+01:00,0.0,0.0
1979-10-12 22:00:00+01:00,0.0,0.0
1979-10-12 23:00:00+01:00,0.0,0.0
1979-10-13 00:00:00+01:00,0.0,0.0
1979-10-13 01:00:00+01:00,0.0,0.0
1979-10-13 02:00:00+01:00,0.0,0.0
1979-10-13 03:00:00+01:00,0.0,0.0
1979-10-13 04:00:00+01:00,0.0,0.0
1979-10-13 05:00:00+01:00,0.0,0.0
1979-10-13 06:00:00+01:00,,
1979-10-13 07:00:00+01:00,22.34417882878381,0.12548490830244988
1979-10-13 08:00:00+01:00,42.80436348974818,0.24038930535842576
1979-10-13 09:00:00+01:00,65.95422276760237,0.37039891506285494
1979-10-13 10:00:00+01:00,84.05650291498591,0.4720613203705608
1979-10-13 11:00:00+01:00,75.73398885415035,0.42532208140490835
1979-10-13 12:00:00+01:00,51.93264457780825,0.2916537319489711
1979-10-13 13:00:00+01:00,49.985264469054044,0.2807172452582075
1979-10-13 14:00:00+01:00,70.0090739036514,0.3931709590429062
1979-10-13 15:00:00+01:00,66.78098165878505,0.3750419929957369
1979-10-13 16:00:00+01:00,35.14326833452947,0.19736459496671752
1979-10-13 17:00:00+01:00,6.08277316632476,0.034160854102079856
1979-10-13 18:00:00+01:00,0.0,0.0
1979-10-13 19:00:00+01:00,0.0,0.0
1979-10-13 20:00:00+01:00,0.0,0.0
1979-10-13 21:00:00+01:00,0.0,0.0
1979-10-13 22:00:00+01:00,0.0,0.0
1979-10-13 23:00:00+01:00,0.0,0.0
1979-10-14 00:00:00+01:00,0.0,0.0
1979-10-14 01:00:00+01:00,0.0,0.0
1979-10-14 02:00:00+01:00,0.0,0.0
1979-10-14 03:00:00+01:00,0.0,0.0
1979-10-14 04:00:00+01:00,0.0,0.0
1979-10-14 05:00:00+01:00,0.0,0.0
1979-10-14 06:00:00+01:00,,
1979-10-14 07:00:00+01:00,53.29266579754245,0.2992916111189984
1979-10-14 08:00:00+01:00,100.08587228796316,0.5620822587692011
1979-10-14 09:00:00+01:00,226.3444603315223,1.2711504892218293
1979-10-14 10:00:00+01:00,432.5177848826154,2.429019879900768
1979-10-14 11:00:00+01:00,563.7234985646533,3.1658711679390925
1979-10-14 12:00:00+01:00,599.8689035458663,3.368863762313585
1979-10-14 13:00:00+01:00,603.55027105997,3.389538322272791
1979-10-14 14:00:00+01:00,439.64811722609966,2.4690638263417757
1979-10-14 15:00:00+01:00,250.58635764031732,1.4072929845080222
1979-10-14 16:00:00+01:00,111.05823295865349,0.623703036295798
1979-10-14 17:00:00+01:00,11.009948375195703,0.06183187007509906
1979-10-14 18:00:00+01:00,0.0,0.0
1979-10-14 19:00:00+01:00,0.0,0.0
1979-10-14 20:00:00+01:00,0.0,0.0
1979-10-14 21:00:00+01:00,0.0,0.0
1979-10-14 22:00:00+01:00,0.0,0.0
1979-10-14 23:00:00+01:00,0.0,0.0
1979-10-15 00:00:00+01:00,0.0,0.0
1979-10-15 01:00:00+01:00,0.0,0.0
1979-10-15 02:00:00+01:00,0.0,0.0
1979-10-15 03:00:00+01:00,0.0,0.0
1979-10-15 04:00:00+01:00,0.0,0.0
1979-10-15 05:00:00+01:00,0.0,0.0
1979-10-15 06:00:00+01:00,0.0,0.0
1979-10-15 07:00:00+01:00,130.06273557119738,0.7304323229678444
1979-10-15 08:00:00+01:00,209.6793391456091,1.1775591686417408
1979-10-15 09:00:00+01:00,271.50687233242434,1.524782595018895
1979-10-15 10:00:00+01:00,322.91147197772324,1.8134708266268937
1979-10-15 11:00:00+01:00,297.91676341809233,1.6731005433560064
1979-10-15 12:00:00+01:00,338.2770206545813,1.8997637479961285
1979-10-15 13:00:00+01:00,341.76933099150756,1.9193765628483064
1979-10-15 14:00:00+01:00,333.7634734436542,1.874415666859562
1979-10-15 15:00:00+01:00,273.740931176471,1.5373290694870612
1979-10-15 16:00:00+01:00,48.18526133141961,0.2706084276372525
1979-10-15 17:00:00+01:00,13.273126581135818,0.07454187887965875
1979-10-15 18:00:00+01:00,0.0,0.0
1979-10-15 19:00:00+01:00,0.0,0.0
1979-10-15 20:00:00+01:00,0.0,0.0
1979-10-15 21:00:00+01:00,0.0,0.0
1979-10-15 22:00:00+01:00,0.0,0.0
1979-10-15 23:00:00+01:00,0.0,0.0
1979-10-16 00:00:00+01:00,0.0,0.0
1979-10-16 01:00:00+01:00,0.0,0.0
1979-10-16 02:00:00+01:00,0.0,0.0
1979-10-16 03:00:00+01:00,0.0,0.0
1979-10-16 04:00:00+01:00,0.0,0.0
1979-10-16 05:00:00+01:00,0.0,0.0
1979-10-16 06:00:00+01:00,0.0,0.0
1979-10-16 07:00:00+01:00,110.20491530894307,0.6189108043750243
1979-10-16 08:00:00+01:00,269.18569344580055,1.511746854391616
1979-10-16 09:00:00+01:00,488.7219751601252,2.7446626124992632
1979-10-16 10:00:00+01:00,644.4158361915905,3.6190393360519724
1979-10-16 11:00:00+01:00,788.9120446923612,4.4305300429923005
1979-10-16 12:00:00+01:00,894.952408323966,5.026052725147393
1979-10-16 13:00:00+01:00,856.2057220350043,4.808451334948584
1979-10-16 14:00:00+01:00,689.7961389144012,3.8738951161432773
1979-10-16 15:00:00+01:00,472.2634316166327,2.6522314319590095
1979-10-16 16:00:00+01:00,43.7012267972503,0.24542608969335766
1979-10-16 17:00:00+01:00,11.748995869616802,0.06598236080376796
1979-10-16 18:00:00+01:00,0.0,0.0
1979-10-16 19:00:00+01:00,0.0,0.0
1979-10-16 20:00:00+01:00,0.0,0.0
1979-10-16 21:00:00+01:00,0.0,0.0
1979-10-16 22:00:00+01:00,0.0,0.0
1979-10-16 23:00:00+01:00,0.0,0.0
1979-10-17 00:00:00+01:00,0.0,0.0
1979-10-17 01:00:00+01:00,0.0,0.0
1979-10-17 02:00:00+01:00,0.0,0.0
1979-10-17 03:00:00+01:00,0.0,0.0
1979-10-17 04:00:00+01:00,0.0,0.0
1979-10-17 05:00:00+01:00,0.0,0.0
1979-10-17 06:00:00+01:00,0.0,0.0
1979-10-17 07:00:00+01:00,149.26129136946616,0.8382514123309219
1979-10-17 08:00:00+01:00,317.54052685096445,1.7833075987950164
1979-10-17 09:00:00+01:00,468.1259050321717,2.6289950826606763
1979-10-17 10:00:00+01:00,610.9025076504364,3.4308284829648508
1979-10-17 11:00:00+01:00,762.9046558173352,4.284472547070155
1979-10-17 12:00:00+01:00,796.1618660428428,4.471245039696605
1979-10-17 13:00:00+01:00,710.4965565698249,3.9901486616961366
1979-10-17 14:00:00+01:00,504.3504248824738,2.832431986139973
1979-10-17 15:00:00+01:00,321.00780330229804,1.802779823345706
1979-10-17 16:00:00+01:00,58.92049941160103,0.3308975246955514
1979-10-17 17:00:00+01:00,13.947947497706105,0.07833167314711748
1979-10-17 18:00:00+01:00,0.0,0.0
1979-10-17 19:00:00+01:00,0.0,0.0
1979-10-17 20:00:00+01:00,0.0,0.0
1979-10-17 21:00:00+01:00,0.0,0.0
1979-10-17 22:00:00+01:00,0.0,0.0
1979-10-17 23:00:00+01:00,0.0,0.0
1979-10-18 00:00:00+01:00,0.0,0.0
1979-10-18 01:00:00+01:00,0.0,0.0
1979-10-18 02:00:00+01:00,0.0,0.0
1979-10-18 03:00:00+01:00,0.0,0.0
1979-10-18 04:00:00+01:00,0.0,0.0
1979-10-18 05:00:00+01:00,0.0,0.0
1979-10-18 06:00:00+01:00,0.0,0.0
1979-10-18 07:00:00+01:00,35.43699976364042,0.19901419067260462
1979-10-18 08:00:00+01:00,62.16468847427642,0.3491168904715364
1979-10-18 09:00:00+01:00,71.13571041197,0.39949814967362346
1979-10-18 10:00:00+01:00,70.76019535711185,0.3973892571255402
1979-10-18 11:00:00+01:00,72.11670635908628,0.4050074229126286
1979-10-18 12:00:00+01:00,146.23471237468465,0.8212541446962289
1979-10-18 13:00:00+01:00,167.67445200066703,0.941659722435746
1979-10-18 14:00:00+01:00,113.06648482651492,0.6349813787857078
1979-10-18 15:00:00+01:00,79.4003589732507,0.44591241599377596
1979-10-18 16:00:00+01:00,23.340428405728527,0.1310798459265714
1979-10-18 17:00:00+01:00,0.41005050633883344,0.0023028436435988888
1979-10-18 18:00:00+01:00,0.0,0.0
1979-10-18 19:00:00+01:00,0.0,0.0
1979-10-18 20:00:00+01:00,0.0,0.0
1979-10-18 21:00:00+01:00,0.0,0.0
1979-10-18 22:00:00+01:00,0.0,0.0
1979-10-18 23:00:00+01:00,0.0,0.0
1979-10-19 00:00:00+01:00,0.0,0.0
1979-10-19 01:00:00+01:00,0.0,0.0
1979-10-19 02:00:00+01:00,0.0,0.0
1979-10-19 03:00:00+01:00,0.0,0.0
1979-10-19 04:00:00+01:00,0.0,0.0
1979-10-19 05:00:00+01:00,0.0,0.0
1979-10-19 06:00:00+01:00,0.0,0.0
1979-10-19 07:00:00+01:00,136.5981760847084,0.7671353568917224
1979-10-19 08:00:00+01:00,236.55731081938103,1.3285058575616437
1979-10-19 09:00:00+01:00,311.6153204040886,1.7500316393893618
1979-10-19 10:00:00+01:00,505.2146785835645,2.837285634925298
1979-10-19 11:00:00+01:00,739.8930712045858,4.155239487884954
1979-10-19 12:00:00+01:00,789.9151660960355,4.436163572795335
1979-10-19 13:00:00+01:00,706.1600363398502,3.9657947640845985
1979-10-19 14:00:00+01:00,549.9631200870476,3.088592882408859
1979-10-19 15:00:00+01:00,352.6410257697953,1.9804320007231704
1979-10-19 16:00:00+01:00,56.25820935418518,0.315946103733104
1979-10-19 17:00:00+01:00,0.9372583002030478,0.005263642613940317
1979-10-19 18:00:00+01:00,0.0,0.0
1979-10-19 19:00:00+01:00,0.0,0.0
1979-10-19 20:00:00+01:00,0.0,0.0
1979-10-19 21:00:00+01:00,0.0,0.0
1979-10-19 22:00:00+01:00,0.0,0.0
1979-10-19 23:00:00+01:00,0.0,0.0
1979-10-20 00:00:00+01:00,0.0,0.0
1979-10-20 01:00:00+01:00,0.0,0.0
1979-10-20 02:00:00+01:00,0.0,0.0
1979-10-20 03:00:00+01:00,0.0,0.0
1979-10-20 04:00:00+01:00,0.0,0.0
1979-10-20 05:00:00+01:00,0.0,0.0
1979-10-20 06:00:00+01:00,0.0,0.0
1979-10-20 07:00:00+01:00,121.75244759811773,0.6837617457110291
1979-10-20 08:00:00+01:00,296.73274858569533,1.6664511160572648
1979-10-20 09:00:00+01:00,495.5355072561334,2.7829274087504454
1979-10-20 10:00:00+01:00,633.7806862171465,3.5593123337954946
1979-10-20 11:00:00+01:00,656.0010036359101,3.684101636419271
1979-10-20 12:00:00+01:00,588.113187614168,3.302843661641168
1979-10-20 13:00:00+01:00,500.0619787050173,2.8083480724073766
1979-10-20 14:00:00+01:00,375.7960292187417,2.1104705000924535
1979-10-20 15:00:00+01:00,268.49091353209116,1.507844970396224
1979-10-20 16:00:00+01:00,40.949643153799265,0.22997319595173665
1979-10-20 17:00:00+01:00,0.8201010126776669,0.0046056872871977775
1979-10-20 18:00:00+01:00,0.0,0.0
1979-10-20 19:00:00+01:00,0.0,0.0
1979-10-20 20:00:00+01:00,0.0,0.0
1979-10-20 21:00:00+01:00,0.0,0.0
1979-10-20 22:00:00+01:00,0.0,0.0
1979-10-20 23:00:00+01:00,0.0,0.0
1979-10-21 00:00:00+01:00,0.0,0.0
1979-10-21 01:00:00+01:00,0.0,0.0
1979-10-21 02:00:00+01:00,0.0,0.0
1979-10-21 03:00:00+01:00,0.0,0.0
1979-10-21 04:00:00+01:00,0.0,0.0
1979-10-21 05:00:00+01:00,0.0,0.0
1979-10-21 06:00:00+01:00,0.0,0.0
1979-10-21 07:00:00+01:00,128.32918482822288,0.7206967019952998
1979-10-21 08:00:00+01:00,296.96684499625866,1.6677658014989885
1979-10-21 09:00:00+01:00,521.6285501632583,2.9294659377168584
1979-10-21 10:00:00+01:00,729.0172168593591,4.094160689882162
1979-10-21 11:00:00+01:00,908.4413943001082,5.1018068703894075
1979-10-21 12:00:00+01:00,956.4773265728493,5.371576666033121
1979-10-21 13:00:00+01:00,886.3100585780276,4.9775172889742025
1979-10-21 14:00:00+01:00,724.2384534405949,4.067323154522381
1979-10-21 15:00:00+01:00,480.5078258691595,2.6985319500811995
1979-10-21 16:00:00+01:00,38.86068097550786,0.21824158435845217
1979-10-21 17:00:00+01:00,1.0544155877284287,0.005921597940682855
1979-10-21 18:00:00+01:00,0.0,0.0
1979-10-21 19:00:00+01:00,0.0,0.0
1979-10-21 20:00:00+01:00,0.0,0.0
1979-10-21 21:00:00+01:00,0.0,0.0
1979-10-21 22:00:00+01:00,0.0,0.0
1979-10-21 23:00:00+01:00,0.0,0.0
1979-10-22 00:00:00+01:00,0.0,0.0
1979-10-22 01:00:00+01:00,0.0,0.0
1979-10-22 02:00:00+01:00,0.0,0.0
1979-10-22 03:00:00+01:00,0.0,0.0
1979-10-22 04:00:00+01:00,0.0,0.0
1979-10-22 05:00:00+01:00,0.0,0.0
1979-10-22 06:00:00+01:00,0.0,0.0
1979-10-22 07:00:00+01:00,225.93332565824565,1.2688415568967075
1979-10-22 08:00:00+01:00,488.1640473374332,2.7415292898470245
1979-10-22 09:00:00+01:00,729.3293384988283,4.09591356500942
1979-10-22 10:00:00+01:00,898.0613570980895,5.0435125814628705
1979-10-22 11:00:00+01:00,987.8392933271922,5.547705471325512
1979-10-22 12:00:00+01:00,985.9972247683617,5.537360414299119
1979-10-22 13:00:00+01:00,891.1119693098682,5.004484819644219
1979-10-22 14:00:00+01:00,719.4507496767634,4.040435410184703
1979-10-22 15:00:00+01:00,474.4188705944716,2.6643363772585524
1979-10-22 16:00:00+01:00,36.78325619180314,0.20657476677316644
1979-10-22 17:00:00+01:00,0.9372583002030478,0.005263642613940317
1979-10-22 18:00:00+01:00,0.0,0.0
1979-10-22 19:00:00+01:00,0.0,0.0
1979-10-22 20:00:00+01:00,0.0,0.0
1979-10-22 21:00:00+01:00,0.0,0.0
1979-10-22 22:00:00+01:00,0.0,0.0
1979-10-22 23:00:00+01:00,0.0,0.0
1979-10-23 00:00:00+01:00,0.0,0.0
1979-10-23 01:00:00+01:00,0.0,0.0
1979-10-23 02:00:00+01:00,0.0,0.0
1979-10-23 03:00:00+01:00,0.0,0.0
1979-10-23 04:00:00+01:00,0.0,0.0
1979-10-23 05:00:00+01:00,0.0,0.0
1979-10-23 06:00:00+01:00,0.0,0.0
1979-10-23 07:00:00+01:00,119.33671295651223,0.6701949799637728
1979-10-23 08:00:00+01:00,226.63762182285282,1.2727968841571415
1979-10-23 09:00:00+01:00,423.81699131679824,2.3801562232351388
1979-10-23 10:00:00+01:00,598.8561891029144,3.3631763580019673
1979-10-23 11:00:00+01:00,596.8686859576401,3.3520145403381068
1979-10-23 12:00:00+01:00,409.7544387210047,2.301180927857162
1979-10-23 13:00:00+01:00,253.84544072516317,1.4255959951125163
1979-10-23 14:00:00+01:00,156.3348625753024,0.8779765882228983
1979-10-23 15:00:00+01:00,77.88559867854785,0.43740552217872475
1979-10-23 16:00:00+01:00,22.258720857824652,0.12500497633754323
1979-10-23 17:00:00+01:00,0.1757359312880715,0.0009869329901138096
1979-10-23 18:00:00+01:00,0.0,0.0
1979-10-23 19:00:00+01:00,0.0,0.0
1979-10-23 20:00:00+01:00,0.0,0.0
1979-10-23 21:00:00+01:00,0.0,0.0
1979-10-23 22:00:00+01:00,0.0,0.0
1979-10-23 23:00:00+01:00,0.0,0.0
1979-10-24 00:00:00+01:00,0.0,0.0
1979-10-24 01:00:00+01:00,0.0,0.0
1979-10-24 02:00:00+01:00,0.0,0.0
1979-10-24 03:00:00+01:00,0.0,0.0
1979-10-24 04:00:00+01:00,0.0,0.0
1979-10-24 05:00:00+01:00,0.0,0.0
1979-10-24 06:00:00+01:00,0.0,0.0
1979-10-24 07:00:00+01:00,90.26595202226066,0.5069335865570158
1979-10-24 08:00:00+01:00,267.40105459914673,1.5017243226288082
1979-10-24 09:00:00+01:00,462.3574313002906,2.5965993341824323
1979-10-24 10:00:00+01:00,619.8480972489067,3.4810669141498596
1979-10-24 11:00:00+01:00,738.9335096524662,4.14985059020825
1979-10-24 12:00:00+01:00,791.8081621930696,4.446794638876279
1979-10-24 13:00:00+01:00,791.0388074966656,4.442473942901274
1979-10-24 14:00:00+01:00,674.6210037460738,3.7886715570379503
1979-10-24 15:00:00+01:00,451.20620320342425,2.533974037190431
1979-10-24 16:00:00+01:00,37.891756973935,0.21280010716561898
1979-10-24 17:00:00+01:00,0.8201010126776669,0.0046056872871977775
1979-10-24 18:00:00+01:00,0.0,0.0
1979-10-24 19:00:00+01:00,0.0,0.0
1979-10-24 20:00:00+01:00,0.0,0.0
1979-10-24 21:00:00+01:00,0.0,0.0
1979-10-24 22:00:00+01:00,0.0,0.0
1979-10-24 23:00:00+01:00,0.0,0.0
1979-10-25 00:00:00+01:00,0.0,0.0
1979-10-25 01:00:00+01:00,0.0,0.0
1979-10-25 02:00:00+01:00,0.0,0.0
1979-10-25 03:00:00+01:00,0.0,0.0
1979-10-25 04:00:00+01:00,0.0,0.0
1979-10-25 05:00:00+01:00,0.0,0.0
1979-10-25 06:00:00+01:00,0.0,0.0
1979-10-25 07:00:00+01:00,80.03741118876911,0.44949010123612737
1979-10-25 08:00:00+01:00,248.12213511303452,1.3934539107948019
1979-10-25 09:00:00+01:00,463.95521677677993,2.6055724974183962
1979-10-25 10:00:00+01:00,677.5284929031121,3.8050000161438775
1979-10-25 11:00:00+01:00,839.0515550663174,4.712113533252438
1979-10-25 12:00:00+01:00,893.7657925303129,5.019388690850237
1979-10-25 13:00:00+01:00,855.8490346831854,4.806448178780769
1979-10-25 14:00:00+01:00,714.2197989474623,4.011058390888948
1979-10-25 15:00:00+01:00,469.97370502890055,2.6393723274423055
1979-10-25 16:00:00+01:00,37.07200005238597,0.20819635229419955
1979-10-25 17:00:00+01:00,0.7615223689149764,0.004276709623826507
1979-10-25 18:00:00+01:00,0.0,0.0
1979-10-25 19:00:00+01:00,0.0,0.0
1979-10-25 20:00:00+01:00,0.0,0.0
1979-10-25 21:00:00+01:00,0.0,0.0
1979-10-25 22:00:00+01:00,0.0,0.0
1979-10-25 23:00:00+01:00,0.0,0.0
1979-10-26 00:00:00+01:00,0.0,0.0
1979-10-26 01:00:00+01:00,0.0,0.0
1979-10-26 02:00:00+01:00,0.0,0.0
1979-10-26 03:00:00+01:00,0.0,0.0
1979-10-26 04:00:00+01:00,0.0,0.0
1979-10-26 05:00:00+01:00,0.0,0.0
1979-10-26 06:00:00+01:00,0.0,0.0
1979-10-26 07:00:00+01:00,164.794098539306,0.9254836573967424
1979-10-26 08:00:00+01:00,487.6772679493752,2.738795536803691
1979-10-26 09:00:00+01:00,736.8805435945635,4.138321132827069
1979-10-26 10:00:00+01:00,913.4356795822367,5.129854776533842
1979-10-26 11:00:00+01:00,998.2314064284213,5.606067578502014
1979-10-26 12:00:00+01:00,973.1996831913746,5.46548942080276
1979-10-26 13:00:00+01:00,873.7385791940615,4.906915860753849
1979-10-26 14:00:00+01:00,664.7506845497144,3.7332398444311963
1979-10-26 15:00:00+01:00,410.5415831850154,2.3056015311670466
1979-10-26 16:00:00+01:00,33.4769850044261,0.18800674778485696
1979-10-26 17:00:00+01:00,0.6443650813895954,0.0036187542970839677
1979-10-26 18:00:00+01:00,0.0,0.0
1979-10-26 19:00:00+01:00,0.0,0.0
1979-10-26 20:00:00+01:00,0.0,0.0
1979-10-26 21:00:00+01:00,0.0,0.0
1979-10-26 22:00:00+01:00,0.0,0.0
1979-10-26 23:00:00+01:00,0.0,0.0
1979-10-27 00:00:00+01:00,0.0,0.0
1979-10-27 01:00:00+01:00,0.0,0.0
1979-10-27 02:00:00+01:00,0.0,0.0
1979-10-27 03:00:00+01:00,0.0,0.0
1979-10-27 04:00:00+01:00,0.0,0.0
1979-10-27 05:00:00+01:00,0.0,0.0
1979-10-27 06:00:00+01:00,0.0,0.0
1979-10-27 07:00:00+01:00,125.13392091160284,0.7027520998395614
1979-10-27 08:00:00+01:00,349.2518446580043,1.961398359599352
1979-10-27 09:00:00+01:00,530.087535978454,2.9769716020549972
1979-10-27 10:00:00+01:00,700.0415226557311,3.9314331912345857
1979-10-27 11:00:00+01:00,823.4629095297988,4.62456769991935
1979-10-27 12:00:00+01:00,909.6814060698598,5.108770776488333
1979-10-27 13:00:00+01:00,857.7681866941952,4.8172261364746
1979-10-27 14:00:00+01:00,688.6879516252914,3.8676715363276366
1979-10-27 15:00:00+01:00,446.8847030867922,2.509704492535425
1979-10-27 16:00:00+01:00,33.933315771255806,0.19056950137137263
1979-10-27 17:00:00+01:00,0.6443650813895954,0.0036187542970839677
1979-10-27 18:00:00+01:00,0.0,0.0
1979-10-27 19:00:00+01:00,0.0,0.0
1979-10-27 20:00:00+01:00,0.0,0.0
1979-10-27 21:00:00+01:00,0.0,0.0
1979-10-27 22:00:00+01:00,0.0,0.0
1979-10-27 23:00:00+01:00,0.0,0.0
1979-10-28 00:00:00+01:00,0.0,0.0
1979-10-28 01:00:00+01:00,0.0,0.0
1979-10-28 02:00:00+01:00,0.0,0.0
1979-10-28 03:00:00+01:00,0.0,0.0
1979-10-28 04:00:00+01:00,0.0,0.0
1979-10-28 05:00:00+01:00,0.0,0.0
1979-10-28 06:00:00+01:00,0.0,0.0
1979-10-28 07:00:00+01:00,142.6063452699705,0.8008772350361542
1979-10-28 08:00:00+01:00,433.43324108805166,2.434161081950498
1979-10-28 09:00:00+01:00,681.2061442430638,3.8256537060690463
1979-10-28 10:00:00+01:00,848.2986054359385,4.764044968128231
1979-10-28 11:00:00+01:00,922.3123550445331,5.1797061859300975
1979-10-28 12:00:00+01:00,887.0714169794286,4.981793077756471
1979-10-28 13:00:00+01:00,612.2445975357933,3.438365659761015
1979-10-28 14:00:00+01:00,288.3688668612919,1.6194795562930153
1979-10-28 15:00:00+01:00,221.04450007702542,1.2413859124325748
1979-10-28 16:00:00+01:00,38.9863239725439,0.21894719542980656
1979-10-28 17:00:00+01:00,0.5272077938642143,0.0029607989703414276
1979-10-28 18:00:00+01:00,0.0,0.0
1979-10-28 19:00:00+01:00,0.0,0.0
1979-10-28 20:00:00+01:00,0.0,0.0
1979-10-28 21:00:00+01:00,0.0,0.0
1979-10-28 22:00:00+01:00,0.0,0.0
1979-10-28 23:00:00+01:00,0.0,0.0
1979-10-29 00:00:00+01:00,0.0,0.0
1979-10-29 01:00:00+01:00,0.0,0.0
1979-10-29 02:00:00+01:00,0.0,0.0
1979-10-29 03:00:00+01:00,0.0,0.0
1979-10-29 04:00:00+01:00,0.0,0.0
1979-10-29 05:00:00+01:00,0.0,0.0
1979-10-29 06:00:00+01:00,0.0,0.0
1979-10-29 07:00:00+01:00,9.353687751708582,0.0525303104135954
1979-10-29 08:00:00+01:00,29.804846940797134,0.16738402041951672
1979-10-29 09:00:00+01:00,49.90984975367579,0.28029371621664323
1979-10-29 10:00:00+01:00,66.47393590769401,0.3733176240576096
1979-10-29 11:00:00+01:00,93.14883100158747,0.5231238349049152
1979-10-29 12:00:00+01:00,99.59251470414782,0.5593115625784941
1979-10-29 13:00:00+01:00,84.19250160804553,0.47282508903078374
1979-10-29 14:00:00+01:00,64.99428050583579,0.36500787932077383
1979-10-29 15:00:00+01:00,44.360171470427446,0.24912672297792052
1979-10-29 16:00:00+01:00,18.894980689237837,0.10611421155075969
1979-10-29 17:00:00+01:00,0.23431457505076195,0.0013159106534850792
1979-10-29 18:00:00+01:00,0.0,0.0
1979-10-29 19:00:00+01:00,0.0,0.0
1979-10-29 20:00:00+01:00,0.0,0.0
1979-10-29 21:00:00+01:00,0.0,0.0
1979-10-29 22:00:00+01:00,0.0,0.0
1979-10-29 23:00:00+01:00,0.0,0.0
1979-10-30 00:00:00+01:00,0.0,0.0
1979-10-30 01:00:00+01:00,0.0,0.0
1979-10-30 02:00:00+01:00,0.0,0.0
1979-10-30 03:00:00+01:00,0.0,0.0
1979-10-30 04:00:00+01:00,0.0,0.0
1979-10-30 05:00:00+01:00,0.0,0.0
1979-10-30 06:00:00+01:00,0.0,0.0
1979-10-30 07:00:00+01:00,6.795679048052423,0.038164533533862406
1979-10-30 08:00:00+01:00,15.335309135299271,0.0861230961038407
1979-10-30 09:00:00+01:00,27.348209290550194,0.15358754337572988
1979-10-30 10:00:00+01:00,55.77957200417907,0.3132580763754697
1979-10-30 11:00:00+01:00,82.47959098185699,0.46320538295410885
1979-10-30 12:00:00+01:00,130.00459494409841,0.7301058052060567
1979-10-30 13:00:00+01:00,199.89659124762088,1.1226192564466388
1979-10-30 14:00:00+01:00,160.97807400189083,0.9040528635946189
1979-10-30 15:00:00+01:00,66.75813424756333,0.3749136819343157
1979-10-30 16:00:00+01:00,15.520267380412287,0.08716182160839542
1979-10-30 17:00:00+01:00,0.23431457505076195,0.0013159106534850792
1979-10-30 18:00:00+01:00,0.0,0.0
1979-10-30 19:00:00+01:00,0.0,0.0
1979-10-30 20:00:00+01:00,0.0,0.0
1979-10-30 21:00:00+01:00,0.0,0.0
1979-10-30 22:00:00+01:00,0.0,0.0
1979-10-30 23:00:00+01:00,0.0,0.0
1979-10-31 00:00:00+01:00,0.0,0.0
1979-10-31 01:00:00+01:00,0.0,0.0
1979-10-31 02:00:00+01:00,0.0,0.0
1979-10-31 03:00:00+01:00,0.0,0.0
1979-10-31 04:00:00+01:00,0.0,0.0
1979-10-31 05:00:00+01:00,0.0,0.0
1979-10-31 06:00:00+01:00,0.0,0.0
1979-10-31 07:00:00+01:00,11.97752197951418,0.06726576343695163
1979-10-31 08:00:00+01:00,36.77824431660076,0.20654662008202984
1979-10-31 09:00:00+01:00,61.56246934973052,0.34573482786808657
1979-10-31 10:00:00+01:00,113.3252437247457,0.6364345687581718
1979-10-31 11:00:00+01:00,181.89223673696563,1.021506801514799
1979-10-31 12:00:00+01:00,201.49787623601105,1.131612072941438
1979-10-31 13:00:00+01:00,182.26481841614415,1.0235992202250654
1979-10-31 14:00:00+01:00,115.95348767720043,0.6511947867951576
1979-10-31 15:00:00+01:00,54.1123699281351,0.30389506951640677
1979-10-31 16:00:00+01:00,12.03593243496981,0.06759379655479046
1979-10-31 17:00:00+01:00,0.1757359312880715,0.0009869329901138096
1979-10-31 18:00:00+01:00,0.0,0.0
1979-10-31 19:00:00+01:00,0.0,0.0
1979-10-31 20:00:00+01:00,0.0,0.0
1979-10-31 21:00:00+01:00,0.0,0.0
1979-10-31 22:00:00+01:00,0.0,0.0
1979-10-31 23:00:00+01:00,0.0,0.0
1973-11-01 00:00:00+01:00,0.0,0.0
1973-11-01 01:00:00+01:00,0.0,0.0
1973-11-01 02:00:00+01:00,0.0,0.0
1973-11-01 03:00:00+01:00,0.0,0.0
1973-11-01 04:00:00+01:00,0.0,0.0
1973-11-01 05:00:00+01:00,0.0,0.0
1973-11-01 06:00:00+01:00,0.0,0.0
1973-11-01 07:00:00+01:00,118.04687297280324,0.662951238615263
1973-11-01 08:00:00+01:00,314.6488629256487,1.7670680141904431
1973-11-01 09:00:00+01:00,517.3049922732382,2.905184836606506
1973-11-01 10:00:00+01:00,761.9562044375656,4.279146044121368
1973-11-01 11:00:00+01:00,888.3930516514303,4.989215378074432
1973-11-01 12:00:00+01:00,941.4615294215968,5.287247949231688
1973-11-01 13:00:00+01:00,889.385942064537,4.994791450634439
1973-11-01 14:00:00+01:00,726.2530708609202,4.078637245954928
1973-11-01 15:00:00+01:00,470.234570156307,2.64083734599782
1973-11-01 16:00:00+01:00,28.522506851398344,0.16018239847745308
1973-11-01 17:00:00+01:00,0.41005050633883344,0.0023028436435988888
1973-11-01 18:00:00+01:00,0.0,0.0
1973-11-01 19:00:00+01:00,0.0,0.0
1973-11-01 20:00:00+01:00,0.0,0.0
1973-11-01 21:00:00+01:00,0.0,0.0
1973-11-01 22:00:00+01:00,0.0,0.0
1973-11-01 23:00:00+01:00,0.0,0.0
1973-11-02 00:00:00+01:00,0.0,0.0
1973-11-02 01:00:00+01:00,0.0,0.0
1973-11-02 02:00:00+01:00,0.0,0.0
1973-11-02 03:00:00+01:00,0.0,0.0
1973-11-02 04:00:00+01:00,0.0,0.0
1973-11-02 05:00:00+01:00,0.0,0.0
1973-11-02 06:00:00+01:00,0.0,0.0
1973-11-02 07:00:00+01:00,153.93887984801128,0.8645207492264313
1973-11-02 08:00:00+01:00,466.98481903473566,2.6225867436990757
1973-11-02 09:00:00+01:00,721.296059026956,4.050798667495385
1973-11-02 10:00:00+01:00,898.5417020232678,5.046210198562672
1973-11-02 11:00:00+01:00,993.3090716031403,5.578423746123236
1973-11-02 12:00:00+01:00,992.4904212553192,5.573826205769873
1973-11-02 13:00:00+01:00,896.0974196769924,5.032483108905989
1973-11-02 14:00:00+01:00,717.0100368096275,4.0267283667228675
1973-11-02 15:00:00+01:00,460.70672522325106,2.587328968853778
1973-11-02 16:00:00+01:00,26.312908730768182,0.1477732954319941
1973-11-02 17:00:00+01:00,0.41005050633883344,0.0023028436435988888
1973-11-02 18:00:00+01:00,0.0,0.0
1973-11-02 19:00:00+01:00,0.0,0.0
1973-11-02 20:00:00+01:00,0.0,0.0
1973-11-02 21:00:00+01:00,0.0,0.0
1973-11-02 22:00:00+01:00,0.0,0.0
1973-11-02 23:00:00+01:00,0.0,0.0
1973-11-03 00:00:00+01:00,0.0,0.0
1973-11-03 01:00:00+01:00,0.0,0.0
1973-11-03 02:00:00+01:00,0.0,0.0
1973-11-03 03:00:00+01:00,0.0,0.0
1973-11-03 04:00:00+01:00,0.0,0.0
1973-11-03 05:00:00+01:00,0.0,0.0
1973-11-03 06:00:00+01:00,0.0,0.0
1973-11-03 07:00:00+01:00,151.02663884438675,0.848165603750076
1973-11-03 08:00:00+01:00,458.2016868384924,2.5732606732849734
1973-11-03 09:00:00+01:00,712.2771650210979,4.000148558758485
1973-11-03 10:00:00+01:00,888.9998654174246,4.992623244184257
1973-11-03 11:00:00+01:00,979.9210874488087,5.50323682711251
1973-11-03 12:00:00+01:00,979.1524571183575,5.498920199176695
1973-11-03 13:00:00+01:00,884.7256395326767,4.968619191615512
1973-11-03 14:00:00+01:00,707.1750785853437,3.97149524133529
1973-11-03 15:00:00+01:00,451.9025659975165,2.5378848106420526
1973-11-03 16:00:00+01:00,26.455471976571282,0.14857393062042432
1973-11-03 17:00:00+01:00,0.351471862576143,0.001973865980227619
1973-11-03 18:00:00+01:00,0.0,0.0
1973-11-03 19:00:00+01:00,0.0,0.0
1973-11-03 20:00:00+01:00,0.0,0.0
1973-11-03 21:00:00+01:00,0.0,0.0
1973-11-03 22:00:00+01:00,0.0,0.0
1973-11-03 23:00:00+01:00,0.0,0.0
1973-11-04 00:00:00+01:00,0.0,0.0
1973-11-04 01:00:00+01:00,0.0,0.0
1973-11-04 02:00:00+01:00,0.0,0.0
1973-11-04 03:00:00+01:00,0.0,0.0
1973-11-04 04:00:00+01:00,0.0,0.0
1973-11-04 05:00:00+01:00,0.0,0.0
1973-11-04 06:00:00+01:00,0.0,0.0
1973-11-04 07:00:00+01:00,142.24799321175013,0.7988647298771888
1973-11-04 08:00:00+01:00,429.7812211599025,2.4136513380340126
1973-11-04 09:00:00+01:00,668.3763348330408,3.753601496422357
1973-11-04 10:00:00+01:00,851.0441599718437,4.779464002401874
1973-11-04 11:00:00+01:00,949.6211157310994,5.333072185945855
1973-11-04 12:00:00+01:00,952.4869564204531,5.349166747257264
1973-11-04 13:00:00+01:00,858.835905656234,4.82322244616541
1973-11-04 14:00:00+01:00,684.3322736152423,3.8432100486232006
1973-11-04 15:00:00+01:00,432.73093331935155,2.4302169215214784
1973-11-04 16:00:00+01:00,25.316964067187254,0.1421800702013236
1973-11-04 17:00:00+01:00,0.2928932188134524,0.001644888316856349
1973-11-04 18:00:00+01:00,0.0,0.0
1973-11-04 19:00:00+01:00,0.0,0.0
1973-11-04 20:00:00+01:00,0.0,0.0
1973-11-04 21:00:00+01:00,0.0,0.0
1973-11-04 22:00:00+01:00,0.0,0.0
1973-11-04 23:00:00+01:00,0.0,0.0
1973-11-05 00:00:00+01:00,0.0,0.0
1973-11-05 01:00:00+01:00,0.0,0.0
1973-11-05 02:00:00+01:00,0.0,0.0
1973-11-05 03:00:00+01:00,0.0,0.0
1973-11-05 04:00:00+01:00,0.0,0.0
1973-11-05 05:00:00+01:00,0.0,0.0
1973-11-05 06:00:00+01:00,0.0,0.0
1973-11-05 07:00:00+01:00,127.95173282594051,0.718576931550482
1973-11-05 08:00:00+01:00,342.3114558990085,1.9224211363288317
1973-11-05 09:00:00+01:00,527.0709838498155,2.9600306453005643
1973-11-05 10:00:00+01:00,665.8375476588005,3.7393436676518235
1973-11-05 11:00:00+01:00,615.3725793818213,3.4559324058083085
1973-11-05 12:00:00+01:00,503.77858719732586,2.8292205457001818
1973-11-05 13:00:00+01:00,451.6901128531582,2.5366916737833365
1973-11-05 14:00:00+01:00,368.449499354547,2.0692123883751363
1973-11-05 15:00:00+01:00,207.89438307095597,1.1675348553264888
1973-11-05 16:00:00+01:00,23.927192405118937,0.13437511254714796
1973-11-05 17:00:00+01:00,0.1757359312880715,0.0009869329901138096
1973-11-05 18:00:00+01:00,0.0,0.0
1973-11-05 19:00:00+01:00,0.0,0.0
1973-11-05 20:00:00+01:00,0.0,0.0
1973-11-05 21:00:00+01:00,0.0,0.0
1973-11-05 22:00:00+01:00,0.0,0.0
1973-11-05 23:00:00+01:00,0.0,0.0
1973-11-06 00:00:00+01:00,0.0,0.0
1973-11-06 01:00:00+01:00,0.0,0.0
1973-11-06 02:00:00+01:00,0.0,0.0
1973-11-06 03:00:00+01:00,0.0,0.0
1973-11-06 04:00:00+01:00,0.0,0.0
1973-11-06 05:00:00+01:00,0.0,0.0
1973-11-06 06:00:00+01:00,0.0,0.0
1973-11-06 07:00:00+01:00,24.69258614424574,0.13867356378608406
1973-11-06 08:00:00+01:00,91.98392812670754,0.5165817403595895
1973-11-06 09:00:00+01:00,201.94882990900834,1.1341446287689907
1973-11-06 10:00:00+01:00,208.10552808914977,1.1687206457486652
1973-11-06 11:00:00+01:00,139.04952724326546,0.7809021449981789
1973-11-06 12:00:00+01:00,118.7318165644902,0.666797881826177
1973-11-06 13:00:00+01:00,109.83530528922185,0.6168350745042699
1973-11-06 14:00:00+01:00,85.56566535345296,0.48053677662499183
1973-11-06 15:00:00+01:00,48.75709625143011,0.2738198525480315
1973-11-06 16:00:00+01:00,9.476470488014769,0.053219858260690936
1973-11-06 17:00:00+01:00,0.05857864376269049,0.0003289776633712698
1973-11-06 18:00:00+01:00,0.0,0.0
1973-11-06 19:00:00+01:00,0.0,0.0
1973-11-06 20:00:00+01:00,0.0,0.0
1973-11-06 21:00:00+01:00,0.0,0.0
1973-11-06 22:00:00+01:00,0.0,0.0
1973-11-06 23:00:00+01:00,0.0,0.0
1973-11-07 00:00:00+01:00,0.0,0.0
1973-11-07 01:00:00+01:00,0.0,0.0
1973-11-07 02:00:00+01:00,0.0,0.0
1973-11-07 03:00:00+01:00,0.0,0.0
1973-11-07 04:00:00+01:00,0.0,0.0
1973-11-07 05:00:00+01:00,0.0,0.0
1973-11-07 06:00:00+01:00,0.0,0.0
1973-11-07 07:00:00+01:00,10.971332390353169,0.06161500270422339
1973-11-07 08:00:00+01:00,35.18021776296948,0.19757210295683658
1973-11-07 09:00:00+01:00,66.7688522244292,0.3749738740923944
1973-11-07 10:00:00+01:00,78.88140823611037,0.44299798865399587
1973-11-07 11:00:00+01:00,67.87805027947881,0.381203130369553
1973-11-07 12:00:00+01:00,63.65257555219697,0.3574728643011382
1973-11-07 13:00:00+01:00,50.61982296006426,0.2842809257437209
1973-11-07 14:00:00+01:00,27.337170821995453,0.15352555133632645
1973-11-07 15:00:00+01:00,13.622843805865365,0.07650589081373989
1973-11-07 16:00:00+01:00,4.2426657923732245,0.02382681108996803
1973-11-07 17:00:00+01:00,0.0,0.0
1973-11-07 18:00:00+01:00,0.0,0.0
1973-11-07 19:00:00+01:00,0.0,0.0
1973-11-07 20:00:00+01:00,0.0,0.0
1973-11-07 21:00:00+01:00,0.0,0.0
1973-11-07 22:00:00+01:00,0.0,0.0
1973-11-07 23:00:00+01:00,0.0,0.0
1973-11-08 00:00:00+01:00,0.0,0.0
1973-11-08 01:00:00+01:00,0.0,0.0
1973-11-08 02:00:00+01:00,0.0,0.0
1973-11-08 03:00:00+01:00,0.0,0.0
1973-11-08 04:00:00+01:00,0.0,0.0
1973-11-08 05:00:00+01:00,0.0,0.0
1973-11-08 06:00:00+01:00,0.0,0.0
1973-11-08 07:00:00+01:00,75.32253709764896,0.4230113683403966
1973-11-08 08:00:00+01:00,235.69245129869853,1.323648806493491
1973-11-08 09:00:00+01:00,394.91282262542825,2.217830411864405
1973-11-08 10:00:00+01:00,599.978850393104,3.3694812238076723
1973-11-08 11:00:00+01:00,713.4752554490011,4.00687703460159
1973-11-08 12:00:00+01:00,710.701968347805,3.9913022542412726
1973-11-08 13:00:00+01:00,603.330946573248,3.3883065959553607
1973-11-08 14:00:00+01:00,444.65388866685964,2.4971762387530836
1973-11-08 15:00:00+01:00,249.35353439439962,1.4003694491589482
1973-11-08 16:00:00+01:00,21.05898310898539,0.11826724914006195
1973-11-08 17:00:00+01:00,0.11715728752538097,0.0006579553267425396
1973-11-08 18:00:00+01:00,0.0,0.0
1973-11-08 19:00:00+01:00,0.0,0.0
1973-11-08 20:00:00+01:00,0.0,0.0
1973-11-08 21:00:00+01:00,0.0,0.0
1973-11-08 22:00:00+01:00,0.0,0.0
1973-11-08 23:00:00+01:00,0.0,0.0
1973-11-09 00:00:00+01:00,0.0,0.0
1973-11-09 01:00:00+01:00,0.0,0.0
1973-11-09 02:00:00+01:00,0.0,0.0
1973-11-09 03:00:00+01:00,0.0,0.0
1973-11-09 04:00:00+01:00,0.0,0.0
1973-11-09 05:00:00+01:00,0.0,0.0
1973-11-09 06:00:00+01:00,0.0,0.0
1973-11-09 07:00:00+01:00,30.214420297563247,0.1696841843911152
1973-11-09 08:00:00+01:00,94.31511915537527,0.5296737091765875
1973-11-09 09:00:00+01:00,175.6047901049584,0.9861965012294462
1973-11-09 10:00:00+01:00,245.60810009809626,1.3793350901509085
1973-11-09 11:00:00+01:00,285.33700862375287,1.602452640430996
1973-11-09 12:00:00+01:00,290.5572255999971,1.6317693789695835
1973-11-09 13:00:00+01:00,264.91903059134756,1.487785275801008
1973-11-09 14:00:00+01:00,228.40327139342895,1.282712772145497
1973-11-09 15:00:00+01:00,124.53229691802454,0.6993733794916258
1973-11-09 16:00:00+01:00,19.596325806548847,0.11005296572957833
1973-11-09 17:00:00+01:00,0.11715728752538097,0.0006579553267425396
1973-11-09 18:00:00+01:00,0.0,0.0
1973-11-09 19:00:00+01:00,0.0,0.0
1973-11-09 20:00:00+01:00,0.0,0.0
1973-11-09 21:00:00+01:00,0.0,0.0
1973-11-09 22:00:00+01:00,0.0,0.0
1973-11-09 23:00:00+01:00,0.0,0.0
1973-11-10 00:00:00+01:00,0.0,0.0
1973-11-10 01:00:00+01:00,0.0,0.0
1973-11-10 02:00:00+01:00,0.0,0.0
1973-11-10 03:00:00+01:00,0.0,0.0
1973-11-10 04:00:00+01:00,0.0,0.0
1973-11-10 05:00:00+01:00,0.0,0.0
1973-11-10 06:00:00+01:00,0.0,0.0
1973-11-10 07:00:00+01:00,62.95759290091108,0.35356984173151657
1973-11-10 08:00:00+01:00,190.54332833654394,1.0700913319380307
1973-11-10 09:00:00+01:00,382.6874320626331,2.1491726184637474
1973-11-10 10:00:00+01:00,587.8029243411786,3.3011012231000594
1973-11-10 11:00:00+01:00,770.2310249394704,4.3256174360600665
1973-11-10 12:00:00+01:00,859.4801830652434,4.826840708094407
1973-11-10 13:00:00+01:00,797.3134328725096,4.477712239012013
1973-11-10 14:00:00+01:00,634.8401966347768,3.5652625443009067
1973-11-10 15:00:00+01:00,394.2864760696257,2.2143128496070177
1973-11-10 16:00:00+01:00,21.46432134504311,0.1205436286737621
1973-11-10 17:00:00+01:00,0.1757359312880715,0.0009869329901138096
1973-11-10 18:00:00+01:00,0.0,0.0
1973-11-10 19:00:00+01:00,0.0,0.0
1973-11-10 20:00:00+01:00,0.0,0.0
1973-11-10 21:00:00+01:00,0.0,0.0
1973-11-10 22:00:00+01:00,0.0,0.0
1973-11-10 23:00:00+01:00,0.0,0.0
1973-11-11 00:00:00+01:00,0.0,0.0
1973-11-11 01:00:00+01:00,0.0,0.0
1973-11-11 02:00:00+01:00,0.0,0.0
1973-11-11 03:00:00+01:00,0.0,0.0
1973-11-11 04:00:00+01:00,0.0,0.0
1973-11-11 05:00:00+01:00,0.0,0.0
1973-11-11 06:00:00+01:00,0.0,0.0
1973-11-11 07:00:00+01:00,120.27857573744274,0.6754844813414783
1973-11-11 08:00:00+01:00,403.3197987232768,2.2650439896299224
1973-11-11 09:00:00+01:00,660.5601119486496,3.7097055887036166
1973-11-11 10:00:00+01:00,840.5812426899217,4.7207042589466
1973-11-11 11:00:00+01:00,933.0956434417792,5.240265133569032
1973-11-11 12:00:00+01:00,929.7330593933464,5.221380861553033
1973-11-11 13:00:00+01:00,830.3756644528688,4.663389731567311
1973-11-11 14:00:00+01:00,650.9771126069131,3.6558874644004242
1973-11-11 15:00:00+01:00,401.5621363597057,2.255172957796107
1973-11-11 16:00:00+01:00,20.4473967384816,0.11483258008331268
1973-11-11 17:00:00+01:00,0.11715728752538097,0.0006579553267425396
1973-11-11 18:00:00+01:00,0.0,0.0
1973-11-11 19:00:00+01:00,0.0,0.0
1973-11-11 20:00:00+01:00,0.0,0.0
1973-11-11 21:00:00+01:00,0.0,0.0
1973-11-11 22:00:00+01:00,0.0,0.0
1973-11-11 23:00:00+01:00,0.0,0.0
1973-11-12 00:00:00+01:00,0.0,0.0
1973-11-12 01:00:00+01:00,0.0,0.0
1973-11-12 02:00:00+01:00,0.0,0.0
1973-11-12 03:00:00+01:00,0.0,0.0
1973-11-12 04:00:00+01:00,0.0,0.0
1973-11-12 05:00:00+01:00,0.0,0.0
1973-11-12 06:00:00+01:00,0.0,0.0
1973-11-12 07:00:00+01:00,119.98111730676445,0.6738139547947891
1973-11-12 08:00:00+01:00,401.0371418235571,2.2522245884810963
1973-11-12 09:00:00+01:00,645.9714994588667,3.627775940960995
1973-11-12 10:00:00+01:00,803.4874622439502,4.512385587962024
1973-11-12 11:00:00+01:00,869.2981457112106,4.8819783863141595
1973-11-12 12:00:00+01:00,855.8309079376993,4.80634637897812
1973-11-12 13:00:00+01:00,753.6165805312722,4.232310716263625
1973-11-12 14:00:00+01:00,565.5736420083592,3.1762615735189454
1973-11-12 15:00:00+01:00,320.35477040133605,1.799112390573903
1973-11-12 16:00:00+01:00,17.575668558737213,0.09870495462586819
1973-11-12 17:00:00+01:00,0.11715728752538097,0.0006579553267425396
1973-11-12 18:00:00+01:00,0.0,0.0
1973-11-12 19:00:00+01:00,0.0,0.0
1973-11-12 20:00:00+01:00,0.0,0.0
1973-11-12 21:00:00+01:00,0.0,0.0
1973-11-12 22:00:00+01:00,0.0,0.0
1973-11-12 23:00:00+01:00,0.0,0.0
1973-11-13 00:00:00+01:00,0.0,0.0
1973-11-13 01:00:00+01:00,0.0,0.0
1973-11-13 02:00:00+01:00,0.0,0.0
1973-11-13 03:00:00+01:00,0.0,0.0
1973-11-13 04:00:00+01:00,0.0,0.0
1973-11-13 05:00:00+01:00,0.0,0.0
1973-11-13 06:00:00+01:00,0.0,0.0
1973-11-13 07:00:00+01:00,57.91255061706167,0.3252368842654183
1973-11-13 08:00:00+01:00,194.10552611484871,1.0900966346609904
1973-11-13 09:00:00+01:00,336.6936350143725,1.890871454240716
1973-11-13 10:00:00+01:00,523.4895514642249,2.9399173210230867
1973-11-13 11:00:00+01:00,602.9649502828031,3.386251160788222
1973-11-13 12:00:00+01:00,545.633211548951,3.0642761160589083
1973-11-13 13:00:00+01:00,541.4446022580303,3.0407528862810977
1973-11-13 14:00:00+01:00,419.81171045256997,2.357662565901633
1973-11-13 15:00:00+01:00,234.54672978902042,1.3172144344951386
1973-11-13 16:00:00+01:00,21.50736174937377,0.1207853435844831
1973-11-13 17:00:00+01:00,0.11715728752538097,0.0006579553267425396
1973-11-13 18:00:00+01:00,0.0,0.0
1973-11-13 19:00:00+01:00,0.0,0.0
1973-11-13 20:00:00+01:00,0.0,0.0
1973-11-13 21:00:00+01:00,0.0,0.0
1973-11-13 22:00:00+01:00,0.0,0.0
1973-11-13 23:00:00+01:00,0.0,0.0
1973-11-14 00:00:00+01:00,0.0,0.0
1973-11-14 01:00:00+01:00,0.0,0.0
1973-11-14 02:00:00+01:00,0.0,0.0
1973-11-14 03:00:00+01:00,0.0,0.0
1973-11-14 04:00:00+01:00,0.0,0.0
1973-11-14 05:00:00+01:00,0.0,0.0
1973-11-14 06:00:00+01:00,0.0,0.0
1973-11-14 07:00:00+01:00,,
1973-11-14 08:00:00+01:00,35.75616728662043,0.20080663548166036
1973-11-14 09:00:00+01:00,89.94294106810912,0.5051195570385009
1973-11-14 10:00:00+01:00,166.96352770987724,0.9376671716186705
1973-11-14 11:00:00+01:00,178.78933910420486,1.0040809284092145
1973-11-14 12:00:00+01:00,125.15264459964116,0.7028572520715848
1973-11-14 13:00:00+01:00,88.32449360358517,0.4960303560777344
1973-11-14 14:00:00+01:00,66.61668359184479,0.37411929505180036
1973-11-14 15:00:00+01:00,43.43131407095734,0.24391025982249645
1973-11-14 16:00:00+01:00,9.486860624216042,0.0532782092655973
1973-11-14 17:00:00+01:00,0.0,0.0
1973-11-14 18:00:00+01:00,0.0,0.0
1973-11-14 19:00:00+01:00,0.0,0.0
1973-11-14 20:00:00+01:00,0.0,0.0
1973-11-14 21:00:00+01:00,0.0,0.0
1973-11-14 22:00:00+01:00,0.0,0.0
1973-11-14 23:00:00+01:00,0.0,0.0
1973-11-15 00:00:00+01:00,0.0,0.0
1973-11-15 01:00:00+01:00,0.0,0.0
1973-11-15 02:00:00+01:00,0.0,0.0
1973-11-15 03:00:00+01:00,0.0,0.0
1973-11-15 04:00:00+01:00,0.0,0.0
1973-11-15 05:00:00+01:00,0.0,0.0
1973-11-15 06:00:00+01:00,0.0,0.0
1973-11-15 07:00:00+01:00,66.83976371230696,0.37537211300831586
1973-11-15 08:00:00+01:00,277.8701654736984,1.5605188493002904
1973-11-15 09:00:00+01:00,563.9366247567228,3.167068084633755
1973-11-15 10:00:00+01:00,781.7734844367362,4.390439888596711
1973-11-15 11:00:00+01:00,870.5720079210247,4.889132396484475
1973-11-15 12:00:00+01:00,700.4790813620317,3.9338905209291704
1973-11-15 13:00:00+01:00,364.56695211733086,2.04740800309093
1973-11-15 14:00:00+01:00,203.9139168163899,1.1451805568408457
1973-11-15 15:00:00+01:00,130.18890666572435,0.731140899834708
1973-11-15 16:00:00+01:00,16.121037246254733,0.09053574517496658
1973-11-15 17:00:00+01:00,0.05857864376269049,0.0003289776633712698
1973-11-15 18:00:00+01:00,0.0,0.0
1973-11-15 19:00:00+01:00,0.0,0.0
1973-11-15 20:00:00+01:00,0.0,0.0
1973-11-15 21:00:00+01:00,0.0,0.0
1973-11-15 22:00:00+01:00,0.0,0.0
1973-11-15 23:00:00+01:00,0.0,0.0
1973-11-16 00:00:00+01:00,0.0,0.0
1973-11-16 01:00:00+01:00,0.0,0.0
1973-11-16 02:00:00+01:00,0.0,0.0
1973-11-16 03:00:00+01:00,0.0,0.0
1973-11-16 04:00:00+01:00,0.0,0.0
1973-11-16 05:00:00+01:00,0.0,0.0
1973-11-16 06:00:00+01:00,0.0,0.0
1973-11-16 07:00:00+01:00,,
1973-11-16 08:00:00+01:00,54.25337340869826,0.30468694506324945
1973-11-16 09:00:00+01:00,162.01637181037918,0.9098839440870894
1973-11-16 10:00:00+01:00,350.23057626292245,1.9668949162925724
1973-11-16 11:00:00+01:00,402.1249962415546,2.2583339788925705
1973-11-16 12:00:00+01:00,323.786744686701,1.8183863581605129
1973-11-16 13:00:00+01:00,316.00860565831874,1.7747043293771179
1973-11-16 14:00:00+01:00,251.031752321438,1.4097943210371957
1973-11-16 15:00:00+01:00,126.20856049976675,0.7087872757666901
1973-11-16 16:00:00+01:00,12.127888096385645,0.06811021954930178
1973-11-16 17:00:00+01:00,0.05857864376269049,0.0003289776633712698
1973-11-16 18:00:00+01:00,0.0,0.0
1973-11-16 19:00:00+01:00,0.0,0.0
1973-11-16 20:00:00+01:00,0.0,0.0
1973-11-16 21:00:00+01:00,0.0,0.0
1973-11-16 22:00:00+01:00,0.0,0.0
1973-11-16 23:00:00+01:00,0.0,0.0
1973-11-17 00:00:00+01:00,0.0,0.0
1973-11-17 01:00:00+01:00,0.0,0.0
1973-11-17 02:00:00+01:00,0.0,0.0
1973-11-17 03:00:00+01:00,0.0,0.0
1973-11-17 04:00:00+01:00,0.0,0.0
1973-11-17 05:00:00+01:00,0.0,0.0
1973-11-17 06:00:00+01:00,0.0,0.0
1973-11-17 07:00:00+01:00,50.81609160682528,0.28538317046393075
1973-11-17 08:00:00+01:00,171.0267988173378,0.9604865021581692
1973-11-17 09:00:00+01:00,213.49467769976656,1.1989861099618888
1973-11-17 10:00:00+01:00,245.71232901008253,1.3799204397206235
1973-11-17 11:00:00+01:00,275.35786799254413,1.546409786646128
1973-11-17 12:00:00+01:00,404.57288714719147,2.2720813342186275
1973-11-17 13:00:00+01:00,402.35204440886366,2.2596090814001784
1973-11-17 14:00:00+01:00,213.0863982174825,1.1966932123893816
1973-11-17 15:00:00+01:00,91.85154304119848,0.5158382657193706
1973-11-17 16:00:00+01:00,9.60904918146472,0.05396442020310587
1973-11-17 17:00:00+01:00,0.05857864376269049,0.0003289776633712698
1973-11-17 18:00:00+01:00,0.0,0.0
1973-11-17 19:00:00+01:00,0.0,0.0
1973-11-17 20:00:00+01:00,0.0,0.0
1973-11-17 21:00:00+01:00,0.0,0.0
1973-11-17 22:00:00+01:00,0.0,0.0
1973-11-17 23:00:00+01:00,0.0,0.0
1973-11-18 00:00:00+01:00,0.0,0.0
1973-11-18 01:00:00+01:00,0.0,0.0
1973-11-18 02:00:00+01:00,0.0,0.0
1973-11-18 03:00:00+01:00,0.0,0.0
1973-11-18 04:00:00+01:00,0.0,0.0
1973-11-18 05:00:00+01:00,0.0,0.0
1973-11-18 06:00:00+01:00,0.0,0.0
1973-11-18 07:00:00+01:00,72.91976385170818,0.4095173937911931
1973-11-18 08:00:00+01:00,297.7752529637368,1.672305820644346
1973-11-18 09:00:00+01:00,560.6540543800955,3.1486331693986163
1973-11-18 10:00:00+01:00,781.3186335494267,4.3878854460135805
1973-11-18 11:00:00+01:00,885.9023761025518,4.975227744191931
1973-11-18 12:00:00+01:00,881.604463153912,4.951090665072369
1973-11-18 13:00:00+01:00,798.8143235124246,4.486141240845777
1973-11-18 14:00:00+01:00,630.7718971554758,3.5424149744251516
1973-11-18 15:00:00+01:00,390.5304945951343,2.1932192576462746
1973-11-18 16:00:00+01:00,17.98869075978176,0.10102448730693436
1973-11-18 17:00:00+01:00,0.05857864376269049,0.0003289776633712698
1973-11-18 18:00:00+01:00,0.0,0.0
1973-11-18 19:00:00+01:00,0.0,0.0
1973-11-18 20:00:00+01:00,0.0,0.0
1973-11-18 21:00:00+01:00,0.0,0.0
1973-11-18 22:00:00+01:00,0.0,0.0
1973-11-18 23:00:00+01:00,0.0,0.0
1973-11-19 00:00:00+01:00,0.0,0.0
1973-11-19 01:00:00+01:00,0.0,0.0
1973-11-19 02:00:00+01:00,0.0,0.0
1973-11-19 03:00:00+01:00,0.0,0.0
1973-11-19 04:00:00+01:00,0.0,0.0
1973-11-19 05:00:00+01:00,0.0,0.0
1973-11-19 06:00:00+01:00,0.0,0.0
1973-11-19 07:00:00+01:00,98.43373863745035,0.5528038761879212
1973-11-19 08:00:00+01:00,363.90046369832953,2.0436650041298186
1973-11-19 09:00:00+01:00,589.0100580374199,3.30788048593815
1973-11-19 10:00:00+01:00,746.9825175613498,4.19505381862454
1973-11-19 11:00:00+01:00,839.1680632056673,4.712767842963028
1973-11-19 12:00:00+01:00,817.5613343692008,4.591424453817432
1973-11-19 13:00:00+01:00,677.2814258484186,3.803612487564719
1973-11-19 14:00:00+01:00,463.0603514347595,2.6005469336576095
1973-11-19 15:00:00+01:00,266.14839754069254,1.4946894005885292
1973-11-19 16:00:00+01:00,14.970302059742911,0.08407321636751619
1973-11-19 17:00:00+01:00,0.05857864376269049,0.0003289776633712698
1973-11-19 18:00:00+01:00,0.0,0.0
1973-11-19 19:00:00+01:00,0.0,0.0
1973-11-19 20:00:00+01:00,0.0,0.0
1973-11-19 21:00:00+01:00,0.0,0.0
1973-11-19 22:00:00+01:00,0.0,0.0
1973-11-19 23:00:00+01:00,0.0,0.0
1973-11-20 00:00:00+01:00,0.0,0.0
1973-11-20 01:00:00+01:00,0.0,0.0
1973-11-20 02:00:00+01:00,0.0,0.0
1973-11-20 03:00:00+01:00,0.0,0.0
1973-11-20 04:00:00+01:00,0.0,0.0
1973-11-20 05:00:00+01:00,0.0,0.0
1973-11-20 06:00:00+01:00,0.0,0.0
1973-11-20 07:00:00+01:00,,
1973-11-20 08:00:00+01:00,28.64557415892547,0.16087354447652544
1973-11-20 09:00:00+01:00,56.54402827343701,0.3175512627836222
1973-11-20 10:00:00+01:00,125.34281181444655,0.7039252311499318
1973-11-20 11:00:00+01:00,154.2201683747066,0.8661004655923522
1973-11-20 12:00:00+01:00,157.69170786565326,0.8855966313735086
1973-11-20 13:00:00+01:00,177.9809789450841,0.9995411777555923
1973-11-20 14:00:00+01:00,163.28720819920298,0.9170209612467239
1973-11-20 15:00:00+01:00,108.70629113161037,0.6104945309951239
1973-11-20 16:00:00+01:00,10.474631477683774,0.05882553037867208
1973-11-20 17:00:00+01:00,0.0,0.0
1973-11-20 18:00:00+01:00,0.0,0.0
1973-11-20 19:00:00+01:00,0.0,0.0
1973-11-20 20:00:00+01:00,0.0,0.0
1973-11-20 21:00:00+01:00,0.0,0.0
1973-11-20 22:00:00+01:00,0.0,0.0
1973-11-20 23:00:00+01:00,0.0,0.0
1973-11-21 00:00:00+01:00,0.0,0.0
1973-11-21 01:00:00+01:00,0.0,0.0
1973-11-21 02:00:00+01:00,0.0,0.0
1973-11-21 03:00:00+01:00,0.0,0.0
1973-11-21 04:00:00+01:00,0.0,0.0
1973-11-21 05:00:00+01:00,0.0,0.0
1973-11-21 06:00:00+01:00,0.0,0.0
1973-11-21 07:00:00+01:00,,
1973-11-21 08:00:00+01:00,367.33317879229475,2.0629431320975273
1973-11-21 09:00:00+01:00,594.8450227251128,3.340649647624234
1973-11-21 10:00:00+01:00,733.8872601956625,4.12151085325884
1973-11-21 11:00:00+01:00,753.461791397435,4.231441420487996
1973-11-21 12:00:00+01:00,753.3152433882589,4.230618406868461
1973-11-21 13:00:00+01:00,739.7082349401514,4.15420144742389
1973-11-21 14:00:00+01:00,557.0798202022412,3.128560270255787
1973-11-21 15:00:00+01:00,323.77591957745443,1.8183255643469842
1973-11-21 16:00:00+01:00,18.363658792751014,0.10313030778008969
1973-11-21 17:00:00+01:00,0.05857864376269049,0.0003289776633712698
1973-11-21 18:00:00+01:00,0.0,0.0
1973-11-21 19:00:00+01:00,0.0,0.0
1973-11-21 20:00:00+01:00,0.0,0.0
1973-11-21 21:00:00+01:00,0.0,0.0
1973-11-21 22:00:00+01:00,0.0,0.0
1973-11-21 23:00:00+01:00,0.0,0.0
1973-11-22 00:00:00+01:00,0.0,0.0
1973-11-22 01:00:00+01:00,0.0,0.0
1973-11-22 02:00:00+01:00,0.0,0.0
1973-11-22 03:00:00+01:00,0.0,0.0
1973-11-22 04:00:00+01:00,0.0,0.0
1973-11-22 05:00:00+01:00,0.0,0.0
1973-11-22 06:00:00+01:00,0.0,0.0
1973-11-22 07:00:00+01:00,,
1973-11-22 08:00:00+01:00,366.2516600856195,2.056869323040839
1973-11-22 09:00:00+01:00,621.1510036890404,3.488384036717651
1973-11-22 10:00:00+01:00,802.6416965691543,4.50763576793237
1973-11-22 11:00:00+01:00,898.0885775400204,5.043665451464754
1973-11-22 12:00:00+01:00,906.5432942083648,5.0911471402741775
1973-11-22 13:00:00+01:00,815.7692633507043,4.581360182977554
1973-11-22 14:00:00+01:00,631.0404846565813,3.5439233618313604
1973-11-22 15:00:00+01:00,381.6489028834643,2.143340238593536
1973-11-22 16:00:00+01:00,16.00987086362613,0.08991143477012435
1973-11-22 17:00:00+01:00,0.05857864376269049,0.0003289776633712698
1973-11-22 18:00:00+01:00,0.0,0.0
1973-11-22 19:00:00+01:00,0.0,0.0
1973-11-22 20:00:00+01:00,0.0,0.0
1973-11-22 21:00:00+01:00,0.0,0.0
1973-11-22 22:00:00+01:00,0.0,0.0
1973-11-22 23:00:00+01:00,0.0,0.0
1973-11-23 00:00:00+01:00,0.0,0.0
1973-11-23 01:00:00+01:00,0.0,0.0
1973-11-23 02:00:00+01:00,0.0,0.0
1973-11-23 03:00:00+01:00,0.0,0.0
1973-11-23 04:00:00+01:00,0.0,0.0
1973-11-23 05:00:00+01:00,0.0,0.0
1973-11-23 06:00:00+01:00,0.0,0.0
1973-11-23 07:00:00+01:00,,
1973-11-23 08:00:00+01:00,356.59359585620496,2.0026296343284473
1973-11-23 09:00:00+01:00,609.8164292674703,3.4247290667661128
1973-11-23 10:00:00+01:00,795.6234177721666,4.468221114208488
1973-11-23 11:00:00+01:00,888.9095990904425,4.992116308491926
1973-11-23 12:00:00+01:00,892.6081955103423,5.012887625986083
1973-11-23 13:00:00+01:00,802.0066601866723,4.5040694036083515
1973-11-23 14:00:00+01:00,627.8383166583982,3.5259399863535643
1973-11-23 15:00:00+01:00,378.18435283837744,2.1238833255403278
1973-11-23 16:00:00+01:00,16.141453591962094,0.09065040337245911
1973-11-23 17:00:00+01:00,0.05857864376269049,0.0003289776633712698
1973-11-23 18:00:00+01:00,0.0,0.0
1973-11-23 19:00:00+01:00,0.0,0.0
1973-11-23 20:00:00+01:00,0.0,0.0
1973-11-23 21:00:00+01:00,0.0,0.0
1973-11-23 22:00:00+01:00,0.0,0.0
1973-11-23 23:00:00+01:00,0.0,0.0
1973-11-24 00:00:00+01:00,0.0,0.0
1973-11-24 01:00:00+01:00,0.0,0.0
1973-11-24 02:00:00+01:00,0.0,0.0
1973-11-24 03:00:00+01:00,0.0,0.0
1973-11-24 04:00:00+01:00,0.0,0.0
1973-11-24 05:00:00+01:00,0.0,0.0
1973-11-24 06:00:00+01:00,0.0,0.0
1973-11-24 07:00:00+01:00,,
1973-11-24 08:00:00+01:00,60.26200110180781,0.3384313981877527
1973-11-24 09:00:00+01:00,105.86178630519831,0.5945197918899937
1973-11-24 10:00:00+01:00,156.553036037987,0.8792018503893351
1973-11-24 11:00:00+01:00,179.23378202958085,1.006576919878126
1973-11-24 12:00:00+01:00,172.41730787246405,0.968295601011758
1973-11-24 13:00:00+01:00,146.44715514445198,0.8224472232912423
1973-11-24 14:00:00+01:00,125.42937043930442,0.7044113443871336
1973-11-24 15:00:00+01:00,60.257176076514,0.3384043008457026
1973-11-24 16:00:00+01:00,8.52729185491866,0.04788927105722319
1973-11-24 17:00:00+01:00,0.0,0.0
1973-11-24 18:00:00+01:00,0.0,0.0
1973-11-24 19:00:00+01:00,0.0,0.0
1973-11-24 20:00:00+01:00,0.0,0.0
1973-11-24 21:00:00+01:00,0.0,0.0
1973-11-24 22:00:00+01:00,0.0,0.0
1973-11-24 23:00:00+01:00,0.0,0.0
1973-11-25 00:00:00+01:00,0.0,0.0
1973-11-25 01:00:00+01:00,0.0,0.0
1973-11-25 02:00:00+01:00,0.0,0.0
1973-11-25 03:00:00+01:00,0.0,0.0
1973-11-25 04:00:00+01:00,0.0,0.0
1973-11-25 05:00:00+01:00,0.0,0.0
1973-11-25 06:00:00+01:00,0.0,0.0
1973-11-25 07:00:00+01:00,,
1973-11-25 08:00:00+01:00,36.225771745626275,0.20344393412343714
1973-11-25 09:00:00+01:00,78.11551759072466,0.43869674678950965
1973-11-25 10:00:00+01:00,191.43872808671819,1.0751198969350093
1973-11-25 11:00:00+01:00,366.4455321025136,2.0579581082877163
1973-11-25 12:00:00+01:00,478.69311911807654,2.688340556967118
1973-11-25 13:00:00+01:00,345.86447977405646,1.942374918411101
1973-11-25 14:00:00+01:00,242.1439402092718,1.3598803682152703
1973-11-25 15:00:00+01:00,204.66349409630476,1.1493901828448476
1973-11-25 16:00:00+01:00,10.7786893597359,0.060533119444276806
1973-11-25 17:00:00+01:00,0.0,0.0
1973-11-25 18:00:00+01:00,0.0,0.0
1973-11-25 19:00:00+01:00,0.0,0.0
1973-11-25 20:00:00+01:00,0.0,0.0
1973-11-25 21:00:00+01:00,0.0,0.0
1973-11-25 22:00:00+01:00,0.0,0.0
1973-11-25 23:00:00+01:00,0.0,0.0
1973-11-26 00:00:00+01:00,0.0,0.0
1973-11-26 01:00:00+01:00,0.0,0.0
1973-11-26 02:00:00+01:00,0.0,0.0
1973-11-26 03:00:00+01:00,0.0,0.0
1973-11-26 04:00:00+01:00,0.0,0.0
1973-11-26 05:00:00+01:00,0.0,0.0
1973-11-26 06:00:00+01:00,0.0,0.0
1973-11-26 07:00:00+01:00,,
1973-11-26 08:00:00+01:00,104.98542968464602,0.589598173108972
1973-11-26 09:00:00+01:00,249.05398775336005,1.39868719522287
1973-11-26 10:00:00+01:00,316.3155078512164,1.7764278920924312
1973-11-26 11:00:00+01:00,341.35991494041144,1.9170772823053508
1973-11-26 12:00:00+01:00,325.88167387084343,1.8301514804586567
1973-11-26 13:00:00+01:00,294.54915849403255,1.654188074102487
1973-11-26 14:00:00+01:00,246.79232489309297,1.38598569659961
1973-11-26 15:00:00+01:00,117.13742073795461,0.6578437548643531
1973-11-26 16:00:00+01:00,8.647369271775739,0.048563625830292556
1973-11-26 17:00:00+01:00,0.0,0.0
1973-11-26 18:00:00+01:00,0.0,0.0
1973-11-26 19:00:00+01:00,0.0,0.0
1973-11-26 20:00:00+01:00,0.0,0.0
1973-11-26 21:00:00+01:00,0.0,0.0
1973-11-26 22:00:00+01:00,0.0,0.0
1973-11-26 23:00:00+01:00,0.0,0.0
1973-11-27 00:00:00+01:00,0.0,0.0
1973-11-27 01:00:00+01:00,0.0,0.0
1973-11-27 02:00:00+01:00,0.0,0.0
1973-11-27 03:00:00+01:00,0.0,0.0
1973-11-27 04:00:00+01:00,0.0,0.0
1973-11-27 05:00:00+01:00,0.0,0.0
1973-11-27 06:00:00+01:00,0.0,0.0
1973-11-27 07:00:00+01:00,,
1973-11-27 08:00:00+01:00,72.49445507520768,0.40712885970236634
1973-11-27 09:00:00+01:00,216.20131677064563,1.2141865949839459
1973-11-27 10:00:00+01:00,441.6848504630117,2.4805021202002737
1973-11-27 11:00:00+01:00,561.598918451082,3.1539395260212766
1973-11-27 12:00:00+01:00,515.7188936896159,2.896277306960883
1973-11-27 13:00:00+01:00,446.7400335864207,2.5088920286213385
1973-11-27 14:00:00+01:00,347.17589697503195,1.9497398374117794
1973-11-27 15:00:00+01:00,213.92370578001365,1.2013955316605567
1973-11-27 16:00:00+01:00,16.11193140583776,0.09048460677518486
1973-11-27 17:00:00+01:00,0.0,0.0
1973-11-27 18:00:00+01:00,0.0,0.0
1973-11-27 19:00:00+01:00,0.0,0.0
1973-11-27 20:00:00+01:00,0.0,0.0
1973-11-27 21:00:00+01:00,0.0,0.0
1973-11-27 22:00:00+01:00,0.0,0.0
1973-11-27 23:00:00+01:00,0.0,0.0
1973-11-28 00:00:00+01:00,0.0,0.0
1973-11-28 01:00:00+01:00,0.0,0.0
1973-11-28 02:00:00+01:00,0.0,0.0
1973-11-28 03:00:00+01:00,0.0,0.0
1973-11-28 04:00:00+01:00,0.0,0.0
1973-11-28 05:00:00+01:00,0.0,0.0
1973-11-28 06:00:00+01:00,0.0,0.0
1973-11-28 07:00:00+01:00,,
1973-11-28 08:00:00+01:00,291.85300463540295,1.639046474032423
1973-11-28 09:00:00+01:00,515.3233977921979,2.894056202000983
1973-11-28 10:00:00+01:00,668.013809019935,3.751565551455955
1973-11-28 11:00:00+01:00,807.6813169647983,4.535938276074307
1973-11-28 12:00:00+01:00,857.1788929859249,4.813916663008954
1973-11-28 13:00:00+01:00,707.3117950814415,3.972263041177375
1973-11-28 14:00:00+01:00,502.3628334734151,2.8212696727866997
1973-11-28 15:00:00+01:00,293.7112386839491,1.649482316449058
1973-11-28 16:00:00+01:00,23.05789217592188,0.12949312245997727
1973-11-28 17:00:00+01:00,0.0,0.0
1973-11-28 18:00:00+01:00,0.0,0.0
1973-11-28 19:00:00+01:00,0.0,0.0
1973-11-28 20:00:00+01:00,0.0,0.0
1973-11-28 21:00:00+01:00,0.0,0.0
1973-11-28 22:00:00+01:00,0.0,0.0
1973-11-28 23:00:00+01:00,0.0,0.0
1973-11-29 00:00:00+01:00,0.0,0.0
1973-11-29 01:00:00+01:00,0.0,0.0
1973-11-29 02:00:00+01:00,0.0,0.0
1973-11-29 03:00:00+01:00,0.0,0.0
1973-11-29 04:00:00+01:00,0.0,0.0
1973-11-29 05:00:00+01:00,0.0,0.0
1973-11-29 06:00:00+01:00,0.0,0.0
1973-11-29 07:00:00+01:00,,
1973-11-29 08:00:00+01:00,291.3932155830197,1.6364642987142386
1973-11-29 09:00:00+01:00,531.088757247684,2.9825944607029933
1973-11-29 10:00:00+01:00,784.0489715103605,4.403219024002184
1973-11-29 11:00:00+01:00,938.9149921855613,5.272946596114112
1973-11-29 12:00:00+01:00,943.2365215906084,5.2972163052528565
1973-11-29 13:00:00+01:00,850.7472086411472,4.7777963237286825
1973-11-29 14:00:00+01:00,579.3324963304672,3.253531299391904
1973-11-29 15:00:00+01:00,215.5315467596933,1.2104251666024375
1973-11-29 16:00:00+01:00,22.67469699972404,0.1273410983504502
1973-11-29 17:00:00+01:00,0.0,0.0
1973-11-29 18:00:00+01:00,0.0,0.0
1973-11-29 19:00:00+01:00,0.0,0.0
1973-11-29 20:00:00+01:00,0.0,0.0
1973-11-29 21:00:00+01:00,0.0,0.0
1973-11-29 22:00:00+01:00,0.0,0.0
1973-11-29 23:00:00+01:00,0.0,0.0
1973-11-30 00:00:00+01:00,0.0,0.0
1973-11-30 01:00:00+01:00,0.0,0.0
1973-11-30 02:00:00+01:00,0.0,0.0
1973-11-30 03:00:00+01:00,0.0,0.0
1973-11-30 04:00:00+01:00,0.0,0.0
1973-11-30 05:00:00+01:00,0.0,0.0
1973-11-30 06:00:00+01:00,0.0,0.0
1973-11-30 07:00:00+01:00,,
1973-11-30 08:00:00+01:00,91.94702762050208,0.5163745071167397
1973-11-30 09:00:00+01:00,160.2356833302079,0.8998835975824475
1973-11-30 10:00:00+01:00,305.78049059239595,1.7172632351668957
1973-11-30 11:00:00+01:00,435.0382936364351,2.44317505706222
1973-11-30 12:00:00+01:00,567.6510607217325,3.18792835701325
1973-11-30 13:00:00+01:00,610.8603623078391,3.430591794720824
1973-11-30 14:00:00+01:00,463.6720503039311,2.6039822345068773
1973-11-30 15:00:00+01:00,269.46329571839806,1.5133058687545233
1973-11-30 16:00:00+01:00,20.064190303085827,0.11268049274212999
1973-11-30 17:00:00+01:00,0.0,0.0
1973-11-30 18:00:00+01:00,0.0,0.0
1973-11-30 19:00:00+01:00,0.0,0.0
1973-11-30 20:00:00+01:00,0.0,0.0
1973-11-30 21:00:00+01:00,0.0,0.0
1973-11-30 22:00:00+01:00,0.0,0.0
1973-11-30 23:00:00+01:00,0.0,0.0
1976-12-01 00:00:00+01:00,0.0,0.0
1976-12-01 01:00:00+01:00,0.0,0.0
1976-12-01 02:00:00+01:00,0.0,0.0
1976-12-01 03:00:00+01:00,0.0,0.0
1976-12-01 04:00:00+01:00,0.0,0.0
1976-12-01 05:00:00+01:00,0.0,0.0
1976-12-01 06:00:00+01:00,0.0,0.0
1976-12-01 07:00:00+01:00,0.0,0.0
1976-12-01 08:00:00+01:00,154.00517035180403,0.8648930366957315
1976-12-01 09:00:00+01:00,330.2035494112889,1.8544231334937988
1976-12-01 10:00:00+01:00,496.592039471827,2.78886089367378
1976-12-01 11:00:00+01:00,561.9404247407151,3.1558574253438563
1976-12-01 12:00:00+01:00,528.9656216770941,2.97067093133856
1976-12-01 13:00:00+01:00,425.8546668017183,2.39159980875845
1976-12-01 14:00:00+01:00,263.1896317251739,1.4780729717685768
1976-12-01 15:00:00+01:00,142.02629800515857,0.7976196895969705
1976-12-01 16:00:00+01:00,19.819703849391153,0.11130745681818072
1976-12-01 17:00:00+01:00,0.0,0.0
1976-12-01 18:00:00+01:00,0.0,0.0
1976-12-01 19:00:00+01:00,0.0,0.0
1976-12-01 20:00:00+01:00,0.0,0.0
1976-12-01 21:00:00+01:00,0.0,0.0
1976-12-01 22:00:00+01:00,0.0,0.0
1976-12-01 23:00:00+01:00,0.0,0.0
1976-12-02 00:00:00+01:00,0.0,0.0
1976-12-02 01:00:00+01:00,0.0,0.0
1976-12-02 02:00:00+01:00,0.0,0.0
1976-12-02 03:00:00+01:00,0.0,0.0
1976-12-02 04:00:00+01:00,0.0,0.0
1976-12-02 05:00:00+01:00,0.0,0.0
1976-12-02 06:00:00+01:00,0.0,0.0
1976-12-02 07:00:00+01:00,0.0,0.0
1976-12-02 08:00:00+01:00,32.771455876943165,0.1840444962049128
1976-12-02 09:00:00+01:00,50.97972731853077,0.28630214862086883
1976-12-02 10:00:00+01:00,99.96172394538912,0.5613850416773054
1976-12-02 11:00:00+01:00,228.49981125710588,1.2832549400199067
1976-12-02 12:00:00+01:00,255.88391002615202,1.4370440387068697
1976-12-02 13:00:00+01:00,214.74707806245192,1.20601959039873
1976-12-02 14:00:00+01:00,187.26664188552195,1.0516894608290912
1976-12-02 15:00:00+01:00,89.93428072076499,0.5050709205278162
1976-12-02 16:00:00+01:00,10.693822136625188,0.06005650511928706
1976-12-02 17:00:00+01:00,0.0,0.0
1976-12-02 18:00:00+01:00,0.0,0.0
1976-12-02 19:00:00+01:00,0.0,0.0
1976-12-02 20:00:00+01:00,0.0,0.0
1976-12-02 21:00:00+01:00,0.0,0.0
1976-12-02 22:00:00+01:00,0.0,0.0
1976-12-02 23:00:00+01:00,0.0,0.0
1976-12-03 00:00:00+01:00,0.0,0.0
1976-12-03 01:00:00+01:00,0.0,0.0
1976-12-03 02:00:00+01:00,0.0,0.0
1976-12-03 03:00:00+01:00,0.0,0.0
1976-12-03 04:00:00+01:00,0.0,0.0
1976-12-03 05:00:00+01:00,0.0,0.0
1976-12-03 06:00:00+01:00,0.0,0.0
1976-12-03 07:00:00+01:00,0.0,0.0
1976-12-03 08:00:00+01:00,26.298623738840476,0.1476930709173281
1976-12-03 09:00:00+01:00,63.53778085819796,0.3568281772996398
1976-12-03 10:00:00+01:00,98.40498346000918,0.5526423871114114
1976-12-03 11:00:00+01:00,119.2945088596358,0.6699579617557146
1976-12-03 12:00:00+01:00,130.51892481816918,0.7329942817788382
1976-12-03 13:00:00+01:00,127.65522860816692,0.7169117638634654
1976-12-03 14:00:00+01:00,89.18396526625023,0.5008571489352612
1976-12-03 15:00:00+01:00,41.90800387904892,0.23535534978473877
1976-12-03 16:00:00+01:00,7.735939434582252,0.04344503586461393
1976-12-03 17:00:00+01:00,0.0,0.0
1976-12-03 18:00:00+01:00,0.0,0.0
1976-12-03 19:00:00+01:00,0.0,0.0
1976-12-03 20:00:00+01:00,0.0,0.0
1976-12-03 21:00:00+01:00,0.0,0.0
1976-12-03 22:00:00+01:00,0.0,0.0
1976-12-03 23:00:00+01:00,0.0,0.0
1976-12-04 00:00:00+01:00,0.0,0.0
1976-12-04 01:00:00+01:00,0.0,0.0
1976-12-04 02:00:00+01:00,0.0,0.0
1976-12-04 03:00:00+01:00,0.0,0.0
1976-12-04 04:00:00+01:00,0.0,0.0
1976-12-04 05:00:00+01:00,0.0,0.0
1976-12-04 06:00:00+01:00,0.0,0.0
1976-12-04 07:00:00+01:00,0.0,0.0
1976-12-04 08:00:00+01:00,157.55712618336955,0.8848408206458033
1976-12-04 09:00:00+01:00,259.89132165751477,1.4595496624286028
1976-12-04 10:00:00+01:00,231.55252036697715,1.3003989543809436
1976-12-04 11:00:00+01:00,196.81381443315402,1.105306381856593
1976-12-04 12:00:00+01:00,234.42263777997084,1.3165175337723163
1976-12-04 13:00:00+01:00,267.34479864514617,1.5014083891911407
1976-12-04 14:00:00+01:00,219.35227303517703,1.2318823653655544
1976-12-04 15:00:00+01:00,113.0246574628287,0.6347464763112459
1976-12-04 16:00:00+01:00,12.23315065287987,0.06870137406657334
1976-12-04 17:00:00+01:00,0.0,0.0
1976-12-04 18:00:00+01:00,0.0,0.0
1976-12-04 19:00:00+01:00,0.0,0.0
1976-12-04 20:00:00+01:00,0.0,0.0
1976-12-04 21:00:00+01:00,0.0,0.0
1976-12-04 22:00:00+01:00,0.0,0.0
1976-12-04 23:00:00+01:00,0.0,0.0
1976-12-05 00:00:00+01:00,0.0,0.0
1976-12-05 01:00:00+01:00,0.0,0.0
1976-12-05 02:00:00+01:00,0.0,0.0
1976-12-05 03:00:00+01:00,0.0,0.0
1976-12-05 04:00:00+01:00,0.0,0.0
1976-12-05 05:00:00+01:00,0.0,0.0
1976-12-05 06:00:00+01:00,0.0,0.0
1976-12-05 07:00:00+01:00,0.0,0.0
1976-12-05 08:00:00+01:00,66.29880078598295,0.37233406521408025
1976-12-05 09:00:00+01:00,99.07936382260469,0.556429707227748
1976-12-05 10:00:00+01:00,146.2382252360553,0.8212738729256867
1976-12-05 11:00:00+01:00,130.11426363559494,0.7307217045775012
1976-12-05 12:00:00+01:00,62.790335366714544,0.3526305234194689
1976-12-05 13:00:00+01:00,28.195341533375153,0.15834503805143485
1976-12-05 14:00:00+01:00,23.89255873357295,0.13418060984774569
1976-12-05 15:00:00+01:00,13.112332106852067,0.07363885711208121
1976-12-05 16:00:00+01:00,3.3959593168839266,0.019071707523620134
1976-12-05 17:00:00+01:00,0.0,0.0
1976-12-05 18:00:00+01:00,0.0,0.0
1976-12-05 19:00:00+01:00,0.0,0.0
1976-12-05 20:00:00+01:00,0.0,0.0
1976-12-05 21:00:00+01:00,0.0,0.0
1976-12-05 22:00:00+01:00,0.0,0.0
1976-12-05 23:00:00+01:00,0.0,0.0
1976-12-06 00:00:00+01:00,0.0,0.0
1976-12-06 01:00:00+01:00,0.0,0.0
1976-12-06 02:00:00+01:00,0.0,0.0
1976-12-06 03:00:00+01:00,0.0,0.0
1976-12-06 04:00:00+01:00,0.0,0.0
1976-12-06 05:00:00+01:00,0.0,0.0
1976-12-06 06:00:00+01:00,0.0,0.0
1976-12-06 07:00:00+01:00,0.0,0.0
1976-12-06 08:00:00+01:00,74.03536310732682,0.41578259921074745
1976-12-06 09:00:00+01:00,153.52750583643137,0.8622104727773986
1976-12-06 10:00:00+01:00,178.8499136792687,1.004421115222773
1976-12-06 11:00:00+01:00,182.75167294184007,1.0263333952413738
1976-12-06 12:00:00+01:00,183.43837841858013,1.0301899331987459
1976-12-06 13:00:00+01:00,166.05305184882295,0.9325539391829896
1976-12-06 14:00:00+01:00,122.72962539458108,0.6892495762159673
1976-12-06 15:00:00+01:00,68.07608314214231,0.3823152829262712
1976-12-06 16:00:00+01:00,10.888621322566966,0.061150497347536074
1976-12-06 17:00:00+01:00,0.0,0.0
1976-12-06 18:00:00+01:00,0.0,0.0
1976-12-06 19:00:00+01:00,0.0,0.0
1976-12-06 20:00:00+01:00,0.0,0.0
1976-12-06 21:00:00+01:00,0.0,0.0
1976-12-06 22:00:00+01:00,0.0,0.0
1976-12-06 23:00:00+01:00,0.0,0.0
1976-12-07 00:00:00+01:00,0.0,0.0
1976-12-07 01:00:00+01:00,0.0,0.0
1976-12-07 02:00:00+01:00,0.0,0.0
1976-12-07 03:00:00+01:00,0.0,0.0
1976-12-07 04:00:00+01:00,0.0,0.0
1976-12-07 05:00:00+01:00,0.0,0.0
1976-12-07 06:00:00+01:00,0.0,0.0
1976-12-07 07:00:00+01:00,0.0,0.0
1976-12-07 08:00:00+01:00,81.58157367345632,0.4581621177501307
1976-12-07 09:00:00+01:00,200.58926573686688,1.1265093163782445
1976-12-07 10:00:00+01:00,294.0677785032765,1.6514846440744007
1976-12-07 11:00:00+01:00,312.32560495002434,1.7540205973993368
1976-12-07 12:00:00+01:00,389.7218965513385,2.1886781710323167
1976-12-07 13:00:00+01:00,371.3370363979865,2.085428796411092
1976-12-07 14:00:00+01:00,253.23709251600678,1.422179511569894
1976-12-07 15:00:00+01:00,138.03721791967246,0.7752170158368806
1976-12-07 16:00:00+01:00,9.775185787993838,0.05489744338537339
1976-12-07 17:00:00+01:00,0.0,0.0
1976-12-07 18:00:00+01:00,0.0,0.0
1976-12-07 19:00:00+01:00,0.0,0.0
1976-12-07 20:00:00+01:00,0.0,0.0
1976-12-07 21:00:00+01:00,0.0,0.0
1976-12-07 22:00:00+01:00,0.0,0.0
1976-12-07 23:00:00+01:00,0.0,0.0
1976-12-08 00:00:00+01:00,0.0,0.0
1976-12-08 01:00:00+01:00,0.0,0.0
1976-12-08 02:00:00+01:00,0.0,0.0
1976-12-08 03:00:00+01:00,0.0,0.0
1976-12-08 04:00:00+01:00,0.0,0.0
1976-12-08 05:00:00+01:00,0.0,0.0
1976-12-08 06:00:00+01:00,0.0,0.0
1976-12-08 07:00:00+01:00,0.0,0.0
1976-12-08 08:00:00+01:00,41.74606971967038,0.23444592754566887
1976-12-08 09:00:00+01:00,71.65558036733408,0.4024177393429482
1976-12-08 10:00:00+01:00,90.25793621644264,0.5068885697915418
1976-12-08 11:00:00+01:00,102.12049618679893,0.5735087065850627
1976-12-08 12:00:00+01:00,122.70979554053308,0.6891382117556337
1976-12-08 13:00:00+01:00,151.1209508023318,0.8486952597058954
1976-12-08 14:00:00+01:00,115.73690631937951,0.6499784658896353
1976-12-08 15:00:00+01:00,52.4356534480992,0.29447862976452516
1976-12-08 16:00:00+01:00,6.87786009477018,0.038626062292229334
1976-12-08 17:00:00+01:00,0.0,0.0
1976-12-08 18:00:00+01:00,0.0,0.0
1976-12-08 19:00:00+01:00,0.0,0.0
1976-12-08 20:00:00+01:00,0.0,0.0
1976-12-08 21:00:00+01:00,0.0,0.0
1976-12-08 22:00:00+01:00,0.0,0.0
1976-12-08 23:00:00+01:00,0.0,0.0
1976-12-09 00:00:00+01:00,0.0,0.0
1976-12-09 01:00:00+01:00,0.0,0.0
1976-12-09 02:00:00+01:00,0.0,0.0
1976-12-09 03:00:00+01:00,0.0,0.0
1976-12-09 04:00:00+01:00,0.0,0.0
1976-12-09 05:00:00+01:00,0.0,0.0
1976-12-09 06:00:00+01:00,0.0,0.0
1976-12-09 07:00:00+01:00,0.0,0.0
1976-12-09 08:00:00+01:00,61.743673775014805,0.34675247192048314
1976-12-09 09:00:00+01:00,150.51982293124382,0.8453193255818653
1976-12-09 10:00:00+01:00,221.35887882421605,1.2431514634767973
1976-12-09 11:00:00+01:00,232.3940166934534,1.3051247977504343
1976-12-09 12:00:00+01:00,211.3152302774851,1.1867463332383563
1976-12-09 13:00:00+01:00,157.0572634047269,0.8820335912809464
1976-12-09 14:00:00+01:00,125.46159992573311,0.7045923451829171
1976-12-09 15:00:00+01:00,123.59490887172299,0.6941090082235963
1976-12-09 16:00:00+01:00,7.9722631044018115,0.044772229594320576
1976-12-09 17:00:00+01:00,0.0,0.0
1976-12-09 18:00:00+01:00,0.0,0.0
1976-12-09 19:00:00+01:00,0.0,0.0
1976-12-09 20:00:00+01:00,0.0,0.0
1976-12-09 21:00:00+01:00,0.0,0.0
1976-12-09 22:00:00+01:00,0.0,0.0
1976-12-09 23:00:00+01:00,0.0,0.0
1976-12-10 00:00:00+01:00,0.0,0.0
1976-12-10 01:00:00+01:00,0.0,0.0
1976-12-10 02:00:00+01:00,0.0,0.0
1976-12-10 03:00:00+01:00,0.0,0.0
1976-12-10 04:00:00+01:00,0.0,0.0
1976-12-10 05:00:00+01:00,0.0,0.0
1976-12-10 06:00:00+01:00,0.0,0.0
1976-12-10 07:00:00+01:00,0.0,0.0
1976-12-10 08:00:00+01:00,112.44566773383418,0.6314948699932128
1976-12-10 09:00:00+01:00,347.2958638279384,1.9504135712577018
1976-12-10 10:00:00+01:00,644.898546994824,3.6217502399229313
1976-12-10 11:00:00+01:00,771.6896871975571,4.33380928330148
1976-12-10 12:00:00+01:00,713.1810813626867,4.005224952932848
1976-12-10 13:00:00+01:00,656.9771232870314,3.689583524379968
1976-12-10 14:00:00+01:00,547.6416088127501,3.075555275092404
1976-12-10 15:00:00+01:00,314.9194702250134,1.7685877447836753
1976-12-10 16:00:00+01:00,16.013798502959972,0.0899334923926232
1976-12-10 17:00:00+01:00,0.0,0.0
1976-12-10 18:00:00+01:00,0.0,0.0
1976-12-10 19:00:00+01:00,0.0,0.0
1976-12-10 20:00:00+01:00,0.0,0.0
1976-12-10 21:00:00+01:00,0.0,0.0
1976-12-10 22:00:00+01:00,0.0,0.0
1976-12-10 23:00:00+01:00,0.0,0.0
1976-12-11 00:00:00+01:00,0.0,0.0
1976-12-11 01:00:00+01:00,0.0,0.0
1976-12-11 02:00:00+01:00,0.0,0.0
1976-12-11 03:00:00+01:00,0.0,0.0
1976-12-11 04:00:00+01:00,0.0,0.0
1976-12-11 05:00:00+01:00,0.0,0.0
1976-12-11 06:00:00+01:00,0.0,0.0
1976-12-11 07:00:00+01:00,0.0,0.0
1976-12-11 08:00:00+01:00,21.636972851635655,0.12151323953478584
1976-12-11 09:00:00+01:00,50.46212087641037,0.2833952708419206
1976-12-11 10:00:00+01:00,80.16489173441924,0.45020603198049847
1976-12-11 11:00:00+01:00,130.1704507363417,0.731037251335295
1976-12-11 12:00:00+01:00,141.04350338410575,0.7921003150051378
1976-12-11 13:00:00+01:00,100.1880369953574,0.5626560157659272
1976-12-11 14:00:00+01:00,61.87340712925034,0.3474810544378699
1976-12-11 15:00:00+01:00,26.388349990061354,0.14819697354418457
1976-12-11 16:00:00+01:00,5.104237435208661,0.02866539743613184
1976-12-11 17:00:00+01:00,0.0,0.0
1976-12-11 18:00:00+01:00,0.0,0.0
1976-12-11 19:00:00+01:00,0.0,0.0
1976-12-11 20:00:00+01:00,0.0,0.0
1976-12-11 21:00:00+01:00,0.0,0.0
1976-12-11 22:00:00+01:00,0.0,0.0
1976-12-11 23:00:00+01:00,0.0,0.0
1976-12-12 00:00:00+01:00,0.0,0.0
1976-12-12 01:00:00+01:00,0.0,0.0
1976-12-12 02:00:00+01:00,0.0,0.0
1976-12-12 03:00:00+01:00,0.0,0.0
1976-12-12 04:00:00+01:00,0.0,0.0
1976-12-12 05:00:00+01:00,0.0,0.0
1976-12-12 06:00:00+01:00,0.0,0.0
1976-12-12 07:00:00+01:00,0.0,0.0
1976-12-12 08:00:00+01:00,23.551881425883735,0.13226736608776304
1976-12-12 09:00:00+01:00,121.6939008536154,0.6834329471939041
1976-12-12 10:00:00+01:00,192.09872021916095,1.0788264127508078
1976-12-12 11:00:00+01:00,168.05283133411479,0.9437847007723885
1976-12-12 12:00:00+01:00,164.3023022152613,0.9227217292409075
1976-12-12 13:00:00+01:00,155.3803580417259,0.8726160907623328
1976-12-12 14:00:00+01:00,170.08540227581773,0.9551996191809924
1976-12-12 15:00:00+01:00,157.76028834210794,0.8859817793292782
1976-12-12 16:00:00+01:00,12.656545884353898,0.07107916168653149
1976-12-12 17:00:00+01:00,0.0,0.0
1976-12-12 18:00:00+01:00,0.0,0.0
1976-12-12 19:00:00+01:00,0.0,0.0
1976-12-12 20:00:00+01:00,0.0,0.0
1976-12-12 21:00:00+01:00,0.0,0.0
1976-12-12 22:00:00+01:00,0.0,0.0
1976-12-12 23:00:00+01:00,0.0,0.0
1976-12-13 00:00:00+01:00,0.0,0.0
1976-12-13 01:00:00+01:00,0.0,0.0
1976-12-13 02:00:00+01:00,0.0,0.0
1976-12-13 03:00:00+01:00,0.0,0.0
1976-12-13 04:00:00+01:00,0.0,0.0
1976-12-13 05:00:00+01:00,0.0,0.0
1976-12-13 06:00:00+01:00,0.0,0.0
1976-12-13 07:00:00+01:00,0.0,0.0
1976-12-13 08:00:00+01:00,88.04674786012724,0.4944705359824746
1976-12-13 09:00:00+01:00,261.02228175307005,1.4659011343252415
1976-12-13 10:00:00+01:00,460.995057720687,2.5889482441593783
1976-12-13 11:00:00+01:00,576.3841377526361,3.2369733176188045
1976-12-13 12:00:00+01:00,566.8259862958238,3.1832947390373465
1976-12-13 13:00:00+01:00,498.78896423606386,2.8011988231497345
1976-12-13 14:00:00+01:00,367.97608181017563,2.066553675445946
1976-12-13 15:00:00+01:00,220.0138742430458,1.2355979177489453
1976-12-13 16:00:00+01:00,19.079199929602474,0.10714878680464748
1976-12-13 17:00:00+01:00,0.0,0.0
1976-12-13 18:00:00+01:00,0.0,0.0
1976-12-13 19:00:00+01:00,0.0,0.0
1976-12-13 20:00:00+01:00,0.0,0.0
1976-12-13 21:00:00+01:00,0.0,0.0
1976-12-13 22:00:00+01:00,0.0,0.0
1976-12-13 23:00:00+01:00,0.0,0.0
1976-12-14 00:00:00+01:00,0.0,0.0
1976-12-14 01:00:00+01:00,0.0,0.0
1976-12-14 02:00:00+01:00,0.0,0.0
1976-12-14 03:00:00+01:00,0.0,0.0
1976-12-14 04:00:00+01:00,0.0,0.0
1976-12-14 05:00:00+01:00,0.0,0.0
1976-12-14 06:00:00+01:00,0.0,0.0
1976-12-14 07:00:00+01:00,0.0,0.0
1976-12-14 08:00:00+01:00,133.53377841712785,0.7499256995905901
1976-12-14 09:00:00+01:00,356.0302830020373,1.9994660693394417
1976-12-14 10:00:00+01:00,565.5784632223929,3.176288649456959
1976-12-14 11:00:00+01:00,708.9158735681231,3.9812715459585792
1976-12-14 12:00:00+01:00,810.9708436111841,4.5544122577204105
1976-12-14 13:00:00+01:00,757.286635007721,4.252921742203362
1976-12-14 14:00:00+01:00,582.6720713212615,3.2722863525402044
1976-12-14 15:00:00+01:00,356.4321603721362,2.001723012649917
1976-12-14 16:00:00+01:00,14.510369371068723,0.08149023438792195
1976-12-14 17:00:00+01:00,0.0,0.0
1976-12-14 18:00:00+01:00,0.0,0.0
1976-12-14 19:00:00+01:00,0.0,0.0
1976-12-14 20:00:00+01:00,0.0,0.0
1976-12-14 21:00:00+01:00,0.0,0.0
1976-12-14 22:00:00+01:00,0.0,0.0
1976-12-14 23:00:00+01:00,0.0,0.0
1976-12-15 00:00:00+01:00,0.0,0.0
1976-12-15 01:00:00+01:00,0.0,0.0
1976-12-15 02:00:00+01:00,0.0,0.0
1976-12-15 03:00:00+01:00,0.0,0.0
1976-12-15 04:00:00+01:00,0.0,0.0
1976-12-15 05:00:00+01:00,0.0,0.0
1976-12-15 06:00:00+01:00,0.0,0.0
1976-12-15 07:00:00+01:00,0.0,0.0
1976-12-15 08:00:00+01:00,185.3861068325711,1.0411283759717191
1976-12-15 09:00:00+01:00,446.25318348836106,2.5061578784706358
1976-12-15 10:00:00+01:00,651.2394352856597,3.6573606685642654
1976-12-15 11:00:00+01:00,816.850886278867,4.587434577342117
1976-12-15 12:00:00+01:00,864.7675293603113,4.856534444887508
1976-12-15 13:00:00+01:00,814.7086681732633,4.575403880461046
1976-12-15 14:00:00+01:00,607.7860637261687,3.413326533886163
1976-12-15 15:00:00+01:00,354.2841244586584,1.9896596429598254
1976-12-15 16:00:00+01:00,15.980388815592061,0.089745863588365
1976-12-15 17:00:00+01:00,0.0,0.0
1976-12-15 18:00:00+01:00,0.0,0.0
1976-12-15 19:00:00+01:00,0.0,0.0
1976-12-15 20:00:00+01:00,0.0,0.0
1976-12-15 21:00:00+01:00,0.0,0.0
1976-12-15 22:00:00+01:00,0.0,0.0
1976-12-15 23:00:00+01:00,0.0,0.0
1976-12-16 00:00:00+01:00,0.0,0.0
1976-12-16 01:00:00+01:00,0.0,0.0
1976-12-16 02:00:00+01:00,0.0,0.0
1976-12-16 03:00:00+01:00,0.0,0.0
1976-12-16 04:00:00+01:00,0.0,0.0
1976-12-16 05:00:00+01:00,0.0,0.0
1976-12-16 06:00:00+01:00,0.0,0.0
1976-12-16 07:00:00+01:00,0.0,0.0
1976-12-16 08:00:00+01:00,125.33089863914878,0.7038583267574596
1976-12-16 09:00:00+01:00,332.9442655259354,1.8698149951936534
1976-12-16 10:00:00+01:00,580.6542624200448,3.260954337750972
1976-12-16 11:00:00+01:00,787.7237983795818,4.423856851699731
1976-12-16 12:00:00+01:00,840.6411549923539,4.721040726437059
1976-12-16 13:00:00+01:00,690.8960943465069,3.8800724658499828
1976-12-16 14:00:00+01:00,451.76172231633234,2.5370938325285226
1976-12-16 15:00:00+01:00,265.69700531451144,1.4921543818462963
1976-12-16 16:00:00+01:00,15.660948041676967,0.08795188420205785
1976-12-16 17:00:00+01:00,0.0,0.0
1976-12-16 18:00:00+01:00,0.0,0.0
1976-12-16 19:00:00+01:00,0.0,0.0
1976-12-16 20:00:00+01:00,0.0,0.0
1976-12-16 21:00:00+01:00,0.0,0.0
1976-12-16 22:00:00+01:00,0.0,0.0
1976-12-16 23:00:00+01:00,0.0,0.0
1976-12-17 00:00:00+01:00,0.0,0.0
1976-12-17 01:00:00+01:00,0.0,0.0
1976-12-17 02:00:00+01:00,0.0,0.0
1976-12-17 03:00:00+01:00,0.0,0.0
1976-12-17 04:00:00+01:00,0.0,0.0
1976-12-17 05:00:00+01:00,0.0,0.0
1976-12-17 06:00:00+01:00,0.0,0.0
1976-12-17 07:00:00+01:00,0.0,0.0
1976-12-17 08:00:00+01:00,47.29840470732489,0.26562784083633656
1976-12-17 09:00:00+01:00,124.75264008258964,0.7006108267038234
1976-12-17 10:00:00+01:00,240.9966525197288,1.3534372005507969
1976-12-17 11:00:00+01:00,359.8124388522276,2.0207066565941103
1976-12-17 12:00:00+01:00,304.3386316745996,1.7091657554845512
1976-12-17 13:00:00+01:00,208.228862049609,1.1694132892706042
1976-12-17 14:00:00+01:00,109.32187797065846,0.613951666683218
1976-12-17 15:00:00+01:00,51.39753225755573,0.28864854115843297
1976-12-17 16:00:00+01:00,8.595456300715394,0.04827208258481766
1976-12-17 17:00:00+01:00,0.0,0.0
1976-12-17 18:00:00+01:00,0.0,0.0
1976-12-17 19:00:00+01:00,0.0,0.0
1976-12-17 20:00:00+01:00,0.0,0.0
1976-12-17 21:00:00+01:00,0.0,0.0
1976-12-17 22:00:00+01:00,0.0,0.0
1976-12-17 23:00:00+01:00,0.0,0.0
1976-12-18 00:00:00+01:00,0.0,0.0
1976-12-18 01:00:00+01:00,0.0,0.0
1976-12-18 02:00:00+01:00,0.0,0.0
1976-12-18 03:00:00+01:00,0.0,0.0
1976-12-18 04:00:00+01:00,0.0,0.0
1976-12-18 05:00:00+01:00,0.0,0.0
1976-12-18 06:00:00+01:00,0.0,0.0
1976-12-18 07:00:00+01:00,0.0,0.0
1976-12-18 08:00:00+01:00,24.351800288505178,0.13675971042024507
1976-12-18 09:00:00+01:00,75.807008651449,0.4257321605865376
1976-12-18 10:00:00+01:00,119.16823008272638,0.6692487801445913
1976-12-18 11:00:00+01:00,139.9755832423453,0.7861028754890111
1976-12-18 12:00:00+01:00,130.9917987403412,0.7356499417257562
1976-12-18 13:00:00+01:00,101.01073032851522,0.5672762615249415
1976-12-18 14:00:00+01:00,68.61283888970448,0.3853297032045803
1976-12-18 15:00:00+01:00,29.28129503180563,0.16444375289862043
1976-12-18 16:00:00+01:00,5.9585273024959005,0.03346308933081698
1976-12-18 17:00:00+01:00,0.0,0.0
1976-12-18 18:00:00+01:00,0.0,0.0
1976-12-18 19:00:00+01:00,0.0,0.0
1976-12-18 20:00:00+01:00,0.0,0.0
1976-12-18 21:00:00+01:00,0.0,0.0
1976-12-18 22:00:00+01:00,0.0,0.0
1976-12-18 23:00:00+01:00,0.0,0.0
1976-12-19 00:00:00+01:00,0.0,0.0
1976-12-19 01:00:00+01:00,0.0,0.0
1976-12-19 02:00:00+01:00,0.0,0.0
1976-12-19 03:00:00+01:00,0.0,0.0
1976-12-19 04:00:00+01:00,0.0,0.0
1976-12-19 05:00:00+01:00,0.0,0.0
1976-12-19 06:00:00+01:00,0.0,0.0
1976-12-19 07:00:00+01:00,0.0,0.0
1976-12-19 08:00:00+01:00,17.923155598653622,0.10065644184203876
1976-12-19 09:00:00+01:00,47.35264377413029,0.26593244743551575
1976-12-19 10:00:00+01:00,76.73815806156153,0.43096149567372954
1976-12-19 11:00:00+01:00,130.97218066331925,0.7355397666052009
1976-12-19 12:00:00+01:00,185.89903652285636,1.0440089891123614
1976-12-19 13:00:00+01:00,232.88118888959428,1.3078607568039615
1976-12-19 14:00:00+01:00,200.53696913616528,1.1262156186687042
1976-12-19 15:00:00+01:00,154.59277231203578,0.868193009304393
1976-12-19 16:00:00+01:00,15.0958318478508,0.08477819165753009
1976-12-19 17:00:00+01:00,0.0,0.0
1976-12-19 18:00:00+01:00,0.0,0.0
1976-12-19 19:00:00+01:00,0.0,0.0
1976-12-19 20:00:00+01:00,0.0,0.0
1976-12-19 21:00:00+01:00,0.0,0.0
1976-12-19 22:00:00+01:00,0.0,0.0
1976-12-19 23:00:00+01:00,0.0,0.0
1976-12-20 00:00:00+01:00,0.0,0.0
1976-12-20 01:00:00+01:00,0.0,0.0
1976-12-20 02:00:00+01:00,0.0,0.0
1976-12-20 03:00:00+01:00,0.0,0.0
1976-12-20 04:00:00+01:00,0.0,0.0
1976-12-20 05:00:00+01:00,0.0,0.0
1976-12-20 06:00:00+01:00,0.0,0.0
1976-12-20 07:00:00+01:00,0.0,0.0
1976-12-20 08:00:00+01:00,67.52300562820095,0.3792091996079765
1976-12-20 09:00:00+01:00,199.96225813173749,1.1229880416678377
1976-12-20 10:00:00+01:00,403.373313105384,2.2653445263998364
1976-12-20 11:00:00+01:00,493.26187576010807,2.770158694268767
1976-12-20 12:00:00+01:00,508.8131542593426,2.857494674320468
1976-12-20 13:00:00+01:00,457.59340797114453,2.5698445791659474
1976-12-20 14:00:00+01:00,268.3280969066105,1.5069305922275245
1976-12-20 15:00:00+01:00,99.03209074956655,0.5561642216495657
1976-12-20 16:00:00+01:00,11.740944273059629,0.06593714303750287
1976-12-20 17:00:00+01:00,0.0,0.0
1976-12-20 18:00:00+01:00,0.0,0.0
1976-12-20 19:00:00+01:00,0.0,0.0
1976-12-20 20:00:00+01:00,0.0,0.0
1976-12-20 21:00:00+01:00,0.0,0.0
1976-12-20 22:00:00+01:00,0.0,0.0
1976-12-20 23:00:00+01:00,0.0,0.0
1976-12-21 00:00:00+01:00,0.0,0.0
1976-12-21 01:00:00+01:00,0.0,0.0
1976-12-21 02:00:00+01:00,0.0,0.0
1976-12-21 03:00:00+01:00,0.0,0.0
1976-12-21 04:00:00+01:00,0.0,0.0
1976-12-21 05:00:00+01:00,0.0,0.0
1976-12-21 06:00:00+01:00,0.0,0.0
1976-12-21 07:00:00+01:00,0.0,0.0
1976-12-21 08:00:00+01:00,57.04635001674601,0.3203723016940456
1976-12-21 09:00:00+01:00,165.8865045548949,0.9316186095802899
1976-12-21 10:00:00+01:00,326.4327101143824,1.8332461000023716
1976-12-21 11:00:00+01:00,558.4645583958056,3.1363369599508446
1976-12-21 12:00:00+01:00,661.5516331741112,3.7152739719058085
1976-12-21 13:00:00+01:00,587.6955974689813,3.3004984753857984
1976-12-21 14:00:00+01:00,422.7582466355271,2.3742103131051198
1976-12-21 15:00:00+01:00,246.11483873509957,1.3821809343363192
1976-12-21 16:00:00+01:00,18.059263456986752,0.1014208235744376
1976-12-21 17:00:00+01:00,0.0,0.0
1976-12-21 18:00:00+01:00,0.0,0.0
1976-12-21 19:00:00+01:00,0.0,0.0
1976-12-21 20:00:00+01:00,0.0,0.0
1976-12-21 21:00:00+01:00,0.0,0.0
1976-12-21 22:00:00+01:00,0.0,0.0
1976-12-21 23:00:00+01:00,0.0,0.0
1976-12-22 00:00:00+01:00,0.0,0.0
1976-12-22 01:00:00+01:00,0.0,0.0
1976-12-22 02:00:00+01:00,0.0,0.0
1976-12-22 03:00:00+01:00,0.0,0.0
1976-12-22 04:00:00+01:00,0.0,0.0
1976-12-22 05:00:00+01:00,0.0,0.0
1976-12-22 06:00:00+01:00,0.0,0.0
1976-12-22 07:00:00+01:00,0.0,0.0
1976-12-22 08:00:00+01:00,98.45448615494996,0.552920394246199
1976-12-22 09:00:00+01:00,280.0749618031941,1.5729009854867382
1976-12-22 10:00:00+01:00,515.4226082414986,2.894613367884256
1976-12-22 11:00:00+01:00,742.3081530259867,4.168802587393941
1976-12-22 12:00:00+01:00,813.6126513588081,4.569248650031066
1976-12-22 13:00:00+01:00,755.767913701507,4.244392603347664
1976-12-22 14:00:00+01:00,589.9767478180454,3.313309415746143
1976-12-22 15:00:00+01:00,352.573204249317,1.980051115064164
1976-12-22 16:00:00+01:00,13.761320956024335,0.07728357848903267
1976-12-22 17:00:00+01:00,0.0,0.0
1976-12-22 18:00:00+01:00,0.0,0.0
1976-12-22 19:00:00+01:00,0.0,0.0
1976-12-22 20:00:00+01:00,0.0,0.0
1976-12-22 21:00:00+01:00,0.0,0.0
1976-12-22 22:00:00+01:00,0.0,0.0
1976-12-22 23:00:00+01:00,0.0,0.0
1976-12-23 00:00:00+01:00,0.0,0.0
1976-12-23 01:00:00+01:00,0.0,0.0
1976-12-23 02:00:00+01:00,0.0,0.0
1976-12-23 03:00:00+01:00,0.0,0.0
1976-12-23 04:00:00+01:00,0.0,0.0
1976-12-23 05:00:00+01:00,0.0,0.0
1976-12-23 06:00:00+01:00,0.0,0.0
1976-12-23 07:00:00+01:00,0.0,0.0
1976-12-23 08:00:00+01:00,119.00255889602016,0.6683183707600492
1976-12-23 09:00:00+01:00,340.00276072463146,1.9094555042295303
1976-12-23 10:00:00+01:00,537.5934244082962,3.019124671476991
1976-12-23 11:00:00+01:00,744.075910060151,4.178730310897808
1976-12-23 12:00:00+01:00,856.1957364882124,4.808395256117802
1976-12-23 13:00:00+01:00,790.7201926915284,4.440684602155623
1976-12-23 14:00:00+01:00,618.8199013874969,3.4752925661921825
1976-12-23 15:00:00+01:00,374.12749944817983,2.101100036900978
1976-12-23 16:00:00+01:00,13.680780060159194,0.07683126081785403
1976-12-23 17:00:00+01:00,0.0,0.0
1976-12-23 18:00:00+01:00,0.0,0.0
1976-12-23 19:00:00+01:00,0.0,0.0
1976-12-23 20:00:00+01:00,0.0,0.0
1976-12-23 21:00:00+01:00,0.0,0.0
1976-12-23 22:00:00+01:00,0.0,0.0
1976-12-23 23:00:00+01:00,0.0,0.0
1976-12-24 00:00:00+01:00,0.0,0.0
1976-12-24 01:00:00+01:00,0.0,0.0
1976-12-24 02:00:00+01:00,0.0,0.0
1976-12-24 03:00:00+01:00,0.0,0.0
1976-12-24 04:00:00+01:00,0.0,0.0
1976-12-24 05:00:00+01:00,0.0,0.0
1976-12-24 06:00:00+01:00,0.0,0.0
1976-12-24 07:00:00+01:00,0.0,0.0
1976-12-24 08:00:00+01:00,68.13481427198187,0.3826451169514502
1976-12-24 09:00:00+01:00,190.75363012930922,1.0712723868062006
1976-12-24 10:00:00+01:00,357.80674853633633,2.0094426997800645
1976-12-24 11:00:00+01:00,529.5212768629088,2.973791490862096
1976-12-24 12:00:00+01:00,629.0813463739306,3.532920841235995
1976-12-24 13:00:00+01:00,635.9118483762469,3.5712809404810026
1976-12-24 14:00:00+01:00,474.15859899044494,2.6628746919303388
1976-12-24 15:00:00+01:00,274.53319665196295,1.541778432397424
1976-12-24 16:00:00+01:00,11.97039268545862,0.06722572532153562
1976-12-24 17:00:00+01:00,0.0,0.0
1976-12-24 18:00:00+01:00,0.0,0.0
1976-12-24 19:00:00+01:00,0.0,0.0
1976-12-24 20:00:00+01:00,0.0,0.0
1976-12-24 21:00:00+01:00,0.0,0.0
1976-12-24 22:00:00+01:00,0.0,0.0
1976-12-24 23:00:00+01:00,0.0,0.0
1976-12-25 00:00:00+01:00,0.0,0.0
1976-12-25 01:00:00+01:00,0.0,0.0
1976-12-25 02:00:00+01:00,0.0,0.0
1976-12-25 03:00:00+01:00,0.0,0.0
1976-12-25 04:00:00+01:00,0.0,0.0
1976-12-25 05:00:00+01:00,0.0,0.0
1976-12-25 06:00:00+01:00,0.0,0.0
1976-12-25 07:00:00+01:00,0.0,0.0
1976-12-25 08:00:00+01:00,112.43720510826427,0.6314473438880122
1976-12-25 09:00:00+01:00,283.3401284512865,1.591238161382425
1976-12-25 10:00:00+01:00,485.900084926327,2.7288148769462524
1976-12-25 11:00:00+01:00,730.9808258990306,4.105188318248955
1976-12-25 12:00:00+01:00,825.6752724902403,4.63699233030519
1976-12-25 13:00:00+01:00,770.8749691736986,4.3292338268794905
1976-12-25 14:00:00+01:00,621.3311812683439,3.48939591400302
1976-12-25 15:00:00+01:00,372.6326673509694,2.0927050598430443
1976-12-25 16:00:00+01:00,12.165690432230365,0.06832251746740572
1976-12-25 17:00:00+01:00,0.0,0.0
1976-12-25 18:00:00+01:00,0.0,0.0
1976-12-25 19:00:00+01:00,0.0,0.0
1976-12-25 20:00:00+01:00,0.0,0.0
1976-12-25 21:00:00+01:00,0.0,0.0
1976-12-25 22:00:00+01:00,0.0,0.0
1976-12-25 23:00:00+01:00,0.0,0.0
1976-12-26 00:00:00+01:00,0.0,0.0
1976-12-26 01:00:00+01:00,0.0,0.0
1976-12-26 02:00:00+01:00,0.0,0.0
1976-12-26 03:00:00+01:00,0.0,0.0
1976-12-26 04:00:00+01:00,0.0,0.0
1976-12-26 05:00:00+01:00,0.0,0.0
1976-12-26 06:00:00+01:00,0.0,0.0
1976-12-26 07:00:00+01:00,0.0,0.0
1976-12-26 08:00:00+01:00,53.73363986305834,0.3017681214709356
1976-12-26 09:00:00+01:00,184.1841041566086,1.034377928943514
1976-12-26 10:00:00+01:00,331.6755869870153,1.8626900965190778
1976-12-26 11:00:00+01:00,487.8285305014733,2.7396450272962745
1976-12-26 12:00:00+01:00,521.2695776902775,2.9274499483085985
1976-12-26 13:00:00+01:00,409.41893063101554,2.2992967144237832
1976-12-26 14:00:00+01:00,304.10484295052333,1.7078527980101388
1976-12-26 15:00:00+01:00,199.09579070087665,1.1181219605761232
1976-12-26 16:00:00+01:00,10.714854982404665,0.060174625581184596
1976-12-26 17:00:00+01:00,0.0,0.0
1976-12-26 18:00:00+01:00,0.0,0.0
1976-12-26 19:00:00+01:00,0.0,0.0
1976-12-26 20:00:00+01:00,0.0,0.0
1976-12-26 21:00:00+01:00,0.0,0.0
1976-12-26 22:00:00+01:00,0.0,0.0
1976-12-26 23:00:00+01:00,0.0,0.0
1976-12-27 00:00:00+01:00,0.0,0.0
1976-12-27 01:00:00+01:00,0.0,0.0
1976-12-27 02:00:00+01:00,0.0,0.0
1976-12-27 03:00:00+01:00,0.0,0.0
1976-12-27 04:00:00+01:00,0.0,0.0
1976-12-27 05:00:00+01:00,0.0,0.0
1976-12-27 06:00:00+01:00,0.0,0.0
1976-12-27 07:00:00+01:00,0.0,0.0
1976-12-27 08:00:00+01:00,16.38282457726251,0.09200594282590625
1976-12-27 09:00:00+01:00,43.35818853999798,0.24349958684062867
1976-12-27 10:00:00+01:00,68.79479288393517,0.38635155683617994
1976-12-27 11:00:00+01:00,72.84779133562458,0.4091131961408676
1976-12-27 12:00:00+01:00,96.15767646067022,0.540021511003124
1976-12-27 13:00:00+01:00,180.00145375430176,1.0108881642841587
1976-12-27 14:00:00+01:00,183.75494378763784,1.031967764311374
1976-12-27 15:00:00+01:00,98.15533240710974,0.5512403467983282
1976-12-27 16:00:00+01:00,10.361231806439923,0.05818867782496661
1976-12-27 17:00:00+01:00,0.0,0.0
1976-12-27 18:00:00+01:00,0.0,0.0
1976-12-27 19:00:00+01:00,0.0,0.0
1976-12-27 20:00:00+01:00,0.0,0.0
1976-12-27 21:00:00+01:00,0.0,0.0
1976-12-27 22:00:00+01:00,0.0,0.0
1976-12-27 23:00:00+01:00,0.0,0.0
1976-12-28 00:00:00+01:00,0.0,0.0
1976-12-28 01:00:00+01:00,0.0,0.0
1976-12-28 02:00:00+01:00,0.0,0.0
1976-12-28 03:00:00+01:00,0.0,0.0
1976-12-28 04:00:00+01:00,0.0,0.0
1976-12-28 05:00:00+01:00,0.0,0.0
1976-12-28 06:00:00+01:00,0.0,0.0
1976-12-28 07:00:00+01:00,0.0,0.0
1976-12-28 08:00:00+01:00,166.7714759156197,0.9365886087421201
1976-12-28 09:00:00+01:00,483.843350996774,2.717264259197883
1976-12-28 10:00:00+01:00,760.1860217685152,4.269204698251981
1976-12-28 11:00:00+01:00,903.2771666784574,5.072804568066218
1976-12-28 12:00:00+01:00,933.0077396943461,5.239771466123448
1976-12-28 13:00:00+01:00,857.2411469480544,4.814266281260274
1976-12-28 14:00:00+01:00,691.6312880685141,3.8842013137927753
1976-12-28 15:00:00+01:00,438.2147388150137,2.461013973185117
1976-12-28 16:00:00+01:00,15.961632108390521,0.08964052592072118
1976-12-28 17:00:00+01:00,0.05857864376269049,0.0003289776633712698
1976-12-28 18:00:00+01:00,0.0,0.0
1976-12-28 19:00:00+01:00,0.0,0.0
1976-12-28 20:00:00+01:00,0.0,0.0
1976-12-28 21:00:00+01:00,0.0,0.0
1976-12-28 22:00:00+01:00,0.0,0.0
1976-12-28 23:00:00+01:00,0.0,0.0
1976-12-29 00:00:00+01:00,0.0,0.0
1976-12-29 01:00:00+01:00,0.0,0.0
1976-12-29 02:00:00+01:00,0.0,0.0
1976-12-29 03:00:00+01:00,0.0,0.0
1976-12-29 04:00:00+01:00,0.0,0.0
1976-12-29 05:00:00+01:00,0.0,0.0
1976-12-29 06:00:00+01:00,0.0,0.0
1976-12-29 07:00:00+01:00,0.0,0.0
1976-12-29 08:00:00+01:00,206.09645038293348,1.1574376653505545
1976-12-29 09:00:00+01:00,541.5946503991817,3.041595556641804
1976-12-29 10:00:00+01:00,745.599799834516,4.187288475870642
1976-12-29 11:00:00+01:00,853.7178807603286,4.794479618350006
1976-12-29 12:00:00+01:00,879.9177597930427,4.941618138997728
1976-12-29 13:00:00+01:00,826.8112849738247,4.643372176412999
1976-12-29 14:00:00+01:00,659.9865033291497,3.7064842026965046
1976-12-29 15:00:00+01:00,402.51297631989416,2.260512875012526
1976-12-29 16:00:00+01:00,16.994445402902628,0.09544080538270117
1976-12-29 17:00:00+01:00,0.05857864376269049,0.0003289776633712698
1976-12-29 18:00:00+01:00,0.0,0.0
1976-12-29 19:00:00+01:00,0.0,0.0
1976-12-29 20:00:00+01:00,0.0,0.0
1976-12-29 21:00:00+01:00,0.0,0.0
1976-12-29 22:00:00+01:00,0.0,0.0
1976-12-29 23:00:00+01:00,0.0,0.0
1976-12-30 00:00:00+01:00,0.0,0.0
1976-12-30 01:00:00+01:00,0.0,0.0
1976-12-30 02:00:00+01:00,0.0,0.0
1976-12-30 03:00:00+01:00,0.0,0.0
1976-12-30 04:00:00+01:00,0.0,0.0
1976-12-30 05:00:00+01:00,0.0,0.0
1976-12-30 06:00:00+01:00,0.0,0.0
1976-12-30 07:00:00+01:00,0.0,0.0
1976-12-30 08:00:00+01:00,46.79519067365125,0.26280179082322536
1976-12-30 09:00:00+01:00,159.353868083609,0.8949313231575481
1976-12-30 10:00:00+01:00,247.80374199832085,1.3916658150625698
1976-12-30 11:00:00+01:00,224.14355600836993,1.2587902105430055
1976-12-30 12:00:00+01:00,197.96231294724674,1.1117563495117377
1976-12-30 13:00:00+01:00,173.83432497383407,0.9762535690530522
1976-12-30 14:00:00+01:00,118.21412330827951,0.6638905164992978
1976-12-30 15:00:00+01:00,50.989399216899244,0.2863564660021062
1976-12-30 16:00:00+01:00,7.662155730495738,0.043030666582464065
1976-12-30 17:00:00+01:00,0.0,0.0
1976-12-30 18:00:00+01:00,0.0,0.0
1976-12-30 19:00:00+01:00,0.0,0.0
1976-12-30 20:00:00+01:00,0.0,0.0
1976-12-30 21:00:00+01:00,0.0,0.0
1976-12-30 22:00:00+01:00,0.0,0.0
1976-12-30 23:00:00+01:00,0.0,0.0
1976-12-31 00:00:00+01:00,0.0,0.0
1976-12-31 01:00:00+01:00,0.0,0.0
1976-12-31 02:00:00+01:00,0.0,0.0
1976-12-31 03:00:00+01:00,0.0,0.0
1976-12-31 04:00:00+01:00,0.0,0.0
1976-12-31 05:00:00+01:00,0.0,0.0
1976-12-31 06:00:00+01:00,0.0,0.0
1976-12-31 07:00:00+01:00,0.0,0.0
1976-12-31 08:00:00+01:00,94.21006665290984,0.5290837343227417
1976-12-31 09:00:00+01:00,252.6922045628698,1.4191194208250766
1976-12-31 10:00:00+01:00,451.4384593709817,2.535278387827433
1976-12-31 11:00:00+01:00,616.254426766292,3.4608848607194957
1976-12-31 12:00:00+01:00,717.9681567840539,4.032109168499247
1976-12-31 13:00:00+01:00,642.4305539161467,3.6078899907930797
1976-12-31 14:00:00+01:00,482.0801120889279,2.707361909491419
1976-12-31 15:00:00+01:00,293.0803277916731,1.645939120878036
1976-12-31 16:00:00+01:00,20.383418757380124,0.11447327974144678
1976-12-31 17:00:00+01:00,0.05857864376269049,0.0003289776633712698
1976-12-31 18:00:00+01:00,0.0,0.0
1976-12-31 19:00:00+01:00,0.0,0.0
1976-12-31 20:00:00+01:00,0.0,0.0
1976-12-31 21:00:00+01:00,0.0,0.0
1976-12-31 22:00:00+01:00,0.0,0.0
1976-12-31 23:00:00+01:00,0.0,0.0
