time(UTC),temp_air,relative_humidity,ghi,dni,dhi,IR(h),wind_speed,wind_direction,pressure
1990-01-01 00:00:00+00:00,2.14,87.78,0.0,0.0,0.0,292.8,1.7,124.0,92830.0
1990-01-01 01:00:00+00:00,2.28,90.34,0.0,0.0,0.0,300.64,1.79,125.0,92820.0
1990-01-01 02:00:00+00:00,2.42,92.9,0.0,0.0,0.0,308.47,1.88,124.0,92760.0
1990-01-01 03:00:00+00:00,2.57,95.47,0.0,0.0,0.0,316.31,1.98,124.0,92690.0
1990-01-01 04:00:00+00:00,2.71,98.03,0.0,0.0,0.0,324.14,2.07,124.0,92640.0
1990-01-01 05:00:00+00:00,2.85,100.0,0.0,0.0,0.0,331.97,2.16,126.0,92620.0
1990-01-01 06:00:00+00:00,3.0,100.0,0.0,0.0,0.0,339.81,2.25,126.0,92600.0
1990-01-01 07:00:00+00:00,3.14,100.0,24.0,0.0,24.0,347.64,2.34,135.0,92620.0
1990-01-01 08:00:00+00:00,3.86,100.0,59.0,0.0,59.0,334.8,1.86,140.0,92630.0
1990-01-01 09:00:00+00:00,4.05,99.4,66.0,0.0,66.0,337.9,1.79,147.0,92620.0
1990-01-01 10:00:00+00:00,4.44,100.0,35.0,0.0,35.0,337.9,1.86,152.0,92580.0
1990-01-01 11:00:00+00:00,5.03,99.4,36.0,0.0,36.0,339.65,2.14,165.0,92490.0
1990-01-01 12:00:00+00:00,5.7,99.4,32.0,0.0,32.0,337.1,2.21,170.0,92420.0
1990-01-01 13:00:00+00:00,6.05,99.4,34.0,0.0,34.0,339.85,2.21,173.0,92410.0
1990-01-01 14:00:00+00:00,6.07,95.8,41.0,0.0,41.0,342.15,2.83,176.0,92380.0
1990-01-01 15:00:00+00:00,6.08,95.8,0.0,0.0,0.0,339.05,3.45,179.0,92380.0
1990-01-01 16:00:00+00:00,6.02,99.4,0.0,0.0,0.0,338.1,3.03,174.0,92360.0
1990-01-01 17:00:00+00:00,6.08,99.4,0.0,0.0,0.0,334.0,2.97,177.0,92350.0
1990-01-01 18:00:00+00:00,6.21,99.4,0.0,0.0,0.0,337.3,3.24,178.0,92350.0
1990-01-01 19:00:00+00:00,6.28,99.4,0.0,0.0,0.0,344.5,2.76,174.0,92310.0
1990-01-01 20:00:00+00:00,6.37,95.8,0.0,0.0,0.0,333.25,3.1,170.0,92270.0
1990-01-01 21:00:00+00:00,6.7,95.8,0.0,0.0,0.0,334.6,3.38,168.0,92270.0
1990-01-01 22:00:00+00:00,6.81,95.8,0.0,0.0,0.0,339.05,3.66,163.0,92240.0
1990-01-01 23:00:00+00:00,6.74,95.8,0.0,0.0,0.0,336.35,3.86,160.0,92180.0
1990-01-02 00:00:00+00:00,6.52,95.8,0.0,0.0,0.0,340.4,5.31,160.0,92130.0
1990-01-02 01:00:00+00:00,6.37,99.4,0.0,0.0,0.0,337.05,4.83,161.0,92110.0
1990-01-02 02:00:00+00:00,6.41,99.4,0.0,0.0,0.0,337.3,5.17,164.0,92060.0
1990-01-02 03:00:00+00:00,6.49,95.8,0.0,0.0,0.0,336.55,4.76,164.0,91970.0
1990-01-02 04:00:00+00:00,6.28,99.4,0.0,0.0,0.0,331.7,4.9,166.0,91930.0
1990-01-02 05:00:00+00:00,6.06,95.8,0.0,0.0,0.0,331.3,4.48,170.0,91900.0
1990-01-02 06:00:00+00:00,5.76,99.4,0.0,0.0,0.0,339.25,2.69,182.0,91890.0
1990-01-02 07:00:00+00:00,5.58,95.75,29.0,0.0,29.0,343.1,2.76,205.0,91890.0
1990-01-02 08:00:00+00:00,4.7,95.75,20.0,0.0,20.0,335.2,2.14,210.0,91970.0
1990-01-02 09:00:00+00:00,4.13,99.4,37.0,0.0,37.0,332.85,1.38,191.0,92030.0
1990-01-02 10:00:00+00:00,4.6,99.4,76.0,0.0,76.0,327.65,1.24,161.0,92100.0
1990-01-02 11:00:00+00:00,5.04,99.4,158.0,7.38,155.0,327.85,1.52,159.0,92080.0
1990-01-02 12:00:00+00:00,5.27,99.4,192.0,62.44,169.0,321.45,1.59,161.0,92080.0
1990-01-02 13:00:00+00:00,5.47,95.75,118.0,20.89,112.0,317.0,1.38,161.0,92120.0
1990-01-02 14:00:00+00:00,5.11,95.75,62.0,17.82,59.0,304.05,1.59,155.0,92180.0
1990-01-02 15:00:00+00:00,4.1,95.75,0.0,0.0,0.0,274.8,1.52,143.0,92260.0
1990-01-02 16:00:00+00:00,3.44,100.0,0.0,0.0,0.0,283.9,1.52,133.0,92320.0
1990-01-02 17:00:00+00:00,3.22,99.4,0.0,0.0,0.0,293.4,1.38,126.0,92350.0
1990-01-02 18:00:00+00:00,2.97,99.4,0.0,0.0,0.0,291.25,1.45,121.0,92370.0
1990-01-02 19:00:00+00:00,2.77,99.4,0.0,0.0,0.0,293.75,1.45,111.0,92420.0
1990-01-02 20:00:00+00:00,2.62,99.4,0.0,0.0,0.0,299.0,1.45,106.0,92440.0
1990-01-02 21:00:00+00:00,2.8,99.4,0.0,0.0,0.0,316.05,1.38,101.0,92460.0
1990-01-02 22:00:00+00:00,2.51,95.7,0.0,0.0,0.0,300.95,1.45,97.0,92470.0
1990-01-02 23:00:00+00:00,2.09,95.65,0.0,0.0,0.0,289.3,1.45,85.0,92450.0
1990-01-03 00:00:00+00:00,1.86,99.4,0.0,0.0,0.0,294.75,1.38,77.0,92470.0
1990-01-03 01:00:00+00:00,1.43,95.65,0.0,0.0,0.0,284.8,1.45,72.0,92490.0
1990-01-03 02:00:00+00:00,0.99,95.65,0.0,0.0,0.0,279.25,1.45,70.0,92490.0
1990-01-03 03:00:00+00:00,0.99,95.65,0.0,0.0,0.0,286.2,1.45,72.0,92470.0
1990-01-03 04:00:00+00:00,0.64,95.65,0.0,0.0,0.0,274.6,1.52,72.0,92470.0
1990-01-03 05:00:00+00:00,0.12,95.6,0.0,0.0,0.0,266.5,1.52,68.0,92480.0
1990-01-03 06:00:00+00:00,-0.41,95.6,0.0,0.0,0.0,259.7,1.52,65.0,92530.0
1990-01-03 07:00:00+00:00,-0.43,99.4,29.0,0.0,29.0,260.65,1.24,61.0,92590.0
1990-01-03 08:00:00+00:00,1.35,99.35,23.0,0.0,23.0,267.65,1.1,64.0,92620.0
1990-01-03 09:00:00+00:00,4.24,92.2,73.0,0.0,73.0,261.65,0.9,67.0,92630.0
1990-01-03 10:00:00+00:00,5.81,82.5,109.0,0.0,109.0,277.7,0.69,84.0,92640.0
1990-01-03 11:00:00+00:00,6.99,65.95,98.0,0.0,98.0,277.1,0.83,111.0,92600.0
1990-01-03 12:00:00+00:00,7.32,63.5,186.0,48.62,168.0,278.3,0.76,102.0,92580.0
1990-01-03 13:00:00+00:00,6.91,61.0,176.0,138.24,136.0,265.9,0.76,89.0,92590.0
1990-01-03 14:00:00+00:00,7.28,58.8,100.0,164.03,72.0,269.4,0.69,84.0,92610.0
1990-01-03 15:00:00+00:00,6.28,73.7,0.0,0.0,0.0,272.65,0.48,66.0,92640.0
1990-01-03 16:00:00+00:00,4.29,76.25,0.0,0.0,0.0,253.5,0.9,38.0,92660.0
1990-01-03 17:00:00+00:00,2.25,85.3,0.0,0.0,0.0,263.0,1.38,40.0,92680.0
1990-01-03 18:00:00+00:00,1.45,88.6,0.0,0.0,0.0,277.3,1.52,46.0,92710.0
1990-01-03 19:00:00+00:00,1.03,85.2,0.0,0.0,0.0,264.55,1.86,46.0,92750.0
1990-01-03 20:00:00+00:00,0.63,85.15,0.0,0.0,0.0,262.6,1.93,46.0,92740.0
1990-01-03 21:00:00+00:00,0.5,85.15,0.0,0.0,0.0,262.8,2.0,47.0,92760.0
1990-01-03 22:00:00+00:00,0.21,88.45,0.0,0.0,0.0,261.25,2.0,47.0,92750.0
1990-01-03 23:00:00+00:00,-0.19,88.45,0.0,0.0,0.0,249.65,2.0,47.0,92740.0
1990-01-04 00:00:00+00:00,-0.46,85.05,0.0,0.0,0.0,256.05,2.0,47.0,92720.0
1990-01-04 01:00:00+00:00,-1.03,85.0,0.0,0.0,0.0,253.6,2.0,48.0,92720.0
1990-01-04 02:00:00+00:00,-1.1,85.0,0.0,0.0,0.0,253.5,2.07,45.0,92690.0
1990-01-04 03:00:00+00:00,-1.08,85.0,0.0,0.0,0.0,261.85,2.14,44.0,92610.0
1990-01-04 04:00:00+00:00,-1.04,81.7,0.0,0.0,0.0,263.0,2.14,46.0,92560.0
1990-01-04 05:00:00+00:00,-1.08,81.7,0.0,0.0,0.0,258.35,2.21,48.0,92560.0
1990-01-04 06:00:00+00:00,-1.02,81.7,0.0,0.0,0.0,262.6,2.21,49.0,92540.0
1990-01-04 07:00:00+00:00,0.33,78.65,27.0,0.0,27.0,270.35,2.34,50.0,92600.0
1990-01-04 08:00:00+00:00,0.68,75.7,127.0,59.53,112.0,279.65,2.34,49.0,92640.0
1990-01-04 09:00:00+00:00,1.89,67.4,126.0,5.76,124.0,278.3,2.62,48.0,92610.0
1990-01-04 10:00:00+00:00,2.54,65.0,63.0,0.0,63.0,285.05,2.97,46.0,92590.0
1990-01-04 11:00:00+00:00,2.9,65.0,117.0,0.0,117.0,289.1,3.72,50.0,92490.0
1990-01-04 12:00:00+00:00,3.31,62.6,112.0,0.0,112.0,298.4,3.38,54.0,92450.0
1990-01-04 13:00:00+00:00,2.88,67.6,54.0,0.0,54.0,310.6,2.34,53.0,92440.0
1990-01-04 14:00:00+00:00,2.66,70.3,57.0,5.78,56.0,309.85,1.93,51.0,92450.0
1990-01-04 15:00:00+00:00,2.7,70.3,0.0,0.0,0.0,306.55,1.79,49.0,92490.0
1990-01-04 16:00:00+00:00,2.24,73.0,0.0,0.0,0.0,311.0,1.72,45.0,92510.0
1990-01-04 17:00:00+00:00,1.83,78.9,0.0,0.0,0.0,308.85,1.59,44.0,92520.0
1990-01-04 18:00:00+00:00,1.51,78.9,0.0,0.0,0.0,306.35,1.59,45.0,92520.0
1990-01-04 19:00:00+00:00,1.08,78.8,0.0,0.0,0.0,275.0,1.79,44.0,92550.0
1990-01-04 20:00:00+00:00,0.71,81.9,0.0,0.0,0.0,282.35,1.72,45.0,92540.0
1990-01-04 21:00:00+00:00,0.36,85.1,0.0,0.0,0.0,283.7,1.72,46.0,92530.0
1990-01-04 22:00:00+00:00,0.22,85.1,0.0,0.0,0.0,290.85,1.72,45.0,92510.0
1990-01-04 23:00:00+00:00,0.04,85.1,0.0,0.0,0.0,294.15,1.66,47.0,92480.0
1990-01-05 00:00:00+00:00,-0.12,91.95,0.0,0.0,0.0,297.05,1.72,44.0,92460.0
1990-01-05 01:00:00+00:00,-0.23,91.95,0.0,0.0,0.0,295.6,1.66,43.0,92440.0
1990-01-05 02:00:00+00:00,-0.26,91.95,0.0,0.0,0.0,298.8,1.66,45.0,92420.0
1990-01-05 03:00:00+00:00,-0.22,91.95,0.0,0.0,0.0,301.3,1.66,44.0,92380.0
1990-01-05 04:00:00+00:00,-0.13,91.95,0.0,0.0,0.0,305.75,1.66,44.0,92360.0
1990-01-05 05:00:00+00:00,-0.16,91.95,0.0,0.0,0.0,301.5,1.66,46.0,92360.0
1990-01-05 06:00:00+00:00,-0.09,88.45,0.0,0.0,0.0,306.35,1.66,45.0,92380.0
1990-01-05 07:00:00+00:00,0.21,88.45,36.0,8.2,35.0,292.6,1.59,48.0,92400.0
1990-01-05 08:00:00+00:00,0.97,81.95,88.0,3.96,87.0,291.45,1.59,48.0,92420.0
1990-01-05 09:00:00+00:00,1.86,78.9,183.0,63.13,161.0,293.95,1.59,47.0,92430.0
1990-01-05 10:00:00+00:00,2.94,76.0,174.0,19.87,166.0,297.45,1.45,45.0,92410.0
1990-01-05 11:00:00+00:00,3.68,70.5,178.0,19.44,170.0,296.1,1.24,45.0,92340.0
1990-01-05 12:00:00+00:00,4.35,67.9,181.0,40.07,166.0,302.3,1.03,47.0,92320.0
1990-01-05 13:00:00+00:00,4.54,65.4,147.0,57.83,130.0,312.75,0.9,50.0,92330.0
1990-01-05 14:00:00+00:00,4.38,70.6,85.0,74.02,72.0,309.25,0.83,49.0,92350.0
1990-01-05 15:00:00+00:00,3.87,73.3,3.0,0.0,3.0,304.8,0.76,39.0,92370.0
1990-01-05 16:00:00+00:00,2.8,85.35,0.0,0.0,0.0,292.6,0.9,39.0,92400.0
1990-01-05 17:00:00+00:00,2.13,85.3,0.0,0.0,0.0,301.1,1.03,41.0,92420.0
1990-01-05 18:00:00+00:00,1.6,88.6,0.0,0.0,0.0,298.6,1.1,45.0,92450.0
1990-01-05 19:00:00+00:00,1.4,92.05,0.0,0.0,0.0,299.75,1.17,46.0,92440.0
1990-01-05 20:00:00+00:00,1.27,92.05,0.0,0.0,0.0,301.5,1.17,46.0,92420.0
1990-01-05 21:00:00+00:00,1.16,92.05,0.0,0.0,0.0,301.9,1.1,45.0,92430.0
1990-01-05 22:00:00+00:00,1.15,92.05,0.0,0.0,0.0,304.05,1.1,46.0,92450.0
1990-01-05 23:00:00+00:00,1.07,95.65,0.0,0.0,0.0,306.95,1.03,46.0,92430.0
1990-01-06 00:00:00+00:00,0.85,99.4,0.0,0.0,0.0,303.85,1.03,50.0,92440.0
1990-01-06 01:00:00+00:00,0.84,99.4,0.0,0.0,0.0,310.5,0.97,50.0,92430.0
1990-01-06 02:00:00+00:00,0.82,99.4,0.0,0.0,0.0,310.6,0.97,51.0,92430.0
1990-01-06 03:00:00+00:00,0.83,99.4,0.0,0.0,0.0,312.75,0.97,50.0,92420.0
1990-01-06 04:00:00+00:00,0.77,99.4,0.0,0.0,0.0,310.4,0.97,49.0,92410.0
1990-01-06 05:00:00+00:00,0.72,99.4,0.0,0.0,0.0,311.0,0.97,48.0,92450.0
1990-01-06 06:00:00+00:00,0.71,99.4,0.0,0.0,0.0,312.75,0.97,47.0,92480.0
1990-01-06 07:00:00+00:00,0.96,95.65,41.0,16.32,39.0,303.85,0.9,48.0,92540.0
1990-01-06 08:00:00+00:00,1.87,95.65,114.0,35.48,105.0,302.1,0.83,52.0,92600.0
1990-01-06 09:00:00+00:00,2.77,88.65,189.0,74.34,163.0,302.3,0.69,57.0,92630.0
1990-01-06 10:00:00+00:00,3.57,85.45,209.0,54.42,187.0,303.85,0.48,93.0,92670.0
1990-01-06 11:00:00+00:00,4.11,85.5,241.0,96.76,201.0,308.5,0.21,208.0,92630.0
1990-01-06 12:00:00+00:00,4.36,85.5,246.0,167.28,183.0,312.15,0.55,255.0,92640.0
1990-01-06 13:00:00+00:00,4.7,82.35,204.0,232.79,135.0,308.1,0.62,261.0,92650.0
1990-01-06 14:00:00+00:00,4.71,82.35,67.0,16.83,64.0,305.95,0.48,265.0,92700.0
1990-01-06 15:00:00+00:00,4.26,88.8,1.0,0.0,1.0,312.95,0.34,256.0,92720.0
1990-01-06 16:00:00+00:00,3.69,92.15,0.0,0.0,0.0,312.15,0.21,225.0,92750.0
1990-01-06 17:00:00+00:00,3.19,92.15,0.0,0.0,0.0,293.95,0.21,55.0,92810.0
1990-01-06 18:00:00+00:00,2.16,95.65,0.0,0.0,0.0,302.5,0.69,49.0,92840.0
1990-01-06 19:00:00+00:00,1.19,99.35,0.0,0.0,0.0,290.85,0.97,46.0,92860.0
1990-01-06 20:00:00+00:00,0.68,99.4,0.0,0.0,0.0,287.75,1.03,44.0,92870.0
1990-01-06 21:00:00+00:00,0.62,99.4,0.0,0.0,0.0,295.3,1.03,43.0,92920.0
1990-01-06 22:00:00+00:00,0.49,95.65,0.0,0.0,0.0,292.8,1.17,44.0,92940.0
1990-01-06 23:00:00+00:00,0.65,95.65,0.0,0.0,0.0,299.4,1.24,43.0,92960.0
1990-01-07 00:00:00+00:00,0.49,95.65,0.0,0.0,0.0,291.25,1.31,43.0,92970.0
1990-01-07 01:00:00+00:00,0.17,95.6,0.0,0.0,0.0,285.15,1.45,43.0,93000.0
1990-01-07 02:00:00+00:00,-0.33,95.6,0.0,0.0,0.0,289.1,1.45,43.0,93020.0
1990-01-07 03:00:00+00:00,-0.32,91.95,0.0,0.0,0.0,283.5,1.52,43.0,93020.0
1990-01-07 04:00:00+00:00,-0.61,95.6,0.0,0.0,0.0,279.05,1.59,43.0,93030.0
1990-01-07 05:00:00+00:00,-1.05,88.4,0.0,0.0,0.0,269.75,1.72,44.0,93080.0
1990-01-07 06:00:00+00:00,-1.51,85.0,0.0,0.0,0.0,266.3,1.72,46.0,93120.0
1990-01-07 07:00:00+00:00,-1.11,85.0,78.0,251.64,47.0,273.65,1.79,45.0,93180.0
1990-01-07 08:00:00+00:00,-0.63,78.5,161.0,172.77,117.0,268.8,1.93,47.0,93220.0
1990-01-07 09:00:00+00:00,0.36,72.65,164.0,31.33,153.0,269.2,1.86,47.0,93260.0
1990-01-07 10:00:00+00:00,1.69,67.4,302.0,270.97,192.0,268.8,1.86,46.0,93260.0
1990-01-07 11:00:00+00:00,2.41,64.9,315.0,288.84,195.0,271.7,1.93,48.0,93230.0
1990-01-07 12:00:00+00:00,2.61,62.5,197.0,58.05,175.0,271.7,1.93,53.0,93200.0
1990-01-07 13:00:00+00:00,2.68,60.05,214.0,264.25,135.0,268.8,2.21,59.0,93230.0
1990-01-07 14:00:00+00:00,2.51,60.05,107.0,160.3,78.0,273.25,1.93,60.0,93270.0
1990-01-07 15:00:00+00:00,1.81,67.4,4.0,0.0,4.0,259.3,1.45,51.0,93280.0
1990-01-07 16:00:00+00:00,0.64,69.95,0.0,0.0,0.0,269.6,1.45,44.0,93310.0
1990-01-07 17:00:00+00:00,-0.23,75.55,0.0,0.0,0.0,272.65,1.52,42.0,93360.0
1990-01-07 18:00:00+00:00,-0.92,78.5,0.0,0.0,0.0,272.85,1.59,42.0,93380.0
1990-01-07 19:00:00+00:00,-1.65,78.45,0.0,0.0,0.0,262.4,1.59,42.0,93400.0
1990-01-07 20:00:00+00:00,-2.65,81.5,0.0,0.0,0.0,251.2,1.66,44.0,93420.0
1990-01-07 21:00:00+00:00,-3.53,81.45,0.0,0.0,0.0,251.6,1.66,46.0,93470.0
1990-01-07 22:00:00+00:00,-4.13,84.65,0.0,0.0,0.0,253.1,1.72,47.0,93490.0
1990-01-07 23:00:00+00:00,-4.33,84.65,0.0,0.0,0.0,256.8,1.66,48.0,93500.0
1990-01-08 00:00:00+00:00,-4.02,81.4,0.0,0.0,0.0,268.05,1.72,49.0,93520.0
1990-01-08 01:00:00+00:00,-4.26,81.3,0.0,0.0,0.0,250.55,1.72,50.0,93540.0
1990-01-08 02:00:00+00:00,-4.58,81.3,0.0,0.0,0.0,246.95,1.72,50.0,93560.0
1990-01-08 03:00:00+00:00,-5.17,84.55,0.0,0.0,0.0,237.65,1.72,50.0,93540.0
1990-01-08 04:00:00+00:00,-5.4,81.2,0.0,0.0,0.0,242.5,1.79,51.0,93520.0
1990-01-08 05:00:00+00:00,-5.59,81.2,0.0,0.0,0.0,239.95,1.79,50.0,93530.0
1990-01-08 06:00:00+00:00,-5.69,84.5,0.0,0.0,0.0,240.15,1.86,50.0,93560.0
1990-01-08 07:00:00+00:00,-5.05,81.25,95.0,475.88,36.0,243.05,1.79,50.0,93590.0
1990-01-08 08:00:00+00:00,-3.51,78.2,207.0,426.12,98.0,244.6,1.86,49.0,93630.0
1990-01-08 09:00:00+00:00,-0.76,75.45,331.0,649.47,102.0,237.65,1.72,48.0,93650.0
1990-01-08 10:00:00+00:00,1.58,64.8,420.0,853.38,72.0,240.75,1.52,44.0,93640.0
1990-01-08 11:00:00+00:00,2.85,62.5,431.0,857.25,73.0,231.05,1.31,38.0,93580.0
1990-01-08 12:00:00+00:00,3.37,62.6,389.0,844.27,67.0,231.65,1.31,34.0,93540.0
1990-01-08 13:00:00+00:00,3.48,60.3,293.0,772.53,60.0,230.65,1.38,33.0,93560.0
1990-01-08 14:00:00+00:00,3.11,60.15,155.0,582.53,48.0,229.7,1.45,35.0,93580.0
1990-01-08 15:00:00+00:00,2.09,64.9,7.0,0.0,7.0,226.8,1.45,34.0,93580.0
1990-01-08 16:00:00+00:00,-0.39,75.55,0.0,0.0,0.0,223.15,1.66,41.0,93590.0
1990-01-08 17:00:00+00:00,-2.56,78.35,0.0,0.0,0.0,222.15,1.72,45.0,93610.0
1990-01-08 18:00:00+00:00,-3.86,81.4,0.0,0.0,0.0,220.05,1.79,46.0,93640.0
1990-01-08 19:00:00+00:00,-4.11,78.15,0.0,0.0,0.0,220.2,1.86,46.0,93620.0
1990-01-08 20:00:00+00:00,-4.64,84.6,0.0,0.0,0.0,226.8,1.86,47.0,93640.0
1990-01-08 21:00:00+00:00,-5.04,81.25,0.0,0.0,0.0,223.7,1.86,48.0,93660.0
1990-01-08 22:00:00+00:00,-5.45,81.2,0.0,0.0,0.0,222.55,1.86,49.0,93640.0
1990-01-08 23:00:00+00:00,-6.02,81.1,0.0,0.0,0.0,226.2,1.86,49.0,93640.0
1990-01-09 00:00:00+00:00,-6.45,81.05,0.0,0.0,0.0,223.5,1.86,49.0,93620.0
1990-01-09 01:00:00+00:00,-7.02,81.0,0.0,0.0,0.0,229.05,1.79,48.0,93630.0
1990-01-09 02:00:00+00:00,-7.38,84.35,0.0,0.0,0.0,228.95,1.79,48.0,93620.0
1990-01-09 03:00:00+00:00,-7.49,80.9,0.0,0.0,0.0,227.0,1.79,48.0,93580.0
1990-01-09 04:00:00+00:00,-7.6,80.9,0.0,0.0,0.0,226.2,1.86,48.0,93570.0
1990-01-09 05:00:00+00:00,-7.94,80.85,0.0,0.0,0.0,219.25,1.86,49.0,93590.0
1990-01-09 06:00:00+00:00,-8.01,80.85,0.0,0.0,0.0,222.95,1.93,48.0,93600.0
1990-01-09 07:00:00+00:00,-7.17,80.9,104.0,600.55,29.0,227.0,2.07,48.0,93610.0
1990-01-09 08:00:00+00:00,-5.15,74.8,249.0,750.86,56.0,226.6,2.0,48.0,93620.0
1990-01-09 09:00:00+00:00,-1.92,64.1,365.0,844.16,66.0,225.65,1.93,46.0,93620.0
1990-01-09 10:00:00+00:00,0.42,59.45,434.0,893.24,68.0,220.05,1.86,45.0,93610.0
1990-01-09 11:00:00+00:00,1.66,55.2,444.0,885.95,72.0,222.15,1.72,45.0,93530.0
1990-01-09 12:00:00+00:00,2.36,53.15,400.0,862.11,69.0,213.85,1.66,46.0,93490.0
1990-01-09 13:00:00+00:00,2.55,51.15,0.0,0.0,0.0,219.25,1.66,46.0,93460.0
1990-01-09 14:00:00+00:00,2.15,53.15,0.0,0.0,0.0,217.7,1.66,44.0,93480.0
1990-01-09 15:00:00+00:00,0.61,59.6,10.0,0.0,10.0,215.95,1.59,44.0,93490.0
1990-01-09 16:00:00+00:00,-1.95,66.8,0.0,0.0,0.0,212.85,1.72,45.0,93500.0
1990-01-09 17:00:00+00:00,-4.17,71.95,0.0,0.0,0.0,211.9,1.79,47.0,93520.0
1990-01-09 18:00:00+00:00,-5.09,71.85,0.0,0.0,0.0,210.95,1.86,48.0,93540.0
1990-01-09 19:00:00+00:00,-5.28,71.75,0.0,0.0,0.0,211.5,1.86,47.0,93500.0
1990-01-09 20:00:00+00:00,-5.5,71.75,0.0,0.0,0.0,209.75,1.86,47.0,93490.0
1990-01-09 21:00:00+00:00,-5.64,71.65,0.0,0.0,0.0,210.95,1.86,47.0,93510.0
1990-01-09 22:00:00+00:00,-5.8,71.65,0.0,0.0,0.0,210.35,1.86,47.0,93500.0
1990-01-09 23:00:00+00:00,-5.84,71.65,0.0,0.0,0.0,212.1,1.86,46.0,93510.0
1990-01-10 00:00:00+00:00,-5.77,71.65,0.0,0.0,0.0,213.25,1.79,47.0,93490.0
1990-01-10 01:00:00+00:00,-5.94,71.65,0.0,0.0,0.0,213.95,1.79,47.0,93480.0
1990-01-10 02:00:00+00:00,-6.03,71.65,0.0,0.0,0.0,214.05,1.79,46.0,93470.0
1990-01-10 03:00:00+00:00,-6.1,71.65,0.0,0.0,0.0,216.35,1.79,45.0,93440.0
1990-01-10 04:00:00+00:00,-6.44,74.6,0.0,0.0,0.0,225.65,1.79,46.0,93440.0
1990-01-10 05:00:00+00:00,-7.18,77.6,0.0,0.0,0.0,214.6,1.79,46.0,93470.0
1990-01-10 06:00:00+00:00,-7.46,77.6,0.0,0.0,0.0,221.6,1.79,48.0,93520.0
1990-01-10 07:00:00+00:00,-7.48,77.6,104.0,595.69,29.0,221.2,1.93,48.0,93540.0
1990-01-10 08:00:00+00:00,-5.51,71.75,249.0,766.26,51.0,223.7,1.93,47.0,93570.0
1990-01-10 09:00:00+00:00,-1.93,66.8,359.0,812.0,70.0,227.6,1.86,46.0,93580.0
1990-01-10 10:00:00+00:00,0.33,64.45,430.0,874.2,70.0,231.25,1.86,47.0,93550.0
1990-01-10 11:00:00+00:00,1.52,59.8,442.0,878.59,71.0,225.05,2.0,48.0,93520.0
1990-01-10 12:00:00+00:00,2.27,57.6,400.0,866.56,65.0,225.65,1.93,50.0,93470.0
1990-01-10 13:00:00+00:00,2.58,57.7,301.0,784.52,60.0,228.15,1.86,51.0,93470.0
1990-01-10 14:00:00+00:00,2.32,62.35,167.0,654.37,43.0,225.45,1.86,51.0,93490.0
1990-01-10 15:00:00+00:00,1.42,67.3,19.0,192.69,11.0,222.95,1.59,48.0,93520.0
1990-01-10 16:00:00+00:00,-0.86,75.45,0.0,0.0,0.0,220.4,1.66,47.0,93540.0
1990-01-10 17:00:00+00:00,-3.33,78.2,0.0,0.0,0.0,220.6,1.72,48.0,93590.0
1990-01-10 18:00:00+00:00,-4.07,78.15,0.0,0.0,0.0,223.3,1.79,49.0,93620.0
1990-01-10 19:00:00+00:00,-4.44,78.05,0.0,0.0,0.0,217.7,1.79,46.0,93610.0
1990-01-10 20:00:00+00:00,-4.98,78.0,0.0,0.0,0.0,219.05,1.79,46.0,93650.0
1990-01-10 21:00:00+00:00,-5.2,81.2,0.0,0.0,0.0,217.3,1.79,47.0,93650.0
1990-01-10 22:00:00+00:00,-5.29,81.2,0.0,0.0,0.0,220.05,1.79,48.0,93660.0
1990-01-10 23:00:00+00:00,-5.38,81.2,0.0,0.0,0.0,222.75,1.79,48.0,93640.0
1990-01-11 00:00:00+00:00,-5.23,81.2,0.0,0.0,0.0,229.9,1.79,48.0,93620.0
1990-01-11 01:00:00+00:00,-5.01,78.0,0.0,0.0,0.0,233.3,1.72,48.0,93600.0
1990-01-11 02:00:00+00:00,-4.93,81.25,0.0,0.0,0.0,233.75,1.72,47.0,93610.0
1990-01-11 03:00:00+00:00,-4.82,81.25,0.0,0.0,0.0,234.35,1.66,46.0,93580.0
1990-01-11 04:00:00+00:00,-4.86,81.25,0.0,0.0,0.0,233.0,1.66,47.0,93560.0
1990-01-11 05:00:00+00:00,-4.85,81.25,0.0,0.0,0.0,233.2,1.66,47.0,93580.0
1990-01-11 06:00:00+00:00,-4.96,81.25,0.0,0.0,0.0,229.9,1.66,48.0,93590.0
1990-01-11 07:00:00+00:00,-3.97,81.4,105.0,590.39,30.0,232.2,1.66,44.0,93600.0
1990-01-11 08:00:00+00:00,-2.28,75.3,250.0,754.22,54.0,230.65,1.66,44.0,93610.0
1990-01-11 09:00:00+00:00,0.52,67.2,367.0,846.98,64.0,240.15,2.28,48.0,93600.0
1990-01-11 10:00:00+00:00,1.97,59.95,433.0,872.02,72.0,250.2,3.03,52.0,93600.0
1990-01-11 11:00:00+00:00,2.48,57.7,448.0,889.92,70.0,246.35,2.97,53.0,93540.0
1990-01-11 12:00:00+00:00,2.79,57.7,407.0,878.42,65.0,242.1,2.9,51.0,93470.0
1990-01-11 13:00:00+00:00,2.69,57.7,307.0,796.45,60.0,239.95,2.9,50.0,93460.0
1990-01-11 14:00:00+00:00,2.26,59.95,167.0,607.7,50.0,235.15,2.76,48.0,93460.0
1990-01-11 15:00:00+00:00,1.37,62.15,22.0,246.87,11.0,236.5,2.41,46.0,93470.0
1990-01-11 16:00:00+00:00,0.18,67.1,0.0,0.0,0.0,237.25,2.34,46.0,93480.0
1990-01-11 17:00:00+00:00,-0.97,69.65,0.0,0.0,0.0,229.3,2.14,46.0,93470.0
1990-01-11 18:00:00+00:00,-2.3,72.3,0.0,0.0,0.0,226.05,2.0,46.0,93480.0
1990-01-11 19:00:00+00:00,-3.29,72.1,0.0,0.0,0.0,232.05,2.28,47.0,93450.0
1990-01-11 20:00:00+00:00,-4.24,71.95,0.0,0.0,0.0,224.3,2.21,47.0,93460.0
1990-01-11 21:00:00+00:00,-4.99,71.85,0.0,0.0,0.0,224.65,2.14,48.0,93480.0
1990-01-11 22:00:00+00:00,-5.23,71.75,0.0,0.0,0.0,216.55,2.07,49.0,93480.0
1990-01-11 23:00:00+00:00,-5.0,68.95,0.0,0.0,0.0,223.15,2.0,51.0,93470.0
1990-01-12 00:00:00+00:00,-5.08,68.95,0.0,0.0,0.0,217.5,1.93,50.0,93450.0
1990-01-12 01:00:00+00:00,-5.17,68.85,0.0,0.0,0.0,220.9,1.86,50.0,93470.0
1990-01-12 02:00:00+00:00,-5.4,68.85,0.0,0.0,0.0,209.0,1.79,48.0,93460.0
1990-01-12 03:00:00+00:00,-5.83,68.75,0.0,0.0,0.0,211.7,1.79,48.0,93450.0
1990-01-12 04:00:00+00:00,-6.07,68.75,0.0,0.0,0.0,202.4,1.72,47.0,93440.0
1990-01-12 05:00:00+00:00,-6.28,71.55,0.0,0.0,0.0,209.0,1.79,49.0,93470.0
1990-01-12 06:00:00+00:00,-6.37,68.65,0.0,0.0,0.0,211.7,1.72,50.0,93510.0
1990-01-12 07:00:00+00:00,-7.12,63.0,107.0,592.46,31.0,206.1,2.48,52.0,93490.0
1990-01-12 08:00:00+00:00,-5.53,60.75,255.0,764.94,55.0,202.2,2.55,54.0,93520.0
1990-01-12 09:00:00+00:00,-2.52,54.3,372.0,842.4,69.0,202.4,3.24,57.0,93530.0
1990-01-12 10:00:00+00:00,-0.98,52.35,440.0,876.84,75.0,202.6,3.1,57.0,93550.0
1990-01-12 11:00:00+00:00,-0.06,48.45,456.0,898.56,72.0,210.15,3.03,56.0,93530.0
1990-01-12 12:00:00+00:00,0.38,50.5,0.0,0.0,0.0,207.45,2.97,56.0,93530.0
1990-01-12 13:00:00+00:00,0.36,48.45,0.0,0.0,0.0,210.55,2.97,54.0,93530.0
1990-01-12 14:00:00+00:00,-0.21,50.35,177.0,669.59,46.0,211.15,2.9,50.0,93560.0
1990-01-12 15:00:00+00:00,-1.19,52.35,23.0,209.77,13.0,207.25,2.62,49.0,93610.0
1990-01-12 16:00:00+00:00,-2.46,54.3,0.0,0.0,0.0,205.15,2.69,52.0,93660.0
1990-01-12 17:00:00+00:00,-3.45,58.75,0.0,0.0,0.0,205.9,2.28,52.0,93690.0
1990-01-12 18:00:00+00:00,-4.53,60.95,0.0,0.0,0.0,206.85,2.0,50.0,93730.0
1990-01-12 19:00:00+00:00,-5.66,63.25,0.0,0.0,0.0,208.05,2.21,50.0,93700.0
1990-01-12 20:00:00+00:00,-6.61,63.1,0.0,0.0,0.0,203.2,2.07,50.0,93760.0
1990-01-12 21:00:00+00:00,-7.41,65.6,0.0,0.0,0.0,203.6,2.07,49.0,93770.0
1990-01-12 22:00:00+00:00,-7.2,65.6,0.0,0.0,0.0,202.6,1.93,49.0,93830.0
1990-01-12 23:00:00+00:00,-6.4,63.1,0.0,0.0,0.0,200.5,1.86,50.0,93810.0
1990-01-13 00:00:00+00:00,-6.03,63.25,0.0,0.0,0.0,196.6,1.79,50.0,93830.0
1990-01-13 01:00:00+00:00,-6.44,63.1,0.0,0.0,0.0,195.95,1.79,48.0,93860.0
1990-01-13 02:00:00+00:00,-6.65,65.7,0.0,0.0,0.0,196.05,1.79,48.0,93850.0
1990-01-13 03:00:00+00:00,-6.8,65.7,0.0,0.0,0.0,196.6,1.79,48.0,93850.0
1990-01-13 04:00:00+00:00,-6.99,65.7,0.0,0.0,0.0,204.55,1.79,48.0,93830.0
1990-01-13 05:00:00+00:00,-7.17,68.45,0.0,0.0,0.0,201.45,1.79,47.0,93850.0
1990-01-13 06:00:00+00:00,-7.4,68.45,0.0,0.0,0.0,203.2,1.79,46.0,93880.0
1990-01-13 07:00:00+00:00,-6.55,63.1,108.0,601.69,30.0,198.75,2.0,45.0,93900.0
1990-01-13 08:00:00+00:00,-5.31,60.75,256.0,760.0,56.0,199.3,2.07,45.0,93910.0
1990-01-13 09:00:00+00:00,-2.34,54.3,375.0,854.2,66.0,204.55,2.28,44.0,93890.0
1990-01-13 10:00:00+00:00,-0.36,50.35,442.0,874.21,76.0,204.75,2.34,45.0,93870.0
1990-01-13 11:00:00+00:00,0.64,48.6,458.0,895.24,73.0,208.6,2.48,47.0,93840.0
1990-01-13 12:00:00+00:00,1.08,46.75,412.0,857.97,73.0,214.6,2.76,50.0,93800.0
1990-01-13 13:00:00+00:00,1.77,39.75,318.0,815.79,60.0,209.0,2.62,51.0,93810.0
1990-01-13 14:00:00+00:00,1.15,41.3,178.0,653.81,48.0,208.05,2.41,49.0,93810.0
1990-01-13 15:00:00+00:00,0.15,44.6,26.0,235.97,14.0,206.3,1.93,46.0,93830.0
1990-01-13 16:00:00+00:00,-1.26,48.15,0.0,0.0,0.0,206.5,1.79,45.0,93840.0
1990-01-13 17:00:00+00:00,-2.73,54.15,0.0,0.0,0.0,203.75,1.66,45.0,93840.0
1990-01-13 18:00:00+00:00,-4.18,63.55,0.0,0.0,0.0,201.85,1.66,44.0,93860.0
1990-01-13 19:00:00+00:00,-4.86,63.45,0.0,0.0,0.0,203.2,1.86,46.0,93830.0
1990-01-13 20:00:00+00:00,-5.46,66.05,0.0,0.0,0.0,198.15,1.72,46.0,93820.0
1990-01-13 21:00:00+00:00,-5.71,68.75,0.0,0.0,0.0,197.75,1.79,46.0,93840.0
1990-01-13 22:00:00+00:00,-5.84,68.75,0.0,0.0,0.0,199.15,1.72,47.0,93840.0
1990-01-13 23:00:00+00:00,-6.16,65.8,0.0,0.0,0.0,201.05,1.72,47.0,93830.0
1990-01-14 00:00:00+00:00,-6.14,65.8,0.0,0.0,0.0,199.7,1.66,46.0,93810.0
1990-01-14 01:00:00+00:00,-6.08,63.25,0.0,0.0,0.0,201.35,1.66,46.0,93800.0
1990-01-14 02:00:00+00:00,-6.05,63.25,0.0,0.0,0.0,205.5,1.66,46.0,93780.0
1990-01-14 03:00:00+00:00,-6.31,65.8,0.0,0.0,0.0,206.5,1.66,46.0,93750.0
1990-01-14 04:00:00+00:00,-6.42,65.8,0.0,0.0,0.0,200.7,1.66,46.0,93730.0
1990-01-14 05:00:00+00:00,-6.7,68.55,0.0,0.0,0.0,204.55,1.72,47.0,93730.0
1990-01-14 06:00:00+00:00,-6.87,68.55,0.0,0.0,0.0,211.15,1.72,47.0,93750.0
1990-01-14 07:00:00+00:00,-6.29,65.8,110.0,602.58,31.0,210.75,1.72,46.0,93740.0
1990-01-14 08:00:00+00:00,-4.88,58.35,258.0,762.34,56.0,212.7,1.79,47.0,93760.0
1990-01-14 09:00:00+00:00,-1.36,46.2,375.0,840.87,69.0,214.2,2.0,47.0,93750.0
1990-01-14 10:00:00+00:00,-0.14,42.6,445.0,876.13,76.0,216.15,1.86,50.0,93740.0
1990-01-14 11:00:00+00:00,0.79,39.45,464.0,910.25,70.0,213.65,2.14,54.0,93700.0
1990-01-14 12:00:00+00:00,1.2,36.4,422.0,899.14,64.0,222.95,1.93,60.0,93660.0
1990-01-14 13:00:00+00:00,1.33,36.4,326.0,838.93,58.0,213.85,1.93,61.0,93670.0
1990-01-14 14:00:00+00:00,0.95,36.4,183.0,672.92,47.0,215.2,1.93,61.0,93680.0
1990-01-14 15:00:00+00:00,0.0,41.0,28.0,240.27,15.0,212.65,1.93,58.0,93710.0
1990-01-14 16:00:00+00:00,-1.31,46.2,0.0,0.0,0.0,208.4,1.59,51.0,93710.0
1990-01-14 17:00:00+00:00,-2.94,51.95,0.0,0.0,0.0,203.95,1.59,48.0,93730.0
1990-01-14 18:00:00+00:00,-4.3,60.95,0.0,0.0,0.0,204.95,1.59,49.0,93760.0
1990-01-14 19:00:00+00:00,-5.3,63.35,0.0,0.0,0.0,197.4,1.72,46.0,93730.0
1990-01-14 20:00:00+00:00,-5.66,65.95,0.0,0.0,0.0,198.75,1.72,47.0,93740.0
1990-01-14 21:00:00+00:00,-5.75,68.75,0.0,0.0,0.0,197.2,1.59,47.0,93790.0
1990-01-14 22:00:00+00:00,-5.92,68.75,0.0,0.0,0.0,197.4,1.59,48.0,93780.0
1990-01-14 23:00:00+00:00,-6.09,68.75,0.0,0.0,0.0,196.8,1.59,49.0,93780.0
1990-01-15 00:00:00+00:00,-6.29,71.55,0.0,0.0,0.0,195.45,1.59,50.0,93780.0
1990-01-15 01:00:00+00:00,-6.21,71.55,0.0,0.0,0.0,201.15,1.59,50.0,93790.0
1990-01-15 02:00:00+00:00,-6.43,71.55,0.0,0.0,0.0,199.5,1.66,50.0,93770.0
1990-01-15 03:00:00+00:00,-6.56,71.55,0.0,0.0,0.0,201.65,1.66,50.0,93760.0
1990-01-15 04:00:00+00:00,-6.69,74.55,0.0,0.0,0.0,199.15,1.66,50.0,93740.0
1990-01-15 05:00:00+00:00,-6.57,71.55,0.0,0.0,0.0,216.15,1.52,51.0,93750.0
1990-01-15 06:00:00+00:00,-6.67,74.55,0.0,0.0,0.0,209.4,1.52,52.0,93790.0
1990-01-15 07:00:00+00:00,-6.03,71.65,110.0,587.87,32.0,208.2,1.52,53.0,93790.0
1990-01-15 08:00:00+00:00,-3.59,61.2,260.0,768.08,55.0,213.85,1.38,52.0,93810.0
1990-01-15 09:00:00+00:00,-0.58,50.35,378.0,849.3,67.0,202.4,1.1,50.0,93810.0
1990-01-15 10:00:00+00:00,1.8,41.45,447.0,884.9,72.0,206.7,0.69,48.0,93790.0
1990-01-15 11:00:00+00:00,3.18,34.0,462.0,890.42,74.0,209.95,0.07,102.0,93770.0
1990-01-15 12:00:00+00:00,3.8,31.4,421.0,879.67,68.0,214.05,0.48,202.0,93720.0
1990-01-15 13:00:00+00:00,3.89,32.75,327.0,833.5,58.0,215.2,0.69,212.0,93700.0
1990-01-15 14:00:00+00:00,3.55,34.15,185.0,666.82,48.0,217.15,0.76,224.0,93710.0
1990-01-15 15:00:00+00:00,2.62,41.7,30.0,243.79,16.0,216.35,0.62,245.0,93720.0
1990-01-15 16:00:00+00:00,1.7,46.9,0.0,0.0,0.0,213.65,0.14,274.0,93740.0
1990-01-15 17:00:00+00:00,0.97,48.7,0.0,0.0,0.0,215.2,0.41,55.0,93770.0
1990-01-15 18:00:00+00:00,0.23,52.6,0.0,0.0,0.0,214.2,0.9,55.0,93780.0
1990-01-15 19:00:00+00:00,-1.49,56.85,0.0,0.0,0.0,213.05,1.1,53.0,93770.0
1990-01-15 20:00:00+00:00,-2.36,61.45,0.0,0.0,0.0,211.3,1.1,54.0,93750.0
1990-01-15 21:00:00+00:00,-2.9,63.9,0.0,0.0,0.0,210.35,1.1,52.0,93740.0
1990-01-15 22:00:00+00:00,-3.38,63.8,0.0,0.0,0.0,210.55,1.1,53.0,93740.0
1990-01-15 23:00:00+00:00,-3.69,66.35,0.0,0.0,0.0,214.2,1.1,53.0,93680.0
1990-01-16 00:00:00+00:00,-3.68,63.7,0.0,0.0,0.0,217.3,1.03,52.0,93670.0
1990-01-16 01:00:00+00:00,-4.02,63.7,0.0,0.0,0.0,216.65,1.03,50.0,93680.0
1990-01-16 02:00:00+00:00,-4.26,66.25,0.0,0.0,0.0,212.5,1.03,50.0,93660.0
1990-01-16 03:00:00+00:00,-4.54,63.55,0.0,0.0,0.0,210.95,1.1,51.0,93610.0
1990-01-16 04:00:00+00:00,-4.79,66.15,0.0,0.0,0.0,209.4,1.17,53.0,93570.0
1990-01-16 05:00:00+00:00,-4.82,66.15,0.0,0.0,0.0,210.15,1.17,52.0,93560.0
1990-01-16 06:00:00+00:00,-4.79,66.15,0.0,0.0,0.0,210.95,1.1,52.0,93570.0
1990-01-16 07:00:00+00:00,-4.64,68.95,110.0,573.03,33.0,207.25,1.1,53.0,93630.0
1990-01-16 08:00:00+00:00,-1.63,61.55,258.0,747.39,57.0,207.85,0.83,52.0,93620.0
1990-01-16 09:00:00+00:00,1.89,46.9,377.0,838.37,68.0,211.3,0.48,44.0,93600.0
1990-01-16 10:00:00+00:00,3.45,42.0,444.0,860.51,77.0,216.35,0.28,317.0,93590.0
1990-01-16 11:00:00+00:00,4.28,40.45,461.0,882.05,74.0,219.05,0.69,276.0,93530.0
1990-01-16 12:00:00+00:00,4.64,39.0,417.0,845.47,75.0,221.95,1.17,270.0,93490.0
1990-01-16 13:00:00+00:00,4.5,40.6,198.0,125.73,157.0,222.95,1.52,272.0,93470.0
1990-01-16 14:00:00+00:00,3.94,47.45,169.0,473.97,70.0,223.9,1.45,272.0,93490.0
1990-01-16 15:00:00+00:00,2.76,55.45,18.0,16.44,17.0,223.9,1.03,266.0,93500.0
1990-01-16 16:00:00+00:00,1.91,62.25,0.0,0.0,0.0,223.5,0.55,283.0,93510.0
1990-01-16 17:00:00+00:00,1.22,64.65,0.0,0.0,0.0,221.4,0.34,338.0,93510.0
1990-01-16 18:00:00+00:00,0.7,67.2,0.0,0.0,0.0,224.3,0.62,24.0,93540.0
1990-01-16 19:00:00+00:00,-0.25,64.35,0.0,0.0,0.0,226.05,0.9,39.0,93530.0
1990-01-16 20:00:00+00:00,-2.16,72.3,0.0,0.0,0.0,234.15,1.17,51.0,93530.0
1990-01-16 21:00:00+00:00,-3.25,78.2,0.0,0.0,0.0,230.3,1.24,55.0,93540.0
1990-01-16 22:00:00+00:00,-3.42,78.2,0.0,0.0,0.0,250.8,1.1,53.0,93500.0
1990-01-16 23:00:00+00:00,-3.56,78.2,0.0,0.0,0.0,249.85,1.1,56.0,93480.0
1990-01-17 00:00:00+00:00,-3.28,78.2,0.0,0.0,0.0,264.35,0.97,56.0,93460.0
1990-01-17 01:00:00+00:00,-2.99,78.3,0.0,0.0,0.0,271.05,0.97,60.0,93480.0
1990-01-17 02:00:00+00:00,-2.93,78.3,0.0,0.0,0.0,272.3,0.97,62.0,93470.0
1990-01-17 03:00:00+00:00,-3.13,81.45,0.0,0.0,0.0,264.75,1.03,64.0,93430.0
1990-01-17 04:00:00+00:00,-3.06,78.3,0.0,0.0,0.0,269.6,0.97,67.0,93420.0
1990-01-17 05:00:00+00:00,-2.86,81.5,0.0,0.0,0.0,275.6,0.97,69.0,93440.0
1990-01-17 06:00:00+00:00,-2.43,81.55,0.0,0.0,0.0,287.2,0.9,68.0,93460.0
1990-01-17 07:00:00+00:00,-1.78,78.45,54.0,29.37,50.0,288.55,0.69,66.0,93520.0
1990-01-17 08:00:00+00:00,0.0,75.6,169.0,158.62,126.0,292.6,0.55,66.0,93540.0
1990-01-17 09:00:00+00:00,1.52,75.85,370.0,803.09,72.0,307.5,0.55,114.0,93530.0
1990-01-17 10:00:00+00:00,2.86,76.0,387.0,540.4,155.0,279.65,1.03,159.0,93520.0
1990-01-17 11:00:00+00:00,3.62,73.3,375.0,432.28,184.0,261.85,1.79,188.0,93470.0
1990-01-17 12:00:00+00:00,4.04,70.6,235.0,90.73,198.0,286.05,1.93,200.0,93390.0
1990-01-17 13:00:00+00:00,3.78,73.3,86.0,0.0,86.0,292.4,2.0,206.0,93390.0
1990-01-17 14:00:00+00:00,3.09,82.2,97.0,47.09,87.0,292.6,1.79,204.0,93380.0
1990-01-17 15:00:00+00:00,2.28,92.1,23.0,46.69,20.0,287.4,1.1,192.0,93380.0
1990-01-17 16:00:00+00:00,1.27,99.35,0.0,0.0,0.0,292.8,1.17,162.0,93350.0
1990-01-17 17:00:00+00:00,0.22,99.4,0.0,0.0,0.0,283.7,1.24,146.0,93350.0
1990-01-17 18:00:00+00:00,0.13,99.4,0.0,0.0,0.0,307.3,1.17,141.0,93340.0
1990-01-17 19:00:00+00:00,0.52,95.65,0.0,0.0,0.0,317.55,1.38,136.0,93300.0
1990-01-17 20:00:00+00:00,0.64,95.65,0.0,0.0,0.0,314.1,1.45,136.0,93260.0
1990-01-17 21:00:00+00:00,0.66,95.65,0.0,0.0,0.0,314.65,1.45,135.0,93230.0
1990-01-17 22:00:00+00:00,0.59,95.65,0.0,0.0,0.0,309.85,1.52,136.0,93180.0
1990-01-17 23:00:00+00:00,0.55,95.65,0.0,0.0,0.0,311.2,1.72,135.0,93090.0
1990-01-18 00:00:00+00:00,0.54,95.65,0.0,0.0,0.0,311.0,1.79,138.0,93020.0
1990-01-18 01:00:00+00:00,0.58,95.65,0.0,0.0,0.0,304.15,2.0,142.0,92970.0
1990-01-18 02:00:00+00:00,0.7,99.4,0.0,0.0,0.0,299.55,2.07,145.0,92910.0
1990-01-18 03:00:00+00:00,0.61,95.65,0.0,0.0,0.0,282.15,2.21,146.0,92820.0
1990-01-18 04:00:00+00:00,0.89,99.4,0.0,0.0,0.0,307.7,2.28,148.0,92720.0
1990-01-18 05:00:00+00:00,0.85,99.4,0.0,0.0,0.0,314.3,2.34,150.0,92650.0
1990-01-18 06:00:00+00:00,0.86,99.4,0.0,0.0,0.0,319.5,2.28,150.0,92570.0
1990-01-18 07:00:00+00:00,1.87,100.0,45.0,7.24,44.0,318.15,2.14,160.0,92520.0
1990-01-18 08:00:00+00:00,2.58,99.4,43.0,0.0,43.0,322.2,2.21,174.0,92480.0
1990-01-18 09:00:00+00:00,3.41,100.0,61.0,0.0,61.0,326.5,2.62,190.0,92410.0
1990-01-18 10:00:00+00:00,4.13,99.4,87.0,0.0,87.0,328.4,2.28,197.0,92360.0
1990-01-18 11:00:00+00:00,4.35,99.4,64.0,0.0,64.0,330.35,2.69,200.0,92270.0
1990-01-18 12:00:00+00:00,4.12,95.75,69.0,0.0,69.0,328.05,2.9,202.0,92150.0
1990-01-18 13:00:00+00:00,4.19,99.4,54.0,0.0,54.0,324.35,2.62,204.0,92110.0
1990-01-18 14:00:00+00:00,3.85,100.0,82.0,13.89,79.0,322.4,2.76,202.0,92070.0
1990-01-18 15:00:00+00:00,3.62,99.4,28.0,103.3,21.0,322.8,2.76,200.0,91980.0
1990-01-18 16:00:00+00:00,3.54,99.4,0.0,0.0,0.0,325.5,2.28,196.0,91920.0
1990-01-18 17:00:00+00:00,3.42,100.0,0.0,0.0,0.0,326.3,2.34,198.0,91860.0
1990-01-18 18:00:00+00:00,3.55,99.4,0.0,0.0,0.0,326.85,2.28,206.0,91830.0
1990-01-18 19:00:00+00:00,3.03,95.7,0.0,0.0,0.0,325.5,1.52,204.0,91850.0
1990-01-18 20:00:00+00:00,2.68,99.4,0.0,0.0,0.0,326.65,1.17,218.0,91840.0
1990-01-18 21:00:00+00:00,2.15,99.4,0.0,0.0,0.0,326.3,0.69,222.0,91840.0
1990-01-18 22:00:00+00:00,2.06,99.4,0.0,0.0,0.0,326.65,0.07,52.0,91830.0
1990-01-18 23:00:00+00:00,1.4,100.0,0.0,0.0,0.0,327.05,0.69,50.0,91850.0
1990-01-19 00:00:00+00:00,1.28,99.35,0.0,0.0,0.0,318.15,1.24,37.0,91870.0
1990-01-19 01:00:00+00:00,1.11,95.65,0.0,0.0,0.0,304.35,1.59,35.0,91920.0
1990-01-19 02:00:00+00:00,0.62,88.5,0.0,0.0,0.0,277.7,1.93,29.0,91950.0
1990-01-19 03:00:00+00:00,-0.54,81.75,0.0,0.0,0.0,241.9,2.07,25.0,91960.0
1990-01-19 04:00:00+00:00,-1.38,78.5,0.0,0.0,0.0,230.3,2.28,26.0,92030.0
1990-01-19 05:00:00+00:00,-1.57,78.5,0.0,0.0,0.0,220.4,2.76,27.0,92130.0
1990-01-19 06:00:00+00:00,-1.74,78.45,0.0,0.0,0.0,218.1,2.9,30.0,92240.0
1990-01-19 07:00:00+00:00,-1.95,78.45,113.0,549.58,36.0,219.05,2.14,37.0,92360.0
1990-01-19 08:00:00+00:00,0.03,72.65,260.0,703.65,66.0,230.1,1.66,30.0,92440.0
1990-01-19 09:00:00+00:00,1.8,64.8,373.0,762.54,86.0,231.65,2.97,19.0,92540.0
1990-01-19 10:00:00+00:00,1.43,62.25,347.0,333.15,202.0,234.15,3.93,16.0,92600.0
1990-01-19 11:00:00+00:00,1.24,59.7,271.0,102.61,225.0,236.1,4.0,17.0,92620.0
1990-01-19 12:00:00+00:00,0.97,59.7,394.0,646.26,126.0,238.05,4.0,20.0,92660.0
1990-01-19 13:00:00+00:00,0.64,59.6,319.0,683.17,89.0,232.05,3.86,24.0,92720.0
1990-01-19 14:00:00+00:00,0.08,61.9,196.0,655.88,52.0,229.9,3.38,29.0,92770.0
1990-01-19 15:00:00+00:00,-0.64,64.25,42.0,294.39,21.0,228.75,2.9,33.0,92830.0
1990-01-19 16:00:00+00:00,-1.69,66.8,0.0,0.0,0.0,225.85,2.62,34.0,92910.0
1990-01-19 17:00:00+00:00,-2.68,69.35,0.0,0.0,0.0,220.05,2.28,38.0,92990.0
1990-01-19 18:00:00+00:00,-3.78,69.15,0.0,0.0,0.0,216.55,2.0,39.0,93060.0
1990-01-19 19:00:00+00:00,-5.04,71.85,0.0,0.0,0.0,208.6,1.86,45.0,93100.0
1990-01-19 20:00:00+00:00,-5.57,71.75,0.0,0.0,0.0,199.7,1.59,42.0,93160.0
1990-01-19 21:00:00+00:00,-6.16,74.6,0.0,0.0,0.0,196.6,1.59,42.0,93230.0
1990-01-19 22:00:00+00:00,-6.9,74.55,0.0,0.0,0.0,197.2,1.66,42.0,93290.0
1990-01-19 23:00:00+00:00,-7.62,77.6,0.0,0.0,0.0,197.75,1.86,42.0,93350.0
1990-01-20 00:00:00+00:00,-8.22,77.45,0.0,0.0,0.0,198.35,2.0,46.0,93360.0
1990-01-20 01:00:00+00:00,-9.54,77.3,0.0,0.0,0.0,198.45,2.14,46.0,93390.0
1990-01-20 02:00:00+00:00,-10.27,80.5,0.0,0.0,0.0,197.2,2.28,45.0,93420.0
1990-01-20 03:00:00+00:00,-10.3,77.15,0.0,0.0,0.0,199.15,2.28,46.0,93410.0
1990-01-20 04:00:00+00:00,-10.02,74.0,0.0,0.0,0.0,201.05,2.21,48.0,93410.0
1990-01-20 05:00:00+00:00,-9.75,77.2,0.0,0.0,0.0,204.15,2.07,48.0,93430.0
1990-01-20 06:00:00+00:00,-9.47,74.1,0.0,0.0,0.0,207.25,2.0,50.0,93480.0
1990-01-20 07:00:00+00:00,-8.5,74.25,116.0,576.5,34.0,213.65,1.79,49.0,93530.0
1990-01-20 08:00:00+00:00,-5.66,71.65,267.0,754.91,57.0,219.25,1.59,49.0,93580.0
1990-01-20 09:00:00+00:00,-2.25,64.0,385.0,833.38,69.0,225.45,1.45,50.0,93580.0
1990-01-20 10:00:00+00:00,1.63,57.45,454.0,855.46,79.0,224.5,1.03,46.0,93580.0
1990-01-20 11:00:00+00:00,3.51,53.5,467.0,845.71,85.0,230.5,0.48,27.0,93580.0
1990-01-20 12:00:00+00:00,5.08,34.6,431.0,855.94,73.0,233.95,0.28,342.0,93540.0
1990-01-20 13:00:00+00:00,5.59,34.75,0.0,0.0,0.0,236.5,0.21,33.0,93510.0
1990-01-20 14:00:00+00:00,5.58,34.75,199.0,653.99,53.0,238.05,0.14,93.0,93480.0
1990-01-20 15:00:00+00:00,5.06,36.05,47.0,360.2,20.0,238.2,0.21,190.0,93480.0
1990-01-20 16:00:00+00:00,4.11,40.45,0.0,0.0,0.0,234.95,0.28,128.0,93480.0
1990-01-20 17:00:00+00:00,3.06,45.4,0.0,0.0,0.0,233.75,0.48,121.0,93490.0
1990-01-20 18:00:00+00:00,2.24,49.0,0.0,0.0,0.0,232.2,0.48,107.0,93520.0
1990-01-20 19:00:00+00:00,0.26,59.45,0.0,0.0,0.0,231.85,1.17,64.0,93540.0
1990-01-20 20:00:00+00:00,-1.07,64.25,0.0,0.0,0.0,230.85,1.38,69.0,93550.0
1990-01-20 21:00:00+00:00,-1.97,66.8,0.0,0.0,0.0,229.5,1.38,70.0,93540.0
1990-01-20 22:00:00+00:00,-2.17,69.45,0.0,0.0,0.0,228.15,1.31,73.0,93530.0
1990-01-20 23:00:00+00:00,-2.05,64.1,0.0,0.0,0.0,226.6,1.31,77.0,93510.0
1990-01-21 00:00:00+00:00,-2.14,66.65,0.0,0.0,0.0,225.45,1.31,75.0,93470.0
1990-01-21 01:00:00+00:00,-2.26,66.65,0.0,0.0,0.0,224.6,1.38,73.0,93450.0
1990-01-21 02:00:00+00:00,-2.44,66.65,0.0,0.0,0.0,223.7,1.31,75.0,93420.0
1990-01-21 03:00:00+00:00,-2.5,64.0,0.0,0.0,0.0,224.1,1.31,74.0,93360.0
1990-01-21 04:00:00+00:00,-2.72,66.6,0.0,0.0,0.0,224.5,1.38,66.0,93320.0
1990-01-21 05:00:00+00:00,-3.25,69.25,0.0,0.0,0.0,221.6,1.38,63.0,93270.0
1990-01-21 06:00:00+00:00,-3.4,69.25,0.0,0.0,0.0,222.55,1.31,61.0,93250.0
1990-01-21 07:00:00+00:00,-2.69,63.9,76.0,110.75,60.0,219.25,0.97,58.0,93320.0
1990-01-21 08:00:00+00:00,-0.06,59.45,248.0,577.01,86.0,231.25,0.55,73.0,93360.0
1990-01-21 09:00:00+00:00,2.51,45.3,321.0,429.22,157.0,244.6,0.41,134.0,93370.0
1990-01-21 10:00:00+00:00,2.81,57.7,182.0,11.32,177.0,250.05,0.97,172.0,93350.0
1990-01-21 11:00:00+00:00,3.45,55.7,266.0,90.08,225.0,253.3,1.24,175.0,93280.0
1990-01-21 12:00:00+00:00,3.73,55.7,132.0,0.0,132.0,262.4,1.45,174.0,93200.0
1990-01-21 13:00:00+00:00,3.48,57.95,214.0,139.5,166.0,263.75,1.31,172.0,93140.0
1990-01-21 14:00:00+00:00,3.02,65.1,111.0,57.27,98.0,270.75,1.1,168.0,93100.0
1990-01-21 15:00:00+00:00,2.62,65.0,37.0,127.17,27.0,259.9,0.69,140.0,93080.0
1990-01-21 16:00:00+00:00,1.32,70.05,0.0,0.0,0.0,266.5,0.9,84.0,93050.0
1990-01-21 17:00:00+00:00,0.1,72.65,0.0,0.0,0.0,282.35,1.17,63.0,93050.0
1990-01-21 18:00:00+00:00,-0.85,78.5,0.0,0.0,0.0,283.5,1.24,59.0,93030.0
1990-01-21 19:00:00+00:00,-0.4,75.55,0.0,0.0,0.0,296.1,1.03,65.0,92990.0
1990-01-21 20:00:00+00:00,-1.26,75.45,0.0,0.0,0.0,274.2,1.24,57.0,92950.0
1990-01-21 21:00:00+00:00,-1.13,75.45,0.0,0.0,0.0,289.9,1.24,57.0,92920.0
1990-01-21 22:00:00+00:00,-1.1,78.5,0.0,0.0,0.0,294.55,1.17,52.0,92860.0
1990-01-21 23:00:00+00:00,-1.07,78.5,0.0,0.0,0.0,298.2,1.17,47.0,92830.0
1990-01-22 00:00:00+00:00,-1.15,81.7,0.0,0.0,0.0,295.1,1.24,50.0,92790.0
1990-01-22 01:00:00+00:00,-0.58,88.4,0.0,0.0,0.0,299.5,1.17,54.0,92780.0
1990-01-22 02:00:00+00:00,-0.57,88.45,0.0,0.0,0.0,298.4,1.24,52.0,92730.0
1990-01-22 03:00:00+00:00,-0.56,88.45,0.0,0.0,0.0,298.4,1.17,48.0,92680.0
1990-01-22 04:00:00+00:00,-0.71,91.95,0.0,0.0,0.0,291.25,1.31,44.0,92670.0
1990-01-22 05:00:00+00:00,-0.72,91.95,0.0,0.0,0.0,289.7,1.45,43.0,92670.0
1990-01-22 06:00:00+00:00,-0.72,91.95,0.0,0.0,0.0,283.1,1.59,42.0,92660.0
1990-01-22 07:00:00+00:00,-0.36,88.45,88.0,190.71,60.0,267.05,1.66,41.0,92690.0
1990-01-22 08:00:00+00:00,0.88,85.15,243.0,525.69,94.0,263.6,1.66,40.0,92680.0
1990-01-22 09:00:00+00:00,2.74,70.3,289.0,288.23,178.0,271.5,2.14,41.0,92680.0
1990-01-22 10:00:00+00:00,3.76,55.7,308.0,197.81,220.0,268.4,2.97,46.0,92670.0
1990-01-22 11:00:00+00:00,3.81,57.95,271.0,98.1,226.0,268.8,3.66,49.0,92610.0
1990-01-22 12:00:00+00:00,3.92,55.7,355.0,415.86,178.0,270.55,3.93,50.0,92580.0
1990-01-22 13:00:00+00:00,3.75,55.7,355.0,870.96,52.0,267.85,4.14,49.0,92570.0
1990-01-22 14:00:00+00:00,3.2,57.8,217.0,766.84,40.0,263.75,4.0,46.0,92590.0
1990-01-22 15:00:00+00:00,2.33,64.9,47.0,254.95,26.0,256.6,4.0,42.0,92620.0
1990-01-22 16:00:00+00:00,1.4,67.3,0.0,0.0,0.0,261.85,4.21,44.0,92630.0
1990-01-22 17:00:00+00:00,0.82,69.95,0.0,0.0,0.0,267.05,4.34,45.0,92640.0
1990-01-22 18:00:00+00:00,0.22,69.85,0.0,0.0,0.0,255.25,4.34,45.0,92630.0
1990-01-22 19:00:00+00:00,-0.18,69.75,0.0,0.0,0.0,246.35,4.48,45.0,92580.0
1990-01-22 20:00:00+00:00,-0.61,69.65,0.0,0.0,0.0,251.4,4.48,45.0,92610.0
1990-01-22 21:00:00+00:00,-0.89,69.65,0.0,0.0,0.0,255.05,4.41,46.0,92610.0
1990-01-22 22:00:00+00:00,-1.1,66.9,0.0,0.0,0.0,253.7,4.34,47.0,92630.0
1990-01-22 23:00:00+00:00,-1.28,66.9,0.0,0.0,0.0,253.9,4.21,47.0,92590.0
1990-01-23 00:00:00+00:00,-1.47,64.25,0.0,0.0,0.0,247.7,4.21,47.0,92590.0
1990-01-23 01:00:00+00:00,-2.08,64.1,0.0,0.0,0.0,248.8,4.41,47.0,92600.0
1990-01-23 02:00:00+00:00,-2.54,61.45,0.0,0.0,0.0,248.85,4.62,46.0,92620.0
1990-01-23 03:00:00+00:00,-3.27,63.8,0.0,0.0,0.0,247.7,4.28,44.0,92570.0
1990-01-23 04:00:00+00:00,-4.03,61.1,0.0,0.0,0.0,251.4,4.62,46.0,92600.0
1990-01-23 05:00:00+00:00,-4.82,60.85,0.0,0.0,0.0,241.9,4.69,46.0,92660.0
1990-01-23 06:00:00+00:00,-5.49,58.2,0.0,0.0,0.0,247.15,4.76,46.0,92720.0
1990-01-23 07:00:00+00:00,-5.72,55.7,96.0,241.18,60.0,277.7,4.97,46.0,92740.0
1990-01-23 08:00:00+00:00,-6.04,55.7,187.0,181.68,135.0,262.05,4.34,46.0,92770.0
1990-01-23 09:00:00+00:00,-5.83,55.7,245.0,136.52,192.0,269.6,4.34,46.0,92800.0
1990-01-23 10:00:00+00:00,-5.48,53.5,228.0,42.38,209.0,265.9,5.24,48.0,92810.0
1990-01-23 11:00:00+00:00,-5.29,53.5,215.0,25.96,203.0,263.2,5.17,49.0,92830.0
1990-01-23 12:00:00+00:00,-5.43,53.5,280.0,151.37,215.0,269.2,4.48,48.0,92830.0
1990-01-23 13:00:00+00:00,-5.84,53.35,191.0,73.91,165.0,276.35,4.55,47.0,92840.0
1990-01-23 14:00:00+00:00,-6.09,53.35,122.0,76.7,104.0,272.65,4.97,47.0,92880.0
1990-01-23 15:00:00+00:00,-6.77,55.45,23.0,0.0,23.0,264.95,5.17,47.0,92930.0
1990-01-23 16:00:00+00:00,-7.44,55.3,0.0,0.0,0.0,258.75,4.62,46.0,93000.0
1990-01-23 17:00:00+00:00,-7.9,57.6,0.0,0.0,0.0,260.1,5.24,47.0,93050.0
1990-01-23 18:00:00+00:00,-8.15,55.15,0.0,0.0,0.0,265.1,4.69,47.0,93110.0
1990-01-23 19:00:00+00:00,-9.21,57.2,0.0,0.0,0.0,235.3,4.9,47.0,93000.0
1990-01-23 20:00:00+00:00,-9.52,54.75,0.0,0.0,0.0,237.25,5.72,47.0,93050.0
1990-01-23 21:00:00+00:00,-9.72,52.3,0.0,0.0,0.0,234.55,5.86,47.0,93100.0
1990-01-23 22:00:00+00:00,-10.04,50.0,0.0,0.0,0.0,239.0,5.79,47.0,93110.0
1990-01-23 23:00:00+00:00,-10.28,52.15,0.0,0.0,0.0,244.6,5.66,48.0,93140.0
1990-01-24 00:00:00+00:00,-10.47,49.85,0.0,0.0,0.0,242.3,4.69,48.0,93130.0
1990-01-24 01:00:00+00:00,-10.59,49.85,0.0,0.0,0.0,241.45,4.34,47.0,93170.0
1990-01-24 02:00:00+00:00,-10.67,49.85,0.0,0.0,0.0,241.5,4.14,46.0,93170.0
1990-01-24 03:00:00+00:00,-10.76,49.75,0.0,0.0,0.0,234.15,3.72,44.0,93150.0
1990-01-24 04:00:00+00:00,-10.85,49.75,0.0,0.0,0.0,233.4,3.66,44.0,93140.0
1990-01-24 05:00:00+00:00,-10.92,49.75,0.0,0.0,0.0,226.05,3.45,44.0,93150.0
1990-01-24 06:00:00+00:00,-11.05,47.55,0.0,0.0,0.0,224.1,3.38,44.0,93160.0
1990-01-24 07:00:00+00:00,-11.23,49.6,69.0,52.69,61.0,242.85,4.14,45.0,93100.0
1990-01-24 08:00:00+00:00,-11.13,47.55,103.0,3.46,102.0,237.05,4.48,44.0,93140.0
1990-01-24 09:00:00+00:00,-10.51,45.6,147.0,5.11,145.0,234.15,4.69,45.0,93180.0
1990-01-24 10:00:00+00:00,-9.55,43.9,311.0,179.29,230.0,235.3,5.52,46.0,93200.0
1990-01-24 11:00:00+00:00,-8.63,40.4,262.0,68.66,230.0,229.9,5.72,48.0,93160.0
1990-01-24 12:00:00+00:00,-7.93,40.55,238.0,64.62,210.0,234.35,5.66,48.0,93140.0
1990-01-24 13:00:00+00:00,-7.59,38.95,177.0,44.98,161.0,236.3,5.38,49.0,93160.0
1990-01-24 14:00:00+00:00,-7.98,40.55,162.0,226.3,108.0,219.65,5.1,50.0,93170.0
1990-01-24 15:00:00+00:00,-8.91,42.1,50.0,200.04,32.0,212.85,4.0,50.0,93220.0
1990-01-24 16:00:00+00:00,-9.91,45.75,0.0,0.0,0.0,201.45,3.38,49.0,93260.0
1990-01-24 17:00:00+00:00,-10.72,47.55,0.0,0.0,0.0,202.05,3.24,48.0,93290.0
1990-01-24 18:00:00+00:00,-11.41,49.6,0.0,0.0,0.0,195.45,2.9,49.0,93310.0
1990-01-24 19:00:00+00:00,-12.25,49.45,0.0,0.0,0.0,198.75,3.38,47.0,93210.0
1990-01-24 20:00:00+00:00,-12.67,49.45,0.0,0.0,0.0,195.45,3.24,48.0,93210.0
1990-01-24 21:00:00+00:00,-13.01,49.3,0.0,0.0,0.0,194.85,3.03,49.0,93230.0
1990-01-24 22:00:00+00:00,-13.34,51.45,0.0,0.0,0.0,180.15,2.9,48.0,93220.0
1990-01-24 23:00:00+00:00,-13.59,49.15,0.0,0.0,0.0,177.85,2.76,49.0,93240.0
1990-01-25 00:00:00+00:00,-13.8,51.3,0.0,0.0,0.0,176.7,2.62,50.0,93230.0
1990-01-25 01:00:00+00:00,-14.04,51.3,0.0,0.0,0.0,175.8,2.62,51.0,93240.0
1990-01-25 02:00:00+00:00,-14.34,53.55,0.0,0.0,0.0,173.6,2.55,51.0,93250.0
1990-01-25 03:00:00+00:00,-14.62,51.15,0.0,0.0,0.0,173.75,2.48,52.0,93200.0
1990-01-25 04:00:00+00:00,-14.73,53.4,0.0,0.0,0.0,177.65,2.55,52.0,93170.0
1990-01-25 05:00:00+00:00,-14.9,53.4,0.0,0.0,0.0,171.85,2.48,50.0,93170.0
1990-01-25 06:00:00+00:00,-14.99,53.4,0.0,0.0,0.0,173.75,2.48,49.0,93180.0
1990-01-25 07:00:00+00:00,-14.54,53.55,142.0,712.06,32.0,167.2,2.55,48.0,93110.0
1990-01-25 08:00:00+00:00,-12.59,49.45,301.0,842.17,55.0,171.85,2.62,47.0,93090.0
1990-01-25 09:00:00+00:00,-9.79,45.75,428.0,919.63,65.0,174.75,2.55,46.0,93070.0
1990-01-25 10:00:00+00:00,-7.19,40.7,502.0,939.94,74.0,177.05,2.55,48.0,93030.0
1990-01-25 11:00:00+00:00,-5.28,37.85,520.0,947.12,75.0,186.75,2.34,50.0,92980.0
1990-01-25 12:00:00+00:00,-4.15,36.5,475.0,912.56,76.0,188.7,2.07,53.0,92910.0
1990-01-25 13:00:00+00:00,-3.65,36.65,381.0,878.45,65.0,191.4,1.72,55.0,92890.0
1990-01-25 14:00:00+00:00,-3.9,38.3,235.0,750.19,53.0,193.5,1.45,56.0,92890.0
1990-01-25 15:00:00+00:00,-4.96,43.3,71.0,511.4,23.0,193.7,1.31,52.0,92890.0
1990-01-25 16:00:00+00:00,-7.04,46.6,0.0,0.0,0.0,191.6,1.38,52.0,92920.0
1990-01-25 17:00:00+00:00,-7.75,44.35,0.0,0.0,0.0,193.7,1.38,52.0,92940.0
1990-01-25 18:00:00+00:00,-7.99,42.4,0.0,0.0,0.0,195.45,1.45,54.0,92940.0
1990-01-25 19:00:00+00:00,-10.66,47.7,0.0,0.0,0.0,177.65,1.79,53.0,92850.0
1990-01-25 20:00:00+00:00,-11.2,49.6,0.0,0.0,0.0,178.25,1.72,54.0,92840.0
1990-01-25 21:00:00+00:00,-11.01,47.55,0.0,0.0,0.0,177.25,1.66,54.0,92830.0
1990-01-25 22:00:00+00:00,-10.29,45.6,0.0,0.0,0.0,176.3,1.52,56.0,92820.0
1990-01-25 23:00:00+00:00,-9.69,43.75,0.0,0.0,0.0,182.3,1.38,58.0,92820.0
1990-01-26 00:00:00+00:00,-9.87,43.75,0.0,0.0,0.0,182.1,1.38,57.0,92820.0
1990-01-26 01:00:00+00:00,-9.89,45.75,0.0,0.0,0.0,186.1,1.38,58.0,92860.0
1990-01-26 02:00:00+00:00,-10.4,45.6,0.0,0.0,0.0,188.5,1.38,58.0,92850.0
1990-01-26 03:00:00+00:00,-11.09,47.55,0.0,0.0,0.0,200.85,1.24,57.0,92830.0
1990-01-26 04:00:00+00:00,-11.92,49.6,0.0,0.0,0.0,194.85,1.24,57.0,92820.0
1990-01-26 05:00:00+00:00,-11.98,49.6,0.0,0.0,0.0,193.7,1.24,56.0,92800.0
1990-01-26 06:00:00+00:00,-11.77,51.85,0.0,0.0,0.0,204.55,1.24,56.0,92820.0
1990-01-26 07:00:00+00:00,-10.69,54.35,54.0,6.36,53.0,195.25,1.03,56.0,92850.0
1990-01-26 08:00:00+00:00,-6.59,42.85,116.0,10.16,113.0,191.2,0.69,57.0,92880.0
1990-01-26 09:00:00+00:00,-2.29,38.7,168.0,12.56,163.0,199.3,0.07,65.0,92900.0
1990-01-26 10:00:00+00:00,-1.13,56.85,232.0,37.04,215.0,200.1,0.76,259.0,92910.0
1990-01-26 11:00:00+00:00,-0.34,52.45,392.0,352.53,225.0,202.2,1.1,258.0,92890.0
1990-01-26 12:00:00+00:00,0.23,50.5,358.0,337.68,209.0,207.25,1.31,251.0,92880.0
1990-01-26 13:00:00+00:00,0.36,52.6,351.0,673.46,106.0,213.65,1.45,251.0,92910.0
1990-01-26 14:00:00+00:00,0.0,54.8,213.0,523.03,84.0,214.05,1.38,249.0,92930.0
1990-01-26 15:00:00+00:00,-1.08,61.65,77.0,593.16,19.0,212.85,0.9,248.0,92960.0
1990-01-26 16:00:00+00:00,-1.21,59.2,0.0,0.0,0.0,211.5,0.41,239.0,93020.0
1990-01-26 17:00:00+00:00,-1.88,61.55,0.0,0.0,0.0,227.4,0.14,94.0,93060.0
1990-01-26 18:00:00+00:00,-2.84,63.9,0.0,0.0,0.0,223.7,0.69,78.0,93100.0
1990-01-26 19:00:00+00:00,-2.89,66.6,0.0,0.0,0.0,219.85,0.83,74.0,93160.0
1990-01-26 20:00:00+00:00,-3.64,69.15,0.0,0.0,0.0,215.2,0.9,71.0,93190.0
1990-01-26 21:00:00+00:00,-4.51,69.05,0.0,0.0,0.0,203.4,1.03,67.0,93230.0
1990-01-26 22:00:00+00:00,-5.16,68.85,0.0,0.0,0.0,198.15,1.1,64.0,93270.0
1990-01-26 23:00:00+00:00,-5.58,66.05,0.0,0.0,0.0,202.6,1.24,62.0,93290.0
1990-01-27 00:00:00+00:00,-5.7,65.95,0.0,0.0,0.0,214.8,1.31,60.0,93300.0
1990-01-27 01:00:00+00:00,-5.57,60.75,0.0,0.0,0.0,221.5,1.31,60.0,93330.0
1990-01-27 02:00:00+00:00,-5.47,55.8,0.0,0.0,0.0,243.05,1.31,60.0,93340.0
1990-01-27 03:00:00+00:00,-5.24,53.5,0.0,0.0,0.0,252.75,1.31,61.0,93330.0
1990-01-27 04:00:00+00:00,-4.45,49.4,0.0,0.0,0.0,285.25,1.17,62.0,93320.0
1990-01-27 05:00:00+00:00,-4.53,56.1,0.0,0.0,0.0,292.6,1.1,63.0,93340.0
1990-01-27 06:00:00+00:00,-3.6,54.0,0.0,0.0,0.0,294.95,1.1,65.0,93380.0
1990-01-27 07:00:00+00:00,-2.94,61.35,65.0,31.23,60.0,286.6,1.03,62.0,93440.0
1990-01-27 08:00:00+00:00,-1.37,64.25,267.0,583.15,93.0,277.9,1.03,70.0,93490.0
1990-01-27 09:00:00+00:00,1.08,67.3,339.0,428.28,167.0,271.1,1.1,90.0,93490.0
1990-01-27 10:00:00+00:00,2.51,67.6,392.0,414.9,200.0,279.25,1.45,125.0,93490.0
1990-01-27 11:00:00+00:00,3.38,65.1,200.0,12.56,194.0,286.2,2.07,160.0,93480.0
1990-01-27 12:00:00+00:00,3.44,65.1,243.0,65.12,214.0,274.8,1.86,172.0,93440.0
1990-01-27 13:00:00+00:00,3.43,65.1,311.0,445.76,147.0,291.05,1.79,180.0,93450.0
1990-01-27 14:00:00+00:00,3.19,67.7,96.0,11.97,93.0,295.5,1.45,189.0,93470.0
1990-01-27 15:00:00+00:00,2.4,75.95,25.0,0.0,25.0,295.9,1.03,192.0,93520.0
1990-01-27 16:00:00+00:00,1.73,78.9,0.0,0.0,0.0,281.95,0.69,157.0,93560.0
1990-01-27 17:00:00+00:00,1.12,78.8,0.0,0.0,0.0,268.8,0.9,100.0,93610.0
1990-01-27 18:00:00+00:00,-0.72,85.0,0.0,0.0,0.0,245.95,1.24,77.0,93640.0
1990-01-27 19:00:00+00:00,-1.17,85.0,0.0,0.0,0.0,266.85,1.24,70.0,93650.0
1990-01-27 20:00:00+00:00,-2.28,84.85,0.0,0.0,0.0,251.4,1.31,66.0,93670.0
1990-01-27 21:00:00+00:00,-2.78,88.25,0.0,0.0,0.0,239.2,1.31,63.0,93690.0
1990-01-27 22:00:00+00:00,-2.85,88.25,0.0,0.0,0.0,244.6,1.24,60.0,93700.0
1990-01-27 23:00:00+00:00,-3.2,91.8,0.0,0.0,0.0,248.5,1.24,58.0,93730.0
1990-01-28 00:00:00+00:00,-3.41,91.8,0.0,0.0,0.0,250.05,1.24,58.0,93740.0
1990-01-28 01:00:00+00:00,-3.89,91.8,0.0,0.0,0.0,251.5,1.24,58.0,93780.0
1990-01-28 02:00:00+00:00,-4.07,91.8,0.0,0.0,0.0,262.6,1.24,59.0,93790.0
1990-01-28 03:00:00+00:00,-4.1,88.2,0.0,0.0,0.0,265.5,1.24,60.0,93760.0
1990-01-28 04:00:00+00:00,-3.82,88.2,0.0,0.0,0.0,272.85,1.24,58.0,93750.0
1990-01-28 05:00:00+00:00,-3.9,84.7,0.0,0.0,0.0,279.85,1.17,57.0,93790.0
1990-01-28 06:00:00+00:00,-3.76,84.7,0.0,0.0,0.0,283.9,1.24,56.0,93850.0
1990-01-28 07:00:00+00:00,-2.24,81.55,110.0,294.35,62.0,292.2,1.17,59.0,93870.0
1990-01-28 08:00:00+00:00,1.83,64.8,162.0,79.56,138.0,276.35,0.83,63.0,93880.0
1990-01-28 09:00:00+00:00,3.93,62.7,252.0,133.27,198.0,275.75,0.62,75.0,93880.0
1990-01-28 10:00:00+00:00,5.93,51.95,297.0,139.31,232.0,283.1,0.55,121.0,93880.0
1990-01-28 11:00:00+00:00,6.8,54.3,182.0,6.23,179.0,279.45,0.76,166.0,93850.0
1990-01-28 12:00:00+00:00,7.09,54.4,185.0,11.12,180.0,295.9,0.9,191.0,93810.0
1990-01-28 13:00:00+00:00,6.93,56.45,136.0,5.37,134.0,304.05,0.76,202.0,93790.0
1990-01-28 14:00:00+00:00,6.51,58.65,86.0,3.92,85.0,300.15,0.69,215.0,93770.0
1990-01-28 15:00:00+00:00,5.35,70.8,30.0,9.46,29.0,304.8,0.62,215.0,93760.0
1990-01-28 16:00:00+00:00,4.96,68.1,0.0,0.0,0.0,298.4,0.48,167.0,93790.0
1990-01-28 17:00:00+00:00,3.78,76.15,0.0,0.0,0.0,296.65,0.9,99.0,93820.0
1990-01-28 18:00:00+00:00,2.11,82.05,0.0,0.0,0.0,307.3,1.17,78.0,93830.0
1990-01-28 19:00:00+00:00,1.42,88.55,0.0,0.0,0.0,307.1,1.17,62.0,93840.0
1990-01-28 20:00:00+00:00,0.93,88.55,0.0,0.0,0.0,314.5,1.17,59.0,93860.0
1990-01-28 21:00:00+00:00,0.93,88.55,0.0,0.0,0.0,321.45,1.17,58.0,93870.0
1990-01-28 22:00:00+00:00,1.19,88.55,0.0,0.0,0.0,327.05,1.1,58.0,93840.0
1990-01-28 23:00:00+00:00,1.27,88.55,0.0,0.0,0.0,326.85,1.17,60.0,93870.0
1990-01-29 00:00:00+00:00,1.06,92.05,0.0,0.0,0.0,322.2,1.17,62.0,93850.0
1990-01-29 01:00:00+00:00,1.02,95.65,0.0,0.0,0.0,325.25,1.17,62.0,93830.0
1990-01-29 02:00:00+00:00,1.11,95.65,0.0,0.0,0.0,325.7,1.17,61.0,93820.0
1990-01-29 03:00:00+00:00,1.22,95.65,0.0,0.0,0.0,327.25,1.17,59.0,93760.0
1990-01-29 04:00:00+00:00,1.31,99.35,0.0,0.0,0.0,328.2,1.24,57.0,93760.0
1990-01-29 05:00:00+00:00,1.35,99.35,0.0,0.0,0.0,327.85,1.24,58.0,93750.0
1990-01-29 06:00:00+00:00,1.41,99.35,0.0,0.0,0.0,326.85,1.31,58.0,93790.0
1990-01-29 07:00:00+00:00,1.7,99.4,51.0,6.02,50.0,329.75,1.1,56.0,93830.0
1990-01-29 08:00:00+00:00,2.81,99.4,81.0,0.0,81.0,322.2,0.83,56.0,93850.0
1990-01-29 09:00:00+00:00,3.99,95.75,107.0,0.0,107.0,331.7,0.69,60.0,93870.0
1990-01-29 10:00:00+00:00,5.09,92.25,178.0,6.38,175.0,331.9,0.62,62.0,93880.0
1990-01-29 11:00:00+00:00,6.07,88.95,147.0,0.0,147.0,331.5,0.48,82.0,93850.0
1990-01-29 12:00:00+00:00,6.31,88.95,93.0,0.0,93.0,335.0,0.28,94.0,93820.0
1990-01-29 13:00:00+00:00,6.5,89.0,94.0,0.0,94.0,337.9,0.21,118.0,93790.0
1990-01-29 14:00:00+00:00,6.38,88.95,163.0,185.3,115.0,336.55,0.28,84.0,93770.0
1990-01-29 15:00:00+00:00,6.14,88.95,64.0,236.81,38.0,335.75,0.55,58.0,93770.0
1990-01-29 16:00:00+00:00,4.64,92.25,0.0,0.0,0.0,331.7,0.9,52.0,93750.0
1990-01-29 17:00:00+00:00,3.19,95.7,0.0,0.0,0.0,323.4,1.24,48.0,93750.0
1990-01-29 18:00:00+00:00,2.17,99.4,0.0,0.0,0.0,321.65,1.31,48.0,93750.0
1990-01-29 19:00:00+00:00,1.04,95.65,0.0,0.0,0.0,290.65,1.52,52.0,93760.0
1990-01-29 20:00:00+00:00,0.31,99.4,0.0,0.0,0.0,296.5,1.45,51.0,93760.0
1990-01-29 21:00:00+00:00,-0.37,99.4,0.0,0.0,0.0,286.4,1.52,53.0,93770.0
1990-01-29 22:00:00+00:00,-1.04,95.6,0.0,0.0,0.0,277.7,1.45,55.0,93760.0
1990-01-29 23:00:00+00:00,-1.82,95.6,0.0,0.0,0.0,261.45,1.52,54.0,93790.0
1990-01-30 00:00:00+00:00,-1.8,95.6,0.0,0.0,0.0,273.05,1.52,54.0,93760.0
1990-01-30 01:00:00+00:00,-1.81,95.6,0.0,0.0,0.0,274.5,1.38,55.0,93710.0
1990-01-30 02:00:00+00:00,-2.37,95.55,0.0,0.0,0.0,261.25,1.52,53.0,93700.0
1990-01-30 03:00:00+00:00,-2.96,95.55,0.0,0.0,0.0,260.85,1.45,53.0,93650.0
1990-01-30 04:00:00+00:00,-3.4,95.55,0.0,0.0,0.0,257.75,1.45,55.0,93610.0
1990-01-30 05:00:00+00:00,-3.46,95.55,0.0,0.0,0.0,259.7,1.52,54.0,93580.0
1990-01-30 06:00:00+00:00,-3.71,95.5,0.0,0.0,0.0,256.2,1.59,53.0,93550.0
1990-01-30 07:00:00+00:00,-1.6,95.6,99.0,165.39,71.0,262.2,1.31,58.0,93570.0
1990-01-30 08:00:00+00:00,2.1,95.65,219.0,269.03,136.0,267.85,1.1,55.0,93520.0
1990-01-30 09:00:00+00:00,6.31,92.3,341.0,421.7,167.0,277.3,0.9,51.0,93490.0
1990-01-30 10:00:00+00:00,8.82,71.4,410.0,472.08,186.0,269.95,0.9,43.0,93490.0
1990-01-30 11:00:00+00:00,10.13,64.0,444.0,557.19,171.0,268.2,0.9,44.0,93450.0
1990-01-30 12:00:00+00:00,10.93,61.75,445.0,727.18,112.0,268.8,0.9,58.0,93350.0
1990-01-30 13:00:00+00:00,11.08,57.4,305.0,391.48,156.0,264.95,0.69,74.0,93310.0
1990-01-30 14:00:00+00:00,10.81,59.5,250.0,778.71,45.0,265.5,0.48,77.0,93270.0
1990-01-30 15:00:00+00:00,9.49,71.5,71.0,289.8,38.0,261.45,0.69,27.0,93220.0
1990-01-30 16:00:00+00:00,6.79,71.05,0.0,0.0,0.0,255.65,1.24,36.0,93220.0
1990-01-30 17:00:00+00:00,4.45,79.2,0.0,0.0,0.0,253.9,1.31,55.0,93240.0
1990-01-30 18:00:00+00:00,1.55,85.25,0.0,0.0,0.0,249.05,1.59,60.0,93290.0
1990-01-30 19:00:00+00:00,-0.54,91.95,0.0,0.0,0.0,245.95,1.72,55.0,93290.0
1990-01-30 20:00:00+00:00,-1.87,91.9,0.0,0.0,0.0,244.05,1.66,52.0,93250.0
1990-01-30 21:00:00+00:00,-2.38,91.85,0.0,0.0,0.0,240.35,1.66,50.0,93240.0
1990-01-30 22:00:00+00:00,-2.66,91.85,0.0,0.0,0.0,237.25,1.52,51.0,93190.0
1990-01-30 23:00:00+00:00,-2.91,91.85,0.0,0.0,0.0,234.35,1.52,52.0,93160.0
1990-01-31 00:00:00+00:00,-3.1,88.25,0.0,0.0,0.0,233.0,1.59,50.0,93150.0
1990-01-31 01:00:00+00:00,-3.31,91.8,0.0,0.0,0.0,234.25,1.59,51.0,93130.0
1990-01-31 02:00:00+00:00,-3.42,91.8,0.0,0.0,0.0,231.45,1.66,49.0,93080.0
1990-01-31 03:00:00+00:00,-3.22,91.8,0.0,0.0,0.0,237.45,1.72,48.0,93000.0
1990-01-31 04:00:00+00:00,-3.27,91.8,0.0,0.0,0.0,232.05,1.72,51.0,92960.0
1990-01-31 05:00:00+00:00,-3.44,91.8,0.0,0.0,0.0,231.45,1.72,53.0,92930.0
1990-01-31 06:00:00+00:00,-3.35,91.8,0.0,0.0,0.0,237.45,1.66,52.0,92930.0
1990-01-31 07:00:00+00:00,-2.25,88.3,152.0,678.03,35.0,246.15,1.66,51.0,92920.0
1990-01-31 08:00:00+00:00,1.11,78.8,312.0,826.72,54.0,238.8,1.38,51.0,92950.0
1990-01-31 09:00:00+00:00,5.58,60.75,436.0,893.26,64.0,238.05,1.1,48.0,92920.0
1990-01-31 10:00:00+00:00,8.09,48.65,513.0,929.86,68.0,239.2,1.17,40.0,92890.0
1990-01-31 11:00:00+00:00,9.76,41.85,512.0,835.72,99.0,239.2,1.31,30.0,92850.0
1990-01-31 12:00:00+00:00,10.66,40.55,479.0,852.35,85.0,242.3,1.45,28.0,92780.0
1990-01-31 13:00:00+00:00,10.8,38.95,382.0,774.15,84.0,244.8,1.79,31.0,92720.0
1990-01-31 14:00:00+00:00,10.23,40.4,250.0,713.98,59.0,243.65,2.0,33.0,92700.0
1990-01-31 15:00:00+00:00,8.48,46.8,91.0,542.46,27.0,242.65,1.86,34.0,92690.0
1990-01-31 16:00:00+00:00,0.4,68.55,0.0,0.0,0.0,216.96,2.33,39.0,92720.0
1990-01-31 17:00:00+00:00,0.41,71.03,0.0,0.0,0.0,223.71,2.24,44.0,92740.0
1990-01-31 18:00:00+00:00,0.42,73.51,0.0,0.0,0.0,230.45,2.16,48.0,92740.0
1990-01-31 19:00:00+00:00,0.42,75.99,0.0,0.0,0.0,237.2,2.07,48.0,92700.0
1990-01-31 20:00:00+00:00,0.43,78.46,0.0,0.0,0.0,243.95,1.99,47.0,92690.0
1990-01-31 21:00:00+00:00,0.44,80.94,0.0,0.0,0.0,250.7,1.9,47.0,92690.0
1990-01-31 22:00:00+00:00,0.45,83.42,0.0,0.0,0.0,257.45,1.81,47.0,92690.0
1990-01-31 23:00:00+00:00,0.46,85.9,0.0,0.0,0.0,264.19,1.73,47.0,92710.0
1990-02-01 00:00:00+00:00,0.47,88.38,0.0,0.0,0.0,270.94,1.64,76.0,93150.0
1990-02-01 01:00:00+00:00,0.48,90.86,0.0,0.0,0.0,277.69,1.56,72.0,93130.0
1990-02-01 02:00:00+00:00,0.49,93.34,0.0,0.0,0.0,284.44,1.47,74.0,93100.0
1990-02-01 03:00:00+00:00,0.5,95.82,0.0,0.0,0.0,291.19,1.38,76.0,93050.0
1990-02-01 04:00:00+00:00,0.51,98.3,0.0,0.0,0.0,297.94,1.3,80.0,93040.0
1990-02-01 05:00:00+00:00,0.52,100.0,0.0,0.0,0.0,304.68,1.21,83.0,93060.0
1990-02-01 06:00:00+00:00,0.53,100.0,0.0,0.0,0.0,311.43,1.13,86.0,93080.0
1990-02-01 07:00:00+00:00,0.54,100.0,121.0,284.23,71.0,318.18,1.04,107.0,93140.0
1990-02-01 08:00:00+00:00,3.8,95.7,95.0,0.0,95.0,319.3,1.59,131.0,93170.0
1990-02-01 09:00:00+00:00,4.58,92.25,114.0,0.0,114.0,304.6,2.0,147.0,93180.0
1990-02-01 10:00:00+00:00,5.67,82.5,172.0,2.07,171.0,302.65,2.34,168.0,93180.0
1990-02-01 11:00:00+00:00,6.35,73.8,153.0,0.0,153.0,315.25,2.55,181.0,93150.0
1990-02-01 12:00:00+00:00,6.73,73.8,100.0,0.0,100.0,302.3,2.62,189.0,93080.0
1990-02-01 13:00:00+00:00,6.88,73.8,66.0,0.0,66.0,284.1,2.76,195.0,93050.0
1990-02-01 14:00:00+00:00,6.31,79.5,88.0,3.68,87.0,305.4,2.14,191.0,93040.0
1990-02-01 15:00:00+00:00,5.71,82.5,74.0,229.27,46.0,287.6,1.86,187.0,93050.0
1990-02-01 16:00:00+00:00,4.81,92.25,0.0,0.0,0.0,293.75,1.38,181.0,93090.0
1990-02-01 17:00:00+00:00,4.39,92.25,0.0,0.0,0.0,319.5,1.45,169.0,93110.0
1990-02-01 18:00:00+00:00,3.5,99.4,0.0,0.0,0.0,293.95,1.38,158.0,93120.0
1990-02-01 19:00:00+00:00,3.21,99.4,0.0,0.0,0.0,304.05,1.31,165.0,93120.0
1990-02-01 20:00:00+00:00,3.44,95.7,0.0,0.0,0.0,318.15,1.66,167.0,93110.0
1990-02-01 21:00:00+00:00,3.26,99.4,0.0,0.0,0.0,317.95,1.38,157.0,93110.0
1990-02-01 22:00:00+00:00,2.73,99.4,0.0,0.0,0.0,304.05,1.38,148.0,93100.0
1990-02-01 23:00:00+00:00,2.09,99.4,0.0,0.0,0.0,293.2,1.45,143.0,93080.0
1990-02-02 00:00:00+00:00,1.89,99.4,0.0,0.0,0.0,298.4,1.45,140.0,93060.0
1990-02-02 01:00:00+00:00,1.73,99.4,0.0,0.0,0.0,297.15,1.45,132.0,93020.0
1990-02-02 02:00:00+00:00,1.46,99.4,0.0,0.0,0.0,293.6,1.52,131.0,92980.0
1990-02-02 03:00:00+00:00,1.63,99.4,0.0,0.0,0.0,305.4,1.52,132.0,92920.0
1990-02-02 04:00:00+00:00,1.68,99.4,0.0,0.0,0.0,304.6,1.59,128.0,92920.0
1990-02-02 05:00:00+00:00,2.04,99.4,0.0,0.0,0.0,313.9,1.59,132.0,92920.0
1990-02-02 06:00:00+00:00,2.0,99.4,0.0,0.0,0.0,305.75,1.59,138.0,92940.0
1990-02-02 07:00:00+00:00,2.9,99.4,51.0,0.0,51.0,315.65,1.66,155.0,92980.0
1990-02-02 08:00:00+00:00,4.42,95.75,187.0,109.56,152.0,324.35,2.21,165.0,93000.0
1990-02-02 09:00:00+00:00,4.96,92.25,105.0,0.0,105.0,316.8,2.55,173.0,93030.0
1990-02-02 10:00:00+00:00,5.75,88.9,49.0,0.0,49.0,315.65,2.97,179.0,93040.0
1990-02-02 11:00:00+00:00,6.74,79.55,310.0,109.38,255.0,316.2,3.24,189.0,93030.0
1990-02-02 12:00:00+00:00,6.9,79.55,392.0,388.49,209.0,320.1,3.1,192.0,93000.0
1990-02-02 13:00:00+00:00,7.08,79.55,327.0,408.9,166.0,297.45,3.03,191.0,93000.0
1990-02-02 14:00:00+00:00,6.47,82.6,95.0,3.62,94.0,306.15,2.69,184.0,93010.0
1990-02-02 15:00:00+00:00,6.15,85.7,36.0,7.92,35.0,296.65,1.86,179.0,93050.0
1990-02-02 16:00:00+00:00,5.38,88.9,0.0,0.0,0.0,302.85,1.38,163.0,93090.0
1990-02-02 17:00:00+00:00,4.56,95.75,0.0,0.0,0.0,294.75,1.31,145.0,93140.0
1990-02-02 18:00:00+00:00,3.92,99.4,0.0,0.0,0.0,297.45,1.24,135.0,93190.0
1990-02-02 19:00:00+00:00,4.34,95.75,0.0,0.0,0.0,300.35,0.76,156.0,93230.0
1990-02-02 20:00:00+00:00,4.64,95.75,0.0,0.0,0.0,315.65,0.69,100.0,93290.0
1990-02-02 21:00:00+00:00,3.77,100.0,0.0,0.0,0.0,312.35,0.97,86.0,93320.0
1990-02-02 22:00:00+00:00,2.97,99.4,0.0,0.0,0.0,299.55,1.1,80.0,93370.0
1990-02-02 23:00:00+00:00,2.55,99.4,0.0,0.0,0.0,297.65,1.17,83.0,93390.0
1990-02-03 00:00:00+00:00,2.05,99.4,0.0,0.0,0.0,289.1,1.24,81.0,93410.0
1990-02-03 01:00:00+00:00,1.92,99.4,0.0,0.0,0.0,296.0,1.24,79.0,93450.0
1990-02-03 02:00:00+00:00,1.97,99.4,0.0,0.0,0.0,300.35,1.24,76.0,93460.0
1990-02-03 03:00:00+00:00,2.09,99.4,0.0,0.0,0.0,308.1,1.24,78.0,93460.0
1990-02-03 04:00:00+00:00,2.3,99.4,0.0,0.0,0.0,311.4,1.24,73.0,93470.0
1990-02-03 05:00:00+00:00,2.45,99.4,0.0,0.0,0.0,316.2,1.24,73.0,93500.0
1990-02-03 06:00:00+00:00,2.73,99.4,0.0,0.0,0.0,321.45,1.24,78.0,93570.0
1990-02-03 07:00:00+00:00,3.36,95.7,63.0,10.93,61.0,320.85,1.17,81.0,93610.0
1990-02-03 08:00:00+00:00,4.93,92.25,69.0,0.0,69.0,322.6,1.17,95.0,93670.0
1990-02-03 09:00:00+00:00,6.73,85.75,90.0,0.0,90.0,317.55,1.66,118.0,93690.0
1990-02-03 10:00:00+00:00,7.09,82.6,212.0,16.29,204.0,320.3,2.21,142.0,93720.0
1990-02-03 11:00:00+00:00,7.39,79.65,212.0,11.83,206.0,314.3,2.34,153.0,93720.0
1990-02-03 12:00:00+00:00,7.5,79.65,83.0,0.0,83.0,322.4,2.55,157.0,93680.0
1990-02-03 13:00:00+00:00,7.53,79.65,125.0,0.0,125.0,316.6,2.41,164.0,93670.0
1990-02-03 14:00:00+00:00,7.34,82.6,123.0,28.52,115.0,308.3,2.14,154.0,93670.0
1990-02-03 15:00:00+00:00,6.94,82.6,48.0,22.99,45.0,313.9,1.86,137.0,93680.0
1990-02-03 16:00:00+00:00,6.06,85.7,0.0,0.0,0.0,302.1,1.59,124.0,93700.0
1990-02-03 17:00:00+00:00,5.19,92.25,0.0,0.0,0.0,297.05,1.45,106.0,93710.0
1990-02-03 18:00:00+00:00,4.62,92.25,0.0,0.0,0.0,307.1,1.31,99.0,93730.0
1990-02-03 19:00:00+00:00,4.26,95.75,0.0,0.0,0.0,299.4,1.45,106.0,93710.0
1990-02-03 20:00:00+00:00,3.94,92.2,0.0,0.0,0.0,307.1,1.45,105.0,93700.0
1990-02-03 21:00:00+00:00,4.05,95.75,0.0,0.0,0.0,321.65,1.45,105.0,93690.0
1990-02-03 22:00:00+00:00,3.88,95.75,0.0,0.0,0.0,320.65,1.45,106.0,93670.0
1990-02-03 23:00:00+00:00,3.9,95.75,0.0,0.0,0.0,324.75,1.52,108.0,93650.0
1990-02-04 00:00:00+00:00,4.0,95.75,0.0,0.0,0.0,327.05,1.66,114.0,93630.0
1990-02-04 01:00:00+00:00,4.07,95.75,0.0,0.0,0.0,330.85,1.86,123.0,93610.0
1990-02-04 02:00:00+00:00,4.04,95.75,0.0,0.0,0.0,329.95,1.72,122.0,93560.0
1990-02-04 03:00:00+00:00,3.73,99.4,0.0,0.0,0.0,331.7,1.66,120.0,93520.0
1990-02-04 04:00:00+00:00,3.71,99.4,0.0,0.0,0.0,326.1,1.72,119.0,93500.0
1990-02-04 05:00:00+00:00,3.76,99.4,0.0,0.0,0.0,320.85,1.79,123.0,93470.0
1990-02-04 06:00:00+00:00,3.64,99.4,0.0,0.0,0.0,327.05,1.59,125.0,93470.0
1990-02-04 07:00:00+00:00,4.38,95.75,54.0,0.0,54.0,333.85,1.31,121.0,93460.0
1990-02-04 08:00:00+00:00,4.99,95.75,37.0,0.0,37.0,332.5,1.45,135.0,93480.0
1990-02-04 09:00:00+00:00,5.8,99.4,68.0,0.0,68.0,333.25,1.38,155.0,93490.0
1990-02-04 10:00:00+00:00,6.58,95.8,84.0,0.0,84.0,331.1,1.59,163.0,93500.0
1990-02-04 11:00:00+00:00,7.3,95.8,168.0,0.0,168.0,326.1,1.72,171.0,93450.0
1990-02-04 12:00:00+00:00,7.64,95.8,83.0,0.0,83.0,314.5,1.86,177.0,93400.0
1990-02-04 13:00:00+00:00,7.24,95.8,45.0,0.0,45.0,312.15,2.41,175.0,93370.0
1990-02-04 14:00:00+00:00,6.8,95.8,47.0,0.0,47.0,325.5,1.66,169.0,93340.0
1990-02-04 15:00:00+00:00,6.43,89.0,69.0,118.76,53.0,335.4,2.14,158.0,93340.0
1990-02-04 16:00:00+00:00,5.63,92.3,0.0,0.0,0.0,318.15,1.79,148.0,93350.0
1990-02-04 17:00:00+00:00,5.18,95.75,0.0,0.0,0.0,324.15,1.38,141.0,93350.0
1990-02-04 18:00:00+00:00,4.9,95.75,0.0,0.0,0.0,332.5,1.31,122.0,93350.0
1990-02-04 19:00:00+00:00,4.73,99.4,0.0,0.0,0.0,339.45,1.24,106.0,93240.0
1990-02-04 20:00:00+00:00,4.58,95.75,0.0,0.0,0.0,330.75,1.17,101.0,93220.0
1990-02-04 21:00:00+00:00,4.6,95.75,0.0,0.0,0.0,334.2,1.17,92.0,93240.0
1990-02-04 22:00:00+00:00,4.44,95.75,0.0,0.0,0.0,332.65,1.17,86.0,93200.0
1990-02-04 23:00:00+00:00,4.13,99.4,0.0,0.0,0.0,330.95,1.31,94.0,93170.0
1990-02-05 00:00:00+00:00,3.88,99.4,0.0,0.0,0.0,331.9,1.45,100.0,93100.0
1990-02-05 01:00:00+00:00,3.8,100.0,0.0,0.0,0.0,329.7,1.45,93.0,93070.0
1990-02-05 02:00:00+00:00,3.78,100.0,0.0,0.0,0.0,332.5,1.45,94.0,93020.0
1990-02-05 03:00:00+00:00,3.7,99.4,0.0,0.0,0.0,333.45,1.59,95.0,92940.0
1990-02-05 04:00:00+00:00,3.44,99.4,0.0,0.0,0.0,328.2,1.66,94.0,92920.0
1990-02-05 05:00:00+00:00,3.35,99.4,0.0,0.0,0.0,329.4,1.66,90.0,92910.0
1990-02-05 06:00:00+00:00,3.21,99.4,0.0,0.0,0.0,318.15,1.93,87.0,92900.0
1990-02-05 07:00:00+00:00,3.56,99.4,14.0,0.0,14.0,330.95,1.52,68.0,92910.0
1990-02-05 08:00:00+00:00,3.78,100.0,53.0,0.0,53.0,328.8,1.45,69.0,92920.0
1990-02-05 09:00:00+00:00,4.06,99.4,92.0,0.0,92.0,324.75,1.38,71.0,92920.0
1990-02-05 10:00:00+00:00,4.35,95.75,66.0,0.0,66.0,325.7,1.45,70.0,92960.0
1990-02-05 11:00:00+00:00,4.64,95.75,48.0,0.0,48.0,329.0,1.38,69.0,92950.0
1990-02-05 12:00:00+00:00,5.07,92.25,189.0,8.25,185.0,328.0,1.52,74.0,92930.0
1990-02-05 13:00:00+00:00,5.07,92.25,211.0,54.02,189.0,325.1,1.66,76.0,92950.0
1990-02-05 14:00:00+00:00,5.37,88.9,260.0,622.12,80.0,326.85,1.79,82.0,92970.0
1990-02-05 15:00:00+00:00,5.36,88.9,33.0,0.0,33.0,297.25,1.38,69.0,93000.0
1990-02-05 16:00:00+00:00,4.3,92.2,0.0,0.0,0.0,278.3,1.31,44.0,93090.0
1990-02-05 17:00:00+00:00,2.95,95.7,0.0,0.0,0.0,276.95,1.38,44.0,93200.0
1990-02-05 18:00:00+00:00,1.82,95.65,0.0,0.0,0.0,279.45,1.38,47.0,93270.0
1990-02-05 19:00:00+00:00,1.35,99.4,0.0,0.0,0.0,279.65,1.17,48.0,93320.0
1990-02-05 20:00:00+00:00,0.46,99.4,0.0,0.0,0.0,268.4,1.38,48.0,93350.0
1990-02-05 21:00:00+00:00,0.3,99.4,0.0,0.0,0.0,267.65,1.52,48.0,93380.0
1990-02-05 22:00:00+00:00,0.25,99.4,0.0,0.0,0.0,268.8,1.52,46.0,93410.0
1990-02-05 23:00:00+00:00,0.04,99.4,0.0,0.0,0.0,266.3,1.59,45.0,93450.0
1990-02-06 00:00:00+00:00,0.01,99.4,0.0,0.0,0.0,269.0,1.66,49.0,93460.0
1990-02-06 01:00:00+00:00,-0.09,95.6,0.0,0.0,0.0,267.0,1.72,49.0,93480.0
1990-02-06 02:00:00+00:00,-0.1,95.6,0.0,0.0,0.0,265.3,1.79,47.0,93500.0
1990-02-06 03:00:00+00:00,-0.1,95.6,0.0,0.0,0.0,264.35,1.86,48.0,93490.0
1990-02-06 04:00:00+00:00,0.0,95.6,0.0,0.0,0.0,267.25,1.86,50.0,93510.0
1990-02-06 05:00:00+00:00,-0.12,95.6,0.0,0.0,0.0,261.05,1.86,51.0,93550.0
1990-02-06 06:00:00+00:00,-0.19,95.6,6.0,0.0,6.0,263.75,1.79,51.0,93560.0
1990-02-06 07:00:00+00:00,1.03,99.35,166.0,577.09,54.0,262.2,1.59,45.0,93610.0
1990-02-06 08:00:00+00:00,4.55,95.75,327.0,739.66,79.0,272.5,1.17,43.0,93610.0
1990-02-06 09:00:00+00:00,7.41,79.65,453.0,818.33,92.0,257.6,1.1,51.0,93580.0
1990-02-06 10:00:00+00:00,8.93,66.25,528.0,844.52,102.0,263.2,0.55,65.0,93570.0
1990-02-06 11:00:00+00:00,10.04,61.65,551.0,864.0,101.0,258.15,0.34,248.0,93530.0
1990-02-06 12:00:00+00:00,10.67,57.3,489.0,733.79,130.0,256.4,0.97,249.0,93460.0
1990-02-06 13:00:00+00:00,10.76,57.3,383.0,604.67,134.0,263.75,1.38,249.0,93420.0
1990-02-06 14:00:00+00:00,10.38,59.35,255.0,531.0,99.0,262.4,1.59,249.0,93390.0
1990-02-06 15:00:00+00:00,9.51,63.9,96.0,307.16,52.0,257.95,1.24,242.0,93400.0
1990-02-06 16:00:00+00:00,7.9,76.8,0.0,0.0,0.0,259.5,1.03,235.0,93420.0
1990-02-06 17:00:00+00:00,7.35,79.55,0.0,0.0,0.0,267.45,0.55,232.0,93460.0
1990-02-06 18:00:00+00:00,6.73,79.55,0.0,0.0,0.0,275.95,0.07,130.0,93460.0
1990-02-06 19:00:00+00:00,5.95,82.55,0.0,0.0,0.0,270.15,0.55,62.0,93410.0
1990-02-06 20:00:00+00:00,5.31,85.6,0.0,0.0,0.0,268.6,0.76,44.0,93400.0
1990-02-06 21:00:00+00:00,3.25,92.15,0.0,0.0,0.0,265.1,1.17,61.0,93410.0
1990-02-06 22:00:00+00:00,1.39,95.65,0.0,0.0,0.0,255.25,1.45,66.0,93360.0
1990-02-06 23:00:00+00:00,0.14,99.4,0.0,0.0,0.0,247.7,1.52,58.0,93350.0
1990-02-07 00:00:00+00:00,-0.72,99.4,0.0,0.0,0.0,250.4,1.45,56.0,93320.0
1990-02-07 01:00:00+00:00,-1.07,95.6,0.0,0.0,0.0,253.8,1.45,54.0,93290.0
1990-02-07 02:00:00+00:00,-1.01,95.6,0.0,0.0,0.0,263.2,1.38,52.0,93260.0
1990-02-07 03:00:00+00:00,-0.92,95.6,0.0,0.0,0.0,267.85,1.45,49.0,93230.0
1990-02-07 04:00:00+00:00,-0.45,95.6,0.0,0.0,0.0,277.1,1.59,44.0,93230.0
1990-02-07 05:00:00+00:00,0.26,95.6,0.0,0.0,0.0,288.15,1.59,40.0,93240.0
1990-02-07 06:00:00+00:00,0.66,95.65,1.0,0.0,1.0,284.85,1.79,41.0,93270.0
1990-02-07 07:00:00+00:00,1.99,95.65,40.0,0.0,40.0,308.5,1.86,38.0,93270.0
1990-02-07 08:00:00+00:00,3.89,88.8,174.0,58.92,154.0,296.3,2.28,40.0,93270.0
1990-02-07 09:00:00+00:00,5.19,82.4,302.0,177.32,223.0,295.3,2.9,44.0,93240.0
1990-02-07 10:00:00+00:00,5.94,68.3,266.0,49.12,241.0,290.1,3.72,42.0,93240.0
1990-02-07 11:00:00+00:00,6.48,61.0,343.0,140.83,269.0,279.65,4.21,37.0,93240.0
1990-02-07 12:00:00+00:00,6.44,61.0,346.0,194.38,250.0,298.4,3.72,32.0,93220.0
1990-02-07 13:00:00+00:00,5.9,63.25,315.0,285.79,196.0,302.3,3.17,28.0,93240.0
1990-02-07 14:00:00+00:00,5.31,68.1,212.0,258.16,135.0,305.0,3.93,31.0,93240.0
1990-02-07 15:00:00+00:00,4.46,68.0,52.0,13.56,50.0,295.1,4.14,34.0,93280.0
1990-02-07 16:00:00+00:00,3.66,70.5,0.0,0.0,0.0,290.85,4.41,38.0,93290.0
1990-02-07 17:00:00+00:00,3.14,73.2,0.0,0.0,0.0,279.45,4.48,39.0,93330.0
1990-02-07 18:00:00+00:00,2.91,70.4,0.0,0.0,0.0,280.8,4.62,39.0,93360.0
1990-02-07 19:00:00+00:00,2.37,67.6,0.0,0.0,0.0,279.85,4.97,39.0,93430.0
1990-02-07 20:00:00+00:00,2.11,67.5,0.0,0.0,0.0,279.05,4.97,41.0,93440.0
1990-02-07 21:00:00+00:00,1.93,67.5,0.0,0.0,0.0,276.75,4.97,42.0,93450.0
1990-02-07 22:00:00+00:00,1.75,67.4,0.0,0.0,0.0,274.2,4.97,42.0,93470.0
1990-02-07 23:00:00+00:00,1.6,64.8,0.0,0.0,0.0,274.4,4.9,43.0,93480.0
1990-02-08 00:00:00+00:00,1.41,64.8,0.0,0.0,0.0,265.5,4.76,43.0,93490.0
1990-02-08 01:00:00+00:00,0.84,64.65,0.0,0.0,0.0,268.9,4.76,43.0,93520.0
1990-02-08 02:00:00+00:00,0.65,67.2,0.0,0.0,0.0,260.65,4.69,42.0,93500.0
1990-02-08 03:00:00+00:00,0.47,64.55,0.0,0.0,0.0,252.55,4.62,42.0,93510.0
1990-02-08 04:00:00+00:00,0.38,64.55,0.0,0.0,0.0,253.9,4.69,42.0,93530.0
1990-02-08 05:00:00+00:00,0.3,62.0,0.0,0.0,0.0,254.85,4.69,42.0,93580.0
1990-02-08 06:00:00+00:00,0.27,64.45,6.0,0.0,6.0,259.9,4.83,42.0,93610.0
1990-02-08 07:00:00+00:00,0.49,64.55,144.0,297.09,84.0,251.75,4.48,42.0,93650.0
1990-02-08 08:00:00+00:00,1.27,64.65,291.0,448.09,137.0,253.7,4.9,42.0,93670.0
1990-02-08 09:00:00+00:00,2.29,59.95,436.0,662.28,138.0,257.0,5.17,42.0,93710.0
1990-02-08 10:00:00+00:00,3.34,53.5,489.0,597.79,182.0,260.1,5.45,42.0,93720.0
1990-02-08 11:00:00+00:00,4.05,53.65,547.0,780.93,133.0,265.5,5.45,42.0,93680.0
1990-02-08 12:00:00+00:00,4.36,51.7,492.0,683.94,151.0,257.75,5.31,42.0,93640.0
1990-02-08 13:00:00+00:00,4.5,53.8,416.0,722.05,112.0,254.5,5.17,42.0,93630.0
1990-02-08 14:00:00+00:00,4.03,53.65,287.0,700.23,75.0,248.5,4.69,42.0,93640.0
1990-02-08 15:00:00+00:00,3.24,57.8,119.0,480.75,46.0,253.3,4.14,41.0,93670.0
1990-02-08 16:00:00+00:00,2.23,59.95,0.0,0.0,0.0,249.65,4.55,43.0,93700.0
1990-02-08 17:00:00+00:00,1.49,62.25,0.0,0.0,0.0,246.15,4.55,44.0,93730.0
1990-02-08 18:00:00+00:00,1.07,64.65,0.0,0.0,0.0,246.75,4.55,45.0,93750.0
1990-02-08 19:00:00+00:00,0.43,62.0,0.0,0.0,0.0,237.05,4.76,48.0,93710.0
1990-02-08 20:00:00+00:00,0.19,64.45,0.0,0.0,0.0,243.05,4.55,50.0,93710.0
1990-02-08 21:00:00+00:00,-0.02,61.9,0.0,0.0,0.0,239.6,4.41,50.0,93710.0
1990-02-08 22:00:00+00:00,-0.13,61.9,0.0,0.0,0.0,239.75,4.14,50.0,93730.0
1990-02-08 23:00:00+00:00,-0.23,64.35,0.0,0.0,0.0,237.65,4.07,50.0,93740.0
1990-02-09 00:00:00+00:00,-0.25,64.35,0.0,0.0,0.0,242.85,4.07,49.0,93730.0
1990-02-09 01:00:00+00:00,-0.4,64.35,0.0,0.0,0.0,243.0,3.93,48.0,93740.0
1990-02-09 02:00:00+00:00,-0.51,64.35,0.0,0.0,0.0,244.6,3.72,47.0,93730.0
1990-02-09 03:00:00+00:00,-0.65,64.35,0.0,0.0,0.0,240.95,3.66,47.0,93720.0
1990-02-09 04:00:00+00:00,-0.74,66.9,0.0,0.0,0.0,237.05,3.72,48.0,93730.0
1990-02-09 05:00:00+00:00,-0.69,64.35,0.0,0.0,0.0,240.55,3.86,48.0,93760.0
1990-02-09 06:00:00+00:00,-0.61,64.35,8.0,0.0,8.0,242.3,4.07,49.0,93780.0
1990-02-09 07:00:00+00:00,0.0,64.45,182.0,611.57,56.0,234.95,3.86,48.0,93720.0
1990-02-09 08:00:00+00:00,1.1,59.7,343.0,741.41,85.0,239.6,4.83,50.0,93730.0
1990-02-09 09:00:00+00:00,2.33,51.15,474.0,827.35,98.0,235.9,5.17,51.0,93730.0
1990-02-09 10:00:00+00:00,3.27,51.3,553.0,862.6,106.0,241.15,5.38,52.0,93740.0
1990-02-09 11:00:00+00:00,4.04,47.6,580.0,895.56,101.0,235.15,5.45,52.0,93740.0
1990-02-09 12:00:00+00:00,4.6,44.05,542.0,890.12,94.0,235.5,5.38,54.0,93670.0
1990-02-09 13:00:00+00:00,4.65,44.05,443.0,829.27,90.0,239.0,5.17,54.0,93670.0
1990-02-09 14:00:00+00:00,4.15,45.7,299.0,735.49,73.0,240.35,4.76,53.0,93670.0
1990-02-09 15:00:00+00:00,3.36,47.45,126.0,525.07,44.0,230.5,4.21,52.0,93680.0
1990-02-09 16:00:00+00:00,2.32,51.15,0.0,0.0,0.0,240.35,4.21,53.0,93710.0
1990-02-09 17:00:00+00:00,1.3,55.2,0.0,0.0,0.0,229.7,3.93,53.0,93750.0
1990-02-09 18:00:00+00:00,0.53,59.6,0.0,0.0,0.0,221.6,3.86,53.0,93810.0
1990-02-09 19:00:00+00:00,-0.18,61.9,0.0,0.0,0.0,226.2,3.93,51.0,93710.0
1990-02-09 20:00:00+00:00,-0.55,64.35,0.0,0.0,0.0,225.65,3.59,52.0,93720.0
1990-02-09 21:00:00+00:00,-0.9,64.25,0.0,0.0,0.0,217.7,3.24,52.0,93750.0
1990-02-09 22:00:00+00:00,-1.21,59.2,0.0,0.0,0.0,215.4,2.76,52.0,93760.0
1990-02-09 23:00:00+00:00,-1.52,61.55,0.0,0.0,0.0,216.55,2.41,52.0,93780.0
1990-02-10 00:00:00+00:00,-1.98,61.45,0.0,0.0,0.0,210.35,2.28,50.0,93740.0
1990-02-10 01:00:00+00:00,-2.35,66.6,0.0,0.0,0.0,208.55,2.14,49.0,93760.0
1990-02-10 02:00:00+00:00,-2.8,69.25,0.0,0.0,0.0,207.05,2.07,48.0,93740.0
1990-02-10 03:00:00+00:00,-3.12,72.1,0.0,0.0,0.0,204.75,2.14,48.0,93720.0
1990-02-10 04:00:00+00:00,-3.32,75.05,0.0,0.0,0.0,204.15,2.14,49.0,93720.0
1990-02-10 05:00:00+00:00,-3.38,72.05,0.0,0.0,0.0,206.3,2.14,49.0,93730.0
1990-02-10 06:00:00+00:00,-3.36,72.05,21.0,260.99,10.0,207.25,2.14,50.0,93740.0
1990-02-10 07:00:00+00:00,-1.3,61.55,188.0,623.29,57.0,209.6,2.62,49.0,93700.0
1990-02-10 08:00:00+00:00,0.41,57.2,355.0,771.92,83.0,220.2,3.93,54.0,93700.0
1990-02-10 09:00:00+00:00,1.46,53.0,488.0,856.15,95.0,232.6,4.48,57.0,93700.0
1990-02-10 10:00:00+00:00,2.24,51.0,565.0,879.7,105.0,230.65,4.55,57.0,93720.0
1990-02-10 11:00:00+00:00,2.84,47.3,595.0,924.72,96.0,238.05,4.55,57.0,93690.0
1990-02-10 12:00:00+00:00,3.55,45.55,555.0,907.38,94.0,231.45,4.41,58.0,93650.0
1990-02-10 13:00:00+00:00,3.88,42.15,456.0,859.75,86.0,233.4,4.21,57.0,93630.0
1990-02-10 14:00:00+00:00,3.67,43.75,307.0,747.24,74.0,228.95,4.0,55.0,93630.0
1990-02-10 15:00:00+00:00,2.88,43.6,132.0,535.81,46.0,222.15,3.38,51.0,93650.0
1990-02-10 16:00:00+00:00,1.66,48.85,0.0,0.0,0.0,216.55,3.17,47.0,93670.0
1990-02-10 17:00:00+00:00,0.49,54.95,0.0,0.0,0.0,215.75,2.97,46.0,93710.0
1990-02-10 18:00:00+00:00,-0.32,59.35,0.0,0.0,0.0,218.65,2.97,49.0,93730.0
1990-02-10 19:00:00+00:00,-0.9,59.2,0.0,0.0,0.0,221.4,3.24,53.0,93640.0
1990-02-10 20:00:00+00:00,-1.35,61.55,0.0,0.0,0.0,217.7,3.17,55.0,93650.0
1990-02-10 21:00:00+00:00,-1.75,61.45,0.0,0.0,0.0,209.6,2.69,56.0,93680.0
1990-02-10 22:00:00+00:00,-2.09,58.95,0.0,0.0,0.0,213.05,2.21,54.0,93710.0
1990-02-10 23:00:00+00:00,-2.39,61.35,0.0,0.0,0.0,221.0,2.07,55.0,93730.0
1990-02-11 00:00:00+00:00,-2.7,61.35,0.0,0.0,0.0,220.4,2.07,54.0,93720.0
1990-02-11 01:00:00+00:00,-3.13,63.8,0.0,0.0,0.0,210.25,1.93,50.0,93730.0
1990-02-11 02:00:00+00:00,-3.42,66.35,0.0,0.0,0.0,212.5,1.93,47.0,93730.0
1990-02-11 03:00:00+00:00,-3.89,63.7,0.0,0.0,0.0,202.6,1.93,45.0,93690.0
1990-02-11 04:00:00+00:00,-4.14,63.7,0.0,0.0,0.0,203.4,1.93,43.0,93690.0
1990-02-11 05:00:00+00:00,-4.23,63.7,0.0,0.0,0.0,207.65,1.93,43.0,93710.0
1990-02-11 06:00:00+00:00,-4.53,66.25,25.0,281.87,12.0,202.8,1.86,43.0,93740.0
1990-02-11 07:00:00+00:00,-2.46,63.9,189.0,597.01,61.0,210.95,2.28,45.0,93740.0
1990-02-11 08:00:00+00:00,-0.62,54.7,351.0,731.46,90.0,211.3,2.34,45.0,93750.0
1990-02-11 09:00:00+00:00,0.98,52.85,484.0,830.35,99.0,215.75,2.41,45.0,93760.0
1990-02-11 10:00:00+00:00,2.5,49.15,567.0,877.47,104.0,219.85,2.48,47.0,93770.0
1990-02-11 11:00:00+00:00,3.73,47.45,597.0,922.07,95.0,227.0,3.03,53.0,93770.0
1990-02-11 12:00:00+00:00,4.11,45.7,553.0,893.06,95.0,230.85,3.03,56.0,93720.0
1990-02-11 13:00:00+00:00,4.11,45.7,451.0,822.88,93.0,238.4,3.03,55.0,93730.0
1990-02-11 14:00:00+00:00,3.64,47.45,278.0,518.39,114.0,242.5,3.03,53.0,93740.0
1990-02-11 15:00:00+00:00,2.66,51.15,140.0,588.4,43.0,244.6,2.97,50.0,93770.0
1990-02-11 16:00:00+00:00,1.46,53.0,0.0,0.0,0.0,240.55,2.97,47.0,93800.0
1990-02-11 17:00:00+00:00,0.3,57.2,0.0,0.0,0.0,234.55,2.34,43.0,93860.0
1990-02-11 18:00:00+00:00,-0.61,61.8,0.0,0.0,0.0,229.15,2.21,40.0,93900.0
1990-02-11 19:00:00+00:00,-1.36,64.1,0.0,0.0,0.0,236.65,2.21,44.0,93850.0
1990-02-11 20:00:00+00:00,-1.88,66.65,0.0,0.0,0.0,229.5,2.14,44.0,93870.0
1990-02-11 21:00:00+00:00,-2.26,69.35,0.0,0.0,0.0,228.35,2.14,45.0,93870.0
1990-02-11 22:00:00+00:00,-2.55,69.35,0.0,0.0,0.0,226.2,2.07,45.0,93910.0
1990-02-11 23:00:00+00:00,-2.84,72.1,0.0,0.0,0.0,224.5,1.86,46.0,93890.0
1990-02-12 00:00:00+00:00,-3.15,72.1,0.0,0.0,0.0,221.0,1.79,47.0,93890.0
1990-02-12 01:00:00+00:00,-3.48,75.05,0.0,0.0,0.0,217.8,1.72,46.0,93880.0
1990-02-12 02:00:00+00:00,-3.66,75.05,0.0,0.0,0.0,222.75,1.72,44.0,93870.0
1990-02-12 03:00:00+00:00,-3.85,72.05,0.0,0.0,0.0,221.0,1.72,44.0,93840.0
1990-02-12 04:00:00+00:00,-4.06,72.05,0.0,0.0,0.0,217.9,1.72,44.0,93850.0
1990-02-12 05:00:00+00:00,-4.14,72.05,0.0,0.0,0.0,218.7,1.72,44.0,93870.0
1990-02-12 06:00:00+00:00,-4.24,72.05,27.0,279.01,13.0,216.55,1.79,44.0,93880.0
1990-02-12 07:00:00+00:00,-2.09,66.65,195.0,617.26,60.0,222.75,2.0,46.0,93890.0
1990-02-12 08:00:00+00:00,0.05,59.45,0.0,0.0,0.0,220.05,2.0,46.0,93920.0
1990-02-12 09:00:00+00:00,1.91,51.0,0.0,0.0,0.0,218.5,1.93,46.0,93890.0
1990-02-12 10:00:00+00:00,3.61,47.45,0.0,0.0,0.0,224.65,1.86,48.0,93900.0
1990-02-12 11:00:00+00:00,4.9,44.15,0.0,0.0,0.0,225.05,2.07,55.0,93880.0
1990-02-12 12:00:00+00:00,5.59,40.9,560.0,896.35,96.0,227.0,1.79,60.0,93820.0
1990-02-12 13:00:00+00:00,5.86,39.4,462.0,848.16,89.0,228.55,1.59,61.0,93800.0
1990-02-12 14:00:00+00:00,5.68,40.9,313.0,738.49,76.0,229.3,1.66,58.0,93810.0
1990-02-12 15:00:00+00:00,4.91,40.75,140.0,543.69,48.0,228.75,1.59,53.0,93830.0
1990-02-12 16:00:00+00:00,3.29,47.3,0.0,0.0,0.0,224.3,1.66,48.0,93880.0
1990-02-12 17:00:00+00:00,0.91,57.35,0.0,0.0,0.0,221.95,1.72,47.0,93920.0
1990-02-12 18:00:00+00:00,-0.97,64.25,0.0,0.0,0.0,218.3,1.79,47.0,93960.0
1990-02-12 19:00:00+00:00,-2.36,66.6,0.0,0.0,0.0,213.65,1.79,45.0,93960.0
1990-02-12 20:00:00+00:00,-3.07,69.25,0.0,0.0,0.0,211.15,1.72,45.0,93980.0
1990-02-12 21:00:00+00:00,-3.57,69.15,0.0,0.0,0.0,209.75,1.66,44.0,94020.0
1990-02-12 22:00:00+00:00,-3.94,69.15,0.0,0.0,0.0,208.4,1.66,45.0,94040.0
1990-02-12 23:00:00+00:00,-4.06,69.15,0.0,0.0,0.0,207.85,1.59,46.0,94070.0
1990-02-13 00:00:00+00:00,-4.13,69.15,0.0,0.0,0.0,207.85,1.52,44.0,94080.0
1990-02-13 01:00:00+00:00,-4.22,69.15,0.0,0.0,0.0,207.55,1.59,44.0,94090.0
1990-02-13 02:00:00+00:00,-4.24,69.15,0.0,0.0,0.0,207.45,1.52,44.0,94080.0
1990-02-13 03:00:00+00:00,-4.33,71.95,0.0,0.0,0.0,206.85,1.52,44.0,94070.0
1990-02-13 04:00:00+00:00,-4.45,71.95,0.0,0.0,0.0,206.3,1.59,44.0,94050.0
1990-02-13 05:00:00+00:00,-4.56,71.95,0.0,0.0,0.0,205.9,1.66,45.0,94050.0
1990-02-13 06:00:00+00:00,-4.65,69.05,32.0,331.39,14.0,205.15,1.66,46.0,94090.0
1990-02-13 07:00:00+00:00,-3.11,66.45,206.0,658.93,59.0,203.4,1.66,46.0,94090.0
1990-02-13 08:00:00+00:00,0.72,48.6,374.0,792.51,84.0,204.95,1.52,44.0,94100.0
1990-02-13 09:00:00+00:00,3.42,37.15,507.0,862.41,99.0,208.6,1.38,40.0,94070.0
1990-02-13 10:00:00+00:00,5.55,30.7,588.0,895.23,107.0,212.5,1.24,31.0,94060.0
1990-02-13 11:00:00+00:00,7.04,28.5,616.0,929.37,101.0,216.15,1.1,21.0,94030.0
1990-02-13 12:00:00+00:00,7.87,32.55,572.0,899.53,102.0,218.65,1.24,8.0,93960.0
1990-02-13 13:00:00+00:00,7.89,31.25,473.0,854.87,93.0,220.05,1.38,0.0,93940.0
1990-02-13 14:00:00+00:00,7.51,31.1,0.0,0.0,0.0,221.4,1.45,355.0,93900.0
1990-02-13 15:00:00+00:00,6.19,39.4,148.0,564.58,50.0,220.8,1.31,344.0,93930.0
1990-02-13 16:00:00+00:00,3.66,47.45,0.0,0.0,0.0,217.9,1.59,10.0,93940.0
1990-02-13 17:00:00+00:00,0.41,57.2,0.0,0.0,0.0,216.15,1.72,32.0,93980.0
1990-02-13 18:00:00+00:00,-1.89,64.0,0.0,0.0,0.0,214.2,1.79,44.0,94020.0
1990-02-13 19:00:00+00:00,-3.01,69.25,0.0,0.0,0.0,209.0,1.72,49.0,93980.0
1990-02-13 20:00:00+00:00,-3.55,66.35,0.0,0.0,0.0,206.7,1.72,50.0,94000.0
1990-02-13 21:00:00+00:00,-3.82,63.7,0.0,0.0,0.0,205.15,1.79,49.0,93990.0
1990-02-13 22:00:00+00:00,-3.98,63.7,0.0,0.0,0.0,204.35,1.79,49.0,94000.0
1990-02-13 23:00:00+00:00,-4.1,63.7,0.0,0.0,0.0,204.55,1.79,49.0,93990.0
1990-02-14 00:00:00+00:00,-4.19,61.1,0.0,0.0,0.0,204.35,1.79,47.0,93980.0
1990-02-14 01:00:00+00:00,-4.24,61.1,0.0,0.0,0.0,204.45,1.79,47.0,93960.0
1990-02-14 02:00:00+00:00,-4.3,63.55,0.0,0.0,0.0,204.55,1.79,46.0,93950.0
1990-02-14 03:00:00+00:00,-4.34,60.95,0.0,0.0,0.0,204.35,1.79,47.0,93930.0
1990-02-14 04:00:00+00:00,-4.38,60.95,0.0,0.0,0.0,204.95,1.79,47.0,93940.0
1990-02-14 05:00:00+00:00,-4.41,60.95,0.0,0.0,0.0,205.15,1.86,47.0,93940.0
1990-02-14 06:00:00+00:00,-4.39,58.5,36.0,358.74,15.0,205.5,1.86,47.0,93970.0
1990-02-14 07:00:00+00:00,-2.65,56.45,210.0,663.61,59.0,207.05,1.66,47.0,93990.0
1990-02-14 08:00:00+00:00,2.25,45.15,377.0,785.26,86.0,209.6,1.24,43.0,93980.0
1990-02-14 09:00:00+00:00,5.79,23.85,509.0,855.84,100.0,214.05,1.03,33.0,93970.0
1990-02-14 10:00:00+00:00,7.52,18.8,589.0,889.01,107.0,218.65,1.03,17.0,93950.0
1990-02-14 11:00:00+00:00,8.54,25.55,614.0,908.69,106.0,221.4,1.31,4.0,93940.0
1990-02-14 12:00:00+00:00,8.68,26.65,573.0,893.13,102.0,224.1,1.45,354.0,93870.0
1990-02-14 13:00:00+00:00,8.64,27.75,475.0,848.06,94.0,226.2,1.38,348.0,93830.0
1990-02-14 14:00:00+00:00,8.19,31.25,325.0,739.2,81.0,227.75,1.17,340.0,93810.0
1990-02-14 15:00:00+00:00,6.93,42.85,150.0,550.71,52.0,227.95,1.03,322.0,93820.0
1990-02-14 16:00:00+00:00,4.61,51.7,0.0,0.0,0.0,225.65,1.03,348.0,93820.0
1990-02-14 17:00:00+00:00,2.29,53.15,0.0,0.0,0.0,225.45,1.45,23.0,93830.0
1990-02-14 18:00:00+00:00,0.36,57.2,0.0,0.0,0.0,225.05,1.59,39.0,93850.0
1990-02-14 19:00:00+00:00,0.29,57.2,0.0,0.0,0.0,225.25,1.45,46.0,93800.0
1990-02-14 20:00:00+00:00,-1.48,66.8,0.0,0.0,0.0,225.05,1.59,50.0,93810.0
1990-02-14 21:00:00+00:00,-2.54,75.2,0.0,0.0,0.0,226.05,1.59,52.0,93810.0
1990-02-14 22:00:00+00:00,-2.99,78.2,0.0,0.0,0.0,224.1,1.52,51.0,93790.0
1990-02-14 23:00:00+00:00,-3.17,78.2,0.0,0.0,0.0,224.3,1.52,49.0,93780.0
1990-02-15 00:00:00+00:00,-3.16,78.2,0.0,0.0,0.0,227.2,1.45,49.0,93740.0
1990-02-15 01:00:00+00:00,-3.16,78.2,0.0,0.0,0.0,223.05,1.45,50.0,93720.0
1990-02-15 02:00:00+00:00,-3.11,78.2,0.0,0.0,0.0,224.85,1.38,51.0,93690.0
1990-02-15 03:00:00+00:00,-3.13,78.2,0.0,0.0,0.0,222.15,1.31,52.0,93630.0
1990-02-15 04:00:00+00:00,-3.01,78.2,0.0,0.0,0.0,221.6,1.24,52.0,93610.0
1990-02-15 05:00:00+00:00,-2.96,81.45,0.0,0.0,0.0,222.35,1.24,52.0,93580.0
1990-02-15 06:00:00+00:00,-2.98,81.45,36.0,286.45,18.0,221.75,1.24,52.0,93570.0
1990-02-15 07:00:00+00:00,-1.26,78.45,209.0,633.43,62.0,225.45,0.9,51.0,93610.0
1990-02-15 08:00:00+00:00,3.31,53.4,373.0,754.08,90.0,237.65,0.41,53.0,93560.0
1990-02-15 09:00:00+00:00,5.17,44.15,505.0,834.81,102.0,240.55,0.0,287.0,93520.0
1990-02-15 10:00:00+00:00,6.47,38.0,585.0,870.04,109.0,237.05,0.55,283.0,93500.0
1990-02-15 11:00:00+00:00,7.17,44.6,595.0,829.81,127.0,241.3,1.1,280.0,93450.0
1990-02-15 12:00:00+00:00,7.1,46.4,569.0,873.67,104.0,249.05,1.45,286.0,93380.0
1990-02-15 13:00:00+00:00,6.92,48.25,449.0,704.8,129.0,248.65,1.59,300.0,93300.0
1990-02-15 14:00:00+00:00,6.35,48.25,232.0,215.13,160.0,251.4,1.66,318.0,93300.0
1990-02-15 15:00:00+00:00,5.13,56.05,160.0,630.72,45.0,251.0,1.45,341.0,93300.0
1990-02-15 16:00:00+00:00,3.19,60.15,0.0,0.0,0.0,258.75,2.14,14.0,93310.0
1990-02-15 17:00:00+00:00,1.47,57.45,0.0,0.0,0.0,252.75,2.83,31.0,93340.0
1990-02-15 18:00:00+00:00,0.39,59.6,0.0,0.0,0.0,249.85,3.31,35.0,93380.0
1990-02-15 19:00:00+00:00,-0.1,59.45,0.0,0.0,0.0,250.05,3.79,40.0,93380.0
1990-02-15 20:00:00+00:00,-0.82,59.2,0.0,0.0,0.0,238.4,4.14,42.0,93380.0
1990-02-15 21:00:00+00:00,-1.52,59.1,0.0,0.0,0.0,226.05,4.28,43.0,93410.0
1990-02-15 22:00:00+00:00,-2.1,56.6,0.0,0.0,0.0,221.2,4.48,45.0,93400.0
1990-02-15 23:00:00+00:00,-2.59,56.45,0.0,0.0,0.0,209.95,4.41,46.0,93360.0
1990-02-16 00:00:00+00:00,-2.87,56.35,0.0,0.0,0.0,211.15,4.48,47.0,93330.0
1990-02-16 01:00:00+00:00,-3.2,54.0,0.0,0.0,0.0,206.0,4.41,48.0,93320.0
1990-02-16 02:00:00+00:00,-3.88,51.65,0.0,0.0,0.0,206.3,4.41,49.0,93340.0
1990-02-16 03:00:00+00:00,-4.54,45.35,0.0,0.0,0.0,198.15,4.41,50.0,93370.0
1990-02-16 04:00:00+00:00,-5.01,38.0,0.0,0.0,0.0,194.3,4.34,49.0,93380.0
1990-02-16 05:00:00+00:00,-5.42,34.65,0.0,0.0,0.0,180.75,4.28,45.0,93390.0
1990-02-16 06:00:00+00:00,-5.73,31.7,46.0,431.44,17.0,173.75,4.28,41.0,93430.0
1990-02-16 07:00:00+00:00,-5.09,30.45,228.0,714.09,59.0,174.55,4.41,44.0,93480.0
1990-02-16 08:00:00+00:00,-4.09,28.1,398.0,823.55,85.0,174.35,4.69,42.0,93510.0
1990-02-16 09:00:00+00:00,-3.03,28.25,512.0,779.26,132.0,176.1,5.03,36.0,93570.0
1990-02-16 10:00:00+00:00,-2.1,27.3,528.0,547.04,226.0,186.15,4.97,31.0,93610.0
1990-02-16 11:00:00+00:00,-1.44,27.45,547.0,550.14,234.0,203.2,4.97,24.0,93630.0
1990-02-16 12:00:00+00:00,-1.74,31.2,570.0,787.51,147.0,207.85,4.41,20.0,93610.0
1990-02-16 13:00:00+00:00,-2.33,33.9,485.0,808.63,114.0,210.75,4.55,20.0,93610.0
1990-02-16 14:00:00+00:00,-3.05,38.45,218.0,141.48,170.0,202.4,4.34,22.0,93670.0
1990-02-16 15:00:00+00:00,-4.0,40.0,156.0,503.45,62.0,196.2,4.28,24.0,93690.0
1990-02-16 16:00:00+00:00,-4.77,39.7,0.0,0.0,0.0,189.85,4.62,24.0,93730.0
1990-02-16 17:00:00+00:00,-5.19,39.7,0.0,0.0,0.0,194.3,3.59,19.0,93810.0
1990-02-16 18:00:00+00:00,-5.59,41.3,0.0,0.0,0.0,194.1,3.86,21.0,93910.0
1990-02-16 19:00:00+00:00,-6.28,42.85,0.0,0.0,0.0,198.55,4.0,29.0,93970.0
1990-02-16 20:00:00+00:00,-6.7,42.85,0.0,0.0,0.0,191.2,4.07,31.0,94050.0
1990-02-16 21:00:00+00:00,-7.05,44.65,0.0,0.0,0.0,194.5,4.07,34.0,94150.0
1990-02-16 22:00:00+00:00,-7.47,46.5,0.0,0.0,0.0,192.95,4.0,33.0,94230.0
1990-02-16 23:00:00+00:00,-7.8,48.4,0.0,0.0,0.0,192.35,3.93,33.0,94290.0
1990-02-17 00:00:00+00:00,-7.97,48.4,0.0,0.0,0.0,198.15,4.0,34.0,94340.0
1990-02-17 01:00:00+00:00,-8.33,48.25,0.0,0.0,0.0,186.25,4.0,34.0,94390.0
1990-02-17 02:00:00+00:00,-8.63,48.25,0.0,0.0,0.0,194.3,3.86,34.0,94380.0
1990-02-17 03:00:00+00:00,-9.02,50.3,0.0,0.0,0.0,186.75,3.72,35.0,94380.0
1990-02-17 04:00:00+00:00,-9.26,50.3,0.0,0.0,0.0,196.4,3.31,30.0,94390.0
1990-02-17 05:00:00+00:00,-9.48,50.15,0.0,0.0,0.0,194.1,3.59,29.0,94440.0
1990-02-17 06:00:00+00:00,-9.79,48.0,49.0,432.54,18.0,194.3,3.17,28.0,94490.0
1990-02-17 07:00:00+00:00,-9.79,45.9,232.0,712.73,60.0,187.3,3.59,30.0,94530.0
1990-02-17 08:00:00+00:00,-8.93,42.1,404.0,826.2,86.0,188.5,4.14,33.0,94550.0
1990-02-17 09:00:00+00:00,-7.75,35.6,540.0,891.21,101.0,192.95,4.07,33.0,94560.0
1990-02-17 10:00:00+00:00,-6.45,34.35,622.0,924.49,107.0,183.45,3.86,33.0,94570.0
1990-02-17 11:00:00+00:00,-5.29,31.7,651.0,956.55,102.0,182.3,3.72,34.0,94560.0
1990-02-17 12:00:00+00:00,-4.29,28.0,599.0,900.28,111.0,183.05,3.59,34.0,94490.0
1990-02-17 13:00:00+00:00,-3.8,26.9,505.0,886.57,94.0,188.5,3.52,30.0,94460.0
1990-02-17 14:00:00+00:00,-3.63,25.7,353.0,793.89,80.0,182.7,3.31,30.0,94430.0
1990-02-17 15:00:00+00:00,-3.95,25.7,173.0,643.67,50.0,183.05,2.97,28.0,94410.0
1990-02-17 16:00:00+00:00,-4.63,25.55,0.0,0.0,0.0,183.05,2.41,24.0,94390.0
1990-02-17 17:00:00+00:00,-5.31,28.95,0.0,0.0,0.0,183.85,2.07,24.0,94420.0
1990-02-17 18:00:00+00:00,-5.82,31.55,0.0,0.0,0.0,184.25,1.93,27.0,94450.0
1990-02-17 19:00:00+00:00,-6.63,31.4,0.0,0.0,0.0,184.8,2.07,33.0,94370.0
1990-02-17 20:00:00+00:00,-6.88,32.7,0.0,0.0,0.0,185.95,1.72,39.0,94350.0
1990-02-17 21:00:00+00:00,-7.13,32.7,0.0,0.0,0.0,185.75,1.66,45.0,94350.0
1990-02-17 22:00:00+00:00,-7.39,34.05,0.0,0.0,0.0,184.6,1.59,49.0,94290.0
1990-02-17 23:00:00+00:00,-7.54,35.6,0.0,0.0,0.0,185.6,1.52,48.0,94270.0
1990-02-18 00:00:00+00:00,-7.61,35.6,0.0,0.0,0.0,186.95,1.52,48.0,94230.0
1990-02-18 01:00:00+00:00,-7.37,35.6,0.0,0.0,0.0,198.85,1.52,48.0,94180.0
1990-02-18 02:00:00+00:00,-7.26,34.2,0.0,0.0,0.0,202.4,1.38,47.0,94100.0
1990-02-18 03:00:00+00:00,-7.42,35.6,0.0,0.0,0.0,196.6,1.38,45.0,94030.0
1990-02-18 04:00:00+00:00,-7.44,35.6,0.0,0.0,0.0,197.75,1.38,48.0,94000.0
1990-02-18 05:00:00+00:00,-7.36,35.6,0.0,0.0,0.0,201.05,1.45,50.0,93990.0
1990-02-18 06:00:00+00:00,-7.25,34.2,35.0,104.99,27.0,200.1,1.45,52.0,93980.0
1990-02-18 07:00:00+00:00,-5.52,33.15,151.0,150.37,114.0,200.5,1.38,50.0,93940.0
1990-02-18 08:00:00+00:00,-1.8,27.3,264.0,179.59,194.0,205.3,0.97,42.0,93920.0
1990-02-18 09:00:00+00:00,1.58,21.8,380.0,265.29,248.0,211.5,0.83,351.0,93880.0
1990-02-18 10:00:00+00:00,3.86,23.45,504.0,464.33,243.0,215.95,1.45,317.0,93830.0
1990-02-18 11:00:00+00:00,5.16,24.75,609.0,808.36,141.0,219.25,2.0,309.0,93770.0
1990-02-18 12:00:00+00:00,5.77,24.9,586.0,873.89,108.0,220.6,2.28,307.0,93700.0
1990-02-18 13:00:00+00:00,5.86,25.0,491.0,841.21,97.0,221.4,2.41,307.0,93640.0
1990-02-18 14:00:00+00:00,5.45,28.25,339.0,723.14,87.0,221.4,2.21,305.0,93620.0
1990-02-18 15:00:00+00:00,4.43,34.45,165.0,547.39,58.0,223.5,1.59,296.0,93620.0
1990-02-18 16:00:00+00:00,2.62,43.45,0.0,0.0,0.0,221.6,1.38,295.0,93620.0
1990-02-18 17:00:00+00:00,0.5,52.75,0.0,0.0,0.0,225.05,1.17,325.0,93660.0
1990-02-18 18:00:00+00:00,0.31,50.65,0.0,0.0,0.0,222.95,1.17,357.0,93690.0
1990-02-18 19:00:00+00:00,1.18,44.85,0.0,0.0,0.0,224.5,1.03,24.0,93640.0
1990-02-18 20:00:00+00:00,0.65,46.6,0.0,0.0,0.0,226.05,1.1,38.0,93650.0
1990-02-18 21:00:00+00:00,-0.42,48.3,0.0,0.0,0.0,221.2,1.17,38.0,93660.0
1990-02-18 22:00:00+00:00,-1.27,52.2,0.0,0.0,0.0,223.15,1.24,36.0,93670.0
1990-02-18 23:00:00+00:00,-1.68,50.1,0.0,0.0,0.0,228.15,1.24,37.0,93670.0
1990-02-19 00:00:00+00:00,-2.05,52.05,0.0,0.0,0.0,233.75,1.31,39.0,93660.0
1990-02-19 01:00:00+00:00,-2.04,52.05,0.0,0.0,0.0,241.45,1.31,41.0,93650.0
1990-02-19 02:00:00+00:00,-2.25,54.15,0.0,0.0,0.0,239.75,1.31,43.0,93630.0
1990-02-19 03:00:00+00:00,-2.47,54.15,0.0,0.0,0.0,237.45,1.38,45.0,93600.0
1990-02-19 04:00:00+00:00,-2.47,54.15,0.0,0.0,0.0,242.65,1.38,46.0,93620.0
1990-02-19 05:00:00+00:00,-2.39,54.15,0.0,0.0,0.0,250.2,1.38,47.0,93640.0
1990-02-19 06:00:00+00:00,-2.34,56.45,54.0,396.05,22.0,250.05,1.31,47.0,93690.0
1990-02-19 07:00:00+00:00,-0.17,57.1,231.0,669.73,63.0,248.3,0.83,46.0,93710.0
1990-02-19 08:00:00+00:00,4.37,37.4,396.0,775.24,90.0,251.95,0.34,22.0,93710.0
1990-02-19 09:00:00+00:00,6.47,29.7,527.0,841.61,104.0,246.15,0.83,307.0,93720.0
1990-02-19 10:00:00+00:00,7.5,32.4,607.0,874.53,111.0,258.15,1.38,292.0,93730.0
1990-02-19 11:00:00+00:00,8.36,35.3,635.0,905.85,106.0,246.55,1.59,285.0,93720.0
1990-02-19 12:00:00+00:00,8.73,35.45,588.0,866.07,110.0,245.95,1.86,278.0,93710.0
1990-02-19 13:00:00+00:00,8.46,36.9,493.0,834.81,98.0,252.15,1.93,269.0,93670.0
1990-02-19 14:00:00+00:00,7.87,43.1,344.0,730.71,86.0,252.35,1.52,260.0,93700.0
1990-02-19 15:00:00+00:00,6.7,50.2,169.0,565.42,56.0,245.2,1.1,244.0,93720.0
1990-02-19 16:00:00+00:00,4.72,73.45,0.0,0.0,0.0,242.5,0.76,227.0,93740.0
1990-02-19 17:00:00+00:00,4.2,60.4,0.0,0.0,0.0,235.3,0.28,182.0,93780.0
1990-02-19 18:00:00+00:00,3.59,62.7,0.0,0.0,0.0,236.3,0.48,101.0,93820.0
1990-02-19 19:00:00+00:00,3.65,62.7,0.0,0.0,0.0,234.15,0.28,128.0,93770.0
1990-02-19 20:00:00+00:00,2.85,65.1,0.0,0.0,0.0,234.55,0.83,84.0,93800.0
1990-02-19 21:00:00+00:00,1.91,67.5,0.0,0.0,0.0,234.35,1.03,81.0,93860.0
1990-02-19 22:00:00+00:00,1.11,72.85,0.0,0.0,0.0,232.8,1.1,82.0,93890.0
1990-02-19 23:00:00+00:00,0.8,72.85,0.0,0.0,0.0,233.75,1.1,87.0,93900.0
1990-02-20 00:00:00+00:00,0.86,72.85,0.0,0.0,0.0,232.4,1.1,85.0,93900.0
1990-02-20 01:00:00+00:00,0.63,75.7,0.0,0.0,0.0,231.0,1.1,84.0,93890.0
1990-02-20 02:00:00+00:00,0.7,78.75,0.0,0.0,0.0,229.7,1.03,81.0,93880.0
1990-02-20 03:00:00+00:00,0.19,81.8,0.0,0.0,0.0,237.25,1.1,79.0,93860.0
1990-02-20 04:00:00+00:00,-0.46,85.05,0.0,0.0,0.0,234.55,1.17,76.0,93870.0
1990-02-20 05:00:00+00:00,-0.9,88.4,0.0,0.0,0.0,247.9,1.17,72.0,93890.0
1990-02-20 06:00:00+00:00,-1.12,88.4,53.0,292.51,28.0,246.55,1.1,72.0,93920.0
1990-02-20 07:00:00+00:00,0.84,81.95,151.0,129.06,118.0,245.2,0.55,69.0,93980.0
1990-02-20 08:00:00+00:00,3.25,76.1,290.0,237.68,195.0,245.0,0.41,160.0,94000.0
1990-02-20 09:00:00+00:00,4.78,65.4,417.0,350.62,239.0,251.75,0.97,195.0,94020.0
1990-02-20 10:00:00+00:00,5.65,60.75,563.0,648.32,192.0,255.25,1.38,212.0,94010.0
1990-02-20 11:00:00+00:00,6.19,58.55,589.0,680.78,188.0,259.7,1.72,218.0,94020.0
1990-02-20 12:00:00+00:00,6.48,58.65,509.0,506.4,227.0,257.6,1.79,219.0,93960.0
1990-02-20 13:00:00+00:00,6.35,58.65,412.0,428.91,207.0,265.9,1.93,217.0,93910.0
1990-02-20 14:00:00+00:00,5.99,60.85,309.0,475.29,139.0,270.95,1.93,214.0,93890.0
1990-02-20 15:00:00+00:00,5.29,65.55,174.0,563.1,59.0,270.95,1.52,213.0,93890.0
1990-02-20 16:00:00+00:00,4.16,73.4,0.0,0.0,0.0,269.6,0.97,212.0,93920.0
1990-02-20 17:00:00+00:00,3.18,79.1,0.0,0.0,0.0,267.85,0.69,155.0,93950.0
1990-02-20 18:00:00+00:00,1.47,85.25,0.0,0.0,0.0,250.8,1.1,113.0,93980.0
1990-02-20 19:00:00+00:00,1.3,82.0,0.0,0.0,0.0,255.45,1.1,108.0,93960.0
1990-02-20 20:00:00+00:00,0.19,88.45,0.0,0.0,0.0,253.1,1.31,93.0,93960.0
1990-02-20 21:00:00+00:00,-0.15,88.45,0.0,0.0,0.0,269.4,1.31,83.0,93990.0
1990-02-20 22:00:00+00:00,-0.31,91.95,0.0,0.0,0.0,269.75,1.31,82.0,93990.0
1990-02-20 23:00:00+00:00,0.45,88.5,0.0,0.0,0.0,309.05,1.24,86.0,93960.0
1990-02-21 00:00:00+00:00,0.95,92.05,0.0,0.0,0.0,318.15,1.17,93.0,93940.0
1990-02-21 01:00:00+00:00,1.04,92.05,0.0,0.0,0.0,309.95,1.31,94.0,93920.0
1990-02-21 02:00:00+00:00,0.99,95.65,0.0,0.0,0.0,308.85,1.31,89.0,93890.0
1990-02-21 03:00:00+00:00,0.8,95.65,0.0,0.0,0.0,304.6,1.31,83.0,93870.0
1990-02-21 04:00:00+00:00,0.58,95.65,0.0,0.0,0.0,299.2,1.38,78.0,93840.0
1990-02-21 05:00:00+00:00,0.56,99.4,0.0,0.0,0.0,301.5,1.38,74.0,93850.0
1990-02-21 06:00:00+00:00,0.39,95.65,39.0,77.6,32.0,294.35,1.38,67.0,93870.0
1990-02-21 07:00:00+00:00,2.56,95.7,112.0,26.86,105.0,331.9,1.03,91.0,93890.0
1990-02-21 08:00:00+00:00,4.34,88.85,66.0,0.0,66.0,331.9,1.17,112.0,93910.0
1990-02-21 09:00:00+00:00,5.81,85.65,102.0,0.0,102.0,332.5,1.45,130.0,93940.0
1990-02-21 10:00:00+00:00,6.68,79.55,134.0,0.0,134.0,323.75,1.86,147.0,93960.0
1990-02-21 11:00:00+00:00,7.77,73.9,231.0,5.05,228.0,311.75,1.79,158.0,93920.0
1990-02-21 12:00:00+00:00,8.05,68.6,123.0,0.0,123.0,320.3,1.79,175.0,93880.0
1990-02-21 13:00:00+00:00,8.06,68.6,194.0,10.36,189.0,321.65,1.66,181.0,93830.0
1990-02-21 14:00:00+00:00,7.82,71.15,156.0,22.08,148.0,302.85,1.38,175.0,93800.0
1990-02-21 15:00:00+00:00,7.58,73.9,69.0,4.79,68.0,293.0,1.03,166.0,93800.0
1990-02-21 16:00:00+00:00,6.47,79.55,2.0,0.0,2.0,289.5,0.9,160.0,93810.0
1990-02-21 17:00:00+00:00,5.64,82.5,0.0,0.0,0.0,281.6,0.83,129.0,93840.0
1990-02-21 18:00:00+00:00,4.51,85.55,0.0,0.0,0.0,287.6,0.97,89.0,93880.0
1990-02-21 19:00:00+00:00,3.86,92.2,0.0,0.0,0.0,316.2,0.9,67.0,93880.0
1990-02-21 20:00:00+00:00,3.29,99.4,0.0,0.0,0.0,328.6,0.9,58.0,93900.0
1990-02-21 21:00:00+00:00,3.11,99.4,0.0,0.0,0.0,335.0,0.83,57.0,93950.0
1990-02-21 22:00:00+00:00,2.74,99.4,0.0,0.0,0.0,330.35,0.9,57.0,93960.0
1990-02-21 23:00:00+00:00,2.41,99.4,0.0,0.0,0.0,327.85,0.97,58.0,93970.0
1990-02-22 00:00:00+00:00,2.24,100.0,0.0,0.0,0.0,326.5,0.97,55.0,93950.0
1990-02-22 01:00:00+00:00,2.17,99.4,0.0,0.0,0.0,329.7,0.97,57.0,93930.0
1990-02-22 02:00:00+00:00,2.11,99.4,0.0,0.0,0.0,327.25,0.97,60.0,93890.0
1990-02-22 03:00:00+00:00,1.76,99.4,0.0,0.0,0.0,317.55,1.1,56.0,93880.0
1990-02-22 04:00:00+00:00,1.43,99.4,0.0,0.0,0.0,313.5,1.1,56.0,93890.0
1990-02-22 05:00:00+00:00,1.33,99.4,0.0,0.0,0.0,316.4,1.03,56.0,93930.0
1990-02-22 06:00:00+00:00,1.55,99.4,45.0,105.26,35.0,322.6,0.97,57.0,93970.0
1990-02-22 07:00:00+00:00,2.68,99.4,192.0,297.47,113.0,314.65,0.69,54.0,93990.0
1990-02-22 08:00:00+00:00,4.66,95.75,352.0,470.94,159.0,318.75,0.41,45.0,94010.0
1990-02-22 09:00:00+00:00,6.16,85.7,471.0,532.9,195.0,320.65,0.28,31.0,94030.0
1990-02-22 10:00:00+00:00,7.71,76.7,367.0,118.45,298.0,311.95,0.07,302.0,94050.0
1990-02-22 11:00:00+00:00,8.98,68.8,376.0,115.16,307.0,302.3,0.48,239.0,94040.0
1990-02-22 12:00:00+00:00,9.89,61.65,425.0,250.54,283.0,306.15,0.83,246.0,93960.0
1990-02-22 13:00:00+00:00,9.48,66.35,263.0,61.53,233.0,314.1,1.38,253.0,93920.0
1990-02-22 14:00:00+00:00,9.3,68.8,176.0,40.89,161.0,321.85,1.45,260.0,93890.0
1990-02-22 15:00:00+00:00,8.62,74.05,68.0,4.7,67.0,303.85,1.31,252.0,93890.0
1990-02-22 16:00:00+00:00,7.56,79.65,4.0,0.0,4.0,296.3,1.03,243.0,93930.0
1990-02-22 17:00:00+00:00,6.1,88.95,0.0,0.0,0.0,280.4,0.62,250.0,93960.0
1990-02-22 18:00:00+00:00,5.85,85.7,0.0,0.0,0.0,290.3,0.34,333.0,93990.0
1990-02-22 19:00:00+00:00,5.19,92.25,0.0,0.0,0.0,281.75,0.41,350.0,93990.0
1990-02-22 20:00:00+00:00,4.44,95.75,0.0,0.0,0.0,288.55,0.83,43.0,93990.0
1990-02-22 21:00:00+00:00,2.66,99.4,0.0,0.0,0.0,263.0,1.1,60.0,93990.0
1990-02-22 22:00:00+00:00,0.82,99.35,0.0,0.0,0.0,269.95,1.24,60.0,94010.0
1990-02-22 23:00:00+00:00,-0.53,99.4,0.0,0.0,0.0,261.85,1.24,59.0,93990.0
1990-02-23 00:00:00+00:00,-0.85,99.4,0.0,0.0,0.0,282.75,1.17,56.0,93980.0
1990-02-23 01:00:00+00:00,-0.93,99.4,0.0,0.0,0.0,286.9,1.1,57.0,93950.0
1990-02-23 02:00:00+00:00,-0.56,99.4,0.0,0.0,0.0,295.3,1.1,59.0,93910.0
1990-02-23 03:00:00+00:00,-0.19,95.6,0.0,0.0,0.0,298.6,1.31,58.0,93860.0
1990-02-23 04:00:00+00:00,-0.49,99.4,0.0,0.0,0.0,302.5,1.38,57.0,93850.0
1990-02-23 05:00:00+00:00,-0.77,99.4,0.0,0.0,0.0,290.85,1.38,57.0,93850.0
1990-02-23 06:00:00+00:00,-0.86,99.4,49.0,120.15,37.0,292.6,1.38,57.0,93870.0
1990-02-23 07:00:00+00:00,2.21,99.4,164.0,147.82,124.0,305.55,0.97,57.0,93840.0
1990-02-23 08:00:00+00:00,4.47,88.85,353.0,450.66,166.0,298.8,0.62,45.0,93850.0
1990-02-23 09:00:00+00:00,6.54,79.55,540.0,827.77,107.0,285.65,0.48,342.0,93870.0
1990-02-23 10:00:00+00:00,8.34,71.25,612.0,828.71,125.0,272.85,0.9,318.0,93870.0
1990-02-23 11:00:00+00:00,9.86,63.9,625.0,804.3,139.0,268.6,0.97,314.0,93850.0
1990-02-23 12:00:00+00:00,10.81,59.5,602.0,862.28,109.0,279.85,0.97,317.0,93780.0
1990-02-23 13:00:00+00:00,11.73,55.4,508.0,830.74,99.0,276.35,1.1,326.0,93740.0
1990-02-23 14:00:00+00:00,12.08,51.5,362.0,751.12,83.0,278.5,1.03,327.0,93700.0
1990-02-23 15:00:00+00:00,11.67,53.35,188.0,602.81,57.0,270.95,0.97,293.0,93690.0
1990-02-23 16:00:00+00:00,9.79,68.9,11.0,49.45,9.0,266.85,0.97,263.0,93740.0
1990-02-23 17:00:00+00:00,8.67,71.35,0.0,0.0,0.0,263.75,0.55,285.0,93810.0
1990-02-23 18:00:00+00:00,7.74,73.9,0.0,0.0,0.0,261.65,0.9,10.0,93890.0
1990-02-23 19:00:00+00:00,4.6,76.3,0.0,0.0,0.0,257.2,1.45,37.0,93860.0
1990-02-23 20:00:00+00:00,2.15,85.3,0.0,0.0,0.0,254.65,1.66,51.0,93890.0
1990-02-23 21:00:00+00:00,0.18,92.0,0.0,0.0,0.0,251.4,1.72,52.0,93910.0
1990-02-23 22:00:00+00:00,-0.76,91.95,0.0,0.0,0.0,248.1,1.72,52.0,93930.0
1990-02-23 23:00:00+00:00,-1.22,95.6,0.0,0.0,0.0,246.75,1.79,51.0,93960.0
1990-02-24 00:00:00+00:00,-1.46,91.9,0.0,0.0,0.0,245.75,1.79,51.0,93970.0
1990-02-24 01:00:00+00:00,-1.58,91.9,0.0,0.0,0.0,245.3,1.79,50.0,93980.0
1990-02-24 02:00:00+00:00,-1.68,91.9,0.0,0.0,0.0,244.8,1.79,49.0,93970.0
1990-02-24 03:00:00+00:00,-1.73,91.85,0.0,0.0,0.0,245.0,1.86,50.0,93970.0
1990-02-24 04:00:00+00:00,-1.74,91.85,0.0,0.0,0.0,245.6,1.86,50.0,94000.0
1990-02-24 05:00:00+00:00,-1.77,91.85,0.0,0.0,0.0,245.0,1.86,50.0,94000.0
1990-02-24 06:00:00+00:00,-1.68,91.9,68.0,333.97,33.0,244.6,1.79,49.0,94050.0
1990-02-24 07:00:00+00:00,1.71,88.6,243.0,584.04,82.0,247.9,1.31,47.0,94080.0
1990-02-24 08:00:00+00:00,8.49,68.7,418.0,771.22,94.0,253.7,1.03,43.0,94100.0
1990-02-24 09:00:00+00:00,11.87,53.35,549.0,834.76,108.0,261.25,1.03,29.0,94090.0
1990-02-24 10:00:00+00:00,13.34,46.2,632.0,878.82,111.0,267.45,1.1,21.0,94050.0
1990-02-24 11:00:00+00:00,14.46,40.1,652.0,886.19,112.0,271.9,1.1,12.0,94040.0
1990-02-24 12:00:00+00:00,15.17,38.7,594.0,797.64,134.0,275.0,0.9,355.0,93980.0
1990-02-24 13:00:00+00:00,15.44,38.85,499.0,758.37,122.0,276.95,0.83,329.0,93930.0
1990-02-24 14:00:00+00:00,15.27,40.2,357.0,686.14,99.0,277.3,0.97,308.0,93910.0
1990-02-24 15:00:00+00:00,14.52,46.6,189.0,568.43,63.0,276.95,1.03,287.0,93940.0
1990-02-24 16:00:00+00:00,12.74,59.95,16.0,89.75,12.0,273.45,0.9,276.0,93940.0
1990-02-24 17:00:00+00:00,12.41,51.65,0.0,0.0,0.0,269.6,0.41,336.0,93960.0
1990-02-24 18:00:00+00:00,11.17,55.3,0.0,0.0,0.0,266.5,1.03,51.0,94000.0
1990-02-24 19:00:00+00:00,8.09,61.2,0.0,0.0,0.0,262.8,1.31,61.0,93960.0
1990-02-24 20:00:00+00:00,5.52,68.2,0.0,0.0,0.0,260.65,1.59,61.0,93950.0
1990-02-24 21:00:00+00:00,3.47,76.15,0.0,0.0,0.0,258.95,1.79,60.0,93960.0
1990-02-24 22:00:00+00:00,2.1,78.95,0.0,0.0,0.0,257.0,1.79,58.0,93940.0
1990-02-24 23:00:00+00:00,1.5,82.0,0.0,0.0,0.0,255.25,1.72,57.0,93940.0
1990-02-25 00:00:00+00:00,1.35,78.9,0.0,0.0,0.0,253.9,1.72,58.0,93920.0
1990-02-25 01:00:00+00:00,1.29,78.8,0.0,0.0,0.0,253.05,1.72,59.0,93920.0
1990-02-25 02:00:00+00:00,1.23,78.8,0.0,0.0,0.0,252.55,1.79,59.0,93870.0
1990-02-25 03:00:00+00:00,1.15,78.8,0.0,0.0,0.0,252.15,1.79,59.0,93840.0
1990-02-25 04:00:00+00:00,1.07,75.75,0.0,0.0,0.0,252.15,1.79,59.0,93830.0
1990-02-25 05:00:00+00:00,1.06,75.75,0.0,0.0,0.0,252.35,1.79,61.0,93830.0
1990-02-25 06:00:00+00:00,1.4,72.95,81.0,464.55,30.0,252.35,1.79,62.0,93830.0
1990-02-25 07:00:00+00:00,5.2,68.1,256.0,644.62,75.0,253.7,1.24,64.0,93820.0
1990-02-25 08:00:00+00:00,9.54,68.9,425.0,768.84,98.0,258.55,0.28,114.0,93810.0
1990-02-25 09:00:00+00:00,12.83,42.7,568.0,880.94,98.0,263.6,0.76,215.0,93810.0
1990-02-25 10:00:00+00:00,13.75,41.35,645.0,899.62,107.0,267.45,1.03,244.0,93780.0
1990-02-25 11:00:00+00:00,14.52,40.1,669.0,919.52,104.0,270.35,1.52,256.0,93780.0
1990-02-25 12:00:00+00:00,14.82,40.1,614.0,852.73,118.0,272.85,2.0,262.0,93700.0
1990-02-25 13:00:00+00:00,14.76,41.65,525.0,850.78,98.0,273.05,2.0,266.0,93670.0
1990-02-25 14:00:00+00:00,14.31,44.75,379.0,780.39,82.0,272.85,1.72,268.0,93630.0
1990-02-25 15:00:00+00:00,13.51,50.0,198.0,610.62,60.0,271.5,1.24,262.0,93610.0
1990-02-25 16:00:00+00:00,11.65,69.25,17.0,61.63,14.0,268.05,0.9,251.0,93610.0
1990-02-25 17:00:00+00:00,11.22,59.6,0.0,0.0,0.0,263.95,0.34,274.0,93620.0
1990-02-25 18:00:00+00:00,10.42,61.75,0.0,0.0,0.0,260.65,0.62,26.0,93630.0
1990-02-25 19:00:00+00:00,9.33,68.8,0.0,0.0,0.0,258.55,0.9,47.0,93570.0
1990-02-25 20:00:00+00:00,6.97,76.65,0.0,0.0,0.0,256.6,1.24,56.0,93580.0
1990-02-25 21:00:00+00:00,4.36,79.3,0.0,0.0,0.0,255.25,1.52,57.0,93580.0
1990-02-25 22:00:00+00:00,2.47,85.35,0.0,0.0,0.0,253.9,1.72,56.0,93600.0
1990-02-25 23:00:00+00:00,1.1,92.05,0.0,0.0,0.0,254.5,1.79,53.0,93570.0
1990-02-26 00:00:00+00:00,0.32,92.0,0.0,0.0,0.0,254.1,1.79,52.0,93540.0
1990-02-26 01:00:00+00:00,-0.13,92.0,0.0,0.0,0.0,253.25,1.72,52.0,93520.0
1990-02-26 02:00:00+00:00,-0.54,91.95,0.0,0.0,0.0,252.15,1.72,51.0,93480.0
1990-02-26 03:00:00+00:00,-0.77,95.6,0.0,0.0,0.0,250.8,1.72,52.0,93440.0
1990-02-26 04:00:00+00:00,-0.88,91.95,0.0,0.0,0.0,252.95,1.66,54.0,93430.0
1990-02-26 05:00:00+00:00,-0.97,91.95,0.0,0.0,0.0,254.5,1.72,55.0,93430.0
1990-02-26 06:00:00+00:00,-0.86,91.95,80.0,383.19,36.0,254.85,1.66,55.0,93450.0
1990-02-26 07:00:00+00:00,2.59,88.65,249.0,552.54,91.0,258.15,1.1,58.0,93490.0
1990-02-26 08:00:00+00:00,9.08,71.4,430.0,768.78,99.0,262.2,0.55,72.0,93490.0
1990-02-26 09:00:00+00:00,12.25,53.5,554.0,798.11,124.0,268.05,0.62,178.0,93460.0
1990-02-26 10:00:00+00:00,13.44,48.15,629.0,812.28,139.0,275.6,1.03,215.0,93420.0
1990-02-26 11:00:00+00:00,14.18,48.25,667.0,894.19,113.0,275.4,1.31,230.0,93390.0
1990-02-26 12:00:00+00:00,14.49,48.4,619.0,852.35,119.0,277.3,1.52,238.0,93310.0
1990-02-26 13:00:00+00:00,14.34,50.1,490.0,659.23,156.0,281.6,1.66,242.0,93260.0
1990-02-26 14:00:00+00:00,13.72,53.85,327.0,454.39,152.0,282.95,1.66,242.0,93240.0
1990-02-26 15:00:00+00:00,12.67,62.2,198.0,573.11,66.0,279.65,1.38,241.0,93230.0
1990-02-26 16:00:00+00:00,11.28,71.75,17.0,56.84,14.0,275.0,0.9,234.0,93230.0
1990-02-26 17:00:00+00:00,10.26,77.1,0.0,0.0,0.0,270.95,0.34,200.0,93250.0
1990-02-26 18:00:00+00:00,9.34,82.85,0.0,0.0,0.0,273.25,0.76,99.0,93280.0
1990-02-26 19:00:00+00:00,7.83,82.65,0.0,0.0,0.0,266.5,1.03,96.0,93280.0
1990-02-26 20:00:00+00:00,6.59,82.6,0.0,0.0,0.0,261.45,1.17,93.0,93260.0
1990-02-26 21:00:00+00:00,6.68,82.6,0.0,0.0,0.0,260.1,1.1,102.0,93260.0
1990-02-26 22:00:00+00:00,6.72,82.6,0.0,0.0,0.0,257.95,1.1,109.0,93250.0
1990-02-26 23:00:00+00:00,6.48,82.6,0.0,0.0,0.0,257.75,1.03,113.0,93230.0
1990-02-27 00:00:00+00:00,6.29,88.95,0.0,0.0,0.0,259.1,0.97,110.0,93220.0
1990-02-27 01:00:00+00:00,5.94,88.95,0.0,0.0,0.0,261.15,0.9,103.0,93210.0
1990-02-27 02:00:00+00:00,5.69,88.9,0.0,0.0,0.0,258.35,0.83,88.0,93170.0
1990-02-27 03:00:00+00:00,4.95,92.25,0.0,0.0,0.0,262.4,1.03,81.0,93130.0
1990-02-27 04:00:00+00:00,3.55,95.7,0.0,0.0,0.0,255.85,1.24,80.0,93130.0
1990-02-27 05:00:00+00:00,1.81,99.4,0.0,0.0,0.0,264.55,1.38,76.0,93110.0
1990-02-27 06:00:00+00:00,0.78,100.0,73.0,233.48,45.0,270.95,1.31,72.0,93140.0
1990-02-27 07:00:00+00:00,5.24,92.25,135.0,41.21,123.0,283.9,0.69,102.0,93150.0
1990-02-27 08:00:00+00:00,7.15,82.6,157.0,4.59,155.0,300.75,1.1,159.0,93170.0
1990-02-27 09:00:00+00:00,8.32,76.8,152.0,0.0,152.0,300.35,1.72,192.0,93160.0
1990-02-27 10:00:00+00:00,8.85,74.05,127.0,0.0,127.0,313.5,1.93,208.0,93150.0
1990-02-27 11:00:00+00:00,9.24,74.15,178.0,0.0,178.0,331.9,2.07,216.0,93140.0
1990-02-27 12:00:00+00:00,8.86,79.75,77.0,0.0,77.0,338.1,1.86,224.0,93090.0
1990-02-27 13:00:00+00:00,8.92,79.85,214.0,13.69,207.0,303.05,1.72,234.0,93050.0
1990-02-27 14:00:00+00:00,8.41,79.75,95.0,0.0,95.0,316.2,1.38,237.0,93040.0
1990-02-27 15:00:00+00:00,7.87,82.7,63.0,0.0,63.0,301.9,1.1,249.0,93050.0
1990-02-27 16:00:00+00:00,7.22,92.35,14.0,17.58,13.0,300.15,0.62,252.0,93060.0
1990-02-27 17:00:00+00:00,6.32,92.3,0.0,0.0,0.0,282.95,0.07,304.0,93080.0
1990-02-27 18:00:00+00:00,5.71,95.75,0.0,0.0,0.0,302.5,0.48,52.0,93120.0
1990-02-27 19:00:00+00:00,5.64,95.75,0.0,0.0,0.0,290.85,0.07,19.0,93130.0
1990-02-27 20:00:00+00:00,5.11,95.75,0.0,0.0,0.0,308.3,0.48,70.0,93150.0
1990-02-27 21:00:00+00:00,4.35,95.75,0.0,0.0,0.0,312.95,0.76,69.0,93170.0
1990-02-27 22:00:00+00:00,3.99,99.4,0.0,0.0,0.0,324.95,0.76,64.0,93190.0
1990-02-27 23:00:00+00:00,3.38,99.4,0.0,0.0,0.0,315.25,0.9,59.0,93200.0
1990-02-28 00:00:00+00:00,3.11,99.4,0.0,0.0,0.0,309.05,1.03,56.0,93190.0
1990-02-28 01:00:00+00:00,2.9,99.4,0.0,0.0,0.0,310.35,1.03,53.0,93180.0
1990-02-28 02:00:00+00:00,2.84,99.4,0.0,0.0,0.0,312.55,1.1,51.0,93180.0
1990-02-28 03:00:00+00:00,2.97,99.4,0.0,0.0,0.0,319.9,1.1,47.0,93190.0
1990-02-28 04:00:00+00:00,2.97,99.4,0.0,0.0,0.0,317.4,1.24,46.0,93230.0
1990-02-28 05:00:00+00:00,2.57,99.4,0.0,0.0,0.0,305.75,1.38,46.0,93250.0
1990-02-28 06:00:00+00:00,2.43,99.4,84.0,335.81,42.0,303.25,1.38,47.0,93300.0
1990-02-28 07:00:00+00:00,3.96,95.75,232.0,377.85,120.0,304.05,1.52,47.0,93350.0
1990-02-28 08:00:00+00:00,6.54,82.6,325.0,258.43,211.0,294.15,1.31,41.0,93380.0
1990-02-28 09:00:00+00:00,8.95,71.4,571.0,839.19,110.0,285.85,1.17,33.0,93390.0
1990-02-28 10:00:00+00:00,10.79,64.1,651.0,870.16,117.0,283.7,1.52,63.0,93390.0
1990-02-28 11:00:00+00:00,12.05,53.5,642.0,755.84,166.0,277.3,1.03,96.0,93360.0
1990-02-28 12:00:00+00:00,12.32,49.6,538.0,499.58,240.0,308.85,0.21,145.0,93320.0
1990-02-28 13:00:00+00:00,12.24,49.6,309.0,100.75,257.0,327.25,0.41,254.0,93300.0
1990-02-28 14:00:00+00:00,12.05,53.5,202.0,53.27,181.0,319.3,0.9,261.0,93310.0
1990-02-28 15:00:00+00:00,11.52,57.55,162.0,251.12,102.0,305.2,0.97,264.0,93330.0
1990-02-28 16:00:00+00:00,9.23,75.73,20.0,49.22,17.0,269.88,0.78,250.0,93340.0
1990-02-28 17:00:00+00:00,8.33,77.45,0.0,0.0,0.0,267.22,0.82,245.0,93390.0
1990-02-28 18:00:00+00:00,7.42,79.16,0.0,0.0,0.0,264.56,0.87,309.0,93450.0
1990-02-28 19:00:00+00:00,6.51,80.88,0.0,0.0,0.0,261.9,0.91,68.0,93470.0
1990-02-28 20:00:00+00:00,5.61,82.6,0.0,0.0,0.0,259.25,0.95,58.0,93520.0
1990-02-28 21:00:00+00:00,4.7,84.31,0.0,0.0,0.0,256.59,0.99,56.0,93540.0
1990-02-28 22:00:00+00:00,3.79,86.03,0.0,0.0,0.0,253.93,1.03,57.0,93580.0
1990-02-28 23:00:00+00:00,2.89,87.75,0.0,0.0,0.0,251.27,1.07,56.0,93540.0
1990-03-01 00:00:00+00:00,1.98,89.46,0.0,0.0,0.0,248.61,1.11,59.0,92830.0
1990-03-01 01:00:00+00:00,1.07,91.18,0.0,0.0,0.0,245.95,1.15,55.0,92780.0
1990-03-01 02:00:00+00:00,0.17,92.89,0.0,0.0,0.0,243.29,1.19,54.0,92750.0
1990-03-01 03:00:00+00:00,-0.74,94.61,0.0,0.0,0.0,240.63,1.23,55.0,92710.0
1990-03-01 04:00:00+00:00,-1.65,96.33,0.0,0.0,0.0,237.97,1.27,56.0,92670.0
1990-03-01 05:00:00+00:00,-2.55,98.04,0.0,0.0,0.0,235.31,1.32,56.0,92620.0
1990-03-01 06:00:00+00:00,-3.46,99.76,80.0,237.97,49.0,232.65,1.36,54.0,92610.0
1990-03-01 07:00:00+00:00,-4.37,100.0,262.0,543.57,98.0,229.99,1.4,53.0,92700.0
1990-03-01 08:00:00+00:00,5.77,73.65,435.0,705.56,120.0,248.1,0.41,114.0,92690.0
1990-03-01 09:00:00+00:00,7.65,61.1,566.0,780.68,133.0,247.9,0.55,173.0,92650.0
1990-03-01 10:00:00+00:00,9.09,52.7,641.0,794.94,149.0,252.95,0.97,203.0,92580.0
1990-03-01 11:00:00+00:00,10.04,51.0,660.0,801.74,151.0,253.5,1.52,220.0,92530.0
1990-03-01 12:00:00+00:00,10.38,51.1,603.0,716.63,172.0,258.35,1.79,228.0,92450.0
1990-03-01 13:00:00+00:00,10.25,55.05,522.0,746.82,133.0,270.35,1.79,227.0,92380.0
1990-03-01 14:00:00+00:00,9.82,57.15,379.0,672.2,111.0,267.65,1.86,224.0,92330.0
1990-03-01 15:00:00+00:00,8.96,63.8,203.0,518.07,77.0,258.95,1.52,225.0,92290.0
1990-03-01 16:00:00+00:00,7.85,68.6,28.0,107.65,21.0,262.4,0.83,230.0,92280.0
1990-03-01 17:00:00+00:00,6.69,79.5,0.0,0.0,0.0,257.2,0.55,228.0,92280.0
1990-03-01 18:00:00+00:00,6.02,79.4,0.0,0.0,0.0,262.4,0.14,111.0,92300.0
1990-03-01 19:00:00+00:00,5.29,76.4,0.0,0.0,0.0,268.2,0.76,82.0,92300.0
1990-03-01 20:00:00+00:00,3.81,79.2,0.0,0.0,0.0,271.9,0.97,60.0,92290.0
1990-03-01 21:00:00+00:00,2.09,88.65,0.0,0.0,0.0,279.25,1.17,56.0,92300.0
1990-03-01 22:00:00+00:00,1.19,92.05,0.0,0.0,0.0,280.4,1.24,56.0,92290.0
1990-03-01 23:00:00+00:00,0.41,95.65,0.0,0.0,0.0,269.6,1.24,54.0,92270.0
1990-03-02 00:00:00+00:00,-0.06,95.6,0.0,0.0,0.0,269.0,1.24,52.0,92250.0
1990-03-02 01:00:00+00:00,-0.02,95.6,0.0,0.0,0.0,270.65,1.24,50.0,92250.0
1990-03-02 02:00:00+00:00,-0.41,95.6,0.0,0.0,0.0,266.1,1.38,46.0,92230.0
1990-03-02 03:00:00+00:00,-0.73,95.6,0.0,0.0,0.0,262.4,1.52,44.0,92220.0
1990-03-02 04:00:00+00:00,-0.6,91.95,0.0,0.0,0.0,266.5,1.66,42.0,92230.0
1990-03-02 05:00:00+00:00,-0.55,91.95,0.0,0.0,0.0,260.1,1.86,42.0,92250.0
1990-03-02 06:00:00+00:00,-0.02,92.0,76.0,169.72,53.0,263.4,1.86,44.0,92290.0
1990-03-02 07:00:00+00:00,3.42,82.25,252.0,449.46,114.0,265.1,1.59,41.0,92380.0
1990-03-02 08:00:00+00:00,7.28,65.95,413.0,577.68,152.0,271.3,2.76,42.0,92400.0
1990-03-02 09:00:00+00:00,8.52,56.8,568.0,773.26,135.0,260.85,3.86,41.0,92430.0
1990-03-02 10:00:00+00:00,9.69,52.85,642.0,789.88,149.0,269.2,3.79,38.0,92440.0
1990-03-02 11:00:00+00:00,10.44,47.35,657.0,781.29,157.0,269.6,3.79,36.0,92470.0
1990-03-02 12:00:00+00:00,10.93,45.7,590.0,658.04,191.0,266.3,3.66,34.0,92440.0
1990-03-02 13:00:00+00:00,11.1,43.95,417.0,331.06,243.0,270.75,3.45,34.0,92450.0
1990-03-02 14:00:00+00:00,10.86,43.95,374.0,629.99,120.0,272.5,3.17,35.0,92450.0
1990-03-02 15:00:00+00:00,10.21,45.4,203.0,492.98,81.0,267.05,2.83,35.0,92490.0
1990-03-02 16:00:00+00:00,9.0,48.8,28.0,86.85,22.0,254.65,2.14,30.0,92540.0
1990-03-02 17:00:00+00:00,7.15,56.45,0.0,0.0,0.0,250.4,1.86,28.0,92600.0
1990-03-02 18:00:00+00:00,5.45,65.55,0.0,0.0,0.0,257.95,1.79,32.0,92670.0
1990-03-02 19:00:00+00:00,4.14,76.25,0.0,0.0,0.0,253.3,1.52,38.0,92730.0
1990-03-02 20:00:00+00:00,3.07,82.2,0.0,0.0,0.0,259.9,1.45,44.0,92770.0
1990-03-02 21:00:00+00:00,1.95,85.3,0.0,0.0,0.0,257.4,1.52,46.0,92790.0
1990-03-02 22:00:00+00:00,0.91,88.55,0.0,0.0,0.0,250.8,1.59,47.0,92830.0
1990-03-02 23:00:00+00:00,0.02,92.0,0.0,0.0,0.0,243.85,1.66,49.0,92840.0
1990-03-03 00:00:00+00:00,-0.53,91.95,0.0,0.0,0.0,245.2,1.66,50.0,92840.0
1990-03-03 01:00:00+00:00,-0.96,95.6,0.0,0.0,0.0,240.65,1.72,49.0,92850.0
1990-03-03 02:00:00+00:00,-1.34,95.6,0.0,0.0,0.0,242.1,1.72,49.0,92870.0
1990-03-03 03:00:00+00:00,-1.56,95.6,0.0,0.0,0.0,245.75,1.79,49.0,92880.0
1990-03-03 04:00:00+00:00,-1.35,99.4,0.0,0.0,0.0,256.4,1.79,49.0,92910.0
1990-03-03 05:00:00+00:00,-1.2,95.6,0.0,0.0,0.0,261.85,1.86,49.0,92920.0
1990-03-03 06:00:00+00:00,-0.79,95.6,94.0,305.39,51.0,261.45,1.79,50.0,92940.0
1990-03-03 07:00:00+00:00,1.97,88.65,278.0,582.59,96.0,261.85,1.59,48.0,93040.0
1990-03-03 08:00:00+00:00,5.25,73.55,447.0,710.87,122.0,260.5,1.17,41.0,93050.0
1990-03-03 09:00:00+00:00,7.76,54.55,562.0,711.12,160.0,259.7,1.79,38.0,93060.0
1990-03-03 10:00:00+00:00,9.13,48.8,653.0,799.2,150.0,249.45,2.76,28.0,93060.0
1990-03-03 11:00:00+00:00,10.19,42.0,565.0,438.72,282.0,260.65,2.97,16.0,93050.0
1990-03-03 12:00:00+00:00,11.11,37.6,379.0,111.25,311.0,268.2,3.17,7.0,92980.0
1990-03-03 13:00:00+00:00,11.07,37.6,341.0,137.66,268.0,299.75,3.03,4.0,92950.0
1990-03-03 14:00:00+00:00,10.93,37.6,253.0,134.92,198.0,303.85,2.83,7.0,92950.0
1990-03-03 15:00:00+00:00,10.21,40.4,140.0,111.23,112.0,289.3,2.48,17.0,92950.0
1990-03-03 16:00:00+00:00,9.14,45.15,34.0,150.41,23.0,266.3,1.72,25.0,92980.0
1990-03-03 17:00:00+00:00,6.73,68.3,0.0,0.0,0.0,255.85,1.24,42.0,92990.0
1990-03-03 18:00:00+00:00,5.49,63.05,0.0,0.0,0.0,248.65,1.1,54.0,93020.0
1990-03-03 19:00:00+00:00,6.78,50.2,0.0,0.0,0.0,247.1,0.9,62.0,93010.0
1990-03-03 20:00:00+00:00,5.39,58.3,0.0,0.0,0.0,245.75,1.03,61.0,93020.0
1990-03-03 21:00:00+00:00,3.39,65.2,0.0,0.0,0.0,244.2,1.24,60.0,93020.0
1990-03-03 22:00:00+00:00,1.52,72.95,0.0,0.0,0.0,242.85,1.45,63.0,93010.0
1990-03-03 23:00:00+00:00,0.45,75.7,0.0,0.0,0.0,241.9,1.45,60.0,92990.0
1990-03-04 00:00:00+00:00,-0.05,78.65,0.0,0.0,0.0,240.55,1.45,60.0,92980.0
1990-03-04 01:00:00+00:00,-0.58,78.6,0.0,0.0,0.0,239.7,1.45,63.0,92930.0
1990-03-04 02:00:00+00:00,-0.64,78.6,0.0,0.0,0.0,238.6,1.45,61.0,92920.0
1990-03-04 03:00:00+00:00,-0.54,78.6,0.0,0.0,0.0,238.4,1.45,59.0,92890.0
1990-03-04 04:00:00+00:00,-0.3,75.6,0.0,0.0,0.0,239.75,1.38,61.0,92890.0
1990-03-04 05:00:00+00:00,0.04,75.6,0.0,0.0,0.0,239.4,1.38,64.0,92870.0
1990-03-04 06:00:00+00:00,0.64,75.7,93.0,253.19,56.0,239.2,1.31,68.0,92870.0
1990-03-04 07:00:00+00:00,4.17,70.6,244.0,349.29,133.0,242.85,0.62,80.0,92920.0
1990-03-04 08:00:00+00:00,8.07,52.45,415.0,531.8,169.0,247.7,0.69,177.0,92890.0
1990-03-04 09:00:00+00:00,9.58,48.95,591.0,814.87,126.0,253.9,1.38,239.0,92920.0
1990-03-04 10:00:00+00:00,10.45,47.35,666.0,832.0,138.0,256.6,2.21,242.0,92900.0
1990-03-04 11:00:00+00:00,10.99,47.45,681.0,822.91,146.0,263.4,2.41,237.0,92860.0
1990-03-04 12:00:00+00:00,11.26,49.3,612.0,694.65,184.0,260.65,2.62,234.0,92790.0
1990-03-04 13:00:00+00:00,11.12,49.3,535.0,738.39,140.0,261.05,2.69,232.0,92740.0
1990-03-04 14:00:00+00:00,10.8,49.3,384.0,628.5,125.0,259.9,2.48,223.0,92710.0
1990-03-04 15:00:00+00:00,10.13,52.95,210.0,480.56,87.0,257.95,2.07,209.0,92690.0
1990-03-04 16:00:00+00:00,9.06,59.15,42.0,233.27,24.0,254.85,1.38,194.0,92680.0
1990-03-04 17:00:00+00:00,7.1,73.8,0.0,0.0,0.0,250.4,1.31,168.0,92670.0
1990-03-04 18:00:00+00:00,5.02,85.55,0.0,0.0,0.0,247.15,1.52,142.0,92690.0
1990-03-04 19:00:00+00:00,4.02,85.5,0.0,0.0,0.0,249.45,1.66,135.0,92640.0
1990-03-04 20:00:00+00:00,2.91,88.7,0.0,0.0,0.0,248.85,1.79,128.0,92620.0
1990-03-04 21:00:00+00:00,1.98,88.65,0.0,0.0,0.0,247.5,2.0,122.0,92610.0
1990-03-04 22:00:00+00:00,1.55,88.6,0.0,0.0,0.0,253.3,2.07,126.0,92610.0
1990-03-04 23:00:00+00:00,1.31,85.25,0.0,0.0,0.0,253.1,2.07,132.0,92570.0
1990-03-05 00:00:00+00:00,1.42,85.25,0.0,0.0,0.0,267.05,2.07,139.0,92550.0
1990-03-05 01:00:00+00:00,1.51,85.25,0.0,0.0,0.0,268.7,1.93,142.0,92520.0
1990-03-05 02:00:00+00:00,2.18,85.3,0.0,0.0,0.0,295.7,1.66,139.0,92500.0
1990-03-05 03:00:00+00:00,2.13,88.65,0.0,0.0,0.0,289.3,1.66,126.0,92520.0
1990-03-05 04:00:00+00:00,2.63,92.15,0.0,0.0,0.0,309.45,1.45,117.0,92520.0
1990-03-05 05:00:00+00:00,2.75,92.15,0.0,0.0,0.0,314.1,1.52,122.0,92520.0
1990-03-05 06:00:00+00:00,3.13,95.7,50.0,13.2,48.0,315.85,1.52,123.0,92540.0
1990-03-05 07:00:00+00:00,5.25,92.25,116.0,9.28,113.0,328.0,1.45,134.0,92600.0
1990-03-05 08:00:00+00:00,7.39,85.8,298.0,147.44,229.0,329.55,2.21,160.0,92620.0
1990-03-05 09:00:00+00:00,8.28,79.75,276.0,32.99,257.0,334.0,2.62,175.0,92630.0
1990-03-05 10:00:00+00:00,9.28,74.2,264.0,10.94,257.0,328.8,2.69,185.0,92650.0
1990-03-05 11:00:00+00:00,9.56,77.0,161.0,0.0,161.0,320.3,2.62,203.0,92610.0
1990-03-05 12:00:00+00:00,9.5,77.0,262.0,12.88,254.0,329.4,2.55,204.0,92610.0
1990-03-05 13:00:00+00:00,9.8,77.1,304.0,79.69,261.0,321.65,2.48,203.0,92580.0
1990-03-05 14:00:00+00:00,9.43,77.0,225.0,74.43,194.0,327.05,2.21,204.0,92590.0
1990-03-05 15:00:00+00:00,9.15,76.95,110.0,30.75,102.0,313.9,1.72,203.0,92600.0
1990-03-05 16:00:00+00:00,8.5,79.75,17.0,0.0,17.0,311.0,1.24,200.0,92640.0
1990-03-05 17:00:00+00:00,7.28,85.8,0.0,0.0,0.0,297.25,0.9,193.0,92700.0
1990-03-05 18:00:00+00:00,6.82,85.75,0.0,0.0,0.0,318.15,0.62,173.0,92770.0
1990-03-05 19:00:00+00:00,6.31,92.3,0.0,0.0,0.0,313.7,0.9,120.0,92790.0
1990-03-05 20:00:00+00:00,5.7,95.75,0.0,0.0,0.0,300.95,0.97,99.0,92810.0
1990-03-05 21:00:00+00:00,6.36,92.3,0.0,0.0,0.0,311.55,0.69,89.0,92870.0
1990-03-05 22:00:00+00:00,5.57,92.25,0.0,0.0,0.0,320.5,0.9,102.0,92880.0
1990-03-05 23:00:00+00:00,5.07,95.75,0.0,0.0,0.0,331.1,0.9,96.0,92890.0
1990-03-06 00:00:00+00:00,5.3,95.75,0.0,0.0,0.0,331.3,0.69,70.0,92910.0
1990-03-06 01:00:00+00:00,5.21,99.4,0.0,0.0,0.0,327.55,0.55,72.0,92930.0
1990-03-06 02:00:00+00:00,4.85,99.4,0.0,0.0,0.0,323.4,0.62,82.0,92930.0
1990-03-06 03:00:00+00:00,3.96,95.75,0.0,0.0,0.0,304.8,0.9,79.0,92930.0
1990-03-06 04:00:00+00:00,3.73,95.75,0.0,0.0,0.0,310.2,0.9,69.0,92980.0
1990-03-06 05:00:00+00:00,2.82,99.4,0.0,0.0,0.0,291.45,1.1,67.0,93030.0
1990-03-06 06:00:00+00:00,3.22,99.4,110.0,350.52,55.0,294.35,0.9,69.0,93050.0
1990-03-06 07:00:00+00:00,5.3,95.75,298.0,617.66,95.0,313.5,0.9,65.0,93170.0
1990-03-06 08:00:00+00:00,7.49,89.0,469.0,745.63,116.0,305.75,0.62,89.0,93180.0
1990-03-06 09:00:00+00:00,9.19,71.4,599.0,805.02,131.0,312.95,0.62,155.0,93220.0
1990-03-06 10:00:00+00:00,10.77,61.75,630.0,649.54,211.0,288.95,0.97,203.0,93250.0
1990-03-06 11:00:00+00:00,11.78,55.4,605.0,517.98,263.0,272.1,1.45,224.0,93280.0
1990-03-06 12:00:00+00:00,12.53,51.65,565.0,496.92,254.0,270.15,1.86,227.0,93230.0
1990-03-06 13:00:00+00:00,12.58,51.65,541.0,727.64,145.0,279.25,2.28,226.0,93190.0
1990-03-06 14:00:00+00:00,12.2,55.5,407.0,710.34,108.0,270.55,2.48,226.0,93170.0
1990-03-06 15:00:00+00:00,11.39,57.55,215.0,457.72,94.0,267.05,2.28,221.0,93200.0
1990-03-06 16:00:00+00:00,10.34,66.55,48.0,234.77,28.0,266.3,1.45,212.0,93200.0
1990-03-06 17:00:00+00:00,8.61,82.75,0.0,0.0,0.0,259.3,0.97,194.0,93230.0
1990-03-06 18:00:00+00:00,7.48,85.8,0.0,0.0,0.0,262.4,1.03,152.0,93270.0
1990-03-06 19:00:00+00:00,6.09,92.3,0.0,0.0,0.0,258.95,1.24,125.0,93280.0
1990-03-06 20:00:00+00:00,4.94,95.75,0.0,0.0,0.0,263.95,1.45,117.0,93280.0
1990-03-06 21:00:00+00:00,4.24,92.25,0.0,0.0,0.0,264.95,1.52,115.0,93310.0
1990-03-06 22:00:00+00:00,3.73,92.2,0.0,0.0,0.0,275.0,1.66,112.0,93310.0
1990-03-06 23:00:00+00:00,3.22,92.15,0.0,0.0,0.0,273.65,1.66,107.0,93320.0
1990-03-07 00:00:00+00:00,2.8,88.7,0.0,0.0,0.0,274.4,1.79,104.0,93260.0
1990-03-07 01:00:00+00:00,2.37,88.65,0.0,0.0,0.0,268.7,1.86,104.0,93220.0
1990-03-07 02:00:00+00:00,2.53,88.65,0.0,0.0,0.0,280.05,1.79,103.0,93190.0
1990-03-07 03:00:00+00:00,2.56,92.15,0.0,0.0,0.0,277.3,1.79,102.0,93210.0
1990-03-07 04:00:00+00:00,2.56,92.15,0.0,0.0,0.0,275.75,1.86,107.0,93210.0
1990-03-07 05:00:00+00:00,2.88,92.15,0.0,0.0,0.0,287.95,1.93,117.0,93200.0
1990-03-07 06:00:00+00:00,3.52,92.15,97.0,197.1,65.0,282.95,2.0,124.0,93200.0
1990-03-07 07:00:00+00:00,6.59,85.7,166.0,56.86,147.0,278.3,1.72,126.0,93250.0
1990-03-07 08:00:00+00:00,9.78,69.0,380.0,348.74,213.0,286.05,2.48,141.0,93250.0
1990-03-07 09:00:00+00:00,11.1,64.25,484.0,376.68,263.0,295.1,2.97,155.0,93250.0
1990-03-07 10:00:00+00:00,12.23,59.85,496.0,269.11,321.0,302.1,3.24,163.0,93250.0
1990-03-07 11:00:00+00:00,12.93,55.75,611.0,532.1,257.0,292.4,3.38,168.0,93230.0
1990-03-07 12:00:00+00:00,13.32,53.85,601.0,619.96,210.0,285.25,3.52,169.0,93180.0
1990-03-07 13:00:00+00:00,13.31,51.9,533.0,686.92,156.0,289.5,3.66,166.0,93120.0
1990-03-07 14:00:00+00:00,12.78,53.6,344.0,392.66,177.0,281.75,3.52,160.0,93110.0
1990-03-07 15:00:00+00:00,11.98,55.5,222.0,502.75,87.0,280.4,3.31,155.0,93100.0
1990-03-07 16:00:00+00:00,10.78,61.75,45.0,156.99,31.0,279.85,2.9,149.0,93110.0
1990-03-07 17:00:00+00:00,9.31,61.55,0.0,0.0,0.0,270.55,2.62,140.0,93160.0
1990-03-07 18:00:00+00:00,8.22,66.05,0.0,0.0,0.0,268.8,2.48,130.0,93200.0
1990-03-07 19:00:00+00:00,8.03,68.6,0.0,0.0,0.0,264.55,2.55,130.0,93210.0
1990-03-07 20:00:00+00:00,7.37,68.5,0.0,0.0,0.0,267.45,2.41,128.0,93190.0
1990-03-07 21:00:00+00:00,6.75,71.05,0.0,0.0,0.0,263.2,2.41,127.0,93240.0
1990-03-07 22:00:00+00:00,6.26,73.7,0.0,0.0,0.0,265.1,2.41,129.0,93240.0
1990-03-07 23:00:00+00:00,5.74,76.5,0.0,0.0,0.0,261.65,2.41,128.0,93250.0
1990-03-08 00:00:00+00:00,5.37,79.35,0.0,0.0,0.0,265.1,2.41,128.0,93210.0
1990-03-08 01:00:00+00:00,4.99,79.3,0.0,0.0,0.0,264.25,2.41,125.0,93200.0
1990-03-08 02:00:00+00:00,4.51,79.3,0.0,0.0,0.0,260.85,2.34,122.0,93170.0
1990-03-08 03:00:00+00:00,4.05,79.2,0.0,0.0,0.0,262.6,2.28,120.0,93160.0
1990-03-08 04:00:00+00:00,3.47,79.15,0.0,0.0,0.0,258.95,2.21,116.0,93160.0
1990-03-08 05:00:00+00:00,3.01,79.1,0.0,0.0,0.0,260.1,2.07,111.0,93150.0
1990-03-08 06:00:00+00:00,3.4,76.15,94.0,154.93,68.0,265.9,2.0,109.0,93170.0
1990-03-08 07:00:00+00:00,7.09,71.05,269.0,394.56,135.0,288.55,1.79,122.0,93230.0
1990-03-08 08:00:00+00:00,9.78,57.15,439.0,567.81,164.0,292.05,2.69,138.0,93270.0
1990-03-08 09:00:00+00:00,10.91,59.6,523.0,486.44,235.0,295.1,3.03,150.0,93290.0
1990-03-08 10:00:00+00:00,11.98,57.65,601.0,538.52,248.0,295.9,3.17,160.0,93310.0
1990-03-08 11:00:00+00:00,12.75,57.75,639.0,616.13,226.0,296.85,3.17,168.0,93320.0
1990-03-08 12:00:00+00:00,12.99,57.9,593.0,579.08,225.0,297.25,3.03,170.0,93270.0
1990-03-08 13:00:00+00:00,12.97,57.9,494.0,516.8,208.0,310.2,2.97,171.0,93260.0
1990-03-08 14:00:00+00:00,12.69,59.95,371.0,498.07,157.0,299.2,2.9,170.0,93230.0
1990-03-08 15:00:00+00:00,11.95,62.1,218.0,447.42,96.0,295.1,2.69,166.0,93250.0
1990-03-08 16:00:00+00:00,10.89,66.65,50.0,193.23,32.0,293.2,2.07,161.0,93260.0
1990-03-08 17:00:00+00:00,9.69,74.2,0.0,0.0,0.0,300.15,1.59,157.0,93310.0
1990-03-08 18:00:00+00:00,8.71,79.75,0.0,0.0,0.0,305.4,1.38,143.0,93380.0
1990-03-08 19:00:00+00:00,7.61,82.65,0.0,0.0,0.0,282.75,1.38,130.0,93380.0
1990-03-08 20:00:00+00:00,6.71,85.7,0.0,0.0,0.0,296.65,1.59,122.0,93390.0
1990-03-08 21:00:00+00:00,6.12,85.65,0.0,0.0,0.0,294.95,1.52,124.0,93430.0
1990-03-08 22:00:00+00:00,6.21,88.9,0.0,0.0,0.0,309.05,1.38,119.0,93480.0
1990-03-08 23:00:00+00:00,6.23,88.9,0.0,0.0,0.0,308.85,1.17,104.0,93480.0
1990-03-09 00:00:00+00:00,6.33,85.7,0.0,0.0,0.0,327.25,1.1,122.0,93480.0
1990-03-09 01:00:00+00:00,6.28,88.95,0.0,0.0,0.0,329.3,1.31,129.0,93490.0
1990-03-09 02:00:00+00:00,6.17,92.3,0.0,0.0,0.0,328.4,1.38,134.0,93450.0
1990-03-09 03:00:00+00:00,6.54,92.3,0.0,0.0,0.0,342.35,1.31,124.0,93440.0
1990-03-09 04:00:00+00:00,6.7,95.8,0.0,0.0,0.0,347.0,1.31,110.0,93430.0
1990-03-09 05:00:00+00:00,6.81,92.35,0.0,0.0,0.0,349.1,1.1,124.0,93420.0
1990-03-09 06:00:00+00:00,7.11,95.8,52.0,5.77,51.0,347.75,1.31,138.0,93450.0
1990-03-09 07:00:00+00:00,8.33,85.9,55.0,0.0,55.0,337.3,1.52,132.0,93470.0
1990-03-09 08:00:00+00:00,8.99,85.95,131.0,0.0,131.0,335.55,2.0,142.0,93490.0
1990-03-09 09:00:00+00:00,9.3,85.95,147.0,0.0,147.0,342.95,1.93,154.0,93520.0
1990-03-09 10:00:00+00:00,9.43,85.95,61.0,0.0,61.0,348.15,1.86,167.0,93520.0
1990-03-09 11:00:00+00:00,9.58,89.15,63.0,0.0,63.0,352.6,2.0,172.0,93510.0
1990-03-09 12:00:00+00:00,8.95,92.45,152.0,0.0,152.0,356.1,1.52,178.0,93460.0
1990-03-09 13:00:00+00:00,9.24,92.45,151.0,0.0,151.0,356.5,1.59,169.0,93410.0
1990-03-09 14:00:00+00:00,9.59,89.15,323.0,290.33,197.0,360.55,1.86,169.0,93390.0
1990-03-09 15:00:00+00:00,9.47,89.15,157.0,122.83,123.0,353.95,2.07,175.0,93360.0
1990-03-09 16:00:00+00:00,8.81,92.45,44.0,102.98,34.0,337.1,1.52,183.0,93400.0
1990-03-09 17:00:00+00:00,8.27,95.85,0.0,0.0,0.0,329.75,1.1,175.0,93400.0
1990-03-09 18:00:00+00:00,7.69,99.4,0.0,0.0,0.0,322.05,1.03,169.0,93450.0
1990-03-09 19:00:00+00:00,7.87,99.4,0.0,0.0,0.0,345.25,0.69,201.0,93480.0
1990-03-09 20:00:00+00:00,7.58,99.4,0.0,0.0,0.0,342.75,0.83,186.0,93460.0
1990-03-09 21:00:00+00:00,7.05,99.4,0.0,0.0,0.0,335.2,0.83,176.0,93470.0
1990-03-09 22:00:00+00:00,6.63,99.4,0.0,0.0,0.0,331.5,0.9,170.0,93480.0
1990-03-09 23:00:00+00:00,6.39,99.4,0.0,0.0,0.0,333.45,0.76,166.0,93470.0
1990-03-10 00:00:00+00:00,6.08,99.4,0.0,0.0,0.0,333.65,0.76,147.0,93480.0
1990-03-10 01:00:00+00:00,5.4,99.4,0.0,0.0,0.0,316.9,0.9,115.0,93490.0
1990-03-10 02:00:00+00:00,5.03,99.4,0.0,0.0,0.0,316.8,1.1,101.0,93440.0
1990-03-10 03:00:00+00:00,4.2,95.75,0.0,0.0,0.0,298.4,1.17,81.0,93430.0
1990-03-10 04:00:00+00:00,3.55,99.4,0.0,0.0,0.0,296.65,1.17,74.0,93430.0
1990-03-10 05:00:00+00:00,3.29,95.7,0.0,0.0,0.0,297.85,1.24,75.0,93430.0
1990-03-10 06:00:00+00:00,3.44,95.7,114.0,240.43,71.0,286.4,1.03,77.0,93450.0
1990-03-10 07:00:00+00:00,5.67,88.85,294.0,476.25,127.0,275.6,0.69,77.0,93520.0
1990-03-10 08:00:00+00:00,8.97,68.8,481.0,710.77,129.0,269.0,0.97,176.0,93520.0
1990-03-10 09:00:00+00:00,10.41,61.75,618.0,809.62,130.0,272.65,1.72,202.0,93480.0
1990-03-10 10:00:00+00:00,11.43,59.7,668.0,732.87,180.0,279.05,2.34,202.0,93440.0
1990-03-10 11:00:00+00:00,12.11,57.65,552.0,339.56,321.0,288.15,2.97,202.0,93360.0
1990-03-10 12:00:00+00:00,12.12,57.65,623.0,646.49,206.0,289.9,3.31,200.0,93230.0
1990-03-10 13:00:00+00:00,12.02,55.5,508.0,533.35,208.0,289.3,3.59,201.0,93160.0
1990-03-10 14:00:00+00:00,11.3,57.55,263.0,120.93,210.0,277.7,3.59,202.0,93130.0
1990-03-10 15:00:00+00:00,10.36,61.75,191.0,245.64,122.0,292.2,3.31,201.0,93100.0
1990-03-10 16:00:00+00:00,9.23,68.8,30.0,9.9,29.0,285.65,2.69,199.0,93070.0
1990-03-10 17:00:00+00:00,8.34,71.35,0.0,0.0,0.0,288.35,1.93,188.0,93070.0
1990-03-10 18:00:00+00:00,8.02,73.95,0.0,0.0,0.0,316.6,1.72,174.0,93070.0
1990-03-10 19:00:00+00:00,7.99,71.25,0.0,0.0,0.0,328.6,1.45,172.0,93060.0
1990-03-10 20:00:00+00:00,8.07,73.95,0.0,0.0,0.0,345.65,1.45,170.0,93020.0
1990-03-10 21:00:00+00:00,8.09,73.95,0.0,0.0,0.0,345.45,1.86,168.0,93020.0
1990-03-10 22:00:00+00:00,7.98,79.7,0.0,0.0,0.0,344.3,1.72,166.0,92990.0
1990-03-10 23:00:00+00:00,7.74,85.8,0.0,0.0,0.0,336.35,1.59,166.0,92960.0
1990-03-11 00:00:00+00:00,7.6,89.0,0.0,0.0,0.0,341.75,1.52,159.0,92920.0
1990-03-11 01:00:00+00:00,7.43,92.35,0.0,0.0,0.0,339.75,1.38,151.0,92870.0
1990-03-11 02:00:00+00:00,7.4,95.8,0.0,0.0,0.0,343.3,1.24,143.0,92840.0
1990-03-11 03:00:00+00:00,7.25,95.8,0.0,0.0,0.0,336.75,1.24,135.0,92810.0
1990-03-11 04:00:00+00:00,7.13,99.4,0.0,0.0,0.0,334.0,1.17,129.0,92780.0
1990-03-11 05:00:00+00:00,7.08,99.4,0.0,0.0,0.0,334.2,1.24,134.0,92730.0
1990-03-11 06:00:00+00:00,7.19,99.4,32.0,0.0,32.0,332.3,1.31,142.0,92720.0
1990-03-11 07:00:00+00:00,8.38,85.9,145.0,19.65,138.0,332.5,2.14,154.0,92740.0
1990-03-11 08:00:00+00:00,9.32,79.9,73.0,0.0,73.0,330.75,2.34,171.0,92720.0
1990-03-11 09:00:00+00:00,9.7,79.9,85.0,0.0,85.0,346.4,2.55,184.0,92660.0
1990-03-11 10:00:00+00:00,9.98,79.95,116.0,0.0,116.0,348.95,2.34,192.0,92580.0
1990-03-11 11:00:00+00:00,10.05,82.95,105.0,0.0,105.0,344.3,2.28,189.0,92480.0
1990-03-11 12:00:00+00:00,9.95,82.95,84.0,0.0,84.0,328.05,2.0,195.0,92380.0
1990-03-11 13:00:00+00:00,9.33,82.9,77.0,0.0,77.0,348.75,2.69,197.0,92240.0
1990-03-11 14:00:00+00:00,9.15,85.95,84.0,0.0,84.0,332.85,3.17,196.0,92160.0
1990-03-11 15:00:00+00:00,8.31,92.4,47.0,0.0,47.0,345.05,2.62,195.0,92110.0
1990-03-11 16:00:00+00:00,7.67,95.8,18.0,0.0,18.0,342.95,2.41,195.0,92050.0
1990-03-11 17:00:00+00:00,7.08,95.8,0.0,0.0,0.0,341.75,1.86,209.0,92000.0
1990-03-11 18:00:00+00:00,6.24,99.4,0.0,0.0,0.0,340.2,0.48,266.0,91990.0
1990-03-11 19:00:00+00:00,4.1,95.75,0.0,0.0,0.0,324.95,2.14,29.0,92090.0
1990-03-11 20:00:00+00:00,1.92,92.1,0.0,0.0,0.0,315.05,2.69,36.0,92120.0
1990-03-11 21:00:00+00:00,1.24,82.0,0.0,0.0,0.0,303.05,2.69,48.0,92100.0
1990-03-11 22:00:00+00:00,1.4,72.95,0.0,0.0,0.0,292.2,3.59,59.0,92050.0
1990-03-11 23:00:00+00:00,1.32,67.4,0.0,0.0,0.0,274.05,5.03,60.0,92030.0
1990-03-12 00:00:00+00:00,0.88,67.3,0.0,0.0,0.0,267.85,5.17,53.0,92000.0
1990-03-12 01:00:00+00:00,0.41,69.95,0.0,0.0,0.0,291.95,5.1,51.0,91980.0
1990-03-12 02:00:00+00:00,0.28,67.2,0.0,0.0,0.0,301.1,5.66,45.0,91950.0
1990-03-12 03:00:00+00:00,0.13,69.85,0.0,0.0,0.0,298.4,5.66,39.0,92010.0
1990-03-12 04:00:00+00:00,-0.38,72.6,0.0,0.0,0.0,297.05,5.86,36.0,92070.0
1990-03-12 05:00:00+00:00,-0.69,69.75,0.0,0.0,0.0,294.15,5.79,36.0,92120.0
1990-03-12 06:00:00+00:00,-0.81,69.75,43.0,0.0,43.0,291.05,4.83,36.0,92180.0
1990-03-12 07:00:00+00:00,-0.73,67.0,203.0,91.23,170.0,271.1,4.97,38.0,92250.0
1990-03-12 08:00:00+00:00,-0.21,61.9,323.0,136.32,254.0,270.75,5.45,37.0,92270.0
1990-03-12 09:00:00+00:00,0.62,57.2,348.0,71.73,304.0,264.75,6.41,38.0,92280.0
1990-03-12 10:00:00+00:00,1.51,53.0,321.0,25.14,304.0,264.95,6.55,37.0,92300.0
1990-03-12 11:00:00+00:00,2.34,49.15,376.0,55.06,338.0,261.25,6.62,38.0,92340.0
1990-03-12 12:00:00+00:00,2.97,47.3,364.0,62.65,323.0,254.85,6.41,37.0,92350.0
1990-03-12 13:00:00+00:00,3.4,45.55,511.0,486.49,233.0,252.95,6.28,37.0,92360.0
1990-03-12 14:00:00+00:00,3.42,45.55,405.0,550.57,159.0,241.7,6.0,36.0,92400.0
1990-03-12 15:00:00+00:00,3.01,47.3,248.0,529.35,95.0,239.0,5.24,34.0,92450.0
1990-03-12 16:00:00+00:00,2.23,53.25,70.0,321.45,35.0,230.5,4.97,30.0,92480.0
1990-03-12 17:00:00+00:00,1.14,59.7,0.0,0.0,0.0,226.6,4.69,32.0,92530.0
1990-03-12 18:00:00+00:00,0.45,64.55,0.0,0.0,0.0,225.05,4.62,35.0,92590.0
1990-03-12 19:00:00+00:00,-0.19,67.1,0.0,0.0,0.0,220.2,4.62,41.0,92660.0
1990-03-12 20:00:00+00:00,-0.51,69.75,0.0,0.0,0.0,218.5,4.34,42.0,92680.0
1990-03-12 21:00:00+00:00,-0.66,67.0,0.0,0.0,0.0,222.55,4.14,44.0,92730.0
1990-03-12 22:00:00+00:00,-0.81,67.0,0.0,0.0,0.0,226.4,3.93,45.0,92710.0
1990-03-12 23:00:00+00:00,-1.03,66.9,0.0,0.0,0.0,215.95,3.66,45.0,92720.0
1990-03-13 00:00:00+00:00,-1.34,69.55,0.0,0.0,0.0,216.15,3.17,47.0,92740.0
1990-03-13 01:00:00+00:00,-1.99,72.3,0.0,0.0,0.0,216.1,2.41,50.0,92750.0
1990-03-13 02:00:00+00:00,-3.46,78.15,0.0,0.0,0.0,209.4,1.79,48.0,92740.0
1990-03-13 03:00:00+00:00,-5.59,88.0,0.0,0.0,0.0,205.9,1.79,47.0,92740.0
1990-03-13 04:00:00+00:00,-7.23,87.95,0.0,0.0,0.0,211.15,1.93,52.0,92750.0
1990-03-13 05:00:00+00:00,-8.34,87.85,0.0,0.0,0.0,211.7,2.0,54.0,92750.0
1990-03-13 06:00:00+00:00,-8.39,87.85,144.0,357.95,74.0,214.8,2.0,57.0,92760.0
1990-03-13 07:00:00+00:00,-4.72,84.6,298.0,389.34,155.0,225.45,1.59,53.0,92730.0
1990-03-13 08:00:00+00:00,-0.54,67.0,475.0,564.86,186.0,228.55,1.24,53.0,92700.0
1990-03-13 09:00:00+00:00,4.22,42.3,605.0,641.64,208.0,221.6,0.55,56.0,92690.0
1990-03-13 10:00:00+00:00,6.1,34.75,661.0,609.13,246.0,223.3,0.48,278.0,92640.0
1990-03-13 11:00:00+00:00,5.91,42.55,702.0,693.45,220.0,227.0,1.03,270.0,92610.0
1990-03-13 12:00:00+00:00,6.54,41.0,655.0,669.07,214.0,233.4,1.03,261.0,92510.0
1990-03-13 13:00:00+00:00,6.27,44.45,536.0,552.2,218.0,239.0,1.31,249.0,92460.0
1990-03-13 14:00:00+00:00,6.37,44.45,269.0,106.42,221.0,249.05,1.72,242.0,92430.0
1990-03-13 15:00:00+00:00,5.87,48.0,240.0,443.59,110.0,246.75,2.0,236.0,92430.0
1990-03-13 16:00:00+00:00,4.4,58.2,46.0,53.21,40.0,242.1,1.52,229.0,92420.0
1990-03-13 17:00:00+00:00,3.27,65.2,0.0,0.0,0.0,242.1,1.1,219.0,92430.0
1990-03-13 18:00:00+00:00,3.87,60.4,0.0,0.0,0.0,239.2,0.69,179.0,92470.0
1990-03-13 19:00:00+00:00,3.31,60.3,0.0,0.0,0.0,241.15,0.28,182.0,92460.0
1990-03-13 20:00:00+00:00,2.74,62.6,0.0,0.0,0.0,233.2,0.48,89.0,92470.0
1990-03-13 21:00:00+00:00,1.57,72.95,0.0,0.0,0.0,229.3,0.97,69.0,92450.0
1990-03-13 22:00:00+00:00,0.23,75.7,0.0,0.0,0.0,236.85,1.24,69.0,92450.0
1990-03-13 23:00:00+00:00,-0.02,81.8,0.0,0.0,0.0,262.2,1.03,70.0,92390.0
1990-03-14 00:00:00+00:00,0.32,78.75,0.0,0.0,0.0,277.9,0.97,76.0,92410.0
1990-03-14 01:00:00+00:00,1.13,75.75,0.0,0.0,0.0,293.9,0.97,86.0,92380.0
1990-03-14 02:00:00+00:00,1.44,70.1,0.0,0.0,0.0,299.2,0.97,87.0,92330.0
1990-03-14 03:00:00+00:00,0.62,72.75,0.0,0.0,0.0,300.55,1.1,76.0,92290.0
1990-03-14 04:00:00+00:00,0.43,75.7,0.0,0.0,0.0,307.3,1.24,58.0,92240.0
1990-03-14 05:00:00+00:00,0.45,78.75,0.0,0.0,0.0,306.95,1.1,50.0,92210.0
1990-03-14 06:00:00+00:00,0.23,78.75,110.0,124.28,85.0,304.6,1.31,50.0,92200.0
1990-03-14 07:00:00+00:00,0.91,85.2,68.0,0.0,68.0,306.15,1.45,43.0,92270.0
1990-03-14 08:00:00+00:00,1.32,82.0,98.0,0.0,98.0,305.55,1.52,44.0,92280.0
1990-03-14 09:00:00+00:00,1.27,85.25,132.0,0.0,132.0,308.85,1.59,47.0,92260.0
1990-03-14 10:00:00+00:00,1.75,82.05,210.0,0.0,210.0,308.65,1.52,49.0,92260.0
1990-03-14 11:00:00+00:00,2.41,79.0,284.0,8.57,278.0,309.65,1.66,44.0,92230.0
1990-03-14 12:00:00+00:00,3.13,76.1,406.0,103.95,337.0,312.35,1.72,40.0,92210.0
1990-03-14 13:00:00+00:00,3.95,70.6,532.0,546.29,215.0,308.5,1.86,46.0,92150.0
1990-03-14 14:00:00+00:00,4.87,65.4,257.0,85.67,218.0,285.45,2.21,45.0,92130.0
1990-03-14 15:00:00+00:00,5.19,60.5,103.0,6.73,101.0,283.1,2.0,37.0,92140.0
1990-03-14 16:00:00+00:00,3.69,67.8,60.0,145.74,43.0,286.05,1.31,24.0,92150.0
1990-03-14 17:00:00+00:00,2.73,67.7,0.0,0.0,0.0,257.95,1.24,15.0,92190.0
1990-03-14 18:00:00+00:00,2.07,64.9,0.0,0.0,0.0,231.05,1.38,21.0,92210.0
1990-03-14 19:00:00+00:00,1.47,70.1,0.0,0.0,0.0,236.85,1.24,44.0,92210.0
1990-03-14 20:00:00+00:00,-0.18,75.6,0.0,0.0,0.0,229.3,1.31,55.0,92180.0
1990-03-14 21:00:00+00:00,-0.62,75.55,0.0,0.0,0.0,229.3,1.31,50.0,92210.0
1990-03-14 22:00:00+00:00,-1.37,81.65,0.0,0.0,0.0,227.2,1.38,58.0,92260.0
1990-03-14 23:00:00+00:00,-1.59,81.65,0.0,0.0,0.0,243.85,1.31,62.0,92230.0
1990-03-15 00:00:00+00:00,-1.57,84.95,0.0,0.0,0.0,267.45,1.17,64.0,92210.0
1990-03-15 01:00:00+00:00,-1.57,88.35,0.0,0.0,0.0,269.9,1.17,62.0,92180.0
1990-03-15 02:00:00+00:00,-1.37,88.35,0.0,0.0,0.0,274.4,1.1,61.0,92160.0
1990-03-15 03:00:00+00:00,-1.45,88.35,0.0,0.0,0.0,275.4,1.1,58.0,92160.0
1990-03-15 04:00:00+00:00,-2.65,91.85,0.0,0.0,0.0,250.6,1.24,56.0,92150.0
1990-03-15 05:00:00+00:00,-3.2,88.25,0.0,0.0,0.0,240.35,1.31,56.0,92160.0
1990-03-15 06:00:00+00:00,-1.33,85.0,163.0,469.11,66.0,233.4,1.03,55.0,92200.0
1990-03-15 07:00:00+00:00,3.65,73.3,351.0,650.09,105.0,255.45,0.34,60.0,92230.0
1990-03-15 08:00:00+00:00,5.9,58.45,527.0,780.82,119.0,251.75,0.76,308.0,92250.0
1990-03-15 09:00:00+00:00,6.09,63.15,660.0,845.37,128.0,246.35,1.52,302.0,92280.0
1990-03-15 10:00:00+00:00,7.18,58.65,662.0,607.39,242.0,247.5,2.0,302.0,92310.0
1990-03-15 11:00:00+00:00,9.45,48.95,738.0,820.09,160.0,252.55,2.41,309.0,92320.0
1990-03-15 12:00:00+00:00,9.78,49.05,617.0,538.63,257.0,273.65,2.48,302.0,92320.0
1990-03-15 13:00:00+00:00,9.81,51.0,553.0,608.91,197.0,277.7,2.41,300.0,92310.0
1990-03-15 14:00:00+00:00,9.7,50.85,451.0,742.33,110.0,284.65,2.41,311.0,92340.0
1990-03-15 15:00:00+00:00,9.7,48.95,282.0,694.23,73.0,287.6,2.0,296.0,92370.0
1990-03-15 16:00:00+00:00,8.99,54.8,81.0,356.86,38.0,285.65,1.59,267.0,92410.0
1990-03-15 17:00:00+00:00,7.25,73.9,0.0,0.0,0.0,280.8,1.17,244.0,92480.0
1990-03-15 18:00:00+00:00,6.74,73.8,0.0,0.0,0.0,265.1,0.76,240.0,92560.0
1990-03-15 19:00:00+00:00,6.27,76.55,0.0,0.0,0.0,250.8,0.21,34.0,92600.0
1990-03-15 20:00:00+00:00,5.46,82.4,0.0,0.0,0.0,249.45,0.97,73.0,92620.0
1990-03-15 21:00:00+00:00,2.8,85.4,0.0,0.0,0.0,247.3,1.31,70.0,92670.0
1990-03-15 22:00:00+00:00,1.66,92.05,0.0,0.0,0.0,247.9,1.31,71.0,92680.0
1990-03-15 23:00:00+00:00,2.83,88.7,0.0,0.0,0.0,249.45,1.1,85.0,92700.0
1990-03-16 00:00:00+00:00,3.99,85.5,0.0,0.0,0.0,252.15,0.97,93.0,92710.0
1990-03-16 01:00:00+00:00,3.48,85.45,0.0,0.0,0.0,261.75,0.97,82.0,92740.0
1990-03-16 02:00:00+00:00,2.73,85.4,0.0,0.0,0.0,257.2,1.1,74.0,92720.0
1990-03-16 03:00:00+00:00,1.31,88.6,0.0,0.0,0.0,258.15,1.31,78.0,92750.0
1990-03-16 04:00:00+00:00,0.76,92.05,0.0,0.0,0.0,266.85,1.38,76.0,92740.0
1990-03-16 05:00:00+00:00,0.6,95.65,0.0,0.0,0.0,268.8,1.31,74.0,92770.0
1990-03-16 06:00:00+00:00,2.18,92.1,84.0,28.25,78.0,271.7,0.9,77.0,92810.0
1990-03-16 07:00:00+00:00,5.51,88.85,191.0,54.69,170.0,263.6,0.62,133.0,92890.0
1990-03-16 08:00:00+00:00,8.02,73.95,339.0,147.74,261.0,270.35,1.03,191.0,92930.0
1990-03-16 09:00:00+00:00,9.36,66.35,631.0,729.63,168.0,275.75,1.31,215.0,92940.0
1990-03-16 10:00:00+00:00,10.56,61.75,733.0,857.11,136.0,276.95,1.79,224.0,92960.0
1990-03-16 11:00:00+00:00,11.54,59.7,732.0,804.66,161.0,281.4,2.07,231.0,92950.0
1990-03-16 12:00:00+00:00,12.29,55.65,628.0,576.58,240.0,287.4,2.34,243.0,92940.0
1990-03-16 13:00:00+00:00,12.48,57.75,574.0,696.11,164.0,299.55,2.48,248.0,92890.0
1990-03-16 14:00:00+00:00,12.26,59.85,417.0,567.43,154.0,318.15,2.28,248.0,92900.0
1990-03-16 15:00:00+00:00,11.64,62.0,215.0,275.4,131.0,292.8,1.66,243.0,92910.0
1990-03-16 16:00:00+00:00,10.83,66.65,65.0,144.78,47.0,277.5,1.1,233.0,92910.0
1990-03-16 17:00:00+00:00,9.09,82.85,0.0,0.0,0.0,272.5,0.83,217.0,92960.0
1990-03-16 18:00:00+00:00,8.79,76.95,0.0,0.0,0.0,267.25,0.76,161.0,93010.0
1990-03-16 19:00:00+00:00,7.69,82.65,0.0,0.0,0.0,267.05,0.76,121.0,93030.0
1990-03-16 20:00:00+00:00,6.6,85.7,0.0,0.0,0.0,265.1,1.03,88.0,93050.0
1990-03-16 21:00:00+00:00,4.83,92.25,0.0,0.0,0.0,258.75,1.31,80.0,93080.0
1990-03-16 22:00:00+00:00,3.58,92.15,0.0,0.0,0.0,257.95,1.45,78.0,93100.0
1990-03-16 23:00:00+00:00,2.71,92.15,0.0,0.0,0.0,256.05,1.59,73.0,93090.0
1990-03-17 00:00:00+00:00,1.85,92.1,0.0,0.0,0.0,255.25,1.66,68.0,93050.0
1990-03-17 01:00:00+00:00,1.23,92.05,0.0,0.0,0.0,253.05,1.59,66.0,93070.0
1990-03-17 02:00:00+00:00,0.77,92.05,0.0,0.0,0.0,254.3,1.66,65.0,93020.0
1990-03-17 03:00:00+00:00,0.47,95.65,0.0,0.0,0.0,253.3,1.66,64.0,93040.0
1990-03-17 04:00:00+00:00,0.25,92.0,0.0,0.0,0.0,253.7,1.66,64.0,93040.0
1990-03-17 05:00:00+00:00,0.19,92.0,5.0,0.0,5.0,257.2,1.66,63.0,93030.0
1990-03-17 06:00:00+00:00,1.69,92.05,178.0,518.28,65.0,261.05,1.31,64.0,93040.0
1990-03-17 07:00:00+00:00,7.22,79.55,369.0,690.59,100.0,260.1,0.76,99.0,93090.0
1990-03-17 08:00:00+00:00,10.48,61.75,541.0,794.92,117.0,265.9,1.31,150.0,93100.0
1990-03-17 09:00:00+00:00,11.96,57.65,675.0,859.63,125.0,273.65,1.59,177.0,93120.0
1990-03-17 10:00:00+00:00,13.07,55.75,744.0,862.38,139.0,277.1,1.93,191.0,93110.0
1990-03-17 11:00:00+00:00,13.98,53.95,760.0,867.87,140.0,279.85,2.21,198.0,93080.0
1990-03-17 12:00:00+00:00,14.42,52.15,698.0,791.18,162.0,277.3,2.34,201.0,93000.0
1990-03-17 13:00:00+00:00,14.56,52.15,611.0,814.11,128.0,283.3,2.48,200.0,92950.0
1990-03-17 14:00:00+00:00,14.16,52.0,465.0,765.63,107.0,277.9,2.48,195.0,92900.0
1990-03-17 15:00:00+00:00,13.37,53.85,277.0,624.73,84.0,279.65,2.41,190.0,92900.0
1990-03-17 16:00:00+00:00,12.1,59.85,90.0,390.18,40.0,274.2,1.79,185.0,92870.0
1990-03-17 17:00:00+00:00,10.33,66.55,0.0,0.0,0.0,270.15,1.59,166.0,92860.0
1990-03-17 18:00:00+00:00,8.4,76.85,0.0,0.0,0.0,270.35,1.52,147.0,92860.0
1990-03-17 19:00:00+00:00,6.78,85.75,0.0,0.0,0.0,270.15,1.52,143.0,92830.0
1990-03-17 20:00:00+00:00,6.04,88.9,0.0,0.0,0.0,279.65,1.38,143.0,92850.0
1990-03-17 21:00:00+00:00,5.57,88.85,0.0,0.0,0.0,272.5,1.31,139.0,92850.0
1990-03-17 22:00:00+00:00,5.21,92.25,0.0,0.0,0.0,262.2,1.24,122.0,92860.0
1990-03-17 23:00:00+00:00,4.37,92.25,0.0,0.0,0.0,272.3,1.38,112.0,92850.0
1990-03-18 00:00:00+00:00,3.95,92.2,0.0,0.0,0.0,283.9,1.45,105.0,92830.0
1990-03-18 01:00:00+00:00,3.87,92.2,0.0,0.0,0.0,287.1,1.45,103.0,92790.0
1990-03-18 02:00:00+00:00,3.69,95.7,0.0,0.0,0.0,287.6,1.52,101.0,92740.0
1990-03-18 03:00:00+00:00,3.57,95.7,0.0,0.0,0.0,287.95,1.52,102.0,92720.0
1990-03-18 04:00:00+00:00,3.57,95.7,0.0,0.0,0.0,293.6,1.52,106.0,92700.0
1990-03-18 05:00:00+00:00,3.61,95.7,8.0,0.0,8.0,295.7,1.45,106.0,92700.0
1990-03-18 06:00:00+00:00,4.64,92.25,68.0,4.47,67.0,297.25,1.1,106.0,92720.0
1990-03-18 07:00:00+00:00,7.47,85.8,136.0,5.06,134.0,323.55,2.55,138.0,92760.0
1990-03-18 08:00:00+00:00,8.7,79.75,166.0,0.0,166.0,296.5,2.97,153.0,92750.0
1990-03-18 09:00:00+00:00,9.96,69.0,95.0,0.0,95.0,316.05,3.31,164.0,92760.0
1990-03-18 10:00:00+00:00,10.62,64.1,108.0,0.0,108.0,324.75,3.38,173.0,92760.0
1990-03-18 11:00:00+00:00,11.06,64.25,110.0,0.0,110.0,328.2,3.52,177.0,92750.0
1990-03-18 12:00:00+00:00,11.5,62.0,95.0,0.0,95.0,325.5,3.66,179.0,92720.0
1990-03-18 13:00:00+00:00,11.34,62.0,94.0,0.0,94.0,325.9,3.66,178.0,92670.0
1990-03-18 14:00:00+00:00,11.04,69.15,269.0,91.17,226.0,327.25,3.17,176.0,92650.0
1990-03-18 15:00:00+00:00,10.54,71.7,115.0,9.59,112.0,327.25,3.31,172.0,92660.0
1990-03-18 16:00:00+00:00,9.89,74.3,41.0,7.58,40.0,330.15,2.62,166.0,92700.0
1990-03-18 17:00:00+00:00,8.99,82.85,0.0,0.0,0.0,309.45,1.79,153.0,92730.0
1990-03-18 18:00:00+00:00,8.2,89.05,0.0,0.0,0.0,306.55,1.66,139.0,92780.0
1990-03-18 19:00:00+00:00,8.08,92.4,0.0,0.0,0.0,340.4,1.45,136.0,92820.0
1990-03-18 20:00:00+00:00,7.52,92.35,0.0,0.0,0.0,316.6,1.52,125.0,92830.0
1990-03-18 21:00:00+00:00,6.71,95.8,0.0,0.0,0.0,303.65,1.31,112.0,92830.0
1990-03-18 22:00:00+00:00,5.86,95.75,0.0,0.0,0.0,300.35,1.24,103.0,92850.0
1990-03-18 23:00:00+00:00,5.27,92.25,0.0,0.0,0.0,295.7,1.17,89.0,92860.0
1990-03-19 00:00:00+00:00,4.67,92.25,0.0,0.0,0.0,295.5,1.17,79.0,92850.0
1990-03-19 01:00:00+00:00,4.24,92.25,0.0,0.0,0.0,292.9,1.17,71.0,92830.0
1990-03-19 02:00:00+00:00,4.57,92.25,0.0,0.0,0.0,322.8,1.1,70.0,92830.0
1990-03-19 03:00:00+00:00,3.94,95.75,0.0,0.0,0.0,297.65,1.24,69.0,92820.0
1990-03-19 04:00:00+00:00,4.09,95.75,0.0,0.0,0.0,313.7,1.17,66.0,92830.0
1990-03-19 05:00:00+00:00,4.07,95.75,3.0,0.0,3.0,316.2,1.17,64.0,92830.0
1990-03-19 06:00:00+00:00,4.82,92.25,164.0,327.08,89.0,307.9,1.1,64.0,92870.0
1990-03-19 07:00:00+00:00,7.63,89.0,210.0,69.89,182.0,340.4,1.59,140.0,92900.0
1990-03-19 08:00:00+00:00,8.39,89.1,333.0,119.45,268.0,340.0,1.79,149.0,92900.0
1990-03-19 09:00:00+00:00,9.21,85.95,235.0,3.08,233.0,329.55,2.14,158.0,92920.0
1990-03-19 10:00:00+00:00,9.78,79.95,66.0,0.0,66.0,340.6,2.07,171.0,92920.0
1990-03-19 11:00:00+00:00,10.06,79.95,335.0,22.1,319.0,349.1,2.55,181.0,92930.0
1990-03-19 12:00:00+00:00,10.17,79.95,131.0,0.0,131.0,346.0,2.14,190.0,92920.0
1990-03-19 13:00:00+00:00,10.65,77.15,424.0,209.38,298.0,334.6,1.93,198.0,92890.0
1990-03-19 14:00:00+00:00,10.94,77.2,230.0,39.94,211.0,345.45,1.38,213.0,92890.0
1990-03-19 15:00:00+00:00,10.67,77.15,78.0,0.0,78.0,340.8,1.17,220.0,92910.0
1990-03-19 16:00:00+00:00,10.16,82.95,47.0,22.1,44.0,334.8,0.9,238.0,92930.0
1990-03-19 17:00:00+00:00,9.37,85.95,0.0,0.0,0.0,330.95,0.55,269.0,92990.0
1990-03-19 18:00:00+00:00,8.09,95.8,0.0,0.0,0.0,311.4,0.9,12.0,93070.0
1990-03-19 19:00:00+00:00,6.16,95.75,0.0,0.0,0.0,284.85,1.52,40.0,93110.0
1990-03-19 20:00:00+00:00,4.88,95.75,0.0,0.0,0.0,281.95,1.72,42.0,93150.0
1990-03-19 21:00:00+00:00,4.48,92.25,0.0,0.0,0.0,293.55,1.72,43.0,93170.0
1990-03-19 22:00:00+00:00,4.23,92.25,0.0,0.0,0.0,293.2,1.79,45.0,93200.0
1990-03-19 23:00:00+00:00,3.98,95.75,0.0,0.0,0.0,290.65,1.79,44.0,93210.0
1990-03-20 00:00:00+00:00,3.66,95.7,0.0,0.0,0.0,282.35,1.86,43.0,93220.0
1990-03-20 01:00:00+00:00,3.21,92.15,0.0,0.0,0.0,276.65,1.93,42.0,93240.0
1990-03-20 02:00:00+00:00,3.07,92.15,0.0,0.0,0.0,281.6,2.0,42.0,93220.0
1990-03-20 03:00:00+00:00,2.96,92.15,0.0,0.0,0.0,283.5,2.0,42.0,93240.0
1990-03-20 04:00:00+00:00,2.75,88.7,0.0,0.0,0.0,279.65,2.07,42.0,93250.0
1990-03-20 05:00:00+00:00,2.61,88.65,9.0,0.0,9.0,278.5,2.07,42.0,93300.0
1990-03-20 06:00:00+00:00,3.46,85.45,42.0,0.0,42.0,286.6,2.07,41.0,93340.0
1990-03-20 07:00:00+00:00,5.08,82.35,236.0,110.8,191.0,306.75,2.28,42.0,93430.0
1990-03-20 08:00:00+00:00,6.7,73.7,294.0,61.87,260.0,287.4,2.34,42.0,93430.0
1990-03-20 09:00:00+00:00,8.25,66.05,452.0,184.63,331.0,305.0,2.48,42.0,93460.0
1990-03-20 10:00:00+00:00,9.74,61.55,518.0,216.35,363.0,299.75,2.62,44.0,93450.0
1990-03-20 11:00:00+00:00,10.9,55.3,688.0,591.61,257.0,311.75,2.9,49.0,93460.0
1990-03-20 12:00:00+00:00,11.84,53.5,351.0,41.98,322.0,308.5,2.97,52.0,93430.0
1990-03-20 13:00:00+00:00,11.8,53.5,507.0,404.31,262.0,320.3,3.1,50.0,93420.0
1990-03-20 14:00:00+00:00,11.65,55.4,391.0,396.1,201.0,311.55,3.31,49.0,93420.0
1990-03-20 15:00:00+00:00,10.82,55.3,216.0,227.73,143.0,311.55,2.9,43.0,93440.0
1990-03-20 16:00:00+00:00,9.44,57.05,71.0,121.88,54.0,312.15,2.55,41.0,93470.0
1990-03-20 17:00:00+00:00,8.19,61.2,0.0,0.0,0.0,308.65,2.48,43.0,93550.0
1990-03-20 18:00:00+00:00,7.04,65.85,0.0,0.0,0.0,295.9,2.41,44.0,93600.0
1990-03-20 19:00:00+00:00,6.15,70.85,0.0,0.0,0.0,287.6,2.28,44.0,93660.0
1990-03-20 20:00:00+00:00,5.49,70.8,0.0,0.0,0.0,293.75,2.34,43.0,93700.0
1990-03-20 21:00:00+00:00,4.95,73.45,0.0,0.0,0.0,294.55,2.34,42.0,93760.0
1990-03-20 22:00:00+00:00,4.5,73.45,0.0,0.0,0.0,291.65,2.28,42.0,93780.0
1990-03-20 23:00:00+00:00,4.05,73.4,0.0,0.0,0.0,282.35,2.21,43.0,93790.0
1990-03-21 00:00:00+00:00,3.71,73.4,0.0,0.0,0.0,284.3,2.28,44.0,93770.0
1990-03-21 01:00:00+00:00,3.32,76.15,0.0,0.0,0.0,280.9,2.28,45.0,93760.0
1990-03-21 02:00:00+00:00,3.01,76.1,0.0,0.0,0.0,279.85,2.34,45.0,93760.0
1990-03-21 03:00:00+00:00,2.83,76.1,0.0,0.0,0.0,282.75,2.34,44.0,93760.0
1990-03-21 04:00:00+00:00,2.72,76.1,0.0,0.0,0.0,283.1,2.34,44.0,93770.0
1990-03-21 05:00:00+00:00,2.54,79.0,13.0,18.77,12.0,278.1,2.34,45.0,93790.0
1990-03-21 06:00:00+00:00,2.97,79.1,192.0,461.42,81.0,260.3,2.34,44.0,93830.0
1990-03-21 07:00:00+00:00,4.89,73.45,387.0,675.32,109.0,272.85,2.48,43.0,93910.0
1990-03-21 08:00:00+00:00,7.26,61.1,557.0,774.93,127.0,276.75,2.55,42.0,93920.0
1990-03-21 09:00:00+00:00,9.55,57.05,670.0,763.05,166.0,262.2,2.83,45.0,93920.0
1990-03-21 10:00:00+00:00,11.4,51.35,768.0,874.8,137.0,266.3,2.9,48.0,93890.0
1990-03-21 11:00:00+00:00,12.74,49.7,783.0,879.76,138.0,269.0,3.72,50.0,93860.0
1990-03-21 12:00:00+00:00,13.74,46.35,731.0,852.96,138.0,275.6,3.86,51.0,93800.0
1990-03-21 13:00:00+00:00,14.02,43.1,634.0,837.54,123.0,273.05,4.07,52.0,93760.0
1990-03-21 14:00:00+00:00,13.95,43.1,480.0,767.11,109.0,271.1,3.93,51.0,93730.0
1990-03-21 15:00:00+00:00,13.47,42.95,291.0,619.64,90.0,269.95,3.72,48.0,93730.0
1990-03-21 16:00:00+00:00,12.37,44.35,100.0,377.04,46.0,271.1,3.38,44.0,93740.0
1990-03-21 17:00:00+00:00,10.74,47.35,0.0,0.0,0.0,266.85,3.17,43.0,93760.0
1990-03-21 18:00:00+00:00,9.28,48.95,0.0,0.0,0.0,263.0,2.97,44.0,93820.0
1990-03-21 19:00:00+00:00,8.1,52.45,0.0,0.0,0.0,256.8,2.34,42.0,93860.0
1990-03-21 20:00:00+00:00,6.66,58.55,0.0,0.0,0.0,255.65,2.07,42.0,93910.0
1990-03-21 21:00:00+00:00,5.09,65.4,0.0,0.0,0.0,250.6,1.93,44.0,93930.0
1990-03-21 22:00:00+00:00,3.68,70.5,0.0,0.0,0.0,246.95,1.86,47.0,93950.0
1990-03-21 23:00:00+00:00,2.63,76.0,0.0,0.0,0.0,245.2,1.86,48.0,93920.0
1990-03-22 00:00:00+00:00,1.84,78.95,0.0,0.0,0.0,244.4,1.93,48.0,93930.0
1990-03-22 01:00:00+00:00,1.21,78.9,0.0,0.0,0.0,241.8,1.93,47.0,93930.0
1990-03-22 02:00:00+00:00,0.67,85.15,0.0,0.0,0.0,241.15,1.93,49.0,93920.0
1990-03-22 03:00:00+00:00,0.31,81.9,0.0,0.0,0.0,241.7,1.93,49.0,93910.0
1990-03-22 04:00:00+00:00,-0.05,85.1,0.0,0.0,0.0,238.4,1.93,49.0,93890.0
1990-03-22 05:00:00+00:00,-0.29,81.8,23.0,84.81,18.0,238.05,1.93,49.0,93900.0
1990-03-22 06:00:00+00:00,1.46,82.0,211.0,568.68,71.0,237.85,1.79,47.0,93910.0
1990-03-22 07:00:00+00:00,6.51,68.3,408.0,740.73,99.0,240.75,1.66,45.0,93950.0
1990-03-22 08:00:00+00:00,9.14,52.7,581.0,828.26,117.0,246.55,1.86,44.0,93900.0
1990-03-22 09:00:00+00:00,11.31,45.8,715.0,890.91,122.0,252.55,1.86,41.0,93880.0
1990-03-22 10:00:00+00:00,13.16,41.2,788.0,904.76,131.0,258.95,2.21,43.0,93840.0
1990-03-22 11:00:00+00:00,14.58,35.75,802.0,908.17,132.0,263.95,2.21,50.0,93800.0
1990-03-22 12:00:00+00:00,15.47,34.5,742.0,854.81,144.0,268.2,1.93,51.0,93720.0
1990-03-22 13:00:00+00:00,15.87,33.35,647.0,854.72,122.0,271.3,2.0,46.0,93680.0
1990-03-22 14:00:00+00:00,15.7,34.5,492.0,785.54,109.0,273.05,2.48,47.0,93640.0
1990-03-22 15:00:00+00:00,14.93,33.2,300.0,639.9,90.0,271.5,2.83,50.0,93630.0
1990-03-22 16:00:00+00:00,13.53,35.45,111.0,462.76,43.0,270.35,2.76,49.0,93630.0
1990-03-22 17:00:00+00:00,11.63,36.3,0.0,0.0,0.0,267.65,2.76,48.0,93630.0
1990-03-22 18:00:00+00:00,10.02,38.85,0.0,0.0,0.0,263.2,2.48,47.0,93670.0
1990-03-22 19:00:00+00:00,8.98,43.4,0.0,0.0,0.0,260.3,2.07,45.0,93620.0
1990-03-22 20:00:00+00:00,6.88,54.3,0.0,0.0,0.0,257.6,1.93,44.0,93640.0
1990-03-22 21:00:00+00:00,5.15,62.95,0.0,0.0,0.0,254.65,1.93,44.0,93650.0
1990-03-22 22:00:00+00:00,3.87,65.3,0.0,0.0,0.0,252.35,1.93,46.0,93630.0
1990-03-22 23:00:00+00:00,2.95,67.7,0.0,0.0,0.0,251.4,1.93,48.0,93640.0
1990-03-23 00:00:00+00:00,2.35,70.3,0.0,0.0,0.0,250.4,2.0,48.0,93630.0
1990-03-23 01:00:00+00:00,1.82,73.0,0.0,0.0,0.0,248.4,1.93,50.0,93600.0
1990-03-23 02:00:00+00:00,1.38,75.85,0.0,0.0,0.0,247.7,1.93,52.0,93570.0
1990-03-23 03:00:00+00:00,1.0,75.75,0.0,0.0,0.0,246.75,1.93,52.0,93560.0
1990-03-23 04:00:00+00:00,0.68,75.75,0.0,0.0,0.0,245.75,1.93,52.0,93540.0
1990-03-23 05:00:00+00:00,0.44,78.75,29.0,139.23,20.0,245.0,2.0,50.0,93540.0
1990-03-23 06:00:00+00:00,2.28,76.0,217.0,579.83,71.0,244.8,1.72,50.0,93560.0
1990-03-23 07:00:00+00:00,7.65,63.5,413.0,738.23,101.0,248.85,1.59,47.0,93530.0
1990-03-23 08:00:00+00:00,10.79,45.7,585.0,825.81,118.0,254.85,1.79,46.0,93520.0
1990-03-23 09:00:00+00:00,12.87,42.8,718.0,888.66,122.0,261.25,2.0,46.0,93500.0
1990-03-23 10:00:00+00:00,14.66,40.1,790.0,901.54,131.0,267.05,2.21,46.0,93470.0
1990-03-23 11:00:00+00:00,16.04,38.85,805.0,905.3,133.0,271.3,2.21,47.0,93450.0
1990-03-23 12:00:00+00:00,16.76,37.55,748.0,866.64,138.0,274.6,2.41,42.0,93410.0
1990-03-23 13:00:00+00:00,16.9,37.65,653.0,863.64,119.0,276.55,2.9,43.0,93380.0
1990-03-23 14:00:00+00:00,16.53,39.0,497.0,793.56,107.0,278.3,3.1,46.0,93350.0
1990-03-23 15:00:00+00:00,15.81,43.4,306.0,656.74,88.0,278.3,3.03,48.0,93320.0
1990-03-23 16:00:00+00:00,14.64,44.9,76.0,106.21,60.0,277.5,2.83,47.0,93320.0
1990-03-23 17:00:00+00:00,12.87,46.2,0.0,0.0,0.0,274.6,2.83,46.0,93340.0
1990-03-23 18:00:00+00:00,11.36,51.35,0.0,0.0,0.0,271.5,2.76,46.0,93390.0
1990-03-23 19:00:00+00:00,10.41,59.5,0.0,0.0,0.0,268.2,2.0,44.0,93370.0
1990-03-23 20:00:00+00:00,8.12,73.95,0.0,0.0,0.0,263.75,1.79,43.0,93390.0
1990-03-23 21:00:00+00:00,6.18,82.5,0.0,0.0,0.0,258.95,1.86,45.0,93420.0
1990-03-23 22:00:00+00:00,4.76,85.55,0.0,0.0,0.0,255.45,1.86,47.0,93430.0
1990-03-23 23:00:00+00:00,3.73,85.5,0.0,0.0,0.0,251.95,1.86,49.0,93440.0
1990-03-24 00:00:00+00:00,2.96,88.7,0.0,0.0,0.0,248.85,1.93,50.0,93460.0
1990-03-24 01:00:00+00:00,2.38,92.15,0.0,0.0,0.0,245.9,1.93,51.0,93440.0
1990-03-24 02:00:00+00:00,1.82,92.1,0.0,0.0,0.0,243.85,1.93,51.0,93430.0
1990-03-24 03:00:00+00:00,1.3,92.05,0.0,0.0,0.0,241.3,1.86,52.0,93410.0
1990-03-24 04:00:00+00:00,0.85,92.05,0.0,0.0,0.0,239.95,1.86,53.0,93390.0
1990-03-24 05:00:00+00:00,0.51,95.65,36.0,199.09,22.0,238.8,1.86,52.0,93400.0
1990-03-24 06:00:00+00:00,2.56,92.15,228.0,606.06,72.0,238.8,1.59,50.0,93400.0
1990-03-24 07:00:00+00:00,9.11,71.4,424.0,756.85,100.0,241.7,1.24,47.0,93400.0
1990-03-24 08:00:00+00:00,12.7,42.7,598.0,842.73,117.0,249.25,1.31,44.0,93400.0
1990-03-24 09:00:00+00:00,14.66,31.8,733.0,902.77,123.0,255.85,1.31,47.0,93390.0
1990-03-24 10:00:00+00:00,16.18,29.7,801.0,903.85,136.0,261.45,1.03,57.0,93380.0
1990-03-24 11:00:00+00:00,17.23,27.7,815.0,907.87,137.0,266.3,0.28,82.0,93350.0
1990-03-24 12:00:00+00:00,17.8,26.8,762.0,879.79,139.0,270.15,0.41,241.0,93290.0
1990-03-24 13:00:00+00:00,17.9,26.9,662.0,867.68,122.0,271.9,0.9,250.0,93230.0
1990-03-24 14:00:00+00:00,17.59,28.95,505.0,799.49,109.0,272.5,1.45,249.0,93200.0
1990-03-24 15:00:00+00:00,16.61,34.8,312.0,667.3,88.0,272.1,1.66,247.0,93160.0
1990-03-24 16:00:00+00:00,15.22,43.4,116.0,447.1,47.0,270.55,1.31,238.0,93150.0
1990-03-24 17:00:00+00:00,12.77,64.55,0.0,0.0,0.0,268.2,1.1,233.0,93150.0
1990-03-24 18:00:00+00:00,12.9,51.75,0.0,0.0,0.0,264.95,0.48,232.0,93170.0
1990-03-24 19:00:00+00:00,12.33,55.65,0.0,0.0,0.0,262.2,0.21,26.0,93130.0
1990-03-24 20:00:00+00:00,11.48,57.55,0.0,0.0,0.0,259.15,0.76,59.0,93120.0
1990-03-24 21:00:00+00:00,9.99,64.0,0.0,0.0,0.0,255.85,1.17,63.0,93080.0
1990-03-24 22:00:00+00:00,7.22,76.65,0.0,0.0,0.0,252.55,1.45,64.0,93070.0
1990-03-24 23:00:00+00:00,5.47,79.35,0.0,0.0,0.0,249.85,1.66,64.0,93010.0
1990-03-25 00:00:00+00:00,4.33,79.3,0.0,0.0,0.0,247.1,1.72,64.0,92980.0
1990-03-25 01:00:00+00:00,4.11,82.3,0.0,0.0,0.0,245.3,1.59,66.0,92950.0
1990-03-25 02:00:00+00:00,5.44,73.55,0.0,0.0,0.0,244.2,1.45,73.0,92900.0
1990-03-25 03:00:00+00:00,6.58,65.75,0.0,0.0,0.0,244.4,1.38,76.0,92850.0
1990-03-25 04:00:00+00:00,7.01,63.35,0.0,0.0,0.0,244.4,1.31,78.0,92830.0
1990-03-25 05:00:00+00:00,6.33,63.25,37.0,157.9,25.0,244.6,1.38,77.0,92810.0
1990-03-25 06:00:00+00:00,6.38,68.3,223.0,536.16,82.0,246.35,1.24,81.0,92810.0
1990-03-25 07:00:00+00:00,10.38,61.75,420.0,719.68,108.0,252.55,0.76,137.0,92810.0
1990-03-25 08:00:00+00:00,12.72,42.7,596.0,824.66,121.0,257.75,1.31,189.0,92760.0
1990-03-25 09:00:00+00:00,13.81,39.95,730.0,884.4,128.0,263.4,1.79,218.0,92750.0
1990-03-25 10:00:00+00:00,14.55,41.65,801.0,896.72,137.0,268.05,2.28,231.0,92680.0
1990-03-25 11:00:00+00:00,15.02,43.4,814.0,901.14,137.0,271.3,2.55,238.0,92650.0
1990-03-25 12:00:00+00:00,15.13,45.05,765.0,885.81,134.0,275.0,2.69,239.0,92570.0
1990-03-25 13:00:00+00:00,14.96,45.05,662.0,860.55,123.0,276.35,2.69,238.0,92510.0
1990-03-25 14:00:00+00:00,14.46,48.4,508.0,803.39,107.0,282.15,2.48,233.0,92440.0
1990-03-25 15:00:00+00:00,13.71,53.85,317.0,677.68,87.0,274.2,2.21,232.0,92410.0
1990-03-25 16:00:00+00:00,12.68,57.75,122.0,481.04,46.0,272.5,1.45,235.0,92370.0
1990-03-25 17:00:00+00:00,11.24,69.15,0.0,0.0,0.0,268.2,0.97,233.0,92370.0
1990-03-25 18:00:00+00:00,10.6,69.1,0.0,0.0,0.0,264.75,0.34,211.0,92360.0
1990-03-25 19:00:00+00:00,10.29,69.1,0.0,0.0,0.0,261.45,0.55,124.0,92320.0
1990-03-25 20:00:00+00:00,9.04,76.95,0.0,0.0,0.0,259.7,1.03,99.0,92310.0
1990-03-25 21:00:00+00:00,7.11,82.6,0.0,0.0,0.0,258.95,1.24,87.0,92280.0
1990-03-25 22:00:00+00:00,5.99,85.65,0.0,0.0,0.0,255.45,1.31,73.0,92260.0
1990-03-25 23:00:00+00:00,4.28,92.25,0.0,0.0,0.0,259.3,1.52,55.0,92250.0
1990-03-26 00:00:00+00:00,2.95,95.7,0.0,0.0,0.0,260.3,1.59,45.0,92270.0
1990-03-26 01:00:00+00:00,2.83,95.7,0.0,0.0,0.0,272.6,1.86,38.0,92280.0
1990-03-26 02:00:00+00:00,3.59,92.15,0.0,0.0,0.0,282.95,2.21,38.0,92280.0
1990-03-26 03:00:00+00:00,3.83,85.5,0.0,0.0,0.0,287.95,2.41,40.0,92290.0
1990-03-26 04:00:00+00:00,3.76,82.3,0.0,0.0,0.0,276.95,2.48,43.0,92340.0
1990-03-26 05:00:00+00:00,3.47,79.15,44.0,220.42,26.0,271.3,2.41,43.0,92360.0
1990-03-26 06:00:00+00:00,4.19,73.4,209.0,417.05,97.0,272.85,2.55,43.0,92410.0
1990-03-26 07:00:00+00:00,5.33,65.55,359.0,412.37,178.0,268.05,3.45,46.0,92470.0
1990-03-26 08:00:00+00:00,6.37,60.85,512.0,492.09,226.0,274.8,4.41,50.0,92510.0
1990-03-26 09:00:00+00:00,7.59,56.55,553.0,338.37,321.0,278.65,4.62,51.0,92530.0
1990-03-26 10:00:00+00:00,8.39,52.6,577.0,279.14,369.0,285.65,4.55,47.0,92540.0
1990-03-26 11:00:00+00:00,9.1,50.7,471.0,111.16,387.0,286.05,4.55,48.0,92560.0
1990-03-26 12:00:00+00:00,9.49,48.95,506.0,196.79,365.0,290.65,4.55,48.0,92560.0
1990-03-26 13:00:00+00:00,9.34,47.05,391.0,117.4,317.0,298.6,4.69,47.0,92580.0
1990-03-26 14:00:00+00:00,8.58,48.65,194.0,7.95,190.0,306.35,4.62,47.0,92610.0
1990-03-26 15:00:00+00:00,7.83,50.45,128.0,11.66,124.0,303.05,4.55,50.0,92620.0
1990-03-26 16:00:00+00:00,6.97,52.2,29.0,0.0,29.0,289.9,4.28,51.0,92660.0
1990-03-26 17:00:00+00:00,5.91,54.05,0.0,0.0,0.0,283.3,3.66,49.0,92690.0
1990-03-26 18:00:00+00:00,5.2,58.2,0.0,0.0,0.0,282.75,3.1,46.0,92780.0
1990-03-26 19:00:00+00:00,3.76,60.4,0.0,0.0,0.0,276.95,2.76,48.0,92890.0
1990-03-26 20:00:00+00:00,3.24,62.7,0.0,0.0,0.0,275.95,2.69,47.0,92930.0
1990-03-26 21:00:00+00:00,2.99,65.1,0.0,0.0,0.0,284.65,2.62,47.0,92990.0
1990-03-26 22:00:00+00:00,2.89,62.6,0.0,0.0,0.0,279.25,2.62,48.0,93030.0
1990-03-26 23:00:00+00:00,3.16,57.8,0.0,0.0,0.0,294.95,2.83,49.0,93050.0
1990-03-27 00:00:00+00:00,3.03,55.55,0.0,0.0,0.0,299.2,2.76,50.0,93050.0
1990-03-27 01:00:00+00:00,2.47,60.05,0.0,0.0,0.0,275.7,2.55,46.0,93080.0
1990-03-27 02:00:00+00:00,2.21,62.5,0.0,0.0,0.0,293.2,2.55,49.0,93080.0
1990-03-27 03:00:00+00:00,1.4,72.95,0.0,0.0,0.0,266.5,2.41,49.0,93090.0
1990-03-27 04:00:00+00:00,0.97,75.75,0.0,0.0,0.0,260.1,2.41,49.0,93090.0
1990-03-27 05:00:00+00:00,0.75,75.75,47.0,206.15,29.0,252.95,2.48,48.0,93120.0
1990-03-27 06:00:00+00:00,1.74,73.0,140.0,76.62,119.0,244.8,2.34,49.0,93160.0
1990-03-27 07:00:00+00:00,3.38,55.7,318.0,247.58,208.0,272.1,3.31,50.0,93210.0
1990-03-27 08:00:00+00:00,4.37,51.7,533.0,542.34,215.0,283.1,3.17,53.0,93230.0
1990-03-27 09:00:00+00:00,5.18,53.8,733.0,873.22,130.0,291.45,4.07,53.0,93230.0
1990-03-27 10:00:00+00:00,6.01,49.95,802.0,885.57,138.0,289.9,4.28,51.0,93220.0
1990-03-27 11:00:00+00:00,7.22,48.25,811.0,877.56,144.0,289.9,4.28,50.0,93220.0
1990-03-27 12:00:00+00:00,8.44,43.25,553.0,270.59,358.0,289.9,4.28,51.0,93200.0
1990-03-27 13:00:00+00:00,9.39,38.7,399.0,122.99,321.0,273.65,4.14,54.0,93190.0
1990-03-27 14:00:00+00:00,9.69,38.7,292.0,92.76,245.0,264.15,3.93,53.0,93170.0
1990-03-27 15:00:00+00:00,9.4,37.2,254.0,297.06,151.0,259.1,3.86,53.0,93160.0
1990-03-27 16:00:00+00:00,8.55,38.4,128.0,478.03,49.0,255.25,3.52,48.0,93160.0
1990-03-27 17:00:00+00:00,7.04,39.55,0.0,0.0,0.0,248.65,3.52,44.0,93170.0
1990-03-27 18:00:00+00:00,5.73,42.55,0.0,0.0,0.0,248.1,3.59,43.0,93230.0
1990-03-27 19:00:00+00:00,4.43,47.7,0.0,0.0,0.0,241.5,3.93,43.0,93270.0
1990-03-27 20:00:00+00:00,3.46,53.5,0.0,0.0,0.0,241.7,4.0,45.0,93320.0
1990-03-27 21:00:00+00:00,2.93,57.8,0.0,0.0,0.0,255.25,3.86,48.0,93360.0
1990-03-27 22:00:00+00:00,2.49,60.05,0.0,0.0,0.0,247.7,3.52,49.0,93380.0
1990-03-27 23:00:00+00:00,2.16,62.35,0.0,0.0,0.0,246.95,3.03,49.0,93370.0
1990-03-28 00:00:00+00:00,1.96,59.95,0.0,0.0,0.0,250.05,2.83,48.0,93370.0
1990-03-28 01:00:00+00:00,1.64,62.25,0.0,0.0,0.0,239.7,2.83,48.0,93350.0
1990-03-28 02:00:00+00:00,1.39,59.8,0.0,0.0,0.0,235.15,2.97,49.0,93350.0
1990-03-28 03:00:00+00:00,1.15,59.7,0.0,0.0,0.0,233.4,2.83,51.0,93330.0
1990-03-28 04:00:00+00:00,0.83,55.05,0.0,0.0,0.0,231.05,2.62,51.0,93320.0
1990-03-28 05:00:00+00:00,0.5,57.2,58.0,322.73,28.0,223.9,2.55,51.0,93320.0
1990-03-28 06:00:00+00:00,1.46,53.0,255.0,650.88,73.0,218.65,2.28,49.0,93350.0
1990-03-28 07:00:00+00:00,3.94,35.75,450.0,771.7,103.0,221.2,3.38,50.0,93380.0
1990-03-28 08:00:00+00:00,5.86,34.75,606.0,786.17,141.0,225.45,4.07,52.0,93400.0
1990-03-28 09:00:00+00:00,7.73,35.15,754.0,900.18,128.0,229.3,4.28,54.0,93380.0
1990-03-28 10:00:00+00:00,9.13,34.2,829.0,923.92,132.0,234.55,4.34,53.0,93380.0
1990-03-28 11:00:00+00:00,10.03,33.1,837.0,914.46,138.0,239.75,4.69,54.0,93380.0
1990-03-28 12:00:00+00:00,10.7,33.25,791.0,912.08,130.0,242.65,4.55,55.0,93350.0
1990-03-28 13:00:00+00:00,11.05,33.4,685.0,887.03,119.0,246.15,4.41,55.0,93310.0
1990-03-28 14:00:00+00:00,10.93,33.4,518.0,787.62,116.0,246.75,4.41,54.0,93300.0
1990-03-28 15:00:00+00:00,10.47,33.25,326.0,656.47,96.0,247.7,4.28,52.0,93310.0
1990-03-28 16:00:00+00:00,9.48,34.35,131.0,473.74,51.0,245.75,3.72,46.0,93340.0
1990-03-28 17:00:00+00:00,7.92,36.75,0.0,0.0,0.0,244.4,3.93,45.0,93390.0
1990-03-28 18:00:00+00:00,6.36,42.7,0.0,0.0,0.0,240.95,3.72,46.0,93440.0
1990-03-28 19:00:00+00:00,5.51,46.0,0.0,0.0,0.0,238.05,4.07,48.0,93460.0
1990-03-28 20:00:00+00:00,4.68,47.7,0.0,0.0,0.0,233.6,4.0,49.0,93490.0
1990-03-28 21:00:00+00:00,4.15,47.6,0.0,0.0,0.0,230.5,3.86,49.0,93530.0
1990-03-28 22:00:00+00:00,3.86,43.9,0.0,0.0,0.0,228.95,3.86,50.0,93540.0
1990-03-28 23:00:00+00:00,3.72,43.9,0.0,0.0,0.0,226.8,3.86,51.0,93550.0
1990-03-29 00:00:00+00:00,3.64,43.75,0.0,0.0,0.0,225.85,3.93,50.0,93560.0
1990-03-29 01:00:00+00:00,3.6,42.0,0.0,0.0,0.0,224.8,3.86,49.0,93550.0
1990-03-29 02:00:00+00:00,3.5,42.0,0.0,0.0,0.0,224.3,3.72,49.0,93540.0
1990-03-29 03:00:00+00:00,3.36,42.0,0.0,0.0,0.0,223.7,3.52,49.0,93550.0
1990-03-29 04:00:00+00:00,3.16,43.6,0.0,0.0,0.0,223.5,3.17,48.0,93550.0
1990-03-29 05:00:00+00:00,2.94,47.3,53.0,182.59,35.0,223.7,2.76,47.0,93590.0
1990-03-29 06:00:00+00:00,3.82,47.6,165.0,119.25,131.0,223.5,2.34,46.0,93620.0
1990-03-29 07:00:00+00:00,6.19,39.25,458.0,775.88,105.0,223.3,4.07,44.0,93580.0
1990-03-29 08:00:00+00:00,7.77,33.9,632.0,854.91,122.0,227.6,4.55,47.0,93630.0
1990-03-29 09:00:00+00:00,9.13,34.2,766.0,912.55,127.0,233.2,4.62,46.0,93640.0
1990-03-29 10:00:00+00:00,10.36,33.25,837.0,922.34,137.0,239.0,4.41,43.0,93650.0
1990-03-29 11:00:00+00:00,11.35,32.25,854.0,939.29,132.0,244.4,4.28,41.0,93650.0
1990-03-29 12:00:00+00:00,11.95,32.35,802.0,923.5,129.0,248.65,4.21,40.0,93640.0
1990-03-29 13:00:00+00:00,12.2,33.7,695.0,898.87,118.0,251.95,4.14,38.0,93610.0
1990-03-29 14:00:00+00:00,12.0,33.7,533.0,822.82,110.0,252.75,4.07,37.0,93570.0
1990-03-29 15:00:00+00:00,11.3,34.9,337.0,692.17,92.0,253.15,4.07,36.0,93560.0
1990-03-29 16:00:00+00:00,10.1,37.3,140.0,527.67,49.0,251.4,3.59,36.0,93580.0
1990-03-29 17:00:00+00:00,8.62,41.6,0.0,0.0,0.0,249.45,3.59,39.0,93590.0
1990-03-29 18:00:00+00:00,7.3,46.55,0.0,0.0,0.0,245.6,3.52,42.0,93610.0
1990-03-29 19:00:00+00:00,6.76,50.2,0.0,0.0,0.0,243.85,3.59,47.0,93560.0
1990-03-29 20:00:00+00:00,6.04,51.95,0.0,0.0,0.0,241.3,3.31,49.0,93550.0
1990-03-29 21:00:00+00:00,5.53,53.9,0.0,0.0,0.0,242.1,2.83,49.0,93540.0
1990-03-29 22:00:00+00:00,5.19,55.95,0.0,0.0,0.0,248.1,2.48,48.0,93570.0
1990-03-29 23:00:00+00:00,5.08,55.95,0.0,0.0,0.0,265.5,2.28,47.0,93550.0
1990-03-30 00:00:00+00:00,4.91,55.95,0.0,0.0,0.0,275.75,2.07,47.0,93540.0
1990-03-30 01:00:00+00:00,4.51,58.2,0.0,0.0,0.0,280.7,1.79,48.0,93510.0
1990-03-30 02:00:00+00:00,3.71,62.8,0.0,0.0,0.0,275.4,1.59,49.0,93510.0
1990-03-30 03:00:00+00:00,2.91,70.4,0.0,0.0,0.0,271.7,1.52,50.0,93490.0
1990-03-30 04:00:00+00:00,1.61,78.9,0.0,0.0,0.0,246.55,1.59,50.0,93490.0
1990-03-30 05:00:00+00:00,0.79,78.8,35.0,28.8,32.0,242.85,1.59,50.0,93510.0
1990-03-30 06:00:00+00:00,3.14,79.1,142.0,58.5,125.0,244.6,1.38,48.0,93510.0
1990-03-30 07:00:00+00:00,7.62,58.8,353.0,312.88,209.0,257.6,1.24,44.0,93530.0
1990-03-30 08:00:00+00:00,9.88,43.7,429.0,214.43,300.0,258.55,1.79,44.0,93490.0
1990-03-30 09:00:00+00:00,11.72,37.75,510.0,211.35,361.0,257.95,2.34,46.0,93480.0
1990-03-30 10:00:00+00:00,13.19,32.65,824.0,897.26,139.0,260.1,2.48,45.0,93430.0
1990-03-30 11:00:00+00:00,14.35,30.6,840.0,913.45,134.0,263.4,2.69,44.0,93380.0
1990-03-30 12:00:00+00:00,15.11,30.7,789.0,898.0,131.0,267.05,2.83,44.0,93340.0
1990-03-30 13:00:00+00:00,15.47,31.95,684.0,871.91,121.0,269.6,2.83,45.0,93290.0
1990-03-30 14:00:00+00:00,15.43,31.95,524.0,795.78,112.0,270.95,2.97,49.0,93240.0
1990-03-30 15:00:00+00:00,14.98,31.95,330.0,654.49,96.0,271.3,3.03,51.0,93210.0
1990-03-30 16:00:00+00:00,13.97,34.25,139.0,494.24,52.0,269.6,2.62,49.0,93200.0
1990-03-30 17:00:00+00:00,12.27,36.45,0.0,0.0,0.0,266.5,2.41,47.0,93210.0
1990-03-30 18:00:00+00:00,10.55,40.55,0.0,0.0,0.0,263.2,2.14,43.0,93230.0
1990-03-30 19:00:00+00:00,9.07,50.7,0.0,0.0,0.0,261.45,1.86,45.0,93220.0
1990-03-30 20:00:00+00:00,6.79,61.0,0.0,0.0,0.0,258.95,1.79,45.0,93230.0
1990-03-30 21:00:00+00:00,5.06,68.0,0.0,0.0,0.0,255.65,1.79,46.0,93230.0
1990-03-30 22:00:00+00:00,3.94,70.6,0.0,0.0,0.0,252.95,1.86,47.0,93230.0
1990-03-30 23:00:00+00:00,3.09,76.1,0.0,0.0,0.0,250.4,1.86,47.0,93210.0
1990-03-31 00:00:00+00:00,2.36,76.0,0.0,0.0,0.0,248.3,1.86,47.0,93170.0
1990-03-31 01:00:00+00:00,1.89,78.95,0.0,0.0,0.0,246.25,1.86,46.0,93140.0
1990-03-31 02:00:00+00:00,1.4,82.0,0.0,0.0,0.0,244.8,1.86,46.0,93090.0
1990-03-31 03:00:00+00:00,0.98,81.95,0.0,0.0,0.0,243.05,1.86,46.0,93070.0
1990-03-31 04:00:00+00:00,0.64,85.15,0.0,0.0,0.0,241.7,1.86,47.0,93050.0
1990-03-31 05:00:00+00:00,0.56,85.15,74.0,373.53,33.0,240.75,1.86,49.0,93040.0
1990-03-31 06:00:00+00:00,3.56,79.15,271.0,651.98,78.0,241.15,1.59,48.0,93010.0
1990-03-31 07:00:00+00:00,10.19,61.65,467.0,777.69,105.0,244.6,1.17,43.0,93030.0
1990-03-31 08:00:00+00:00,13.54,39.8,643.0,867.14,117.0,251.6,1.17,41.0,93000.0
1990-03-31 09:00:00+00:00,15.56,33.2,772.0,913.02,124.0,257.95,0.97,30.0,92960.0
1990-03-31 10:00:00+00:00,17.02,28.8,838.0,911.6,138.0,263.2,1.1,21.0,92920.0
1990-03-31 11:00:00+00:00,17.98,25.9,849.0,914.97,138.0,267.65,1.1,17.0,92870.0
1990-03-31 12:00:00+00:00,18.55,25.05,807.0,924.42,126.0,271.3,1.03,21.0,92810.0
1990-03-31 13:00:00+00:00,18.79,25.05,692.0,874.58,124.0,273.85,0.9,22.0,92760.0
1990-03-31 14:00:00+00:00,18.64,25.05,526.0,776.84,121.0,275.4,0.97,25.0,92720.0
1990-03-31 15:00:00+00:00,18.03,25.9,332.0,634.21,103.0,275.2,0.76,27.0,92690.0
1990-03-31 16:00:00+00:00,12.87,39.31,135.0,423.22,59.0,253.99,0.98,33.0,92710.0
1990-03-31 17:00:00+00:00,12.28,43.25,0.0,0.0,0.0,260.11,1.06,28.0,92730.0
1990-03-31 18:00:00+00:00,11.7,47.2,0.0,0.0,0.0,266.24,1.13,34.0,92760.0
1990-03-31 19:00:00+00:00,11.12,51.14,0.0,0.0,0.0,272.37,1.2,32.0,92700.0
1990-03-31 20:00:00+00:00,10.53,55.09,0.0,0.0,0.0,278.5,1.27,42.0,92720.0
1990-03-31 21:00:00+00:00,9.95,59.04,0.0,0.0,0.0,284.62,1.34,46.0,92740.0
1990-03-31 22:00:00+00:00,9.37,62.98,0.0,0.0,0.0,290.75,1.41,46.0,92760.0
1990-03-31 23:00:00+00:00,8.78,66.93,0.0,0.0,0.0,296.88,1.48,47.0,92750.0
1990-04-01 00:00:00+00:00,8.2,70.87,0.0,0.0,0.0,303.01,1.55,128.0,92070.0
1990-04-01 01:00:00+00:00,7.62,74.82,0.0,0.0,0.0,309.14,1.62,124.0,92010.0
1990-04-01 02:00:00+00:00,7.03,78.76,0.0,0.0,0.0,315.26,1.69,122.0,91980.0
1990-04-01 03:00:00+00:00,6.45,82.71,0.0,0.0,0.0,321.39,1.77,99.0,91930.0
1990-04-01 04:00:00+00:00,5.87,86.66,0.0,0.0,0.0,327.52,1.84,63.0,91930.0
1990-04-01 05:00:00+00:00,5.28,90.6,18.0,0.0,18.0,333.65,1.91,29.0,91990.0
1990-04-01 06:00:00+00:00,4.7,94.55,44.0,0.0,44.0,339.77,1.98,38.0,92050.0
1990-04-01 07:00:00+00:00,4.12,98.49,80.0,0.0,80.0,345.9,2.05,45.0,92140.0
1990-04-01 08:00:00+00:00,5.98,76.5,101.0,0.0,101.0,318.15,2.41,48.0,92170.0
1990-04-01 09:00:00+00:00,5.98,76.5,65.0,0.0,65.0,323.55,2.62,51.0,92220.0
1990-04-01 10:00:00+00:00,6.27,70.95,87.0,0.0,87.0,322.6,2.55,55.0,92200.0
1990-04-01 11:00:00+00:00,6.76,65.85,73.0,0.0,73.0,328.2,2.28,57.0,92170.0
1990-04-01 12:00:00+00:00,7.26,65.95,101.0,0.0,101.0,309.45,2.14,56.0,92120.0
1990-04-01 13:00:00+00:00,7.45,65.95,88.0,0.0,88.0,304.2,2.07,51.0,92110.0
1990-04-01 14:00:00+00:00,7.63,65.95,45.0,0.0,45.0,323.2,1.93,48.0,92110.0
1990-04-01 15:00:00+00:00,7.6,61.1,62.0,0.0,62.0,334.0,1.86,55.0,92120.0
1990-04-01 16:00:00+00:00,7.59,58.8,54.0,5.46,53.0,301.5,1.86,39.0,92140.0
1990-04-01 17:00:00+00:00,6.98,56.45,0.0,0.0,0.0,301.1,2.97,20.0,92300.0
1990-04-01 18:00:00+00:00,5.4,63.05,0.0,0.0,0.0,298.8,4.07,26.0,92450.0
1990-04-01 19:00:00+00:00,4.57,67.9,0.0,0.0,0.0,306.95,4.07,39.0,92510.0
1990-04-01 20:00:00+00:00,3.83,57.95,0.0,0.0,0.0,296.5,3.45,40.0,92580.0
1990-04-01 21:00:00+00:00,3.13,51.3,0.0,0.0,0.0,250.6,3.31,43.0,92620.0
1990-04-01 22:00:00+00:00,2.56,49.15,0.0,0.0,0.0,226.6,2.48,47.0,92680.0
1990-04-01 23:00:00+00:00,1.81,51.0,0.0,0.0,0.0,223.15,2.0,47.0,92710.0
1990-04-02 00:00:00+00:00,0.82,55.05,0.0,0.0,0.0,218.3,1.93,45.0,92750.0
1990-04-02 01:00:00+00:00,-0.32,64.45,0.0,0.0,0.0,215.7,1.86,45.0,92730.0
1990-04-02 02:00:00+00:00,-1.39,69.65,0.0,0.0,0.0,214.8,1.79,45.0,92740.0
1990-04-02 03:00:00+00:00,-2.15,75.3,0.0,0.0,0.0,215.95,1.79,46.0,92740.0
1990-04-02 04:00:00+00:00,-2.66,78.3,0.0,0.0,0.0,215.2,1.86,48.0,92780.0
1990-04-02 05:00:00+00:00,-2.71,78.3,81.0,355.81,38.0,217.9,1.79,50.0,92810.0
1990-04-02 06:00:00+00:00,0.49,72.75,276.0,606.26,90.0,216.75,1.45,53.0,92830.0
1990-04-02 07:00:00+00:00,4.4,45.7,470.0,731.35,122.0,226.05,2.07,52.0,92900.0
1990-04-02 08:00:00+00:00,5.99,36.2,638.0,801.38,144.0,220.05,2.55,47.0,92930.0
1990-04-02 09:00:00+00:00,7.43,32.4,766.0,849.76,155.0,226.05,1.59,48.0,92950.0
1990-04-02 10:00:00+00:00,8.7,30.3,838.0,873.02,160.0,231.45,0.34,50.0,92900.0
1990-04-02 11:00:00+00:00,9.68,29.35,845.0,864.66,166.0,235.9,1.03,226.0,92830.0
1990-04-02 12:00:00+00:00,10.07,31.8,784.0,818.09,175.0,238.6,2.48,228.0,92750.0
1990-04-02 13:00:00+00:00,9.66,35.75,673.0,765.81,170.0,240.35,3.38,231.0,92720.0
1990-04-02 14:00:00+00:00,9.04,35.6,525.0,730.42,139.0,240.55,3.17,229.0,92670.0
1990-04-02 15:00:00+00:00,8.5,35.45,338.0,624.86,108.0,239.95,2.69,224.0,92610.0
1990-04-02 16:00:00+00:00,7.73,32.55,140.0,412.6,63.0,238.2,2.48,221.0,92540.0
1990-04-02 17:00:00+00:00,6.51,34.9,0.0,0.0,0.0,236.3,1.72,215.0,92520.0
1990-04-02 18:00:00+00:00,4.81,55.95,0.0,0.0,0.0,236.1,0.97,191.0,92510.0
1990-04-02 19:00:00+00:00,4.7,45.85,0.0,0.0,0.0,234.55,0.9,165.0,92560.0
1990-04-02 20:00:00+00:00,3.63,49.4,0.0,0.0,0.0,235.9,1.1,142.0,92550.0
1990-04-02 21:00:00+00:00,3.23,53.4,0.0,0.0,0.0,254.1,1.17,131.0,92560.0
1990-04-02 22:00:00+00:00,2.78,57.7,0.0,0.0,0.0,281.2,1.17,121.0,92540.0
1990-04-02 23:00:00+00:00,2.35,60.05,0.0,0.0,0.0,276.15,1.1,82.0,92490.0
1990-04-03 00:00:00+00:00,1.47,67.4,0.0,0.0,0.0,279.85,1.31,57.0,92450.0
1990-04-03 01:00:00+00:00,1.66,62.35,0.0,0.0,0.0,287.7,1.79,32.0,92440.0
1990-04-03 02:00:00+00:00,1.37,72.95,0.0,0.0,0.0,293.95,2.0,30.0,92480.0
1990-04-03 03:00:00+00:00,1.49,72.95,0.0,0.0,0.0,292.4,2.48,46.0,92480.0
1990-04-03 04:00:00+00:00,1.81,67.5,0.0,0.0,0.0,302.3,2.9,49.0,92470.0
1990-04-03 05:00:00+00:00,1.96,62.35,69.0,166.21,48.0,301.9,3.03,50.0,92500.0
1990-04-03 06:00:00+00:00,2.22,57.7,145.0,44.85,131.0,279.45,3.1,48.0,92540.0
1990-04-03 07:00:00+00:00,2.35,53.25,469.0,711.1,127.0,299.95,3.31,50.0,92640.0
1990-04-03 08:00:00+00:00,3.26,47.3,635.0,775.81,153.0,280.05,3.79,48.0,92630.0
1990-04-03 09:00:00+00:00,4.6,43.9,761.0,822.28,166.0,255.85,4.0,44.0,92640.0
1990-04-03 10:00:00+00:00,6.31,37.85,832.0,843.89,173.0,231.45,3.86,38.0,92650.0
1990-04-03 11:00:00+00:00,7.47,32.4,833.0,815.91,189.0,220.05,3.66,25.0,92650.0
1990-04-03 12:00:00+00:00,8.01,30.0,782.0,800.57,183.0,221.75,3.59,14.0,92640.0
1990-04-03 13:00:00+00:00,8.2,27.75,678.0,779.78,163.0,223.7,3.52,7.0,92630.0
1990-04-03 14:00:00+00:00,7.97,27.6,530.0,740.65,136.0,224.85,3.59,5.0,92600.0
1990-04-03 15:00:00+00:00,7.36,27.5,340.0,621.72,109.0,224.5,3.45,6.0,92610.0
1990-04-03 16:00:00+00:00,6.43,27.2,146.0,436.58,63.0,222.75,3.03,7.0,92650.0
1990-04-03 17:00:00+00:00,5.28,29.3,0.0,0.0,0.0,221.4,2.28,8.0,92710.0
1990-04-03 18:00:00+00:00,3.87,35.6,0.0,0.0,0.0,219.05,1.93,15.0,92780.0
1990-04-03 19:00:00+00:00,2.22,49.15,0.0,0.0,0.0,214.8,1.59,13.0,92840.0
1990-04-03 20:00:00+00:00,1.01,52.85,0.0,0.0,0.0,212.3,1.38,21.0,92860.0
1990-04-03 21:00:00+00:00,0.21,52.75,0.0,0.0,0.0,209.6,1.38,32.0,92870.0
1990-04-03 22:00:00+00:00,-0.6,56.95,0.0,0.0,0.0,208.4,1.38,47.0,92870.0
1990-04-03 23:00:00+00:00,-1.47,61.55,0.0,0.0,0.0,206.85,1.31,52.0,92840.0
1990-04-04 00:00:00+00:00,-2.09,66.65,0.0,0.0,0.0,206.7,1.31,53.0,92830.0
1990-04-04 01:00:00+00:00,-2.72,72.25,0.0,0.0,0.0,206.4,1.38,55.0,92790.0
1990-04-04 02:00:00+00:00,-2.96,72.1,0.0,0.0,0.0,206.3,1.45,56.0,92760.0
1990-04-04 03:00:00+00:00,-3.16,72.1,0.0,0.0,0.0,210.35,1.38,54.0,92740.0
1990-04-04 04:00:00+00:00,-3.34,75.1,0.0,0.0,0.0,221.0,1.38,55.0,92720.0
1990-04-04 05:00:00+00:00,-2.79,75.2,57.0,68.28,48.0,234.55,1.31,55.0,92720.0
1990-04-04 06:00:00+00:00,-0.06,69.85,170.0,88.21,142.0,252.15,1.03,59.0,92700.0
1990-04-04 07:00:00+00:00,3.17,47.3,192.0,10.29,187.0,244.2,0.83,72.0,92730.0
1990-04-04 08:00:00+00:00,4.46,38.85,254.0,9.58,248.0,258.75,0.69,99.0,92700.0
1990-04-04 09:00:00+00:00,5.54,33.2,316.0,15.11,305.0,282.15,0.83,148.0,92680.0
1990-04-04 10:00:00+00:00,6.44,30.85,456.0,76.42,396.0,287.6,1.24,190.0,92670.0
1990-04-04 11:00:00+00:00,7.06,30.95,475.0,88.24,405.0,289.7,1.66,208.0,92610.0
1990-04-04 12:00:00+00:00,7.33,32.4,387.0,41.23,356.0,292.2,2.07,211.0,92570.0
1990-04-04 13:00:00+00:00,6.96,35.0,315.0,28.61,296.0,297.45,2.21,206.0,92510.0
1990-04-04 14:00:00+00:00,6.48,36.35,238.0,22.41,226.0,299.55,2.07,195.0,92450.0
1990-04-04 15:00:00+00:00,5.81,37.7,134.0,8.0,131.0,302.3,1.86,180.0,92430.0
1990-04-04 16:00:00+00:00,5.21,39.1,63.0,10.33,61.0,306.15,1.59,162.0,92410.0
1990-04-04 17:00:00+00:00,4.5,42.15,0.0,0.0,0.0,305.55,1.59,144.0,92350.0
1990-04-04 18:00:00+00:00,3.88,45.55,0.0,0.0,0.0,306.35,1.66,130.0,92320.0
1990-04-04 19:00:00+00:00,3.82,55.7,0.0,0.0,0.0,300.55,1.17,113.0,92290.0
1990-04-04 20:00:00+00:00,2.93,65.0,0.0,0.0,0.0,286.4,1.17,124.0,92290.0
1990-04-04 21:00:00+00:00,2.34,60.05,0.0,0.0,0.0,287.2,1.38,132.0,92260.0
1990-04-04 22:00:00+00:00,1.54,62.25,0.0,0.0,0.0,275.6,1.52,128.0,92230.0
1990-04-04 23:00:00+00:00,1.03,62.15,0.0,0.0,0.0,276.35,1.66,108.0,92190.0
1990-04-05 00:00:00+00:00,0.8,62.15,0.0,0.0,0.0,286.05,1.72,94.0,92130.0
1990-04-05 01:00:00+00:00,0.19,69.95,0.0,0.0,0.0,294.65,1.79,78.0,92030.0
1990-04-05 02:00:00+00:00,0.3,72.75,0.0,0.0,0.0,296.65,1.86,77.0,91920.0
1990-04-05 03:00:00+00:00,0.56,81.9,0.0,0.0,0.0,307.9,2.07,81.0,91800.0
1990-04-05 04:00:00+00:00,0.65,85.2,0.0,0.0,0.0,309.45,2.14,81.0,91730.0
1990-04-05 05:00:00+00:00,0.85,88.55,14.0,0.0,14.0,316.4,2.0,74.0,91710.0
1990-04-05 06:00:00+00:00,0.96,92.05,38.0,0.0,38.0,313.3,1.79,66.0,91700.0
1990-04-05 07:00:00+00:00,1.59,92.05,58.0,0.0,58.0,316.05,1.59,67.0,91730.0
1990-04-05 08:00:00+00:00,1.57,95.65,78.0,0.0,78.0,320.3,1.72,64.0,91790.0
1990-04-05 09:00:00+00:00,2.21,88.65,178.0,0.0,178.0,313.3,1.93,65.0,91790.0
1990-04-05 10:00:00+00:00,2.78,88.65,125.0,0.0,125.0,311.0,2.07,66.0,91820.0
1990-04-05 11:00:00+00:00,3.5,85.4,215.0,0.0,215.0,314.65,2.21,70.0,91810.0
1990-04-05 12:00:00+00:00,4.78,82.35,98.0,0.0,98.0,308.3,2.21,73.0,91770.0
1990-04-05 13:00:00+00:00,5.13,82.35,79.0,0.0,79.0,304.2,2.07,75.0,91750.0
1990-04-05 14:00:00+00:00,5.21,79.35,65.0,0.0,65.0,299.0,2.0,68.0,91720.0
1990-04-05 15:00:00+00:00,5.1,79.3,72.0,0.0,72.0,301.7,2.0,60.0,91750.0
1990-04-05 16:00:00+00:00,4.46,79.2,27.0,0.0,27.0,299.55,1.79,54.0,91760.0
1990-04-05 17:00:00+00:00,3.74,79.15,0.0,0.0,0.0,304.2,1.86,48.0,91770.0
1990-04-05 18:00:00+00:00,3.08,85.35,0.0,0.0,0.0,306.15,1.86,46.0,91790.0
1990-04-05 19:00:00+00:00,2.73,85.35,0.0,0.0,0.0,304.4,2.14,40.0,91900.0
1990-04-05 20:00:00+00:00,2.26,82.15,0.0,0.0,0.0,299.4,2.34,40.0,91890.0
1990-04-05 21:00:00+00:00,1.9,85.3,0.0,0.0,0.0,304.6,2.34,43.0,91880.0
1990-04-05 22:00:00+00:00,1.74,85.3,0.0,0.0,0.0,304.05,2.48,47.0,91850.0
1990-04-05 23:00:00+00:00,1.62,82.05,0.0,0.0,0.0,301.9,2.62,49.0,91860.0
1990-04-06 00:00:00+00:00,1.55,82.0,0.0,0.0,0.0,298.6,2.9,46.0,91840.0
1990-04-06 01:00:00+00:00,1.44,82.0,0.0,0.0,0.0,299.5,3.31,44.0,91800.0
1990-04-06 02:00:00+00:00,1.37,82.0,0.0,0.0,0.0,300.75,3.38,45.0,91790.0
1990-04-06 03:00:00+00:00,1.45,82.0,0.0,0.0,0.0,306.75,3.66,46.0,91790.0
1990-04-06 04:00:00+00:00,1.5,78.9,0.0,0.0,0.0,306.35,3.86,45.0,91820.0
1990-04-06 05:00:00+00:00,1.6,75.95,48.0,21.03,45.0,300.55,4.07,44.0,91840.0
1990-04-06 06:00:00+00:00,1.75,75.95,55.0,0.0,55.0,296.3,4.0,41.0,91900.0
1990-04-06 07:00:00+00:00,2.44,73.1,334.0,189.52,240.0,305.0,4.0,34.0,91980.0
1990-04-06 08:00:00+00:00,3.08,67.6,540.0,420.13,273.0,296.3,4.76,36.0,92010.0
1990-04-06 09:00:00+00:00,3.29,62.6,698.0,591.6,262.0,301.1,4.9,36.0,92070.0
1990-04-06 10:00:00+00:00,3.34,62.6,698.0,446.16,344.0,299.95,4.9,37.0,92100.0
1990-04-06 11:00:00+00:00,4.07,57.95,752.0,560.51,303.0,299.4,4.9,38.0,92120.0
1990-04-06 12:00:00+00:00,4.28,53.65,701.0,538.65,292.0,300.95,4.97,38.0,92120.0
1990-04-06 13:00:00+00:00,4.99,51.7,606.0,514.12,261.0,298.8,4.97,36.0,92120.0
1990-04-06 14:00:00+00:00,4.52,53.65,261.0,38.73,240.0,286.8,4.62,34.0,92140.0
1990-04-06 15:00:00+00:00,4.03,53.5,188.0,55.01,167.0,284.3,4.41,35.0,92170.0
1990-04-06 16:00:00+00:00,3.35,55.55,83.0,39.9,75.0,270.55,4.07,33.0,92200.0
1990-04-06 17:00:00+00:00,2.5,60.05,0.0,0.0,0.0,262.2,3.24,31.0,92260.0
1990-04-06 18:00:00+00:00,1.7,62.35,0.0,0.0,0.0,273.65,3.31,31.0,92300.0
1990-04-06 19:00:00+00:00,0.85,64.65,0.0,0.0,0.0,269.2,3.17,36.0,92390.0
1990-04-06 20:00:00+00:00,0.47,67.2,0.0,0.0,0.0,262.6,3.52,38.0,92410.0
1990-04-06 21:00:00+00:00,0.26,64.55,0.0,0.0,0.0,263.75,3.31,36.0,92430.0
1990-04-06 22:00:00+00:00,0.11,67.2,0.0,0.0,0.0,284.85,2.62,30.0,92490.0
1990-04-06 23:00:00+00:00,-0.05,69.85,0.0,0.0,0.0,289.9,2.55,31.0,92510.0
1990-04-07 00:00:00+00:00,-0.23,72.65,0.0,0.0,0.0,286.05,2.34,31.0,92520.0
1990-04-07 01:00:00+00:00,-0.27,72.65,0.0,0.0,0.0,282.25,2.14,30.0,92490.0
1990-04-07 02:00:00+00:00,-0.44,72.6,0.0,0.0,0.0,277.7,2.76,31.0,92500.0
1990-04-07 03:00:00+00:00,-0.4,69.85,0.0,0.0,0.0,279.85,2.76,29.0,92500.0
1990-04-07 04:00:00+00:00,-0.38,69.85,0.0,0.0,0.0,281.4,2.83,28.0,92520.0
1990-04-07 05:00:00+00:00,-0.38,69.85,56.0,33.79,51.0,286.2,2.41,28.0,92540.0
1990-04-07 06:00:00+00:00,0.03,69.85,123.0,12.01,119.0,283.7,3.17,31.0,92580.0
1990-04-07 07:00:00+00:00,1.03,67.3,265.0,63.89,233.0,287.75,3.72,34.0,92580.0
1990-04-07 08:00:00+00:00,2.03,62.35,229.0,3.12,227.0,286.4,4.21,34.0,92650.0
1990-04-07 09:00:00+00:00,3.19,60.15,269.0,2.7,267.0,283.5,4.55,33.0,92680.0
1990-04-07 10:00:00+00:00,3.94,57.95,241.0,0.0,241.0,282.75,5.45,35.0,92720.0
1990-04-07 11:00:00+00:00,4.2,55.85,309.0,4.97,305.0,284.85,5.52,35.0,92750.0
1990-04-07 12:00:00+00:00,4.73,53.8,168.0,0.0,168.0,283.7,6.28,38.0,92800.0
1990-04-07 13:00:00+00:00,4.73,55.95,105.0,0.0,105.0,276.35,5.03,32.0,92810.0
1990-04-07 14:00:00+00:00,4.54,58.05,326.0,106.3,268.0,276.95,5.31,30.0,92850.0
1990-04-07 15:00:00+00:00,4.32,58.05,349.0,602.4,117.0,262.2,5.24,29.0,92850.0
1990-04-07 16:00:00+00:00,3.78,60.3,157.0,441.39,67.0,253.9,4.28,25.0,92880.0
1990-04-07 17:00:00+00:00,3.13,62.6,0.0,0.0,0.0,246.55,4.14,23.0,92920.0
1990-04-07 18:00:00+00:00,2.52,65.0,0.0,0.0,0.0,251.6,4.28,27.0,92970.0
1990-04-07 19:00:00+00:00,1.77,62.35,0.0,0.0,0.0,248.1,4.62,33.0,93070.0
1990-04-07 20:00:00+00:00,1.63,59.95,0.0,0.0,0.0,246.75,4.69,35.0,93100.0
1990-04-07 21:00:00+00:00,1.5,62.25,0.0,0.0,0.0,247.9,4.83,37.0,93120.0
1990-04-07 22:00:00+00:00,1.32,59.8,0.0,0.0,0.0,238.8,4.97,39.0,93120.0
1990-04-07 23:00:00+00:00,1.09,62.15,0.0,0.0,0.0,230.65,4.9,42.0,93120.0
1990-04-08 00:00:00+00:00,0.87,59.7,0.0,0.0,0.0,224.3,4.69,42.0,93100.0
1990-04-08 01:00:00+00:00,0.64,62.15,0.0,0.0,0.0,221.5,4.41,40.0,93080.0
1990-04-08 02:00:00+00:00,0.54,64.55,0.0,0.0,0.0,232.2,4.21,38.0,93080.0
1990-04-08 03:00:00+00:00,0.52,67.2,0.0,0.0,0.0,240.75,3.93,38.0,93080.0
1990-04-08 04:00:00+00:00,0.39,67.2,0.0,0.0,0.0,234.55,3.59,36.0,93070.0
1990-04-08 05:00:00+00:00,0.27,67.2,111.0,404.44,49.0,230.65,3.03,34.0,93120.0
1990-04-08 06:00:00+00:00,0.85,67.3,283.0,473.19,123.0,222.15,2.97,30.0,93120.0
1990-04-08 07:00:00+00:00,2.53,60.05,493.0,701.93,138.0,232.4,4.55,34.0,93130.0
1990-04-08 08:00:00+00:00,3.69,53.5,663.0,787.92,155.0,229.9,4.62,32.0,93160.0
1990-04-08 09:00:00+00:00,5.08,47.7,765.0,753.74,203.0,241.9,4.62,30.0,93160.0
1990-04-08 10:00:00+00:00,6.1,44.3,192.0,0.0,192.0,244.05,4.62,32.0,93150.0
1990-04-08 11:00:00+00:00,7.18,38.1,335.0,8.66,328.0,249.85,4.69,34.0,93110.0
1990-04-08 12:00:00+00:00,7.28,38.1,487.0,117.42,397.0,273.05,4.62,29.0,93100.0
1990-04-08 13:00:00+00:00,7.71,39.85,508.0,247.83,340.0,289.3,4.55,28.0,93070.0
1990-04-08 14:00:00+00:00,7.4,43.0,550.0,752.33,137.0,286.8,4.55,29.0,93060.0
1990-04-08 15:00:00+00:00,6.71,48.25,353.0,599.81,120.0,291.85,4.21,30.0,93080.0
1990-04-08 16:00:00+00:00,6.01,54.05,121.0,159.19,88.0,263.75,3.72,28.0,93120.0
1990-04-08 17:00:00+00:00,4.89,62.95,0.0,0.0,0.0,255.65,2.9,24.0,93160.0
1990-04-08 18:00:00+00:00,3.94,67.8,0.0,0.0,0.0,256.4,2.97,25.0,93220.0
1990-04-08 19:00:00+00:00,3.38,70.4,0.0,0.0,0.0,254.85,2.83,27.0,93270.0
1990-04-08 20:00:00+00:00,3.1,76.0,0.0,0.0,0.0,256.6,2.83,29.0,93290.0
1990-04-08 21:00:00+00:00,2.95,76.0,0.0,0.0,0.0,258.95,2.83,29.0,93320.0
1990-04-08 22:00:00+00:00,2.71,73.1,0.0,0.0,0.0,253.5,2.76,28.0,93330.0
1990-04-08 23:00:00+00:00,2.25,73.1,0.0,0.0,0.0,243.45,2.55,23.0,93340.0
1990-04-09 00:00:00+00:00,1.93,75.95,0.0,0.0,0.0,247.5,2.41,19.0,93360.0
1990-04-09 01:00:00+00:00,1.76,73.0,0.0,0.0,0.0,255.0,2.55,20.0,93340.0
1990-04-09 02:00:00+00:00,1.83,73.0,0.0,0.0,0.0,254.1,2.76,23.0,93330.0
1990-04-09 03:00:00+00:00,2.06,73.0,0.0,0.0,0.0,261.65,2.9,26.0,93340.0
1990-04-09 04:00:00+00:00,2.08,73.0,0.0,0.0,0.0,252.95,3.03,29.0,93340.0
1990-04-09 05:00:00+00:00,2.34,73.1,107.0,309.03,58.0,252.55,3.1,29.0,93370.0
1990-04-09 06:00:00+00:00,3.51,76.1,298.0,539.07,113.0,269.75,2.41,27.0,93390.0
1990-04-09 07:00:00+00:00,5.13,62.95,490.0,671.83,147.0,259.7,5.45,34.0,93420.0
1990-04-09 08:00:00+00:00,6.1,58.45,653.0,739.31,173.0,254.5,4.83,35.0,93440.0
1990-04-09 09:00:00+00:00,7.11,54.3,801.0,864.18,153.0,250.05,4.97,37.0,93460.0
1990-04-09 10:00:00+00:00,7.87,52.45,867.0,874.03,163.0,264.75,4.69,37.0,93490.0
1990-04-09 11:00:00+00:00,9.62,48.95,866.0,850.64,175.0,267.05,4.55,36.0,93500.0
1990-04-09 12:00:00+00:00,10.21,47.35,813.0,833.81,171.0,270.95,4.41,36.0,93520.0
1990-04-09 13:00:00+00:00,10.39,49.2,703.0,797.06,160.0,274.8,4.41,37.0,93520.0
1990-04-09 14:00:00+00:00,10.25,49.2,550.0,746.03,138.0,274.6,4.34,38.0,93540.0
1990-04-09 15:00:00+00:00,9.53,52.85,363.0,643.26,111.0,276.35,4.14,36.0,93550.0
1990-04-09 16:00:00+00:00,8.6,54.65,165.0,460.4,68.0,270.15,3.66,34.0,93600.0
1990-04-09 17:00:00+00:00,7.37,58.8,0.0,0.0,0.0,256.8,3.17,36.0,93630.0
1990-04-09 18:00:00+00:00,6.2,63.25,0.0,0.0,0.0,258.95,2.69,44.0,93680.0
1990-04-09 19:00:00+00:00,5.67,63.15,0.0,0.0,0.0,254.1,2.48,52.0,93760.0
1990-04-09 20:00:00+00:00,4.9,68.0,0.0,0.0,0.0,256.6,1.86,53.0,93790.0
1990-04-09 21:00:00+00:00,3.43,79.1,0.0,0.0,0.0,252.55,1.45,54.0,93820.0
1990-04-09 22:00:00+00:00,1.87,85.3,0.0,0.0,0.0,246.15,1.38,50.0,93850.0
1990-04-09 23:00:00+00:00,0.8,85.2,0.0,0.0,0.0,243.25,1.38,51.0,93880.0
1990-04-10 00:00:00+00:00,-0.2,88.45,0.0,0.0,0.0,237.65,1.52,50.0,93910.0
1990-04-10 01:00:00+00:00,-0.79,88.45,0.0,0.0,0.0,233.1,1.59,51.0,93910.0
1990-04-10 02:00:00+00:00,-1.21,91.95,0.0,0.0,0.0,231.05,1.66,52.0,93920.0
1990-04-10 03:00:00+00:00,-1.54,91.9,0.0,0.0,0.0,230.5,1.72,53.0,93910.0
1990-04-10 04:00:00+00:00,-1.75,91.9,0.0,0.0,0.0,230.3,1.72,55.0,93900.0
1990-04-10 05:00:00+00:00,-1.25,88.4,117.0,372.45,56.0,228.95,1.59,56.0,93930.0
1990-04-10 06:00:00+00:00,2.95,85.35,315.0,611.75,102.0,231.05,1.1,57.0,93940.0
1990-04-10 07:00:00+00:00,7.83,61.2,506.0,718.04,136.0,236.3,0.9,57.0,93990.0
1990-04-10 08:00:00+00:00,10.36,47.35,676.0,801.58,152.0,242.5,0.41,66.0,93980.0
1990-04-10 09:00:00+00:00,12.15,39.4,800.0,844.82,163.0,248.3,0.28,232.0,93960.0
1990-04-10 10:00:00+00:00,13.41,36.7,869.0,866.12,168.0,252.95,0.76,242.0,93940.0
1990-04-10 11:00:00+00:00,14.24,35.6,878.0,868.9,169.0,257.0,1.31,244.0,93910.0
1990-04-10 12:00:00+00:00,14.66,38.45,819.0,837.85,171.0,260.5,1.79,249.0,93880.0
1990-04-10 13:00:00+00:00,14.61,39.95,701.0,771.28,173.0,262.6,2.14,252.0,93860.0
1990-04-10 14:00:00+00:00,14.14,42.95,553.0,739.85,142.0,264.35,2.41,254.0,93850.0
1990-04-10 15:00:00+00:00,13.24,46.2,339.0,496.17,143.0,264.35,2.41,256.0,93840.0
1990-04-10 16:00:00+00:00,12.02,51.5,171.0,481.2,68.0,262.8,1.66,254.0,93860.0
1990-04-10 17:00:00+00:00,10.61,59.5,0.0,0.0,0.0,260.1,0.97,242.0,93870.0
1990-04-10 18:00:00+00:00,9.83,57.15,0.0,0.0,0.0,256.2,0.34,219.0,93900.0
1990-04-10 19:00:00+00:00,8.71,66.25,0.0,0.0,0.0,253.3,0.14,107.0,93830.0
1990-04-10 20:00:00+00:00,7.81,71.25,0.0,0.0,0.0,250.6,0.76,71.0,93850.0
1990-04-10 21:00:00+00:00,5.72,79.4,0.0,0.0,0.0,247.5,1.24,71.0,93840.0
1990-04-10 22:00:00+00:00,3.58,88.7,0.0,0.0,0.0,245.4,1.52,68.0,93840.0
1990-04-10 23:00:00+00:00,2.15,88.65,0.0,0.0,0.0,242.5,1.59,66.0,93840.0
1990-04-11 00:00:00+00:00,1.37,92.05,0.0,0.0,0.0,240.15,1.52,64.0,93830.0
1990-04-11 01:00:00+00:00,0.96,92.05,0.0,0.0,0.0,238.7,1.52,65.0,93800.0
1990-04-11 02:00:00+00:00,1.0,92.05,0.0,0.0,0.0,238.05,1.52,66.0,93790.0
1990-04-11 03:00:00+00:00,1.21,85.25,0.0,0.0,0.0,237.25,1.52,68.0,93780.0
1990-04-11 04:00:00+00:00,1.25,85.25,0.0,0.0,0.0,237.25,1.52,68.0,93750.0
1990-04-11 05:00:00+00:00,1.3,85.25,124.0,402.49,56.0,237.65,1.52,67.0,93770.0
1990-04-11 06:00:00+00:00,5.58,82.4,316.0,597.52,105.0,240.75,0.69,67.0,93790.0
1990-04-11 07:00:00+00:00,9.83,49.05,474.0,565.42,180.0,246.15,0.69,140.0,93800.0
1990-04-11 08:00:00+00:00,11.46,36.3,673.0,784.07,157.0,253.1,1.1,192.0,93830.0
1990-04-11 09:00:00+00:00,12.68,35.15,800.0,838.93,164.0,256.4,1.59,220.0,93830.0
1990-04-11 10:00:00+00:00,13.56,36.7,869.0,860.82,169.0,259.9,2.0,233.0,93830.0
1990-04-11 11:00:00+00:00,14.09,38.3,876.0,862.66,169.0,263.6,2.21,240.0,93800.0
1990-04-11 12:00:00+00:00,14.37,38.45,818.0,832.89,171.0,265.7,2.34,243.0,93770.0
1990-04-11 13:00:00+00:00,14.35,39.95,701.0,766.15,174.0,267.85,2.34,244.0,93740.0
1990-04-11 14:00:00+00:00,14.0,44.65,543.0,692.63,156.0,268.2,2.21,245.0,93720.0
1990-04-11 15:00:00+00:00,13.29,48.0,346.0,522.25,138.0,268.05,2.0,248.0,93700.0
1990-04-11 16:00:00+00:00,12.32,49.7,143.0,248.39,89.0,268.8,1.31,247.0,93690.0
1990-04-11 17:00:00+00:00,11.04,61.85,0.0,0.0,0.0,267.25,0.97,237.0,93700.0
1990-04-11 18:00:00+00:00,10.23,61.75,0.0,0.0,0.0,267.85,0.55,215.0,93730.0
1990-04-11 19:00:00+00:00,9.3,68.9,0.0,0.0,0.0,277.9,0.14,208.0,93730.0
1990-04-11 20:00:00+00:00,8.78,71.4,0.0,0.0,0.0,274.8,0.34,87.0,93770.0
1990-04-11 21:00:00+00:00,8.13,76.8,0.0,0.0,0.0,274.6,0.69,62.0,93780.0
1990-04-11 22:00:00+00:00,6.89,82.6,0.0,0.0,0.0,274.2,0.97,54.0,93790.0
1990-04-11 23:00:00+00:00,5.06,88.85,0.0,0.0,0.0,273.85,1.24,55.0,93800.0
1990-04-12 00:00:00+00:00,3.91,92.15,0.0,0.0,0.0,272.1,1.38,56.0,93810.0
1990-04-12 01:00:00+00:00,3.16,95.7,0.0,0.0,0.0,269.5,1.38,54.0,93770.0
1990-04-12 02:00:00+00:00,2.47,95.7,0.0,0.0,0.0,268.4,1.38,53.0,93750.0
1990-04-12 03:00:00+00:00,2.13,95.7,0.0,0.0,0.0,274.05,1.31,50.0,93740.0
1990-04-12 04:00:00+00:00,1.72,95.65,0.0,0.0,0.0,272.3,1.31,48.0,93730.0
1990-04-12 05:00:00+00:00,1.97,95.65,80.0,74.69,67.0,269.0,1.24,47.0,93770.0
1990-04-12 06:00:00+00:00,5.91,92.3,157.0,33.52,145.0,276.35,0.83,46.0,93770.0
1990-04-12 07:00:00+00:00,10.47,66.55,356.0,196.34,253.0,270.15,0.76,23.0,93830.0
1990-04-12 08:00:00+00:00,12.56,57.75,597.0,526.85,248.0,278.3,1.03,1.0,93850.0
1990-04-12 09:00:00+00:00,14.51,52.0,782.0,792.49,178.0,277.9,1.38,17.0,93850.0
1990-04-12 10:00:00+00:00,15.8,46.9,849.0,812.78,185.0,285.05,1.31,31.0,93830.0
1990-04-12 11:00:00+00:00,16.82,43.8,810.0,673.07,256.0,291.45,1.17,33.0,93820.0
1990-04-12 12:00:00+00:00,17.18,43.8,581.0,244.82,390.0,290.3,0.9,5.0,93760.0
1990-04-12 13:00:00+00:00,17.11,43.8,567.0,370.43,311.0,303.45,0.97,339.0,93720.0
1990-04-12 14:00:00+00:00,14.21,64.75,230.0,14.24,222.0,296.65,1.03,328.0,93750.0
1990-04-12 15:00:00+00:00,13.74,64.75,175.0,29.89,163.0,302.1,0.62,311.0,93740.0
1990-04-12 16:00:00+00:00,13.3,64.65,145.0,253.71,89.0,312.75,0.97,73.0,93780.0
1990-04-12 17:00:00+00:00,12.46,66.95,5.0,0.0,5.0,306.75,0.97,41.0,93830.0
1990-04-12 18:00:00+00:00,11.02,74.45,0.0,0.0,0.0,310.4,1.52,28.0,93840.0
1990-04-12 19:00:00+00:00,9.84,74.3,0.0,0.0,0.0,297.25,1.72,33.0,93830.0
1990-04-12 20:00:00+00:00,8.4,76.85,0.0,0.0,0.0,283.9,1.79,40.0,93850.0
1990-04-12 21:00:00+00:00,6.89,82.6,0.0,0.0,0.0,271.3,1.86,43.0,93840.0
1990-04-12 22:00:00+00:00,5.77,85.65,0.0,0.0,0.0,271.7,1.79,43.0,93860.0
1990-04-12 23:00:00+00:00,4.85,88.85,0.0,0.0,0.0,269.95,1.72,41.0,93850.0
1990-04-13 00:00:00+00:00,4.04,92.15,0.0,0.0,0.0,264.35,1.72,42.0,93840.0
1990-04-13 01:00:00+00:00,3.49,92.15,0.0,0.0,0.0,262.7,1.72,43.0,93820.0
1990-04-13 02:00:00+00:00,3.12,92.15,0.0,0.0,0.0,263.95,1.79,45.0,93820.0
1990-04-13 03:00:00+00:00,2.86,92.15,0.0,0.0,0.0,263.0,1.79,46.0,93820.0
1990-04-13 04:00:00+00:00,2.59,92.15,0.0,0.0,0.0,261.45,1.86,47.0,93810.0
1990-04-13 05:00:00+00:00,3.08,95.7,121.0,307.05,66.0,259.9,1.72,47.0,93830.0
1990-04-13 06:00:00+00:00,7.68,79.7,311.0,531.91,118.0,263.2,1.24,46.0,93830.0
1990-04-13 07:00:00+00:00,12.84,62.3,500.0,659.55,151.0,269.6,1.03,37.0,93870.0
1990-04-13 08:00:00+00:00,14.84,50.25,672.0,767.96,160.0,275.75,1.38,52.0,93870.0
1990-04-13 09:00:00+00:00,16.15,43.5,788.0,794.91,179.0,283.9,1.1,49.0,93850.0
1990-04-13 10:00:00+00:00,17.0,39.15,794.0,633.64,274.0,301.3,0.76,21.0,93840.0
1990-04-13 11:00:00+00:00,17.68,37.8,739.0,479.09,343.0,291.25,0.48,353.0,93780.0
1990-04-13 12:00:00+00:00,17.84,36.55,707.0,502.9,313.0,302.85,0.62,309.0,93750.0
1990-04-13 13:00:00+00:00,17.65,39.25,567.0,361.53,316.0,301.5,0.83,275.0,93690.0
1990-04-13 14:00:00+00:00,17.7,39.25,360.0,146.88,277.0,305.4,1.24,273.0,93650.0
1990-04-13 15:00:00+00:00,17.23,40.6,112.0,0.0,112.0,299.95,1.59,290.0,93610.0
1990-04-13 16:00:00+00:00,16.43,45.3,116.0,102.66,93.0,305.75,1.59,274.0,93600.0
1990-04-13 17:00:00+00:00,14.63,58.1,7.0,0.0,7.0,294.75,1.24,249.0,93600.0
1990-04-13 18:00:00+00:00,13.48,60.05,0.0,0.0,0.0,288.15,0.97,255.0,93610.0
1990-04-13 19:00:00+00:00,13.56,60.05,0.0,0.0,0.0,278.65,0.41,271.0,93620.0
1990-04-13 20:00:00+00:00,13.07,57.9,0.0,0.0,0.0,278.5,0.41,6.0,93630.0
1990-04-13 21:00:00+00:00,12.29,59.95,0.0,0.0,0.0,275.2,1.03,45.0,93640.0
1990-04-13 22:00:00+00:00,9.5,71.5,0.0,0.0,0.0,272.85,1.38,56.0,93610.0
1990-04-13 23:00:00+00:00,6.95,85.75,0.0,0.0,0.0,274.6,1.59,57.0,93630.0
1990-04-14 00:00:00+00:00,5.27,88.85,0.0,0.0,0.0,271.1,1.66,56.0,93600.0
1990-04-14 01:00:00+00:00,4.24,92.2,0.0,0.0,0.0,270.05,1.59,53.0,93570.0
1990-04-14 02:00:00+00:00,3.57,99.4,0.0,0.0,0.0,268.6,1.59,52.0,93550.0
1990-04-14 03:00:00+00:00,3.19,95.7,0.0,0.0,0.0,269.6,1.59,50.0,93560.0
1990-04-14 04:00:00+00:00,3.06,95.7,0.0,0.0,0.0,273.85,1.66,49.0,93530.0
1990-04-14 05:00:00+00:00,3.99,95.7,25.0,0.0,25.0,281.0,1.52,46.0,93550.0
1990-04-14 06:00:00+00:00,8.19,79.75,221.0,144.17,168.0,287.4,1.31,42.0,93550.0
1990-04-14 07:00:00+00:00,13.15,60.05,460.0,485.35,201.0,285.45,1.59,38.0,93610.0
1990-04-14 08:00:00+00:00,14.66,52.0,675.0,775.08,155.0,281.6,2.34,43.0,93600.0
1990-04-14 09:00:00+00:00,15.63,48.55,300.0,6.49,295.0,299.95,2.48,39.0,93620.0
1990-04-14 10:00:00+00:00,16.11,46.9,352.0,13.34,341.0,308.1,2.48,34.0,93610.0
1990-04-14 11:00:00+00:00,15.73,48.55,571.0,174.7,426.0,329.2,2.62,29.0,93610.0
1990-04-14 12:00:00+00:00,14.92,50.25,527.0,160.16,401.0,329.95,2.48,34.0,93570.0
1990-04-14 13:00:00+00:00,15.28,48.55,472.0,174.93,350.0,330.35,2.21,24.0,93530.0
1990-04-14 14:00:00+00:00,15.41,48.55,410.0,246.39,270.0,321.45,2.55,11.0,93460.0
1990-04-14 15:00:00+00:00,14.97,46.6,301.0,304.03,177.0,305.55,2.69,17.0,93430.0
1990-04-14 16:00:00+00:00,14.11,48.15,134.0,171.56,95.0,304.6,2.28,28.0,93430.0
1990-04-14 17:00:00+00:00,13.04,48.0,9.0,0.0,9.0,306.55,2.28,34.0,93450.0
1990-04-14 18:00:00+00:00,11.5,51.35,0.0,0.0,0.0,284.5,2.21,36.0,93510.0
1990-04-14 19:00:00+00:00,10.21,57.3,0.0,0.0,0.0,274.4,1.72,32.0,93500.0
1990-04-14 20:00:00+00:00,8.25,68.7,0.0,0.0,0.0,269.0,1.59,32.0,93570.0
1990-04-14 21:00:00+00:00,7.09,71.05,0.0,0.0,0.0,267.05,1.52,35.0,93560.0
1990-04-14 22:00:00+00:00,6.02,73.65,0.0,0.0,0.0,265.9,1.52,38.0,93590.0
1990-04-14 23:00:00+00:00,5.08,79.3,0.0,0.0,0.0,259.15,1.52,41.0,93560.0
1990-04-15 00:00:00+00:00,4.09,82.25,0.0,0.0,0.0,254.85,1.52,44.0,93550.0
1990-04-15 01:00:00+00:00,3.18,85.4,0.0,0.0,0.0,255.35,1.52,44.0,93500.0
1990-04-15 02:00:00+00:00,2.66,85.35,0.0,0.0,0.0,254.85,1.59,43.0,93500.0
1990-04-15 03:00:00+00:00,2.32,85.35,0.0,0.0,0.0,255.65,1.59,42.0,93470.0
1990-04-15 04:00:00+00:00,1.91,88.65,0.0,0.0,0.0,253.9,1.59,43.0,93460.0
1990-04-15 05:00:00+00:00,2.46,88.65,141.0,423.11,61.0,256.4,1.45,43.0,93460.0
1990-04-15 06:00:00+00:00,6.85,76.65,329.0,593.58,108.0,257.0,1.1,38.0,93470.0
1990-04-15 07:00:00+00:00,10.55,55.15,520.0,715.53,135.0,264.95,1.52,30.0,93500.0
1990-04-15 08:00:00+00:00,12.33,47.85,687.0,798.48,148.0,270.55,2.28,37.0,93510.0
1990-04-15 09:00:00+00:00,13.85,44.65,804.0,829.58,162.0,274.2,2.28,35.0,93520.0
1990-04-15 10:00:00+00:00,15.25,43.4,861.0,824.99,178.0,278.1,2.21,31.0,93500.0
1990-04-15 11:00:00+00:00,16.32,42.05,872.0,841.18,171.0,281.4,2.07,24.0,93480.0
1990-04-15 12:00:00+00:00,17.05,40.6,823.0,835.54,163.0,284.85,1.79,18.0,93420.0
1990-04-15 13:00:00+00:00,17.46,40.75,710.0,786.55,159.0,286.8,1.52,11.0,93380.0
1990-04-15 14:00:00+00:00,17.64,40.75,556.0,724.68,142.0,289.7,1.24,4.0,93320.0
1990-04-15 15:00:00+00:00,17.44,39.25,374.0,630.17,115.0,288.75,0.97,342.0,93270.0
1990-04-15 16:00:00+00:00,16.82,42.15,179.0,451.01,75.0,288.55,0.83,283.0,93270.0
1990-04-15 17:00:00+00:00,14.89,56.15,13.0,70.83,10.0,287.75,1.1,241.0,93290.0
1990-04-15 18:00:00+00:00,13.06,62.3,0.0,0.0,0.0,283.3,0.97,231.0,93330.0
1990-04-15 19:00:00+00:00,13.23,55.75,0.0,0.0,0.0,280.8,0.48,250.0,93310.0
1990-04-15 20:00:00+00:00,12.69,57.75,0.0,0.0,0.0,278.1,0.21,36.0,93320.0
1990-04-15 21:00:00+00:00,12.03,59.85,0.0,0.0,0.0,275.75,0.83,58.0,93320.0
1990-04-15 22:00:00+00:00,9.76,69.0,0.0,0.0,0.0,274.2,1.24,66.0,93310.0
1990-04-15 23:00:00+00:00,7.76,76.8,0.0,0.0,0.0,271.7,1.45,67.0,93310.0
1990-04-16 00:00:00+00:00,6.68,82.6,0.0,0.0,0.0,270.15,1.52,64.0,93300.0
1990-04-16 01:00:00+00:00,6.06,85.65,0.0,0.0,0.0,268.9,1.59,62.0,93280.0
1990-04-16 02:00:00+00:00,5.86,82.5,0.0,0.0,0.0,268.6,1.59,64.0,93260.0
1990-04-16 03:00:00+00:00,6.5,79.5,0.0,0.0,0.0,268.05,1.52,71.0,93260.0
1990-04-16 04:00:00+00:00,7.35,73.9,0.0,0.0,0.0,267.45,1.38,81.0,93220.0
1990-04-16 05:00:00+00:00,7.82,71.25,143.0,402.14,65.0,267.05,1.31,89.0,93260.0
1990-04-16 06:00:00+00:00,9.8,79.95,339.0,612.81,108.0,269.95,0.48,121.0,93290.0
1990-04-16 07:00:00+00:00,13.7,57.9,526.0,715.31,138.0,274.4,1.1,195.0,93370.0
1990-04-16 08:00:00+00:00,14.96,52.15,688.0,784.86,155.0,279.05,1.52,223.0,93360.0
1990-04-16 09:00:00+00:00,15.96,48.65,809.0,826.83,166.0,282.95,2.21,236.0,93380.0
1990-04-16 10:00:00+00:00,16.67,47.0,875.0,846.76,171.0,285.25,2.62,241.0,93410.0
1990-04-16 11:00:00+00:00,17.04,45.45,866.0,803.2,194.0,288.55,2.76,243.0,93380.0
1990-04-16 12:00:00+00:00,17.06,47.15,840.0,866.26,153.0,295.9,2.76,243.0,93360.0
1990-04-16 13:00:00+00:00,17.03,47.15,718.0,794.5,159.0,289.1,2.69,242.0,93320.0
1990-04-16 14:00:00+00:00,16.64,48.8,566.0,743.46,139.0,287.75,2.55,239.0,93300.0
1990-04-16 15:00:00+00:00,16.01,50.5,371.0,598.86,123.0,285.85,2.34,235.0,93260.0
1990-04-16 16:00:00+00:00,15.04,52.15,184.0,466.12,75.0,283.1,1.72,229.0,93250.0
1990-04-16 17:00:00+00:00,13.79,58.0,18.0,152.81,11.0,280.4,1.31,224.0,93270.0
1990-04-16 18:00:00+00:00,12.02,71.95,0.0,0.0,0.0,273.65,0.83,214.0,93300.0
1990-04-16 19:00:00+00:00,11.88,64.45,0.0,0.0,0.0,270.75,0.62,179.0,93290.0
1990-04-16 20:00:00+00:00,11.07,69.15,0.0,0.0,0.0,267.05,0.9,130.0,93300.0
1990-04-16 21:00:00+00:00,8.83,76.95,0.0,0.0,0.0,263.95,1.31,117.0,93290.0
1990-04-16 22:00:00+00:00,7.99,79.7,0.0,0.0,0.0,261.65,1.38,110.0,93310.0
1990-04-16 23:00:00+00:00,7.91,79.7,0.0,0.0,0.0,259.9,1.31,102.0,93290.0
1990-04-17 00:00:00+00:00,7.39,79.65,0.0,0.0,0.0,258.75,1.31,93.0,93290.0
1990-04-17 01:00:00+00:00,6.29,82.55,0.0,0.0,0.0,257.9,1.38,88.0,93250.0
1990-04-17 02:00:00+00:00,5.6,85.6,0.0,0.0,0.0,259.7,1.45,85.0,93220.0
1990-04-17 03:00:00+00:00,5.18,82.4,0.0,0.0,0.0,260.3,1.52,81.0,93210.0
1990-04-17 04:00:00+00:00,4.62,85.5,0.0,0.0,0.0,258.95,1.52,79.0,93170.0
1990-04-17 05:00:00+00:00,4.89,82.35,141.0,352.13,71.0,258.35,1.45,80.0,93180.0
1990-04-17 06:00:00+00:00,9.16,71.4,327.0,529.45,125.0,260.5,0.97,103.0,93170.0
1990-04-17 07:00:00+00:00,12.37,55.65,426.0,334.73,243.0,268.6,1.86,154.0,93210.0
1990-04-17 08:00:00+00:00,13.76,53.85,649.0,635.34,215.0,274.6,2.41,180.0,93210.0
1990-04-17 09:00:00+00:00,14.66,53.95,614.0,304.59,376.0,286.6,2.9,190.0,93180.0
1990-04-17 10:00:00+00:00,14.83,52.15,138.0,0.0,138.0,313.1,2.97,189.0,93140.0
1990-04-17 11:00:00+00:00,14.78,54.1,556.0,147.64,432.0,325.3,2.69,184.0,93100.0
1990-04-17 12:00:00+00:00,14.84,56.15,809.0,768.69,197.0,326.85,2.97,185.0,93040.0
1990-04-17 13:00:00+00:00,15.2,58.25,537.0,277.38,341.0,307.9,3.31,190.0,93020.0
1990-04-17 14:00:00+00:00,14.9,60.4,313.0,71.01,272.0,302.1,3.52,193.0,92970.0
1990-04-17 15:00:00+00:00,14.09,64.75,170.0,19.18,162.0,316.4,3.52,190.0,92940.0
1990-04-17 16:00:00+00:00,13.03,69.55,101.0,42.18,91.0,315.05,2.83,182.0,92920.0
1990-04-17 17:00:00+00:00,12.15,74.6,16.0,60.92,13.0,317.4,2.07,171.0,92870.0
1990-04-17 18:00:00+00:00,11.05,77.2,0.0,0.0,0.0,307.3,1.93,161.0,92870.0
1990-04-17 19:00:00+00:00,10.53,86.05,0.0,0.0,0.0,316.4,1.72,158.0,92920.0
1990-04-17 20:00:00+00:00,10.05,89.2,0.0,0.0,0.0,329.4,1.45,148.0,92920.0
1990-04-17 21:00:00+00:00,9.34,92.45,0.0,0.0,0.0,318.75,1.38,144.0,92900.0
1990-04-17 22:00:00+00:00,9.19,92.45,0.0,0.0,0.0,337.9,1.38,127.0,92890.0
1990-04-17 23:00:00+00:00,9.02,95.85,0.0,0.0,0.0,341.75,1.38,120.0,92850.0
1990-04-18 00:00:00+00:00,8.63,95.85,0.0,0.0,0.0,321.25,1.38,115.0,92790.0
1990-04-18 01:00:00+00:00,8.4,95.85,0.0,0.0,0.0,325.6,1.17,98.0,92760.0
1990-04-18 02:00:00+00:00,8.47,95.85,0.0,0.0,0.0,340.4,1.03,89.0,92720.0
1990-04-18 03:00:00+00:00,8.52,95.85,0.0,0.0,0.0,342.95,1.1,93.0,92670.0
1990-04-18 04:00:00+00:00,8.27,95.85,0.0,0.0,0.0,330.15,1.17,93.0,92640.0
1990-04-18 05:00:00+00:00,8.57,95.85,65.0,9.83,63.0,337.3,1.03,99.0,92640.0
1990-04-18 06:00:00+00:00,9.56,92.45,187.0,54.4,166.0,341.75,2.0,126.0,92640.0
1990-04-18 07:00:00+00:00,11.54,89.3,418.0,312.2,246.0,337.3,1.1,161.0,92590.0
1990-04-18 08:00:00+00:00,12.51,86.25,306.0,21.83,291.0,345.25,1.52,208.0,92580.0
1990-04-18 09:00:00+00:00,13.26,77.5,358.0,22.93,340.0,328.2,1.93,222.0,92570.0
1990-04-18 10:00:00+00:00,13.92,72.2,111.0,0.0,111.0,334.2,2.21,226.0,92580.0
1990-04-18 11:00:00+00:00,13.13,77.5,136.0,0.0,136.0,343.7,2.07,226.0,92580.0
1990-04-18 12:00:00+00:00,13.99,77.6,230.0,0.0,230.0,317.4,2.0,218.0,92520.0
1990-04-18 13:00:00+00:00,13.92,72.2,127.0,0.0,127.0,340.4,2.34,222.0,92470.0
1990-04-18 14:00:00+00:00,13.68,74.75,463.0,368.75,249.0,328.6,2.55,233.0,92440.0
1990-04-18 15:00:00+00:00,11.19,86.1,33.0,0.0,33.0,345.45,1.31,276.0,92490.0
1990-04-18 16:00:00+00:00,10.51,89.25,65.0,0.0,65.0,332.85,1.17,338.0,92530.0
1990-04-18 17:00:00+00:00,9.95,86.0,9.0,0.0,9.0,329.75,1.59,27.0,92570.0
1990-04-18 18:00:00+00:00,8.78,85.95,0.0,0.0,0.0,315.45,1.52,37.0,92610.0
1990-04-18 19:00:00+00:00,7.68,76.8,0.0,0.0,0.0,313.5,2.07,38.0,92690.0
1990-04-18 20:00:00+00:00,6.78,73.8,0.0,0.0,0.0,298.8,2.21,37.0,92700.0
1990-04-18 21:00:00+00:00,6.05,73.65,0.0,0.0,0.0,299.95,2.28,39.0,92740.0
1990-04-18 22:00:00+00:00,5.42,73.55,0.0,0.0,0.0,301.3,2.28,41.0,92730.0
1990-04-18 23:00:00+00:00,4.93,73.45,0.0,0.0,0.0,301.7,2.28,41.0,92770.0
1990-04-19 00:00:00+00:00,4.46,79.2,0.0,0.0,0.0,308.85,2.21,35.0,92780.0
1990-04-19 01:00:00+00:00,3.85,85.45,0.0,0.0,0.0,323.5,2.28,37.0,92780.0
1990-04-19 02:00:00+00:00,3.55,88.7,0.0,0.0,0.0,321.65,2.21,45.0,92750.0
1990-04-19 03:00:00+00:00,3.42,88.7,0.0,0.0,0.0,318.15,2.21,45.0,92740.0
1990-04-19 04:00:00+00:00,3.28,82.2,0.0,0.0,0.0,305.2,2.28,45.0,92720.0
1990-04-19 05:00:00+00:00,3.58,82.2,163.0,465.8,66.0,301.7,2.14,45.0,92750.0
1990-04-19 06:00:00+00:00,4.26,73.4,317.0,422.57,152.0,299.4,2.69,47.0,92780.0
1990-04-19 07:00:00+00:00,5.7,60.75,542.0,720.61,142.0,267.25,4.0,50.0,92800.0
1990-04-19 08:00:00+00:00,7.26,54.4,700.0,771.48,167.0,262.8,4.0,52.0,92800.0
1990-04-19 09:00:00+00:00,8.67,48.8,828.0,839.46,166.0,262.8,3.86,52.0,92810.0
1990-04-19 10:00:00+00:00,9.95,45.4,894.0,857.9,172.0,259.9,3.72,51.0,92820.0
1990-04-19 11:00:00+00:00,10.81,42.3,899.0,860.29,171.0,256.2,3.38,51.0,92790.0
1990-04-19 12:00:00+00:00,11.7,39.25,844.0,843.92,167.0,252.15,2.9,50.0,92760.0
1990-04-19 13:00:00+00:00,12.02,36.45,734.0,806.99,159.0,251.75,2.55,51.0,92750.0
1990-04-19 14:00:00+00:00,12.01,35.05,584.0,766.34,137.0,259.7,2.34,54.0,92700.0
1990-04-19 15:00:00+00:00,11.68,34.9,393.0,656.73,115.0,251.95,2.21,57.0,92690.0
1990-04-19 16:00:00+00:00,10.98,34.75,196.0,488.72,77.0,248.65,2.34,58.0,92710.0
1990-04-19 17:00:00+00:00,9.93,35.85,24.0,142.64,16.0,246.95,2.07,55.0,92740.0
1990-04-19 18:00:00+00:00,8.38,39.95,0.0,0.0,0.0,246.55,1.93,48.0,92800.0
1990-04-19 19:00:00+00:00,6.94,54.3,0.0,0.0,0.0,254.85,1.59,43.0,92830.0
1990-04-19 20:00:00+00:00,5.48,56.05,0.0,0.0,0.0,251.95,1.86,41.0,92870.0
1990-04-19 21:00:00+00:00,4.26,62.8,0.0,0.0,0.0,250.4,1.86,39.0,92890.0
1990-04-19 22:00:00+00:00,3.33,67.7,0.0,0.0,0.0,253.15,1.72,38.0,92930.0
1990-04-19 23:00:00+00:00,2.62,70.3,0.0,0.0,0.0,253.9,1.72,40.0,92930.0
1990-04-20 00:00:00+00:00,1.88,70.2,0.0,0.0,0.0,247.9,1.66,43.0,92920.0
1990-04-20 01:00:00+00:00,1.09,72.95,0.0,0.0,0.0,238.15,1.66,45.0,92900.0
1990-04-20 02:00:00+00:00,0.31,78.75,0.0,0.0,0.0,230.65,1.72,46.0,92880.0
1990-04-20 03:00:00+00:00,-0.26,81.8,0.0,0.0,0.0,229.15,1.66,49.0,92860.0
1990-04-20 04:00:00+00:00,-0.71,81.75,0.0,0.0,0.0,227.95,1.72,48.0,92840.0
1990-04-20 05:00:00+00:00,0.23,85.15,170.0,479.16,68.0,227.4,1.52,47.0,92840.0
1990-04-20 06:00:00+00:00,4.49,70.6,368.0,661.04,107.0,228.95,1.52,44.0,92860.0
1990-04-20 07:00:00+00:00,6.88,56.45,559.0,756.49,136.0,233.95,1.66,41.0,92880.0
1990-04-20 08:00:00+00:00,8.85,46.95,723.0,823.42,151.0,239.2,1.86,38.0,92870.0
1990-04-20 09:00:00+00:00,10.64,43.8,845.0,863.51,161.0,243.05,1.93,34.0,92870.0
1990-04-20 10:00:00+00:00,12.02,39.4,916.0,894.83,160.0,248.65,1.59,20.0,92840.0
1990-04-20 11:00:00+00:00,13.08,38.15,921.0,896.03,160.0,254.1,1.59,4.0,92790.0
1990-04-20 12:00:00+00:00,13.75,36.85,865.0,879.33,157.0,255.85,1.66,354.0,92750.0
1990-04-20 13:00:00+00:00,14.03,36.85,752.0,842.86,149.0,260.65,1.66,347.0,92740.0
1990-04-20 14:00:00+00:00,14.01,36.85,597.0,791.53,133.0,262.05,1.66,338.0,92690.0
1990-04-20 15:00:00+00:00,13.65,38.15,404.0,682.58,113.0,261.25,1.79,336.0,92660.0
1990-04-20 16:00:00+00:00,12.96,38.15,204.0,518.91,76.0,262.4,2.0,346.0,92670.0
1990-04-20 17:00:00+00:00,11.84,39.4,25.0,134.49,17.0,267.45,1.93,358.0,92690.0
1990-04-20 18:00:00+00:00,10.3,42.15,0.0,0.0,0.0,269.6,2.28,12.0,92750.0
1990-04-20 19:00:00+00:00,8.96,52.7,0.0,0.0,0.0,260.85,2.0,14.0,92790.0
1990-04-20 20:00:00+00:00,8.44,50.6,0.0,0.0,0.0,276.75,2.55,25.0,92830.0
1990-04-20 21:00:00+00:00,7.88,52.45,0.0,0.0,0.0,269.0,2.48,30.0,92860.0
1990-04-20 22:00:00+00:00,7.2,56.55,0.0,0.0,0.0,265.7,2.28,35.0,92850.0
1990-04-20 23:00:00+00:00,6.62,63.25,0.0,0.0,0.0,266.1,2.28,36.0,92840.0
1990-04-21 00:00:00+00:00,5.76,65.65,0.0,0.0,0.0,253.15,2.07,30.0,92870.0
1990-04-21 01:00:00+00:00,4.83,76.3,0.0,0.0,0.0,252.45,1.66,16.0,92860.0
1990-04-21 02:00:00+00:00,4.11,79.15,0.0,0.0,0.0,250.05,1.59,5.0,92880.0
1990-04-21 03:00:00+00:00,3.61,82.2,0.0,0.0,0.0,257.95,1.66,8.0,92870.0
1990-04-21 04:00:00+00:00,3.09,82.15,1.0,0.0,1.0,256.4,1.79,17.0,92870.0
1990-04-21 05:00:00+00:00,3.77,79.15,82.0,23.0,77.0,246.95,1.86,22.0,92930.0
1990-04-21 06:00:00+00:00,7.45,61.1,313.0,370.81,165.0,248.5,2.55,20.0,92980.0
1990-04-21 07:00:00+00:00,9.38,52.85,455.0,364.01,250.0,255.05,3.52,23.0,93030.0
1990-04-21 08:00:00+00:00,10.58,45.55,716.0,794.7,161.0,262.4,3.86,24.0,93060.0
1990-04-21 09:00:00+00:00,11.61,42.4,826.0,800.7,189.0,265.3,3.66,23.0,93070.0
1990-04-21 10:00:00+00:00,12.64,38.0,880.0,787.68,212.0,269.0,3.45,19.0,93100.0
1990-04-21 11:00:00+00:00,13.6,38.15,534.0,110.29,440.0,265.5,3.24,14.0,93080.0
1990-04-21 12:00:00+00:00,14.32,35.6,629.0,282.16,401.0,273.25,3.17,10.0,93060.0
1990-04-21 13:00:00+00:00,14.63,34.25,744.0,814.46,159.0,271.7,3.24,7.0,93030.0
1990-04-21 14:00:00+00:00,14.43,32.95,597.0,785.96,134.0,273.85,3.38,6.0,93000.0
1990-04-21 15:00:00+00:00,13.79,32.8,404.0,677.83,113.0,265.5,3.38,8.0,92990.0
1990-04-21 16:00:00+00:00,12.78,33.95,207.0,520.36,77.0,261.25,3.1,10.0,93020.0
1990-04-21 17:00:00+00:00,11.47,34.9,27.0,143.16,18.0,257.75,2.83,10.0,93050.0
1990-04-21 18:00:00+00:00,9.96,37.3,0.0,0.0,0.0,254.3,2.83,12.0,93140.0
1990-04-21 19:00:00+00:00,9.66,41.85,0.0,0.0,0.0,258.35,2.48,16.0,93160.0
1990-04-21 20:00:00+00:00,8.55,48.65,0.0,0.0,0.0,255.65,2.34,20.0,93210.0
1990-04-21 21:00:00+00:00,7.7,54.55,0.0,0.0,0.0,261.45,2.21,23.0,93230.0
1990-04-21 22:00:00+00:00,6.44,68.3,0.0,0.0,0.0,259.3,1.79,25.0,93250.0
1990-04-21 23:00:00+00:00,5.94,70.85,0.0,0.0,0.0,254.85,1.24,15.0,93250.0
1990-04-22 00:00:00+00:00,5.12,73.45,0.0,0.0,0.0,251.0,1.31,357.0,93280.0
1990-04-22 01:00:00+00:00,4.63,73.45,0.0,0.0,0.0,252.65,1.31,2.0,93270.0
1990-04-22 02:00:00+00:00,4.42,76.25,0.0,0.0,0.0,251.0,1.24,22.0,93250.0
1990-04-22 03:00:00+00:00,3.52,82.2,0.0,0.0,0.0,249.65,1.31,36.0,93210.0
1990-04-22 04:00:00+00:00,2.58,82.15,7.0,0.0,7.0,248.1,1.38,43.0,93190.0
1990-04-22 05:00:00+00:00,3.4,88.7,175.0,464.13,72.0,246.95,1.1,44.0,93210.0
1990-04-22 06:00:00+00:00,8.47,74.05,375.0,659.49,109.0,251.4,0.76,9.0,93200.0
1990-04-22 07:00:00+00:00,11.87,51.5,564.0,754.72,136.0,255.25,1.52,324.0,93260.0
1990-04-22 08:00:00+00:00,13.54,46.2,728.0,819.06,153.0,261.65,2.55,328.0,93230.0
1990-04-22 09:00:00+00:00,14.82,40.1,843.0,847.39,166.0,268.6,3.86,348.0,93220.0
1990-04-22 10:00:00+00:00,15.86,34.65,913.0,877.59,166.0,289.9,4.41,353.0,93190.0
1990-04-22 11:00:00+00:00,16.56,32.2,913.0,867.55,171.0,294.75,4.62,354.0,93170.0
1990-04-22 12:00:00+00:00,16.87,29.95,853.0,837.34,174.0,307.5,4.48,356.0,93150.0
1990-04-22 13:00:00+00:00,17.05,29.95,755.0,837.63,151.0,295.9,4.34,359.0,93130.0
1990-04-22 14:00:00+00:00,16.74,31.0,596.0,775.42,137.0,292.2,3.93,4.0,93110.0
1990-04-22 15:00:00+00:00,16.23,32.1,405.0,668.57,116.0,288.15,3.66,8.0,93110.0
1990-04-22 16:00:00+00:00,15.27,34.5,204.0,486.24,81.0,277.7,2.83,15.0,93130.0
1990-04-22 17:00:00+00:00,13.9,38.3,26.0,90.58,20.0,269.75,2.34,23.0,93160.0
1990-04-22 18:00:00+00:00,11.94,44.2,0.0,0.0,0.0,267.25,1.86,27.0,93210.0
1990-04-22 19:00:00+00:00,10.29,57.3,0.0,0.0,0.0,266.85,1.66,37.0,93230.0
1990-04-22 20:00:00+00:00,9.18,57.05,0.0,0.0,0.0,265.3,1.52,41.0,93280.0
1990-04-22 21:00:00+00:00,8.0,63.6,0.0,0.0,0.0,263.4,1.45,48.0,93290.0
1990-04-22 22:00:00+00:00,6.25,70.95,0.0,0.0,0.0,258.75,1.52,53.0,93300.0
1990-04-22 23:00:00+00:00,4.81,79.3,0.0,0.0,0.0,255.45,1.52,55.0,93270.0
1990-04-23 00:00:00+00:00,3.77,85.45,0.0,0.0,0.0,251.95,1.52,55.0,93280.0
1990-04-23 01:00:00+00:00,2.97,88.65,0.0,0.0,0.0,251.7,1.52,54.0,93230.0
1990-04-23 02:00:00+00:00,2.32,88.65,0.0,0.0,0.0,251.0,1.52,54.0,93230.0
1990-04-23 03:00:00+00:00,1.86,92.1,0.0,0.0,0.0,250.8,1.52,54.0,93200.0
1990-04-23 04:00:00+00:00,1.48,92.05,9.0,0.0,9.0,248.3,1.52,55.0,93190.0
1990-04-23 05:00:00+00:00,2.91,95.7,182.0,490.42,71.0,249.05,1.17,57.0,93210.0
1990-04-23 06:00:00+00:00,8.95,76.95,379.0,657.69,111.0,251.6,0.48,63.0,93190.0
1990-04-23 07:00:00+00:00,13.28,49.85,558.0,716.35,149.0,262.8,0.69,155.0,93250.0
1990-04-23 08:00:00+00:00,14.75,44.9,593.0,396.83,313.0,269.4,1.17,210.0,93260.0
1990-04-23 09:00:00+00:00,15.88,43.5,626.0,287.95,395.0,274.2,1.93,234.0,93250.0
1990-04-23 10:00:00+00:00,16.58,43.65,874.0,756.2,228.0,280.6,2.41,238.0,93230.0
1990-04-23 11:00:00+00:00,16.9,42.15,914.0,864.61,172.0,287.95,2.48,236.0,93210.0
1990-04-23 12:00:00+00:00,17.04,42.15,803.0,675.92,253.0,300.15,2.48,230.0,93170.0
1990-04-23 13:00:00+00:00,16.85,42.15,502.0,186.5,367.0,305.4,2.69,226.0,93150.0
1990-04-23 14:00:00+00:00,16.15,46.9,372.0,131.15,294.0,314.85,2.69,222.0,93140.0
1990-04-23 15:00:00+00:00,15.45,48.55,370.0,482.53,160.0,314.5,2.48,217.0,93130.0
1990-04-23 16:00:00+00:00,14.77,50.25,162.0,206.97,109.0,309.45,1.72,207.0,93140.0
1990-04-23 17:00:00+00:00,13.79,55.9,14.0,0.0,14.0,297.45,1.24,189.0,93130.0
1990-04-23 18:00:00+00:00,11.82,66.85,0.0,0.0,0.0,286.05,1.31,149.0,93140.0
1990-04-23 19:00:00+00:00,10.0,77.1,0.0,0.0,0.0,275.95,1.45,134.0,93150.0
1990-04-23 20:00:00+00:00,8.63,79.75,0.0,0.0,0.0,271.7,1.59,121.0,93150.0
1990-04-23 21:00:00+00:00,7.6,82.65,0.0,0.0,0.0,264.95,1.66,115.0,93170.0
1990-04-23 22:00:00+00:00,6.99,82.6,0.0,0.0,0.0,270.35,1.66,111.0,93180.0
1990-04-23 23:00:00+00:00,6.52,82.55,0.0,0.0,0.0,275.75,1.72,105.0,93170.0
1990-04-24 00:00:00+00:00,6.44,82.55,0.0,0.0,0.0,289.3,1.66,100.0,93140.0
1990-04-24 01:00:00+00:00,6.17,82.55,0.0,0.0,0.0,294.45,1.79,95.0,93090.0
1990-04-24 02:00:00+00:00,6.28,82.55,0.0,0.0,0.0,301.3,1.72,94.0,93050.0
1990-04-24 03:00:00+00:00,6.37,82.55,0.0,0.0,0.0,306.35,1.59,100.0,93040.0
1990-04-24 04:00:00+00:00,6.69,82.6,13.0,45.02,11.0,318.35,1.59,108.0,93040.0
1990-04-24 05:00:00+00:00,7.63,82.65,32.0,0.0,32.0,320.65,1.59,108.0,93070.0
1990-04-24 06:00:00+00:00,9.83,69.0,193.0,43.74,175.0,317.0,1.86,118.0,93070.0
1990-04-24 07:00:00+00:00,11.43,66.75,423.0,273.17,266.0,316.2,3.03,144.0,93070.0
1990-04-24 08:00:00+00:00,12.25,64.55,423.0,104.36,349.0,317.0,3.45,156.0,93090.0
1990-04-24 09:00:00+00:00,12.42,66.95,223.0,0.0,223.0,321.85,3.31,158.0,93090.0
1990-04-24 10:00:00+00:00,11.86,74.6,162.0,0.0,162.0,333.45,3.31,154.0,93100.0
1990-04-24 11:00:00+00:00,12.75,72.1,152.0,0.0,152.0,315.05,3.1,163.0,93070.0
1990-04-24 12:00:00+00:00,12.77,72.1,75.0,0.0,75.0,324.95,3.03,168.0,93070.0
1990-04-24 13:00:00+00:00,12.2,74.6,100.0,0.0,100.0,321.65,3.52,166.0,93040.0
1990-04-24 14:00:00+00:00,11.04,74.45,75.0,0.0,75.0,324.75,3.45,160.0,93010.0
1990-04-24 15:00:00+00:00,10.29,77.15,66.0,0.0,66.0,326.3,2.97,158.0,93020.0
1990-04-24 16:00:00+00:00,9.78,79.95,103.0,27.01,96.0,327.45,2.28,150.0,92980.0
1990-04-24 17:00:00+00:00,9.42,82.9,25.0,54.85,21.0,322.05,2.28,150.0,93020.0
1990-04-24 18:00:00+00:00,8.72,85.95,0.0,0.0,0.0,321.45,1.72,139.0,93070.0
1990-04-24 19:00:00+00:00,8.29,82.75,0.0,0.0,0.0,319.1,1.52,130.0,93090.0
1990-04-24 20:00:00+00:00,7.66,85.85,0.0,0.0,0.0,314.85,1.31,122.0,93100.0
1990-04-24 21:00:00+00:00,7.45,89.0,0.0,0.0,0.0,324.55,1.24,108.0,93110.0
1990-04-24 22:00:00+00:00,6.91,89.0,0.0,0.0,0.0,311.2,1.17,95.0,93120.0
1990-04-24 23:00:00+00:00,6.72,89.0,0.0,0.0,0.0,319.7,1.03,85.0,93110.0
1990-04-25 00:00:00+00:00,6.24,88.95,0.0,0.0,0.0,306.75,0.97,74.0,93090.0
1990-04-25 01:00:00+00:00,6.14,92.3,0.0,0.0,0.0,315.35,0.97,63.0,93090.0
1990-04-25 02:00:00+00:00,5.94,92.3,0.0,0.0,0.0,312.75,1.03,61.0,93090.0
1990-04-25 03:00:00+00:00,5.92,92.3,0.0,0.0,0.0,317.2,0.97,61.0,93060.0
1990-04-25 04:00:00+00:00,5.38,95.75,15.0,61.3,12.0,299.2,1.1,61.0,93040.0
1990-04-25 05:00:00+00:00,6.06,95.75,184.0,468.19,74.0,295.3,0.76,57.0,93080.0
1990-04-25 06:00:00+00:00,8.45,79.75,380.0,642.53,113.0,286.8,0.48,56.0,93100.0
1990-04-25 07:00:00+00:00,10.61,69.1,569.0,746.85,137.0,275.0,0.41,148.0,93110.0
1990-04-25 08:00:00+00:00,12.31,57.75,730.0,812.63,151.0,290.5,0.55,222.0,93110.0
1990-04-25 09:00:00+00:00,13.59,55.75,848.0,852.07,159.0,296.1,1.03,245.0,93090.0
1990-04-25 10:00:00+00:00,14.16,53.85,912.0,870.69,163.0,322.2,1.72,248.0,93070.0
1990-04-25 11:00:00+00:00,14.37,53.95,911.0,860.12,168.0,328.0,2.14,251.0,93060.0
1990-04-25 12:00:00+00:00,14.33,58.1,737.0,504.18,324.0,331.3,2.07,257.0,93020.0
1990-04-25 13:00:00+00:00,14.43,58.1,566.0,303.04,345.0,324.55,2.21,257.0,92960.0
1990-04-25 14:00:00+00:00,14.32,60.3,442.0,264.88,283.0,323.4,2.28,257.0,92940.0
1990-04-25 15:00:00+00:00,13.78,62.45,377.0,512.48,151.0,323.4,2.21,263.0,92910.0
1990-04-25 16:00:00+00:00,13.25,67.05,191.0,350.81,99.0,309.25,1.86,267.0,92920.0
1990-04-25 17:00:00+00:00,12.45,69.45,33.0,131.16,23.0,281.95,1.17,263.0,92940.0
1990-04-25 18:00:00+00:00,11.12,83.05,0.0,0.0,0.0,282.15,0.62,261.0,92950.0
1990-04-25 19:00:00+00:00,11.0,80.1,0.0,0.0,0.0,274.2,0.14,305.0,92950.0
1990-04-25 20:00:00+00:00,10.46,83.0,0.0,0.0,0.0,270.15,0.48,62.0,92940.0
1990-04-25 21:00:00+00:00,9.38,85.95,0.0,0.0,0.0,274.2,0.97,70.0,92940.0
1990-04-25 22:00:00+00:00,7.5,92.35,0.0,0.0,0.0,274.8,1.17,66.0,92950.0
1990-04-25 23:00:00+00:00,6.82,92.35,0.0,0.0,0.0,276.15,1.17,63.0,92950.0
1990-04-26 00:00:00+00:00,6.59,95.8,0.0,0.0,0.0,276.95,1.17,63.0,92950.0
1990-04-26 01:00:00+00:00,5.2,95.75,0.0,0.0,0.0,279.95,1.31,66.0,92910.0
1990-04-26 02:00:00+00:00,4.58,100.0,0.0,0.0,0.0,294.95,1.17,62.0,92870.0
1990-04-26 03:00:00+00:00,4.2,100.0,0.0,0.0,0.0,295.1,1.1,56.0,92840.0
1990-04-26 04:00:00+00:00,4.2,100.0,3.0,0.0,3.0,295.9,1.24,59.0,92840.0
1990-04-26 05:00:00+00:00,5.63,95.75,119.0,87.82,98.0,302.1,1.24,64.0,92860.0
1990-04-26 06:00:00+00:00,8.06,92.4,322.0,352.84,174.0,310.4,0.83,65.0,92830.0
1990-04-26 07:00:00+00:00,11.78,71.95,392.0,188.99,282.0,297.05,0.41,149.0,92840.0
1990-04-26 08:00:00+00:00,13.73,53.85,630.0,487.54,281.0,293.4,1.1,224.0,92840.0
1990-04-26 09:00:00+00:00,14.89,50.25,583.0,215.59,408.0,291.05,1.72,239.0,92830.0
1990-04-26 10:00:00+00:00,15.49,50.35,854.0,699.79,250.0,304.6,2.0,244.0,92830.0
1990-04-26 11:00:00+00:00,15.68,52.25,673.0,288.5,423.0,313.1,2.28,245.0,92790.0
1990-04-26 12:00:00+00:00,15.77,52.4,760.0,559.74,300.0,318.15,2.41,244.0,92760.0
1990-04-26 13:00:00+00:00,15.79,54.35,591.0,353.87,332.0,324.15,2.34,247.0,92740.0
1990-04-26 14:00:00+00:00,15.93,54.35,565.0,641.79,178.0,323.95,2.21,248.0,92700.0
1990-04-26 15:00:00+00:00,15.62,56.25,403.0,628.59,124.0,313.5,2.07,250.0,92670.0
1990-04-26 16:00:00+00:00,15.04,58.25,211.0,478.69,84.0,312.55,1.45,244.0,92670.0
1990-04-26 17:00:00+00:00,14.13,64.75,36.0,125.71,26.0,301.1,1.17,234.0,92680.0
1990-04-26 18:00:00+00:00,12.47,77.45,0.0,0.0,0.0,291.05,0.76,213.0,92710.0
1990-04-26 19:00:00+00:00,12.15,71.95,0.0,0.0,0.0,280.8,0.41,141.0,92730.0
1990-04-26 20:00:00+00:00,11.42,74.55,0.0,0.0,0.0,278.3,0.83,103.0,92730.0
1990-04-26 21:00:00+00:00,9.82,79.95,0.0,0.0,0.0,278.1,1.1,88.0,92740.0
1990-04-26 22:00:00+00:00,8.33,85.9,0.0,0.0,0.0,274.4,1.31,79.0,92750.0
1990-04-26 23:00:00+00:00,7.21,89.0,0.0,0.0,0.0,273.65,1.38,74.0,92720.0
1990-04-27 00:00:00+00:00,6.12,95.75,0.0,0.0,0.0,275.95,1.38,72.0,92710.0
1990-04-27 01:00:00+00:00,5.38,95.75,0.0,0.0,0.0,278.6,1.38,72.0,92700.0
1990-04-27 02:00:00+00:00,4.73,99.4,0.0,0.0,0.0,287.55,1.24,69.0,92680.0
1990-04-27 03:00:00+00:00,4.7,99.4,0.0,0.0,0.0,293.2,1.31,66.0,92630.0
1990-04-27 04:00:00+00:00,4.64,99.4,2.0,0.0,2.0,296.85,1.31,66.0,92610.0
1990-04-27 05:00:00+00:00,6.22,92.3,53.0,0.0,53.0,298.2,1.24,70.0,92620.0
1990-04-27 06:00:00+00:00,10.05,77.1,98.0,0.0,98.0,294.55,0.97,85.0,92610.0
1990-04-27 07:00:00+00:00,13.58,60.05,154.0,0.0,154.0,300.75,1.72,141.0,92610.0
1990-04-27 08:00:00+00:00,14.76,58.25,355.0,40.33,326.0,309.05,2.41,161.0,92610.0
1990-04-27 09:00:00+00:00,15.48,56.25,324.0,8.59,317.0,312.95,2.83,175.0,92600.0
1990-04-27 10:00:00+00:00,15.89,54.35,334.0,5.77,329.0,326.85,3.45,182.0,92610.0
1990-04-27 11:00:00+00:00,15.6,54.25,383.0,17.26,368.0,324.15,3.66,184.0,92590.0
1990-04-27 12:00:00+00:00,15.34,54.25,148.0,0.0,148.0,321.65,3.66,183.0,92580.0
1990-04-27 13:00:00+00:00,14.95,54.1,141.0,0.0,141.0,321.25,3.38,179.0,92540.0
1990-04-27 14:00:00+00:00,13.91,58.0,71.0,0.0,71.0,330.55,3.17,166.0,92490.0
1990-04-27 15:00:00+00:00,12.69,62.2,144.0,2.24,143.0,331.5,2.9,155.0,92430.0
1990-04-27 16:00:00+00:00,11.69,64.35,87.0,7.45,85.0,343.1,2.28,134.0,92380.0
1990-04-27 17:00:00+00:00,11.36,64.35,37.0,120.73,27.0,348.75,1.72,114.0,92310.0
1990-04-27 18:00:00+00:00,11.04,64.25,0.0,0.0,0.0,332.5,1.66,119.0,92290.0
1990-04-27 19:00:00+00:00,11.23,55.4,0.0,0.0,0.0,326.1,2.0,134.0,92310.0
1990-04-27 20:00:00+00:00,10.98,55.3,0.0,0.0,0.0,331.5,2.21,152.0,92300.0
1990-04-27 21:00:00+00:00,10.29,61.75,0.0,0.0,0.0,335.0,1.86,135.0,92270.0
1990-04-27 22:00:00+00:00,9.92,69.0,0.0,0.0,0.0,335.75,1.59,121.0,92200.0
1990-04-27 23:00:00+00:00,9.9,69.0,0.0,0.0,0.0,321.05,2.34,148.0,92130.0
1990-04-28 00:00:00+00:00,9.58,74.2,0.0,0.0,0.0,308.1,2.9,161.0,92100.0
1990-04-28 01:00:00+00:00,8.98,79.85,0.0,0.0,0.0,305.7,2.83,156.0,92060.0
1990-04-28 02:00:00+00:00,8.44,85.9,0.0,0.0,0.0,313.9,2.62,146.0,91990.0
1990-04-28 03:00:00+00:00,7.94,92.4,0.0,0.0,0.0,325.1,2.34,137.0,91950.0
1990-04-28 04:00:00+00:00,8.14,95.8,14.0,16.12,13.0,343.3,2.34,139.0,91900.0
1990-04-28 05:00:00+00:00,8.34,92.4,20.0,0.0,20.0,334.8,2.28,140.0,91900.0
1990-04-28 06:00:00+00:00,9.17,89.1,34.0,0.0,34.0,327.85,2.97,148.0,91900.0
1990-04-28 07:00:00+00:00,9.36,92.45,377.0,154.48,286.0,359.0,2.76,158.0,91890.0
1990-04-28 08:00:00+00:00,10.02,89.2,0.0,0.0,0.0,354.15,2.07,167.0,91920.0
1990-04-28 09:00:00+00:00,11.6,92.55,101.0,0.0,101.0,333.85,1.66,186.0,91940.0
1990-04-28 10:00:00+00:00,11.64,92.55,90.0,0.0,90.0,346.2,1.86,201.0,91910.0
1990-04-28 11:00:00+00:00,12.47,86.25,224.0,0.0,224.0,340.4,1.52,208.0,91910.0
1990-04-28 12:00:00+00:00,12.96,80.35,0.0,0.0,0.0,325.9,2.21,199.0,91890.0
1990-04-28 13:00:00+00:00,13.14,83.25,422.0,84.11,360.0,327.65,2.41,192.0,91930.0
1990-04-28 14:00:00+00:00,12.3,83.25,81.0,0.0,81.0,327.05,2.34,187.0,91930.0
1990-04-28 15:00:00+00:00,12.0,83.15,145.0,2.22,144.0,333.65,2.48,182.0,91920.0
1990-04-28 16:00:00+00:00,11.49,80.15,78.0,3.69,77.0,307.3,2.28,181.0,91960.0
1990-04-28 17:00:00+00:00,10.6,80.05,17.0,0.0,17.0,307.9,1.17,185.0,92000.0
1990-04-28 18:00:00+00:00,9.53,85.95,0.0,0.0,0.0,303.25,0.34,154.0,92080.0
1990-04-28 19:00:00+00:00,8.76,89.1,0.0,0.0,0.0,319.3,0.48,122.0,92160.0
1990-04-28 20:00:00+00:00,8.34,92.4,0.0,0.0,0.0,329.2,0.76,71.0,92200.0
1990-04-28 21:00:00+00:00,7.81,92.4,0.0,0.0,0.0,315.45,0.83,49.0,92220.0
1990-04-28 22:00:00+00:00,7.33,95.8,0.0,0.0,0.0,312.95,1.03,37.0,92270.0
1990-04-28 23:00:00+00:00,6.83,95.8,0.0,0.0,0.0,309.45,1.03,44.0,92270.0
1990-04-29 00:00:00+00:00,6.33,95.8,0.0,0.0,0.0,303.45,1.1,40.0,92300.0
1990-04-29 01:00:00+00:00,6.03,99.4,0.0,0.0,0.0,304.7,1.17,33.0,92350.0
1990-04-29 02:00:00+00:00,6.07,95.75,0.0,0.0,0.0,307.1,1.38,32.0,92400.0
1990-04-29 03:00:00+00:00,6.25,92.3,0.0,0.0,0.0,301.9,1.79,34.0,92450.0
1990-04-29 04:00:00+00:00,6.36,88.95,31.0,166.08,20.0,291.85,2.21,37.0,92490.0
1990-04-29 05:00:00+00:00,7.04,85.75,181.0,346.29,94.0,279.25,2.07,37.0,92550.0
1990-04-29 06:00:00+00:00,8.32,76.85,396.0,654.72,114.0,275.0,2.48,37.0,92610.0
1990-04-29 07:00:00+00:00,9.2,66.35,597.0,798.37,124.0,283.7,3.86,43.0,92690.0
1990-04-29 08:00:00+00:00,10.43,59.5,646.0,510.04,276.0,286.6,3.79,45.0,92730.0
1990-04-29 09:00:00+00:00,12.09,55.5,861.0,860.39,155.0,289.9,3.31,44.0,92770.0
1990-04-29 10:00:00+00:00,13.73,53.85,929.0,890.54,153.0,286.05,2.48,40.0,92790.0
1990-04-29 11:00:00+00:00,15.12,50.25,938.0,903.45,148.0,293.55,1.59,22.0,92790.0
1990-04-29 12:00:00+00:00,16.01,46.9,881.0,886.1,146.0,295.1,1.45,342.0,92760.0
1990-04-29 13:00:00+00:00,16.28,45.3,769.0,849.09,141.0,317.0,1.79,341.0,92760.0
1990-04-29 14:00:00+00:00,16.48,45.3,490.0,369.92,264.0,302.5,1.93,348.0,92740.0
1990-04-29 15:00:00+00:00,16.22,45.15,415.0,650.08,121.0,314.85,1.93,4.0,92750.0
1990-04-29 16:00:00+00:00,15.51,46.75,224.0,513.96,83.0,288.55,1.93,24.0,92780.0
1990-04-29 17:00:00+00:00,14.25,48.25,48.0,212.67,29.0,280.4,1.86,36.0,92790.0
1990-04-29 18:00:00+00:00,12.46,51.65,0.0,0.0,0.0,279.85,1.79,44.0,92830.0
1990-04-29 19:00:00+00:00,11.98,59.85,0.0,0.0,0.0,279.05,0.9,43.0,92910.0
1990-04-29 20:00:00+00:00,9.97,69.0,0.0,0.0,0.0,278.85,1.24,55.0,92950.0
1990-04-29 21:00:00+00:00,8.22,74.05,0.0,0.0,0.0,277.1,1.38,60.0,92950.0
1990-04-29 22:00:00+00:00,7.08,82.6,0.0,0.0,0.0,284.85,1.38,61.0,92990.0
1990-04-29 23:00:00+00:00,6.31,85.7,0.0,0.0,0.0,281.2,1.31,61.0,92950.0
1990-04-30 00:00:00+00:00,5.88,88.9,0.0,0.0,0.0,280.6,1.31,61.0,92960.0
1990-04-30 01:00:00+00:00,5.7,85.65,0.0,0.0,0.0,284.8,1.24,64.0,92930.0
1990-04-30 02:00:00+00:00,5.5,88.85,0.0,0.0,0.0,285.45,1.17,68.0,92940.0
1990-04-30 03:00:00+00:00,5.39,88.85,0.0,0.0,0.0,285.85,1.17,73.0,92910.0
1990-04-30 04:00:00+00:00,5.51,88.85,35.0,198.97,21.0,284.1,1.24,77.0,92890.0
1990-04-30 05:00:00+00:00,6.93,85.75,193.0,407.67,89.0,277.3,0.9,78.0,92910.0
1990-04-30 06:00:00+00:00,10.48,77.15,306.0,260.18,193.0,280.2,0.62,134.0,92920.0
1990-04-30 07:00:00+00:00,12.0,71.95,543.0,589.16,192.0,290.3,1.17,194.0,92950.0
1990-04-30 08:00:00+00:00,13.1,62.3,628.0,455.75,296.0,300.15,1.52,212.0,92920.0
1990-04-30 09:00:00+00:00,13.97,58.0,844.0,810.08,177.0,320.65,2.07,223.0,92940.0
1990-04-30 10:00:00+00:00,13.99,60.2,842.0,644.16,279.0,332.3,2.41,228.0,92930.0
1990-04-30 11:00:00+00:00,13.33,67.05,835.0,619.2,292.0,348.15,2.55,236.0,92930.0
1990-04-30 12:00:00+00:00,13.16,67.05,720.0,447.15,348.0,336.55,2.48,230.0,92920.0
1990-04-30 13:00:00+00:00,12.13,74.6,381.0,49.86,344.0,333.05,1.93,235.0,92920.0
1990-04-30 14:00:00+00:00,12.53,72.05,101.0,0.0,101.0,326.3,1.66,239.0,92880.0
1990-04-30 15:00:00+00:00,12.66,69.45,154.0,4.4,152.0,316.2,1.93,243.0,92870.0
1990-04-30 16:00:00+00:00,10.9,75.0,131.0,61.3,114.0,291.97,0.49,251.0,92890.0
1990-04-30 17:00:00+00:00,10.68,76.4,25.0,10.8,24.0,295.46,0.56,256.0,92940.0
1990-04-30 18:00:00+00:00,10.46,77.81,0.0,0.0,0.0,298.94,0.64,240.0,92970.0
1990-04-30 19:00:00+00:00,10.24,79.21,0.0,0.0,0.0,302.42,0.71,266.0,92980.0
1990-04-30 20:00:00+00:00,10.02,80.62,0.0,0.0,0.0,305.91,0.78,242.0,93000.0
1990-04-30 21:00:00+00:00,9.8,82.02,0.0,0.0,0.0,309.39,0.85,146.0,93010.0
1990-04-30 22:00:00+00:00,9.58,83.43,0.0,0.0,0.0,312.88,0.92,94.0,93020.0
1990-04-30 23:00:00+00:00,9.36,84.83,0.0,0.0,0.0,316.36,0.99,92.0,93000.0
1990-05-01 00:00:00+00:00,9.15,86.24,0.0,0.0,0.0,319.85,1.07,55.0,91900.0
1990-05-01 01:00:00+00:00,8.93,87.65,0.0,0.0,0.0,323.33,1.14,49.0,91840.0
1990-05-01 02:00:00+00:00,8.71,89.05,0.0,0.0,0.0,326.81,1.21,49.0,91780.0
1990-05-01 03:00:00+00:00,8.49,90.46,0.0,0.0,0.0,330.3,1.28,54.0,91740.0
1990-05-01 04:00:00+00:00,8.27,91.86,5.0,0.0,5.0,333.78,1.35,64.0,91700.0
1990-05-01 05:00:00+00:00,8.05,93.27,18.0,0.0,18.0,337.27,1.42,76.0,91680.0
1990-05-01 06:00:00+00:00,7.83,94.67,35.0,0.0,35.0,340.75,1.5,95.0,91700.0
1990-05-01 07:00:00+00:00,7.61,96.08,72.0,0.0,72.0,344.23,1.57,111.0,91540.0
1990-05-01 08:00:00+00:00,10.03,89.2,118.0,0.0,118.0,351.85,3.59,132.0,91560.0
1990-05-01 09:00:00+00:00,10.53,86.05,109.0,0.0,109.0,351.05,3.59,141.0,91570.0
1990-05-01 10:00:00+00:00,11.11,86.1,117.0,0.0,117.0,356.5,3.66,150.0,91590.0
1990-05-01 11:00:00+00:00,11.46,83.1,121.0,0.0,121.0,359.0,3.03,153.0,91600.0
1990-05-01 12:00:00+00:00,11.72,86.15,83.0,0.0,83.0,357.25,3.03,153.0,91610.0
1990-05-01 13:00:00+00:00,11.09,89.3,87.0,0.0,87.0,360.35,2.55,146.0,91620.0
1990-05-01 14:00:00+00:00,11.0,89.3,88.0,0.0,88.0,359.55,2.0,139.0,91620.0
1990-05-01 15:00:00+00:00,10.91,89.3,37.0,0.0,37.0,362.65,1.52,148.0,91620.0
1990-05-01 16:00:00+00:00,10.92,92.55,33.0,0.0,33.0,354.75,1.38,149.0,91640.0
1990-05-01 17:00:00+00:00,10.56,95.9,5.0,0.0,5.0,362.3,1.17,134.0,91650.0
1990-05-01 18:00:00+00:00,10.22,95.9,0.0,0.0,0.0,359.0,0.83,127.0,91680.0
1990-05-01 19:00:00+00:00,9.56,99.4,0.0,0.0,0.0,354.15,1.1,130.0,91740.0
1990-05-01 20:00:00+00:00,9.46,99.4,0.0,0.0,0.0,358.6,0.97,140.0,91830.0
1990-05-01 21:00:00+00:00,9.34,99.4,0.0,0.0,0.0,358.6,0.76,144.0,91850.0
1990-05-01 22:00:00+00:00,9.28,100.0,0.0,0.0,0.0,356.85,0.55,157.0,91880.0
1990-05-01 23:00:00+00:00,9.32,100.0,0.0,0.0,0.0,358.8,0.34,198.0,91920.0
1990-05-02 00:00:00+00:00,9.42,99.4,0.0,0.0,0.0,359.55,0.55,229.0,91940.0
1990-05-02 01:00:00+00:00,9.32,100.0,0.0,0.0,0.0,352.35,0.21,261.0,91980.0
1990-05-02 02:00:00+00:00,9.16,100.0,0.0,0.0,0.0,347.55,0.34,300.0,92010.0
1990-05-02 03:00:00+00:00,8.86,99.4,0.0,0.0,0.0,335.55,0.48,331.0,92040.0
1990-05-02 04:00:00+00:00,8.65,100.0,35.0,114.83,26.0,322.4,0.55,33.0,92070.0
1990-05-02 05:00:00+00:00,9.02,99.4,208.0,468.39,85.0,310.05,0.55,61.0,92130.0
1990-05-02 06:00:00+00:00,10.4,92.5,394.0,598.3,130.0,314.1,0.62,94.0,92160.0
1990-05-02 07:00:00+00:00,12.26,80.2,520.0,486.6,227.0,300.75,0.28,13.0,92200.0
1990-05-02 08:00:00+00:00,13.77,69.65,547.0,261.46,355.0,312.15,0.21,272.0,92210.0
1990-05-02 09:00:00+00:00,14.93,58.35,787.0,621.39,272.0,320.65,0.97,244.0,92230.0
1990-05-02 10:00:00+00:00,15.83,56.35,720.0,354.92,408.0,332.5,1.52,240.0,92240.0
1990-05-02 11:00:00+00:00,16.0,56.5,771.0,455.89,369.0,347.75,2.41,237.0,92280.0
1990-05-02 12:00:00+00:00,15.78,60.65,716.0,426.66,359.0,347.0,2.48,233.0,92280.0
1990-05-02 13:00:00+00:00,15.45,62.85,561.0,270.43,359.0,344.1,2.14,226.0,92260.0
1990-05-02 14:00:00+00:00,15.51,62.85,380.0,127.71,301.0,321.85,1.86,214.0,92220.0
1990-05-02 15:00:00+00:00,15.04,65.05,394.0,512.58,158.0,332.65,2.0,210.0,92210.0
1990-05-02 16:00:00+00:00,14.01,72.3,191.0,264.86,116.0,323.95,2.07,210.0,92230.0
1990-05-02 17:00:00+00:00,13.01,80.35,50.0,171.81,33.0,325.3,1.59,201.0,92240.0
1990-05-02 18:00:00+00:00,12.14,86.2,0.0,0.0,0.0,323.75,1.24,179.0,92250.0
1990-05-02 19:00:00+00:00,11.15,92.55,0.0,0.0,0.0,309.05,1.1,122.0,92220.0
1990-05-02 20:00:00+00:00,10.13,95.9,0.0,0.0,0.0,310.2,1.1,106.0,92170.0
1990-05-02 21:00:00+00:00,9.5,95.85,0.0,0.0,0.0,304.8,1.1,119.0,92130.0
1990-05-02 22:00:00+00:00,9.19,95.85,0.0,0.0,0.0,320.65,1.1,112.0,92110.0
1990-05-02 23:00:00+00:00,9.06,95.85,0.0,0.0,0.0,326.1,1.03,91.0,92060.0
1990-05-03 00:00:00+00:00,8.95,92.45,0.0,0.0,0.0,337.3,1.1,98.0,92040.0
1990-05-03 01:00:00+00:00,8.81,95.85,0.0,0.0,0.0,334.9,1.24,91.0,92000.0
1990-05-03 02:00:00+00:00,8.63,92.4,0.0,0.0,0.0,324.75,1.59,75.0,91940.0
1990-05-03 03:00:00+00:00,8.45,89.1,0.0,0.0,0.0,328.8,1.52,60.0,91860.0
1990-05-03 04:00:00+00:00,8.4,92.4,5.0,0.0,5.0,340.0,1.38,59.0,91780.0
1990-05-03 05:00:00+00:00,8.58,92.4,20.0,0.0,20.0,340.0,1.38,65.0,91740.0
1990-05-03 06:00:00+00:00,9.15,89.1,36.0,0.0,36.0,351.85,1.52,61.0,91710.0
1990-05-03 07:00:00+00:00,9.64,92.45,249.0,14.87,240.0,354.75,1.52,77.0,91670.0
1990-05-03 08:00:00+00:00,10.14,92.5,109.0,0.0,109.0,354.95,1.66,91.0,91670.0
1990-05-03 09:00:00+00:00,10.81,95.9,117.0,0.0,117.0,353.2,1.66,110.0,91670.0
1990-05-03 10:00:00+00:00,11.31,95.9,96.0,0.0,96.0,356.1,1.59,127.0,91670.0
1990-05-03 11:00:00+00:00,12.9,92.65,99.0,0.0,99.0,348.15,1.52,150.0,91660.0
1990-05-03 12:00:00+00:00,12.68,89.4,299.0,2.38,297.0,362.1,1.93,169.0,91650.0
1990-05-03 13:00:00+00:00,12.45,89.4,126.0,0.0,126.0,363.85,1.86,189.0,91660.0
1990-05-03 14:00:00+00:00,12.9,89.4,133.0,0.0,133.0,360.15,1.24,188.0,91670.0
1990-05-03 15:00:00+00:00,12.98,89.4,62.0,0.0,62.0,366.95,0.76,176.0,91660.0
1990-05-03 16:00:00+00:00,12.75,95.95,38.0,0.0,38.0,352.6,0.76,175.0,91680.0
1990-05-03 17:00:00+00:00,11.72,92.55,26.0,9.79,25.0,349.9,0.55,141.0,91690.0
1990-05-03 18:00:00+00:00,11.09,95.9,0.0,0.0,0.0,346.0,0.76,78.0,91730.0
1990-05-03 19:00:00+00:00,10.83,99.4,0.0,0.0,0.0,360.35,0.76,81.0,91790.0
1990-05-03 20:00:00+00:00,10.75,99.4,0.0,0.0,0.0,360.35,0.62,59.0,91850.0
1990-05-03 21:00:00+00:00,10.66,99.4,0.0,0.0,0.0,358.0,0.69,42.0,91870.0
1990-05-03 22:00:00+00:00,10.15,100.0,0.0,0.0,0.0,340.2,0.9,45.0,91880.0
1990-05-03 23:00:00+00:00,9.58,100.0,0.0,0.0,0.0,335.55,0.97,47.0,91890.0
1990-05-04 00:00:00+00:00,9.24,100.0,0.0,0.0,0.0,336.35,0.97,48.0,91900.0
1990-05-04 01:00:00+00:00,9.18,100.0,0.0,0.0,0.0,339.35,1.1,36.0,91880.0
1990-05-04 02:00:00+00:00,8.74,99.4,0.0,0.0,0.0,323.4,1.52,30.0,91900.0
1990-05-04 03:00:00+00:00,8.61,99.4,0.0,0.0,0.0,335.0,1.72,31.0,91910.0
1990-05-04 04:00:00+00:00,8.43,95.85,20.0,0.0,20.0,336.35,1.86,35.0,91950.0
1990-05-04 05:00:00+00:00,8.63,95.85,50.0,0.0,50.0,333.25,2.0,37.0,91980.0
1990-05-04 06:00:00+00:00,8.75,85.9,277.0,154.07,208.0,327.05,2.21,39.0,92030.0
1990-05-04 07:00:00+00:00,9.54,79.9,257.0,18.09,246.0,329.75,2.28,41.0,92100.0
1990-05-04 08:00:00+00:00,10.64,74.4,431.0,93.26,362.0,327.45,2.21,45.0,92150.0
1990-05-04 09:00:00+00:00,11.67,69.25,629.0,269.81,404.0,328.2,2.21,42.0,92190.0
1990-05-04 10:00:00+00:00,13.09,64.65,688.0,298.68,424.0,332.65,2.55,47.0,92200.0
1990-05-04 11:00:00+00:00,14.18,60.3,700.0,315.88,420.0,333.65,1.66,50.0,92210.0
1990-05-04 12:00:00+00:00,13.86,62.45,474.0,74.88,411.0,345.05,1.79,36.0,92210.0
1990-05-04 13:00:00+00:00,13.4,62.45,363.0,34.59,337.0,350.85,1.86,26.0,92210.0
1990-05-04 14:00:00+00:00,13.38,62.45,103.0,0.0,103.0,332.65,2.28,32.0,92230.0
1990-05-04 15:00:00+00:00,12.94,64.65,87.0,0.0,87.0,325.9,2.62,36.0,92220.0
1990-05-04 16:00:00+00:00,12.15,64.45,25.0,0.0,25.0,322.6,2.76,41.0,92250.0
1990-05-04 17:00:00+00:00,11.22,64.25,39.0,47.51,34.0,322.05,2.69,41.0,92290.0
1990-05-04 18:00:00+00:00,10.15,66.45,0.0,0.0,0.0,297.65,2.28,41.0,92360.0
1990-05-04 19:00:00+00:00,9.35,68.9,0.0,0.0,0.0,300.75,2.21,41.0,92450.0
1990-05-04 20:00:00+00:00,8.51,71.35,0.0,0.0,0.0,303.65,2.21,42.0,92520.0
1990-05-04 21:00:00+00:00,7.69,73.9,0.0,0.0,0.0,298.4,2.21,40.0,92560.0
1990-05-04 22:00:00+00:00,7.23,73.8,0.0,0.0,0.0,308.85,2.21,40.0,92610.0
1990-05-04 23:00:00+00:00,6.76,76.55,0.0,0.0,0.0,303.45,2.21,42.0,92620.0
1990-05-05 00:00:00+00:00,6.4,73.7,0.0,0.0,0.0,299.75,2.14,43.0,92640.0
1990-05-05 01:00:00+00:00,6.13,73.7,0.0,0.0,0.0,302.0,2.07,44.0,92650.0
1990-05-05 02:00:00+00:00,5.88,73.7,0.0,0.0,0.0,299.0,2.0,42.0,92640.0
1990-05-05 03:00:00+00:00,5.86,70.95,0.0,0.0,0.0,308.1,2.14,40.0,92670.0
1990-05-05 04:00:00+00:00,5.69,73.65,13.0,0.0,13.0,295.5,2.28,42.0,92710.0
1990-05-05 05:00:00+00:00,6.1,73.7,92.0,7.32,90.0,287.0,2.28,43.0,92770.0
1990-05-05 06:00:00+00:00,7.06,68.4,134.0,0.0,134.0,287.4,2.97,44.0,92820.0
1990-05-05 07:00:00+00:00,8.17,63.6,395.0,150.55,303.0,287.2,4.0,45.0,92830.0
1990-05-05 08:00:00+00:00,9.23,56.9,775.0,845.75,147.0,288.55,4.0,46.0,92890.0
1990-05-05 09:00:00+00:00,10.63,51.1,881.0,853.69,167.0,281.6,3.86,45.0,92930.0
1990-05-05 10:00:00+00:00,11.84,47.6,937.0,854.2,180.0,283.1,3.93,42.0,92970.0
1990-05-05 11:00:00+00:00,12.83,42.7,960.0,910.37,151.0,275.95,4.0,38.0,93000.0
1990-05-05 12:00:00+00:00,13.46,38.3,894.0,870.14,160.0,263.75,3.93,36.0,93030.0
1990-05-05 13:00:00+00:00,13.74,38.3,788.0,848.87,148.0,257.95,3.86,36.0,93050.0
1990-05-05 14:00:00+00:00,13.61,35.45,615.0,726.88,160.0,259.3,3.93,36.0,93090.0
1990-05-05 15:00:00+00:00,13.0,35.3,442.0,685.41,121.0,258.55,3.93,36.0,93120.0
1990-05-05 16:00:00+00:00,12.03,37.9,251.0,572.34,84.0,255.45,3.72,36.0,93160.0
1990-05-05 17:00:00+00:00,10.87,39.1,68.0,313.79,34.0,254.1,3.24,37.0,93210.0
1990-05-05 18:00:00+00:00,9.44,40.25,0.0,0.0,0.0,251.0,3.17,40.0,93280.0
1990-05-05 19:00:00+00:00,8.38,46.8,0.0,0.0,0.0,250.05,3.24,45.0,93340.0
1990-05-05 20:00:00+00:00,7.42,54.4,0.0,0.0,0.0,249.25,3.1,50.0,93430.0
1990-05-05 21:00:00+00:00,6.62,58.55,0.0,0.0,0.0,243.45,2.97,53.0,93450.0
1990-05-05 22:00:00+00:00,6.03,60.85,0.0,0.0,0.0,243.25,2.76,55.0,93500.0
1990-05-05 23:00:00+00:00,5.49,60.75,0.0,0.0,0.0,239.6,2.48,54.0,93500.0
1990-05-06 00:00:00+00:00,4.87,63.05,0.0,0.0,0.0,237.25,2.07,50.0,93510.0
1990-05-06 01:00:00+00:00,3.85,70.6,0.0,0.0,0.0,235.25,1.79,46.0,93530.0
1990-05-06 02:00:00+00:00,2.62,79.0,0.0,0.0,0.0,232.4,1.66,47.0,93550.0
1990-05-06 03:00:00+00:00,1.64,85.25,0.0,0.0,0.0,230.65,1.72,49.0,93560.0
1990-05-06 04:00:00+00:00,1.05,88.55,46.0,139.18,33.0,229.15,1.79,51.0,93590.0
1990-05-06 05:00:00+00:00,3.01,79.1,241.0,585.75,79.0,229.9,1.59,50.0,93610.0
1990-05-06 06:00:00+00:00,6.66,65.75,445.0,742.11,108.0,231.25,1.52,48.0,93630.0
1990-05-06 07:00:00+00:00,8.66,52.6,630.0,809.55,133.0,236.3,2.21,54.0,93650.0
1990-05-06 08:00:00+00:00,10.6,45.55,791.0,866.98,145.0,241.3,2.55,59.0,93670.0
1990-05-06 09:00:00+00:00,12.39,39.5,908.0,900.14,153.0,246.95,2.21,63.0,93640.0
1990-05-06 10:00:00+00:00,13.91,37.0,971.0,916.19,157.0,252.95,1.66,64.0,93660.0
1990-05-06 11:00:00+00:00,15.03,34.5,978.0,929.47,150.0,258.15,1.17,61.0,93640.0
1990-05-06 12:00:00+00:00,15.79,33.35,911.0,890.37,158.0,262.8,0.69,49.0,93630.0
1990-05-06 13:00:00+00:00,16.18,33.5,808.0,880.73,142.0,266.5,0.21,7.0,93630.0
1990-05-06 14:00:00+00:00,16.21,33.5,632.0,760.72,154.0,269.0,0.55,274.0,93620.0
1990-05-06 15:00:00+00:00,15.72,37.4,456.0,719.88,117.0,269.6,1.1,259.0,93630.0
1990-05-06 16:00:00+00:00,14.69,43.25,260.0,600.81,83.0,269.6,1.17,259.0,93650.0
1990-05-06 17:00:00+00:00,13.53,51.9,75.0,367.92,34.0,269.0,1.03,253.0,93660.0
1990-05-06 18:00:00+00:00,11.65,71.85,0.0,0.0,0.0,267.45,0.83,258.0,93680.0
1990-05-06 19:00:00+00:00,11.89,57.65,0.0,0.0,0.0,265.9,0.41,292.0,93630.0
1990-05-06 20:00:00+00:00,11.12,61.85,0.0,0.0,0.0,263.6,0.69,19.0,93650.0
1990-05-06 21:00:00+00:00,8.69,71.35,0.0,0.0,0.0,261.65,1.17,46.0,93680.0
1990-05-06 22:00:00+00:00,6.44,79.5,0.0,0.0,0.0,259.3,1.52,53.0,93700.0
1990-05-06 23:00:00+00:00,4.69,85.55,0.0,0.0,0.0,257.6,1.59,54.0,93680.0
1990-05-07 00:00:00+00:00,3.67,88.75,0.0,0.0,0.0,255.25,1.52,54.0,93670.0
1990-05-07 01:00:00+00:00,3.11,92.15,0.0,0.0,0.0,253.05,1.52,53.0,93680.0
1990-05-07 02:00:00+00:00,2.61,92.15,0.0,0.0,0.0,251.75,1.52,53.0,93630.0
1990-05-07 03:00:00+00:00,2.23,95.65,0.0,0.0,0.0,251.0,1.52,54.0,93620.0
1990-05-07 04:00:00+00:00,2.05,92.1,49.0,154.73,34.0,250.2,1.52,54.0,93620.0
1990-05-07 05:00:00+00:00,4.54,88.85,239.0,564.6,81.0,251.4,1.1,54.0,93600.0
1990-05-07 06:00:00+00:00,10.9,66.65,438.0,717.55,110.0,255.25,0.48,66.0,93590.0
1990-05-07 07:00:00+00:00,13.2,51.75,624.0,799.46,131.0,262.05,0.83,215.0,93570.0
1990-05-07 08:00:00+00:00,14.42,46.6,779.0,845.34,147.0,267.65,1.45,246.0,93560.0
1990-05-07 09:00:00+00:00,15.34,46.75,894.0,879.82,154.0,272.5,2.14,257.0,93520.0
1990-05-07 10:00:00+00:00,15.98,43.65,955.0,895.98,157.0,275.75,2.48,260.0,93490.0
1990-05-07 11:00:00+00:00,16.39,45.3,963.0,908.21,152.0,279.25,2.69,260.0,93450.0
1990-05-07 12:00:00+00:00,16.44,47.15,897.0,869.25,160.0,284.3,2.76,261.0,93400.0
1990-05-07 13:00:00+00:00,16.48,48.9,795.0,859.7,143.0,285.05,2.69,273.0,93380.0
1990-05-07 14:00:00+00:00,16.36,50.6,619.0,726.17,161.0,296.3,2.76,278.0,93330.0
1990-05-07 15:00:00+00:00,15.75,56.35,449.0,696.99,119.0,299.55,2.83,264.0,93290.0
1990-05-07 16:00:00+00:00,14.52,64.95,255.0,568.27,86.0,294.95,2.55,261.0,93270.0
1990-05-07 17:00:00+00:00,13.32,72.1,71.0,288.22,38.0,287.4,1.38,260.0,93230.0
1990-05-07 18:00:00+00:00,11.87,83.15,0.0,0.0,0.0,281.2,0.76,259.0,93220.0
1990-05-07 19:00:00+00:00,11.29,83.05,0.0,0.0,0.0,278.3,0.34,271.0,93180.0
1990-05-07 20:00:00+00:00,10.73,86.05,0.0,0.0,0.0,275.6,0.34,12.0,93190.0
1990-05-07 21:00:00+00:00,10.16,89.2,0.0,0.0,0.0,273.45,0.76,37.0,93180.0
1990-05-07 22:00:00+00:00,8.96,92.45,0.0,0.0,0.0,273.25,0.97,46.0,93160.0
1990-05-07 23:00:00+00:00,7.61,99.4,0.0,0.0,0.0,275.2,1.1,48.0,93120.0
1990-05-08 00:00:00+00:00,6.43,99.4,0.0,0.0,0.0,280.2,1.17,51.0,93110.0
1990-05-08 01:00:00+00:00,5.57,99.4,0.0,0.0,0.0,273.75,1.24,51.0,93080.0
1990-05-08 02:00:00+00:00,4.93,95.75,0.0,0.0,0.0,272.85,1.31,50.0,93000.0
1990-05-08 03:00:00+00:00,4.52,95.75,0.0,0.0,0.0,274.05,1.31,48.0,92970.0
1990-05-08 04:00:00+00:00,4.39,95.75,48.0,119.53,36.0,275.2,1.24,47.0,92930.0
1990-05-08 05:00:00+00:00,6.58,95.8,236.0,537.04,84.0,272.3,0.76,43.0,92910.0
1990-05-08 06:00:00+00:00,11.14,77.2,436.0,706.48,111.0,275.95,0.21,352.0,92900.0
1990-05-08 07:00:00+00:00,12.9,62.3,617.0,776.66,136.0,285.45,1.1,274.0,92920.0
1990-05-08 08:00:00+00:00,14.17,56.0,773.0,833.27,148.0,283.3,1.72,276.0,92900.0
1990-05-08 09:00:00+00:00,15.1,52.25,892.0,879.84,150.0,286.4,2.28,278.0,92870.0
1990-05-08 10:00:00+00:00,15.93,48.8,953.0,896.08,153.0,284.1,2.69,296.0,92850.0
1990-05-08 11:00:00+00:00,16.5,45.45,950.0,884.88,158.0,305.55,3.03,301.0,92810.0
1990-05-08 12:00:00+00:00,16.42,45.45,823.0,656.51,265.0,328.8,3.24,294.0,92760.0
1990-05-08 13:00:00+00:00,15.86,48.65,730.0,657.39,230.0,338.85,3.1,281.0,92730.0
1990-05-08 14:00:00+00:00,14.63,60.4,591.0,625.56,195.0,327.45,2.97,267.0,92740.0
1990-05-08 15:00:00+00:00,13.61,69.65,70.0,0.0,70.0,331.5,2.07,271.0,92740.0
1990-05-08 16:00:00+00:00,12.47,77.45,22.0,0.0,22.0,336.15,1.45,305.0,92760.0
1990-05-08 17:00:00+00:00,11.52,86.15,27.0,0.0,27.0,333.85,1.17,350.0,92770.0
1990-05-08 18:00:00+00:00,10.66,89.25,0.0,0.0,0.0,337.5,1.59,26.0,92780.0
1990-05-08 19:00:00+00:00,9.82,85.95,0.0,0.0,0.0,335.0,1.72,36.0,92790.0
1990-05-08 20:00:00+00:00,8.99,85.95,0.0,0.0,0.0,330.35,1.72,42.0,92810.0
1990-05-08 21:00:00+00:00,8.31,89.05,0.0,0.0,0.0,326.65,1.66,45.0,92810.0
1990-05-08 22:00:00+00:00,7.83,89.05,0.0,0.0,0.0,327.65,1.52,45.0,92760.0
1990-05-08 23:00:00+00:00,6.95,92.35,0.0,0.0,0.0,300.55,1.79,29.0,92750.0
1990-05-09 00:00:00+00:00,6.37,88.95,0.0,0.0,0.0,297.85,2.14,26.0,92730.0
1990-05-09 01:00:00+00:00,5.5,82.5,0.0,0.0,0.0,289.05,2.55,27.0,92740.0
1990-05-09 02:00:00+00:00,4.68,85.55,0.0,0.0,0.0,298.8,2.62,31.0,92740.0
1990-05-09 03:00:00+00:00,4.08,82.3,0.0,0.0,0.0,297.25,2.83,40.0,92760.0
1990-05-09 04:00:00+00:00,3.88,79.2,39.0,48.19,34.0,286.05,3.31,45.0,92730.0
1990-05-09 05:00:00+00:00,4.41,79.3,55.0,0.0,55.0,281.4,3.38,46.0,92710.0
1990-05-09 06:00:00+00:00,5.45,76.5,289.0,151.23,219.0,281.75,3.86,48.0,92710.0
1990-05-09 07:00:00+00:00,6.63,73.7,406.0,160.8,306.0,282.15,5.1,49.0,92720.0
1990-05-09 08:00:00+00:00,7.33,65.95,393.0,51.83,354.0,288.55,5.03,50.0,92760.0
1990-05-09 09:00:00+00:00,7.79,65.95,140.0,0.0,140.0,297.25,5.1,55.0,92800.0
1990-05-09 10:00:00+00:00,8.74,63.7,137.0,0.0,137.0,293.55,5.24,56.0,92860.0
1990-05-09 11:00:00+00:00,8.8,66.15,343.0,4.46,339.0,298.2,4.97,53.0,92900.0
1990-05-09 12:00:00+00:00,8.56,68.7,80.0,0.0,80.0,305.55,4.62,53.0,92900.0
1990-05-09 13:00:00+00:00,8.89,66.25,74.0,0.0,74.0,304.4,4.48,53.0,92930.0
1990-05-09 14:00:00+00:00,9.19,63.8,75.0,0.0,75.0,316.4,4.41,55.0,92950.0
1990-05-09 15:00:00+00:00,9.32,63.8,106.0,0.0,106.0,319.3,4.28,56.0,92970.0
1990-05-09 16:00:00+00:00,9.04,63.8,30.0,0.0,30.0,327.65,3.59,53.0,93010.0
1990-05-09 17:00:00+00:00,8.89,63.8,23.0,0.0,23.0,328.6,3.66,52.0,93050.0
1990-05-09 18:00:00+00:00,8.72,63.7,0.0,0.0,0.0,326.65,4.14,52.0,93110.0
1990-05-09 19:00:00+00:00,8.44,61.3,0.0,0.0,0.0,316.6,4.34,50.0,93160.0
1990-05-09 20:00:00+00:00,8.48,61.3,0.0,0.0,0.0,315.05,4.41,51.0,93190.0
1990-05-09 21:00:00+00:00,8.43,63.7,0.0,0.0,0.0,316.6,4.28,52.0,93230.0
1990-05-09 22:00:00+00:00,8.19,66.05,0.0,0.0,0.0,287.75,4.0,52.0,93260.0
1990-05-09 23:00:00+00:00,7.95,66.05,0.0,0.0,0.0,280.8,3.59,51.0,93280.0
1990-05-10 00:00:00+00:00,7.89,66.05,0.0,0.0,0.0,287.0,3.45,49.0,93310.0
1990-05-10 01:00:00+00:00,7.85,66.05,0.0,0.0,0.0,283.25,3.52,48.0,93300.0
1990-05-10 02:00:00+00:00,7.72,71.15,0.0,0.0,0.0,280.6,3.17,48.0,93310.0
1990-05-10 03:00:00+00:00,7.44,71.15,0.0,0.0,0.0,274.4,2.62,46.0,93320.0
1990-05-10 04:00:00+00:00,6.9,76.65,67.0,308.32,34.0,262.8,2.28,44.0,93320.0
1990-05-10 05:00:00+00:00,7.74,76.7,255.0,615.62,77.0,266.3,2.07,42.0,93350.0
1990-05-10 06:00:00+00:00,9.83,68.9,346.0,298.54,207.0,266.85,2.69,41.0,93380.0
1990-05-10 07:00:00+00:00,11.66,59.7,445.0,229.02,302.0,275.4,4.28,46.0,93400.0
1990-05-10 08:00:00+00:00,13.09,51.75,502.0,160.33,381.0,274.8,4.34,49.0,93420.0
1990-05-10 09:00:00+00:00,14.57,44.9,495.0,84.94,423.0,274.4,4.62,50.0,93430.0
1990-05-10 10:00:00+00:00,15.64,40.35,843.0,579.8,323.0,283.7,4.97,52.0,93430.0
1990-05-10 11:00:00+00:00,16.73,34.9,902.0,727.46,248.0,298.6,5.45,55.0,93420.0
1990-05-10 12:00:00+00:00,17.29,34.9,690.0,337.24,402.0,325.7,5.1,52.0,93390.0
1990-05-10 13:00:00+00:00,17.39,34.9,682.0,503.39,297.0,329.2,4.76,46.0,93380.0
1990-05-10 14:00:00+00:00,16.99,37.65,557.0,492.49,243.0,320.1,4.34,39.0,93370.0
1990-05-10 15:00:00+00:00,16.74,39.15,451.0,681.99,123.0,309.65,4.07,35.0,93350.0
1990-05-10 16:00:00+00:00,15.98,42.05,241.0,438.47,107.0,300.35,3.45,32.0,93340.0
1990-05-10 17:00:00+00:00,14.97,45.05,67.0,178.14,45.0,288.55,3.03,30.0,93340.0
1990-05-10 18:00:00+00:00,13.56,48.15,0.0,0.0,0.0,281.0,2.55,29.0,93340.0
1990-05-10 19:00:00+00:00,12.51,53.6,0.0,0.0,0.0,289.1,2.34,29.0,93350.0
1990-05-10 20:00:00+00:00,11.35,59.7,0.0,0.0,0.0,281.75,2.14,28.0,93370.0
1990-05-10 21:00:00+00:00,9.89,71.6,0.0,0.0,0.0,279.65,1.79,27.0,93350.0
1990-05-10 22:00:00+00:00,8.59,79.75,0.0,0.0,0.0,283.3,1.72,29.0,93330.0
1990-05-10 23:00:00+00:00,7.73,82.65,0.0,0.0,0.0,282.15,1.79,27.0,93310.0
1990-05-11 00:00:00+00:00,7.25,85.75,0.0,0.0,0.0,283.5,1.86,26.0,93280.0
1990-05-11 01:00:00+00:00,6.7,88.95,0.0,0.0,0.0,279.15,1.79,28.0,93230.0
1990-05-11 02:00:00+00:00,6.61,88.95,0.0,0.0,0.0,293.4,1.79,32.0,93180.0
1990-05-11 03:00:00+00:00,6.87,89.0,0.0,0.0,0.0,306.15,1.79,33.0,93160.0
1990-05-11 04:00:00+00:00,7.31,92.35,6.0,0.0,6.0,312.55,1.79,33.0,93140.0
1990-05-11 05:00:00+00:00,8.66,89.1,25.0,0.0,25.0,314.1,1.52,34.0,93120.0
1990-05-11 06:00:00+00:00,10.82,83.0,402.0,516.81,160.0,313.1,1.24,28.0,93110.0
1990-05-11 07:00:00+00:00,13.56,69.65,485.0,322.27,283.0,323.95,1.86,17.0,93120.0
1990-05-11 08:00:00+00:00,15.04,60.5,622.0,381.82,333.0,314.5,3.17,17.0,93100.0
1990-05-11 09:00:00+00:00,16.11,56.5,661.0,297.76,408.0,315.85,3.38,12.0,93050.0
1990-05-11 10:00:00+00:00,16.9,52.65,771.0,425.01,389.0,314.65,4.0,15.0,93020.0
1990-05-11 11:00:00+00:00,17.97,51.0,647.0,212.0,456.0,311.0,3.52,12.0,92970.0
1990-05-11 12:00:00+00:00,18.04,52.9,685.0,332.97,400.0,310.05,3.45,12.0,92920.0
1990-05-11 13:00:00+00:00,16.93,52.65,382.0,40.42,351.0,333.85,3.45,9.0,92930.0
1990-05-11 14:00:00+00:00,16.68,54.6,371.0,96.91,309.0,320.85,3.59,21.0,92900.0
1990-05-11 15:00:00+00:00,15.77,54.35,305.0,161.36,227.0,322.2,3.03,27.0,92850.0
1990-05-11 16:00:00+00:00,15.08,56.25,200.0,220.58,132.0,320.1,2.9,24.0,92890.0
1990-05-11 17:00:00+00:00,14.28,60.3,15.0,0.0,15.0,300.55,2.34,25.0,92850.0
1990-05-11 18:00:00+00:00,13.14,62.3,0.0,0.0,0.0,293.55,2.76,30.0,92890.0
1990-05-11 19:00:00+00:00,12.6,62.2,0.0,0.0,0.0,299.75,2.76,35.0,92950.0
1990-05-11 20:00:00+00:00,11.82,66.75,0.0,0.0,0.0,302.1,2.62,38.0,92960.0
1990-05-11 21:00:00+00:00,10.88,69.15,0.0,0.0,0.0,284.3,2.0,38.0,92950.0
1990-05-11 22:00:00+00:00,9.39,79.9,0.0,0.0,0.0,276.35,1.66,35.0,92960.0
1990-05-11 23:00:00+00:00,7.79,89.0,0.0,0.0,0.0,274.6,1.59,34.0,92940.0
1990-05-12 00:00:00+00:00,6.58,92.3,0.0,0.0,0.0,273.45,1.59,36.0,92920.0
1990-05-12 01:00:00+00:00,5.91,92.3,0.0,0.0,0.0,283.05,1.59,39.0,92900.0
1990-05-12 02:00:00+00:00,5.64,95.75,0.0,0.0,0.0,284.65,1.59,40.0,92890.0
1990-05-12 03:00:00+00:00,5.47,95.75,0.0,0.0,0.0,290.1,1.66,40.0,92880.0
1990-05-12 04:00:00+00:00,5.43,95.75,58.0,150.03,41.0,286.6,1.66,41.0,92890.0
1990-05-12 05:00:00+00:00,6.93,92.35,247.0,535.79,89.0,280.6,1.52,40.0,92910.0
1990-05-12 06:00:00+00:00,10.86,77.2,446.0,700.89,116.0,282.35,1.31,30.0,92890.0
1990-05-12 07:00:00+00:00,13.99,64.85,631.0,786.78,136.0,288.15,1.38,5.0,92890.0
1990-05-12 08:00:00+00:00,15.91,48.8,787.0,841.86,148.0,284.65,2.9,19.0,92860.0
1990-05-12 09:00:00+00:00,16.76,43.8,861.0,755.0,218.0,299.0,3.52,30.0,92860.0
1990-05-12 10:00:00+00:00,17.47,42.3,853.0,593.99,318.0,312.35,3.38,28.0,92870.0
1990-05-12 11:00:00+00:00,18.15,40.9,701.0,283.56,445.0,314.85,3.31,25.0,92850.0
1990-05-12 12:00:00+00:00,18.63,39.55,810.0,596.84,298.0,314.3,3.24,17.0,92840.0
1990-05-12 13:00:00+00:00,18.75,39.55,763.0,728.33,203.0,312.95,3.31,14.0,92830.0
1990-05-12 14:00:00+00:00,18.67,41.05,397.0,126.17,316.0,310.4,3.17,13.0,92810.0
1990-05-12 15:00:00+00:00,18.49,41.05,375.0,341.72,209.0,308.3,3.17,10.0,92790.0
1990-05-12 16:00:00+00:00,17.9,45.55,262.0,546.74,92.0,308.1,2.62,10.0,92770.0
1990-05-12 17:00:00+00:00,16.91,48.9,84.0,316.97,43.0,305.4,2.0,12.0,92790.0
1990-05-12 18:00:00+00:00,14.97,56.25,0.0,0.0,0.0,295.7,1.59,12.0,92820.0
1990-05-12 19:00:00+00:00,14.21,56.0,0.0,0.0,0.0,287.75,1.24,21.0,92860.0
1990-05-12 20:00:00+00:00,12.67,59.95,0.0,0.0,0.0,284.1,1.38,29.0,92920.0
1990-05-12 21:00:00+00:00,10.99,66.65,0.0,0.0,0.0,282.15,1.52,41.0,92960.0
1990-05-12 22:00:00+00:00,9.13,76.95,0.0,0.0,0.0,281.0,1.66,50.0,92980.0
1990-05-12 23:00:00+00:00,7.72,82.65,0.0,0.0,0.0,278.85,1.72,53.0,92990.0
1990-05-13 00:00:00+00:00,6.75,88.95,0.0,0.0,0.0,275.6,1.72,52.0,92980.0
1990-05-13 01:00:00+00:00,6.1,85.7,0.0,0.0,0.0,273.15,1.72,52.0,92980.0
1990-05-13 02:00:00+00:00,5.57,88.9,0.0,0.0,0.0,271.7,1.66,52.0,92960.0
1990-05-13 03:00:00+00:00,5.1,92.25,0.0,0.0,0.0,269.95,1.59,52.0,92960.0
1990-05-13 04:00:00+00:00,4.93,92.25,60.0,146.16,43.0,269.2,1.59,51.0,92980.0
1990-05-13 05:00:00+00:00,7.69,92.35,244.0,510.7,92.0,270.75,1.1,52.0,93000.0
1990-05-13 06:00:00+00:00,14.09,72.3,437.0,665.52,122.0,276.35,0.55,46.0,93010.0
1990-05-13 07:00:00+00:00,16.59,50.75,604.0,692.12,167.0,285.45,0.28,300.0,93080.0
1990-05-13 08:00:00+00:00,17.9,50.85,745.0,713.45,202.0,292.4,0.9,293.0,93090.0
1990-05-13 09:00:00+00:00,18.94,47.65,834.0,690.04,245.0,299.2,1.24,302.0,93090.0
1990-05-13 10:00:00+00:00,19.49,47.8,885.0,689.18,263.0,313.3,1.38,315.0,93110.0
1990-05-13 11:00:00+00:00,20.25,46.2,760.0,394.64,403.0,321.65,1.52,297.0,93120.0
1990-05-13 12:00:00+00:00,20.33,47.9,582.0,170.99,435.0,326.3,1.66,289.0,93130.0
1990-05-13 13:00:00+00:00,20.25,51.5,301.0,7.78,295.0,324.55,1.86,269.0,93110.0
1990-05-13 14:00:00+00:00,17.79,65.45,78.0,0.0,78.0,332.65,1.72,276.0,93150.0
1990-05-13 15:00:00+00:00,16.58,70.2,91.0,0.0,91.0,349.1,1.86,318.0,93220.0
1990-05-13 16:00:00+00:00,15.98,77.95,137.0,38.27,125.0,345.85,1.45,20.0,93230.0
1990-05-13 17:00:00+00:00,15.43,80.65,76.0,211.76,48.0,337.3,1.24,46.0,93190.0
1990-05-13 18:00:00+00:00,14.39,80.55,0.0,0.0,0.0,332.3,1.45,48.0,93200.0
1990-05-13 19:00:00+00:00,13.98,77.65,0.0,0.0,0.0,327.85,1.45,41.0,93210.0
1990-05-13 20:00:00+00:00,12.18,86.2,0.0,0.0,0.0,312.95,1.52,43.0,93230.0
1990-05-13 21:00:00+00:00,10.7,92.5,0.0,0.0,0.0,303.45,1.59,47.0,93240.0
1990-05-13 22:00:00+00:00,9.73,95.85,0.0,0.0,0.0,300.95,1.59,49.0,93230.0
1990-05-13 23:00:00+00:00,8.93,92.45,0.0,0.0,0.0,294.95,1.59,51.0,93220.0
1990-05-14 00:00:00+00:00,8.37,95.85,0.0,0.0,0.0,293.0,1.59,51.0,93200.0
1990-05-14 01:00:00+00:00,7.92,95.8,0.0,0.0,0.0,296.8,1.59,51.0,93190.0
1990-05-14 02:00:00+00:00,7.55,99.4,0.0,0.0,0.0,300.95,1.59,52.0,93190.0
1990-05-14 03:00:00+00:00,7.56,99.4,0.0,0.0,0.0,305.2,1.66,52.0,93180.0
1990-05-14 04:00:00+00:00,7.44,99.4,55.0,100.66,43.0,304.2,1.66,54.0,93200.0
1990-05-14 05:00:00+00:00,8.62,99.4,237.0,442.92,104.0,305.75,1.45,54.0,93190.0
1990-05-14 06:00:00+00:00,12.12,89.35,438.0,655.85,126.0,304.4,1.03,54.0,93180.0
1990-05-14 07:00:00+00:00,15.16,75.1,625.0,763.93,141.0,315.85,0.76,63.0,93210.0
1990-05-14 08:00:00+00:00,17.35,65.35,778.0,819.06,153.0,317.4,0.41,128.0,93200.0
1990-05-14 09:00:00+00:00,18.85,59.05,890.0,851.05,162.0,303.85,0.83,215.0,93160.0
1990-05-14 10:00:00+00:00,19.86,53.25,944.0,852.6,173.0,306.75,1.31,238.0,93140.0
1990-05-14 11:00:00+00:00,20.12,51.5,930.0,805.4,200.0,328.6,1.72,240.0,93100.0
1990-05-14 12:00:00+00:00,20.14,51.5,892.0,838.04,170.0,340.6,2.28,241.0,93060.0
1990-05-14 13:00:00+00:00,19.38,57.1,793.0,832.03,150.0,347.75,2.34,239.0,93030.0
1990-05-14 14:00:00+00:00,18.81,61.2,624.0,713.34,163.0,336.55,2.28,239.0,93020.0
1990-05-14 15:00:00+00:00,18.35,63.3,456.0,674.83,125.0,335.55,2.07,239.0,93000.0
1990-05-14 16:00:00+00:00,17.9,65.45,231.0,335.3,125.0,330.75,1.45,237.0,92980.0
1990-05-14 17:00:00+00:00,17.06,67.75,86.0,303.54,45.0,309.65,0.97,236.0,92970.0
1990-05-14 18:00:00+00:00,16.16,72.65,0.0,0.0,0.0,315.85,0.41,220.0,92980.0
1990-05-14 19:00:00+00:00,15.56,75.15,0.0,0.0,0.0,296.5,0.41,128.0,92990.0
1990-05-14 20:00:00+00:00,14.87,77.75,0.0,0.0,0.0,293.55,0.55,88.0,93000.0
1990-05-14 21:00:00+00:00,13.88,80.45,0.0,0.0,0.0,291.85,0.9,83.0,93020.0
1990-05-14 22:00:00+00:00,11.89,89.35,0.0,0.0,0.0,288.15,1.17,87.0,93010.0
1990-05-14 23:00:00+00:00,10.81,95.9,0.0,0.0,0.0,286.2,1.31,93.0,92970.0
1990-05-15 00:00:00+00:00,10.25,95.9,0.0,0.0,0.0,286.2,1.31,91.0,92930.0
1990-05-15 01:00:00+00:00,9.21,99.4,0.0,0.0,0.0,291.15,1.38,80.0,92930.0
1990-05-15 02:00:00+00:00,8.19,100.0,0.0,0.0,0.0,299.95,1.45,71.0,92880.0
1990-05-15 03:00:00+00:00,7.83,99.4,0.0,0.0,0.0,305.4,1.52,69.0,92880.0
1990-05-15 04:00:00+00:00,7.82,99.4,71.0,229.45,43.0,303.45,1.52,67.0,92870.0
1990-05-15 05:00:00+00:00,9.63,95.85,220.0,333.51,119.0,309.45,1.31,69.0,92860.0
1990-05-15 06:00:00+00:00,13.57,80.4,421.0,569.01,149.0,298.8,1.03,88.0,92840.0
1990-05-15 07:00:00+00:00,16.79,60.85,616.0,731.53,151.0,290.5,2.0,144.0,92830.0
1990-05-15 08:00:00+00:00,18.11,54.85,771.0,798.71,160.0,297.45,2.83,170.0,92830.0
1990-05-15 09:00:00+00:00,18.81,53.0,886.0,844.62,162.0,301.1,3.31,182.0,92800.0
1990-05-15 10:00:00+00:00,19.25,47.65,919.0,783.66,209.0,304.8,3.52,186.0,92780.0
1990-05-15 11:00:00+00:00,19.51,42.85,770.0,412.95,395.0,307.5,3.52,185.0,92760.0
1990-05-15 12:00:00+00:00,19.8,41.3,835.0,674.15,253.0,305.55,3.59,185.0,92700.0
1990-05-15 13:00:00+00:00,19.82,39.8,647.0,410.47,329.0,306.95,3.66,187.0,92660.0
1990-05-15 14:00:00+00:00,19.45,39.8,530.0,402.57,269.0,303.45,3.66,189.0,92630.0
1990-05-15 15:00:00+00:00,18.84,42.6,145.0,0.0,145.0,303.25,3.45,186.0,92600.0
1990-05-15 16:00:00+00:00,18.04,49.15,143.0,43.93,129.0,307.5,2.83,177.0,92590.0
1990-05-15 17:00:00+00:00,17.05,56.6,9.0,0.0,9.0,309.25,2.28,164.0,92550.0
1990-05-15 18:00:00+00:00,15.87,60.65,0.0,0.0,0.0,322.05,2.07,147.0,92550.0
1990-05-15 19:00:00+00:00,14.68,69.85,0.0,0.0,0.0,321.05,1.72,153.0,92610.0
1990-05-15 20:00:00+00:00,14.15,74.95,0.0,0.0,0.0,341.55,1.79,131.0,92600.0
1990-05-15 21:00:00+00:00,13.64,74.85,0.0,0.0,0.0,339.05,1.72,120.0,92530.0
1990-05-15 22:00:00+00:00,12.97,77.5,0.0,0.0,0.0,329.4,1.72,129.0,92520.0
1990-05-15 23:00:00+00:00,12.43,80.3,0.0,0.0,0.0,331.9,1.72,141.0,92510.0
1990-05-16 00:00:00+00:00,12.02,83.15,0.0,0.0,0.0,340.2,1.59,141.0,92460.0
1990-05-16 01:00:00+00:00,11.8,86.15,0.0,0.0,0.0,343.05,1.59,132.0,92430.0
1990-05-16 02:00:00+00:00,11.86,83.15,0.0,0.0,0.0,350.65,1.52,120.0,92390.0
1990-05-16 03:00:00+00:00,11.59,86.15,0.0,0.0,0.0,349.3,1.38,124.0,92350.0
1990-05-16 04:00:00+00:00,10.55,95.9,80.0,312.62,41.0,332.5,1.1,135.0,92400.0
1990-05-16 05:00:00+00:00,11.11,95.9,129.0,32.75,119.0,356.65,0.97,140.0,92440.0
1990-05-16 06:00:00+00:00,11.5,92.55,65.0,0.0,65.0,358.2,1.59,139.0,92450.0
1990-05-16 07:00:00+00:00,10.89,95.9,77.0,0.0,77.0,361.3,1.38,173.0,92550.0
1990-05-16 08:00:00+00:00,11.94,89.35,200.0,0.0,200.0,357.25,1.24,172.0,92570.0
1990-05-16 09:00:00+00:00,13.05,92.65,832.0,683.42,245.0,346.8,0.97,167.0,92580.0
1990-05-16 10:00:00+00:00,13.22,89.4,377.0,11.02,367.0,348.15,0.83,164.0,92600.0
1990-05-16 11:00:00+00:00,13.53,83.35,260.0,0.0,260.0,345.45,0.34,211.0,92600.0
1990-05-16 12:00:00+00:00,13.81,74.85,92.0,0.0,92.0,337.7,0.34,215.0,92560.0
1990-05-16 13:00:00+00:00,13.17,74.75,104.0,0.0,104.0,328.4,0.41,90.0,92560.0
1990-05-16 14:00:00+00:00,12.63,77.45,111.0,0.0,111.0,318.15,1.1,11.0,92560.0
1990-05-16 15:00:00+00:00,11.69,74.55,108.0,0.0,108.0,323.55,2.07,46.0,92600.0
1990-05-16 16:00:00+00:00,10.75,77.15,48.0,0.0,48.0,317.75,2.76,48.0,92630.0
1990-05-16 17:00:00+00:00,10.02,77.1,68.0,113.76,52.0,318.35,3.1,41.0,92630.0
1990-05-16 18:00:00+00:00,9.11,76.95,0.0,0.0,0.0,321.45,3.24,44.0,92680.0
1990-05-16 19:00:00+00:00,6.93,85.75,0.0,0.0,0.0,310.4,2.0,44.0,92760.0
1990-05-16 20:00:00+00:00,6.3,88.95,0.0,0.0,0.0,299.0,2.0,45.0,92770.0
1990-05-16 21:00:00+00:00,5.99,85.7,0.0,0.0,0.0,299.4,2.07,44.0,92780.0
1990-05-16 22:00:00+00:00,6.05,85.7,0.0,0.0,0.0,306.75,2.14,46.0,92760.0
1990-05-16 23:00:00+00:00,6.2,85.7,0.0,0.0,0.0,309.65,2.14,47.0,92770.0
1990-05-17 00:00:00+00:00,6.17,82.55,0.0,0.0,0.0,299.75,2.21,45.0,92760.0
1990-05-17 01:00:00+00:00,6.11,82.55,0.0,0.0,0.0,304.9,2.21,46.0,92770.0
1990-05-17 02:00:00+00:00,5.89,82.55,0.0,0.0,0.0,301.3,2.21,45.0,92760.0
1990-05-17 03:00:00+00:00,6.0,82.55,0.0,0.0,0.0,317.4,2.21,43.0,92760.0
1990-05-17 04:00:00+00:00,6.08,85.7,13.0,0.0,13.0,315.25,2.34,44.0,92750.0
1990-05-17 05:00:00+00:00,6.8,88.95,51.0,0.0,51.0,314.5,2.07,45.0,92780.0
1990-05-17 06:00:00+00:00,7.89,79.7,43.0,0.0,43.0,304.05,2.69,43.0,92800.0
1990-05-17 07:00:00+00:00,9.7,79.9,86.0,0.0,86.0,312.35,3.24,45.0,92830.0
1990-05-17 08:00:00+00:00,10.7,74.4,78.0,0.0,78.0,317.55,3.59,48.0,92850.0
1990-05-17 09:00:00+00:00,11.07,69.15,554.0,137.12,436.0,331.7,3.72,50.0,92870.0
1990-05-17 10:00:00+00:00,12.9,62.3,470.0,45.09,429.0,316.4,4.14,56.0,92880.0
1990-05-17 11:00:00+00:00,14.2,60.3,491.0,57.06,439.0,319.7,3.59,56.0,92850.0
1990-05-17 12:00:00+00:00,14.9,56.25,721.0,387.66,385.0,317.75,3.24,57.0,92820.0
1990-05-17 13:00:00+00:00,15.15,58.35,416.0,60.38,369.0,331.5,2.83,59.0,92820.0
1990-05-17 14:00:00+00:00,15.22,60.5,429.0,170.14,318.0,315.45,2.76,69.0,92820.0
1990-05-17 15:00:00+00:00,14.56,60.4,329.0,197.06,231.0,322.6,2.69,64.0,92830.0
1990-05-17 16:00:00+00:00,13.31,67.05,198.0,176.09,141.0,323.0,2.55,42.0,92850.0
1990-05-17 17:00:00+00:00,12.72,69.45,10.0,0.0,10.0,324.35,2.97,41.0,92870.0
1990-05-17 18:00:00+00:00,11.77,71.85,0.0,0.0,0.0,320.1,2.9,42.0,92890.0
1990-05-17 19:00:00+00:00,11.1,74.45,0.0,0.0,0.0,316.4,2.0,40.0,92940.0
1990-05-17 20:00:00+00:00,10.43,77.15,0.0,0.0,0.0,315.65,1.86,34.0,92970.0
1990-05-17 21:00:00+00:00,9.97,79.95,0.0,0.0,0.0,319.9,1.86,32.0,92960.0
1990-05-17 22:00:00+00:00,9.42,85.95,0.0,0.0,0.0,310.4,1.93,35.0,92980.0
1990-05-17 23:00:00+00:00,9.08,89.1,0.0,0.0,0.0,310.6,1.93,37.0,92970.0
1990-05-18 00:00:00+00:00,8.66,92.4,0.0,0.0,0.0,302.85,1.93,39.0,92960.0
1990-05-18 01:00:00+00:00,8.4,92.4,0.0,0.0,0.0,298.15,2.0,40.0,92940.0
1990-05-18 02:00:00+00:00,8.24,95.8,0.0,0.0,0.0,298.4,2.07,42.0,92930.0
1990-05-18 03:00:00+00:00,8.18,95.8,0.0,0.0,0.0,300.95,2.07,40.0,92930.0
1990-05-18 04:00:00+00:00,8.17,95.8,51.0,46.19,45.0,292.8,2.14,40.0,92960.0
1990-05-18 05:00:00+00:00,9.45,89.15,259.0,538.76,92.0,292.6,2.0,39.0,92990.0
1990-05-18 06:00:00+00:00,11.98,80.2,322.0,200.23,225.0,298.2,2.07,37.0,93020.0
1990-05-18 07:00:00+00:00,14.08,69.75,576.0,559.67,217.0,301.7,2.62,43.0,93000.0
1990-05-18 08:00:00+00:00,15.94,60.75,795.0,849.05,141.0,297.05,3.17,49.0,92980.0
1990-05-18 09:00:00+00:00,17.76,54.7,836.0,676.22,253.0,313.9,3.38,58.0,92980.0
1990-05-18 10:00:00+00:00,18.82,49.3,891.0,688.4,264.0,311.95,3.31,73.0,92980.0
1990-05-18 11:00:00+00:00,19.53,46.1,883.0,661.6,279.0,310.05,2.76,80.0,92980.0
1990-05-18 12:00:00+00:00,20.0,46.2,257.0,0.0,257.0,321.65,2.21,76.0,92960.0
1990-05-18 13:00:00+00:00,16.19,67.65,83.0,0.0,83.0,324.75,2.83,70.0,93000.0
1990-05-18 14:00:00+00:00,16.51,63.05,540.0,414.13,269.0,325.7,2.34,59.0,92990.0
1990-05-18 15:00:00+00:00,16.64,58.7,257.0,64.06,225.0,340.8,2.34,52.0,92940.0
1990-05-18 16:00:00+00:00,16.55,58.7,168.0,82.79,141.0,327.25,2.28,47.0,92940.0
1990-05-18 17:00:00+00:00,15.85,60.65,94.0,308.05,49.0,317.75,2.41,39.0,92970.0
1990-05-18 18:00:00+00:00,14.77,62.65,0.0,0.0,0.0,316.8,2.14,45.0,92970.0
1990-05-18 19:00:00+00:00,13.3,74.75,0.0,0.0,0.0,306.75,1.59,47.0,93050.0
1990-05-18 20:00:00+00:00,11.6,83.1,0.0,0.0,0.0,297.85,1.66,48.0,93110.0
1990-05-18 21:00:00+00:00,10.3,89.2,0.0,0.0,0.0,297.85,1.59,46.0,93120.0
1990-05-18 22:00:00+00:00,9.34,89.15,0.0,0.0,0.0,296.65,1.59,44.0,93140.0
1990-05-18 23:00:00+00:00,8.92,92.45,0.0,0.0,0.0,303.05,1.59,43.0,93110.0
1990-05-19 00:00:00+00:00,8.55,92.4,0.0,0.0,0.0,300.55,1.59,46.0,93110.0
1990-05-19 01:00:00+00:00,7.84,92.4,0.0,0.0,0.0,285.75,1.66,48.0,93080.0
1990-05-19 02:00:00+00:00,7.14,99.4,0.0,0.0,0.0,279.65,1.66,47.0,93090.0
1990-05-19 03:00:00+00:00,6.61,99.4,0.0,0.0,0.0,282.35,1.59,47.0,93080.0
1990-05-19 04:00:00+00:00,6.62,99.4,73.0,181.34,49.0,290.85,1.52,47.0,93070.0
1990-05-19 05:00:00+00:00,8.95,95.85,266.0,570.21,88.0,295.1,1.31,48.0,93070.0
1990-05-19 06:00:00+00:00,12.57,86.25,459.0,705.16,116.0,302.5,1.03,43.0,93060.0
1990-05-19 07:00:00+00:00,15.28,72.45,638.0,782.01,135.0,313.3,1.24,38.0,93100.0
1990-05-19 08:00:00+00:00,17.02,63.05,787.0,825.25,150.0,310.2,1.52,38.0,93090.0
1990-05-19 09:00:00+00:00,18.51,53.0,903.0,869.55,152.0,303.85,1.86,57.0,93080.0
1990-05-19 10:00:00+00:00,19.48,47.8,967.0,897.74,148.0,317.0,1.59,78.0,93070.0
1990-05-19 11:00:00+00:00,20.35,44.6,928.0,784.08,211.0,323.75,1.31,92.0,93070.0
1990-05-19 12:00:00+00:00,20.66,43.1,837.0,662.07,261.0,326.1,0.97,104.0,93040.0
1990-05-19 13:00:00+00:00,20.92,43.1,484.0,122.77,388.0,327.25,0.69,121.0,93020.0
1990-05-19 14:00:00+00:00,20.79,43.1,58.0,0.0,58.0,321.85,0.62,132.0,93030.0
1990-05-19 15:00:00+00:00,20.48,44.7,123.0,0.0,123.0,330.75,0.41,236.0,92980.0
1990-05-19 16:00:00+00:00,19.15,51.25,175.0,97.4,143.0,331.1,0.41,343.0,93030.0
1990-05-19 17:00:00+00:00,18.22,58.9,44.0,6.72,43.0,336.15,0.97,40.0,93060.0
1990-05-19 18:00:00+00:00,16.91,67.75,0.0,0.0,0.0,331.5,0.76,49.0,93050.0
1990-05-19 19:00:00+00:00,16.7,63.05,0.0,0.0,0.0,326.85,0.62,51.0,93090.0
1990-05-19 20:00:00+00:00,14.65,72.4,0.0,0.0,0.0,307.7,1.03,73.0,93140.0
1990-05-19 21:00:00+00:00,12.72,83.25,0.0,0.0,0.0,309.65,1.31,72.0,93180.0
1990-05-19 22:00:00+00:00,11.4,86.15,0.0,0.0,0.0,312.15,1.38,67.0,93210.0
1990-05-19 23:00:00+00:00,10.54,92.5,0.0,0.0,0.0,316.4,1.31,62.0,93210.0
1990-05-20 00:00:00+00:00,9.54,95.85,0.0,0.0,0.0,304.2,1.38,54.0,93220.0
1990-05-20 01:00:00+00:00,8.83,95.85,0.0,0.0,0.0,298.15,1.31,52.0,93190.0
1990-05-20 02:00:00+00:00,8.26,99.4,0.0,0.0,0.0,295.1,1.38,51.0,93190.0
1990-05-20 03:00:00+00:00,7.78,100.0,0.0,0.0,0.0,293.0,1.38,51.0,93190.0
1990-05-20 04:00:00+00:00,7.75,99.4,85.0,296.97,45.0,291.05,1.31,51.0,93190.0
1990-05-20 05:00:00+00:00,10.73,95.9,257.0,505.94,98.0,291.05,0.9,50.0,93200.0
1990-05-20 06:00:00+00:00,15.91,70.1,442.0,628.72,135.0,295.1,0.62,48.0,93210.0
1990-05-20 07:00:00+00:00,17.77,63.2,628.0,745.84,147.0,302.3,0.55,358.0,93240.0
1990-05-20 08:00:00+00:00,19.17,57.1,757.0,724.04,197.0,307.5,0.83,332.0,93230.0
1990-05-20 09:00:00+00:00,20.19,51.5,893.0,843.81,163.0,316.05,0.69,320.0,93220.0
1990-05-20 10:00:00+00:00,20.89,48.05,920.0,767.19,219.0,325.9,0.55,285.0,93230.0
1990-05-20 11:00:00+00:00,21.22,46.5,933.0,798.11,202.0,336.55,0.55,262.0,93220.0
1990-05-20 12:00:00+00:00,21.02,48.2,847.0,687.28,248.0,347.4,0.97,256.0,93190.0
1990-05-20 13:00:00+00:00,20.03,55.3,811.0,860.06,137.0,339.65,1.52,256.0,93190.0
1990-05-20 14:00:00+00:00,18.84,65.65,573.0,504.37,241.0,341.95,1.17,260.0,93170.0
1990-05-20 15:00:00+00:00,18.67,68.05,410.0,432.69,192.0,349.9,0.69,269.0,93160.0
1990-05-20 16:00:00+00:00,18.2,67.95,277.0,546.94,96.0,336.75,0.9,333.0,93170.0
1990-05-20 17:00:00+00:00,17.83,70.3,105.0,383.21,47.0,331.7,0.83,25.0,93150.0
1990-05-20 18:00:00+00:00,17.34,70.2,0.0,0.0,0.0,310.4,0.41,74.0,93140.0
1990-05-20 19:00:00+00:00,16.8,72.7,0.0,0.0,0.0,315.25,0.48,311.0,93200.0
1990-05-20 20:00:00+00:00,16.2,72.65,0.0,0.0,0.0,312.35,0.69,19.0,93210.0
1990-05-20 21:00:00+00:00,15.23,77.8,0.0,0.0,0.0,316.6,0.9,52.0,93220.0
1990-05-20 22:00:00+00:00,13.41,80.4,0.0,0.0,0.0,310.2,1.1,56.0,93210.0
1990-05-20 23:00:00+00:00,11.73,92.55,0.0,0.0,0.0,307.5,1.31,55.0,93210.0
1990-05-21 00:00:00+00:00,10.49,95.9,0.0,0.0,0.0,308.3,1.38,56.0,93210.0
1990-05-21 01:00:00+00:00,9.75,99.4,0.0,0.0,0.0,312.65,1.31,54.0,93200.0
1990-05-21 02:00:00+00:00,9.47,99.4,0.0,0.0,0.0,316.05,1.31,52.0,93180.0
1990-05-21 03:00:00+00:00,9.14,99.4,0.0,0.0,0.0,310.8,1.38,51.0,93140.0
1990-05-21 04:00:00+00:00,9.2,99.4,76.0,182.56,51.0,310.05,1.24,51.0,93160.0
1990-05-21 05:00:00+00:00,11.92,89.35,193.0,177.06,137.0,300.35,0.9,49.0,93160.0
1990-05-21 06:00:00+00:00,16.53,70.2,385.0,385.64,196.0,302.5,0.55,48.0,93170.0
1990-05-21 07:00:00+00:00,18.34,65.55,584.0,584.67,206.0,313.1,0.07,19.0,93230.0
1990-05-21 08:00:00+00:00,19.67,57.2,719.0,614.26,243.0,324.55,0.21,277.0,93230.0
1990-05-21 09:00:00+00:00,20.7,55.45,848.0,718.97,225.0,324.95,0.34,255.0,93220.0
1990-05-21 10:00:00+00:00,21.33,53.6,834.0,549.67,331.0,329.55,0.76,242.0,93210.0
1990-05-21 11:00:00+00:00,20.71,59.5,831.0,538.52,337.0,344.3,1.24,245.0,93210.0
1990-05-21 12:00:00+00:00,18.49,70.45,546.0,124.85,437.0,344.85,0.62,256.0,93230.0
1990-05-21 13:00:00+00:00,18.86,72.95,624.0,348.89,350.0,338.85,0.83,0.0,93220.0
1990-05-21 14:00:00+00:00,19.08,68.1,504.0,318.13,294.0,354.35,1.24,12.0,93180.0
1990-05-21 15:00:00+00:00,18.26,67.95,406.0,417.06,195.0,345.05,1.45,54.0,93180.0
1990-05-21 16:00:00+00:00,17.95,65.55,136.0,27.01,127.0,336.75,1.17,56.0,93140.0
1990-05-21 17:00:00+00:00,17.82,67.85,86.0,188.4,57.0,333.45,0.97,55.0,93110.0
1990-05-21 18:00:00+00:00,16.5,75.3,0.0,0.0,0.0,321.85,1.03,55.0,93120.0
1990-05-21 19:00:00+00:00,14.45,83.45,0.0,0.0,0.0,308.1,1.38,48.0,93160.0
1990-05-21 20:00:00+00:00,12.64,89.4,0.0,0.0,0.0,307.7,1.45,50.0,93180.0
1990-05-21 21:00:00+00:00,11.38,92.55,0.0,0.0,0.0,305.75,1.45,50.0,93160.0
1990-05-21 22:00:00+00:00,10.71,99.4,0.0,0.0,0.0,307.1,1.45,49.0,93160.0
1990-05-21 23:00:00+00:00,10.37,95.9,0.0,0.0,0.0,308.65,1.52,48.0,93150.0
1990-05-22 00:00:00+00:00,10.38,95.9,0.0,0.0,0.0,321.45,1.45,49.0,93130.0
1990-05-22 01:00:00+00:00,10.4,95.9,0.0,0.0,0.0,328.35,1.45,50.0,93130.0
1990-05-22 02:00:00+00:00,10.69,99.4,0.0,0.0,0.0,337.7,1.45,52.0,93110.0
1990-05-22 03:00:00+00:00,10.48,95.9,0.0,0.0,0.0,332.65,1.52,53.0,93070.0
1990-05-22 04:00:00+00:00,10.59,99.4,14.0,0.0,14.0,336.55,1.45,54.0,93090.0
1990-05-22 05:00:00+00:00,11.79,92.55,197.0,188.56,137.0,327.65,1.31,53.0,93090.0
1990-05-22 06:00:00+00:00,14.93,83.5,354.0,280.6,216.0,334.2,0.97,50.0,93110.0
1990-05-22 07:00:00+00:00,17.75,70.3,454.0,226.83,307.0,342.75,1.17,30.0,93160.0
1990-05-22 08:00:00+00:00,18.8,63.4,632.0,383.86,334.0,335.75,1.17,36.0,93170.0
1990-05-22 09:00:00+00:00,19.45,61.4,839.0,691.36,239.0,338.5,0.9,41.0,93190.0
1990-05-22 10:00:00+00:00,20.64,55.45,693.0,273.89,442.0,345.25,0.41,26.0,93180.0
1990-05-22 11:00:00+00:00,21.4,51.75,881.0,662.89,272.0,353.2,0.48,271.0,93160.0
1990-05-22 12:00:00+00:00,21.86,51.9,622.0,218.4,431.0,356.65,1.03,260.0,93120.0
1990-05-22 13:00:00+00:00,21.91,50.05,71.0,0.0,71.0,346.8,1.24,263.0,93080.0
1990-05-22 14:00:00+00:00,20.33,61.5,58.0,0.0,58.0,341.4,1.17,265.0,93090.0
1990-05-22 15:00:00+00:00,19.28,68.1,464.0,661.44,128.0,348.95,0.21,179.0,93090.0
1990-05-22 16:00:00+00:00,18.56,70.45,283.0,563.23,94.0,341.55,1.03,56.0,93100.0
1990-05-22 17:00:00+00:00,17.78,78.1,75.0,102.26,59.0,336.95,1.24,40.0,93120.0
1990-05-22 18:00:00+00:00,16.67,80.8,0.0,0.0,0.0,329.95,1.17,42.0,93130.0
1990-05-22 19:00:00+00:00,14.9,83.5,0.0,0.0,0.0,327.65,1.52,46.0,93140.0
1990-05-22 20:00:00+00:00,13.46,89.45,0.0,0.0,0.0,310.2,1.52,52.0,93160.0
1990-05-22 21:00:00+00:00,12.22,92.6,0.0,0.0,0.0,304.8,1.52,56.0,93190.0
1990-05-22 22:00:00+00:00,10.96,95.9,0.0,0.0,0.0,306.55,1.38,57.0,93190.0
1990-05-22 23:00:00+00:00,10.7,99.4,0.0,0.0,0.0,317.4,1.38,52.0,93220.0
1990-05-23 00:00:00+00:00,10.61,99.4,0.0,0.0,0.0,324.15,1.52,50.0,93200.0
1990-05-23 01:00:00+00:00,9.98,99.4,0.0,0.0,0.0,320.2,1.59,51.0,93210.0
1990-05-23 02:00:00+00:00,9.66,100.0,0.0,0.0,0.0,331.5,1.66,49.0,93180.0
1990-05-23 03:00:00+00:00,9.49,99.4,0.0,0.0,0.0,336.95,1.59,52.0,93160.0
1990-05-23 04:00:00+00:00,9.72,99.4,42.0,7.08,41.0,338.85,1.45,54.0,93190.0
1990-05-23 05:00:00+00:00,11.01,95.9,61.0,0.0,61.0,337.7,1.31,51.0,93210.0
1990-05-23 06:00:00+00:00,13.68,92.65,197.0,16.21,189.0,339.85,0.97,45.0,93230.0
1990-05-23 07:00:00+00:00,17.14,80.8,380.0,107.77,310.0,340.8,0.97,36.0,93260.0
1990-05-23 08:00:00+00:00,18.62,68.05,319.0,12.86,309.0,345.25,1.17,31.0,93280.0
1990-05-23 09:00:00+00:00,19.68,59.25,725.0,407.3,371.0,349.5,1.45,42.0,93280.0
1990-05-23 10:00:00+00:00,20.5,55.45,597.0,147.11,462.0,353.95,1.31,52.0,93290.0
1990-05-23 11:00:00+00:00,21.17,55.55,513.0,71.74,447.0,357.45,1.1,62.0,93270.0
1990-05-23 12:00:00+00:00,21.3,53.6,626.0,223.75,430.0,363.65,0.34,98.0,93240.0
1990-05-23 13:00:00+00:00,21.46,53.75,624.0,347.46,350.0,363.25,0.62,218.0,93210.0
1990-05-23 14:00:00+00:00,20.63,61.6,519.0,351.03,286.0,351.65,0.9,232.0,93160.0
1990-05-23 15:00:00+00:00,19.05,73.05,333.0,192.15,235.0,343.9,1.1,336.0,93230.0
1990-05-23 16:00:00+00:00,17.52,80.85,242.0,322.65,133.0,360.55,1.52,18.0,93290.0
1990-05-23 17:00:00+00:00,16.76,83.65,77.0,106.96,60.0,355.3,1.17,56.0,93280.0
1990-05-23 18:00:00+00:00,15.83,89.6,0.0,0.0,0.0,349.3,1.38,58.0,93290.0
1990-05-23 19:00:00+00:00,15.1,89.55,0.0,0.0,0.0,335.0,1.59,42.0,93290.0
1990-05-23 20:00:00+00:00,14.15,92.7,0.0,0.0,0.0,333.45,1.59,46.0,93290.0
1990-05-23 21:00:00+00:00,13.41,92.65,0.0,0.0,0.0,328.0,1.66,45.0,93320.0
1990-05-23 22:00:00+00:00,12.79,95.95,0.0,0.0,0.0,321.65,1.72,45.0,93310.0
1990-05-23 23:00:00+00:00,12.11,92.6,0.0,0.0,0.0,312.15,1.72,48.0,93330.0
1990-05-24 00:00:00+00:00,11.96,92.6,0.0,0.0,0.0,323.4,1.66,48.0,93290.0
1990-05-24 01:00:00+00:00,11.79,95.9,0.0,0.0,0.0,326.6,1.66,48.0,93280.0
1990-05-24 02:00:00+00:00,11.66,95.9,0.0,0.0,0.0,326.65,1.66,48.0,93240.0
1990-05-24 03:00:00+00:00,11.67,95.9,0.0,0.0,0.0,329.95,1.66,48.0,93250.0
1990-05-24 04:00:00+00:00,11.87,92.6,67.0,97.82,53.0,329.0,1.59,48.0,93270.0
1990-05-24 05:00:00+00:00,13.39,89.45,164.0,83.91,137.0,325.9,1.66,47.0,93270.0
1990-05-24 06:00:00+00:00,14.94,80.6,396.0,418.21,189.0,327.45,1.72,48.0,93280.0
1990-05-24 07:00:00+00:00,17.21,78.0,614.0,689.82,165.0,330.15,1.38,42.0,93310.0
1990-05-24 08:00:00+00:00,19.19,68.1,218.0,0.0,218.0,333.05,1.24,36.0,93310.0
1990-05-24 09:00:00+00:00,20.75,57.45,359.0,11.49,349.0,332.1,1.1,34.0,93270.0
1990-05-24 10:00:00+00:00,21.86,53.75,607.0,157.8,462.0,329.2,0.76,21.0,93260.0
1990-05-24 11:00:00+00:00,22.41,53.85,799.0,466.73,369.0,342.95,0.34,314.0,93220.0
1990-05-24 12:00:00+00:00,22.28,55.8,261.0,0.0,261.0,341.75,0.83,285.0,93180.0
1990-05-24 13:00:00+00:00,21.75,57.65,107.0,0.0,107.0,356.65,0.83,250.0,93160.0
1990-05-24 14:00:00+00:00,20.26,63.7,295.0,25.54,278.0,356.85,0.69,332.0,93140.0
1990-05-24 15:00:00+00:00,18.43,75.55,326.0,173.83,237.0,360.55,0.83,46.0,93190.0
1990-05-24 16:00:00+00:00,17.37,83.65,216.0,208.8,145.0,352.6,0.28,103.0,93170.0
1990-05-24 17:00:00+00:00,17.28,83.65,89.0,179.7,60.0,341.0,0.76,48.0,93180.0
1990-05-24 18:00:00+00:00,16.49,83.65,0.0,0.0,0.0,341.2,1.17,51.0,93170.0
1990-05-24 19:00:00+00:00,15.3,89.55,0.0,0.0,0.0,329.95,1.24,57.0,93180.0
1990-05-24 20:00:00+00:00,13.9,92.7,0.0,0.0,0.0,328.2,1.38,47.0,93190.0
1990-05-24 21:00:00+00:00,12.96,92.65,0.0,0.0,0.0,322.8,1.45,46.0,93230.0
1990-05-24 22:00:00+00:00,12.31,95.95,0.0,0.0,0.0,323.4,1.45,47.0,93230.0
1990-05-24 23:00:00+00:00,11.96,95.95,0.0,0.0,0.0,332.3,1.38,48.0,93210.0
1990-05-25 00:00:00+00:00,11.84,99.4,0.0,0.0,0.0,330.95,1.52,48.0,93180.0
1990-05-25 01:00:00+00:00,11.52,95.9,0.0,0.0,0.0,327.95,1.52,47.0,93160.0
1990-05-25 02:00:00+00:00,11.53,95.9,0.0,0.0,0.0,336.35,1.59,47.0,93150.0
1990-05-25 03:00:00+00:00,11.13,99.35,0.0,0.0,0.0,329.95,1.66,47.0,93140.0
1990-05-25 04:00:00+00:00,11.31,99.35,15.0,0.0,15.0,352.8,1.66,47.0,93160.0
1990-05-25 05:00:00+00:00,12.37,95.95,53.0,0.0,53.0,330.15,1.52,45.0,93180.0
1990-05-25 06:00:00+00:00,14.91,89.55,353.0,267.91,220.0,332.65,1.59,41.0,93180.0
1990-05-25 07:00:00+00:00,17.46,80.85,302.0,32.2,281.0,324.75,1.79,38.0,93210.0
1990-05-25 08:00:00+00:00,19.42,68.1,643.0,402.5,329.0,330.55,2.69,45.0,93200.0
1990-05-25 09:00:00+00:00,20.79,57.45,818.0,624.21,274.0,344.3,3.24,59.0,93180.0
1990-05-25 10:00:00+00:00,21.92,51.9,932.0,802.11,194.0,335.55,3.03,67.0,93180.0
1990-05-25 11:00:00+00:00,22.41,50.2,757.0,377.22,409.0,350.85,2.62,68.0,93170.0
1990-05-25 12:00:00+00:00,22.63,48.55,844.0,678.24,248.0,344.5,2.28,69.0,93130.0
1990-05-25 13:00:00+00:00,22.45,48.45,140.0,0.0,140.0,349.9,2.41,69.0,93110.0
1990-05-25 14:00:00+00:00,21.91,48.3,262.0,10.49,255.0,350.65,2.34,76.0,93110.0
1990-05-25 15:00:00+00:00,21.39,49.95,314.0,145.93,239.0,348.75,1.66,65.0,93100.0
1990-05-25 16:00:00+00:00,21.22,49.95,274.0,476.3,111.0,341.4,1.86,39.0,93080.0
1990-05-25 17:00:00+00:00,20.13,53.35,66.0,48.85,58.0,334.05,2.69,36.0,93120.0
1990-05-25 18:00:00+00:00,18.62,59.05,0.0,0.0,0.0,330.15,2.97,45.0,93140.0
1990-05-25 19:00:00+00:00,17.76,63.2,0.0,0.0,0.0,344.85,2.83,49.0,93140.0
1990-05-25 20:00:00+00:00,16.96,67.75,0.0,0.0,0.0,346.8,2.55,45.0,93180.0
1990-05-25 21:00:00+00:00,16.29,70.1,0.0,0.0,0.0,340.2,2.28,47.0,93200.0
1990-05-25 22:00:00+00:00,15.73,72.55,0.0,0.0,0.0,335.95,2.07,49.0,93200.0
1990-05-25 23:00:00+00:00,15.22,77.8,0.0,0.0,0.0,336.75,1.93,47.0,93170.0
1990-05-26 00:00:00+00:00,14.87,80.55,0.0,0.0,0.0,339.85,2.0,45.0,93160.0
1990-05-26 01:00:00+00:00,14.47,77.75,0.0,0.0,0.0,334.35,2.0,44.0,93140.0
1990-05-26 02:00:00+00:00,13.68,83.35,0.0,0.0,0.0,320.1,1.86,44.0,93130.0
1990-05-26 03:00:00+00:00,13.12,89.4,0.0,0.0,0.0,323.55,1.79,44.0,93110.0
1990-05-26 04:00:00+00:00,13.06,89.4,77.0,143.09,56.0,325.1,1.79,45.0,93120.0
1990-05-26 05:00:00+00:00,14.47,83.45,257.0,455.4,109.0,326.1,1.66,46.0,93140.0
1990-05-26 06:00:00+00:00,16.41,72.7,449.0,624.74,138.0,326.65,1.93,49.0,93140.0
1990-05-26 07:00:00+00:00,18.46,65.65,636.0,754.48,143.0,324.95,2.48,48.0,93150.0
1990-05-26 08:00:00+00:00,20.19,57.3,786.0,806.38,156.0,320.65,3.1,54.0,93140.0
1990-05-26 09:00:00+00:00,21.55,50.05,780.0,519.14,327.0,327.25,2.97,60.0,93100.0
1990-05-26 10:00:00+00:00,22.77,46.85,663.0,223.63,457.0,332.5,2.62,69.0,93100.0
1990-05-26 11:00:00+00:00,23.09,43.75,589.0,133.16,466.0,340.8,2.34,82.0,93070.0
1990-05-26 12:00:00+00:00,22.68,45.25,224.0,0.0,224.0,349.9,2.0,82.0,93090.0
1990-05-26 13:00:00+00:00,22.31,46.75,441.0,75.65,381.0,359.0,1.86,76.0,93040.0
1990-05-26 14:00:00+00:00,22.18,46.75,576.0,491.83,247.0,360.95,1.59,89.0,93010.0
1990-05-26 15:00:00+00:00,22.0,46.75,444.0,531.16,170.0,346.4,1.59,75.0,92970.0
1990-05-26 16:00:00+00:00,21.44,49.95,262.0,394.94,126.0,348.55,1.31,68.0,92940.0
1990-05-26 17:00:00+00:00,20.48,57.45,84.0,120.39,64.0,334.6,1.24,80.0,92960.0
1990-05-26 18:00:00+00:00,18.81,70.45,0.0,0.0,0.0,336.75,1.03,74.0,92970.0
1990-05-26 19:00:00+00:00,17.24,70.2,0.0,0.0,0.0,323.4,1.38,71.0,92950.0
1990-05-26 20:00:00+00:00,15.74,72.55,0.0,0.0,0.0,324.95,1.38,66.0,92980.0
1990-05-26 21:00:00+00:00,14.04,80.45,0.0,0.0,0.0,315.25,1.45,63.0,93030.0
1990-05-26 22:00:00+00:00,12.82,89.4,0.0,0.0,0.0,313.5,1.38,57.0,93060.0
1990-05-26 23:00:00+00:00,11.99,89.35,0.0,0.0,0.0,309.85,1.38,55.0,93030.0
1990-05-27 00:00:00+00:00,11.55,92.55,0.0,0.0,0.0,311.95,1.38,56.0,93020.0
1990-05-27 01:00:00+00:00,11.05,95.9,0.0,0.0,0.0,305.7,1.45,57.0,93000.0
1990-05-27 02:00:00+00:00,10.47,99.4,0.0,0.0,0.0,305.55,1.38,59.0,92980.0
1990-05-27 03:00:00+00:00,10.02,99.4,0.0,0.0,0.0,305.95,1.38,59.0,92980.0
1990-05-27 04:00:00+00:00,10.21,100.0,72.0,107.79,56.0,307.9,1.24,59.0,92980.0
1990-05-27 05:00:00+00:00,13.37,92.65,254.0,431.9,113.0,314.65,0.76,58.0,92980.0
1990-05-27 06:00:00+00:00,18.18,72.9,450.0,631.14,135.0,316.4,0.34,71.0,92970.0
1990-05-27 07:00:00+00:00,20.17,57.3,630.0,734.81,149.0,326.3,0.76,235.0,92980.0
1990-05-27 08:00:00+00:00,20.97,51.75,786.0,810.4,152.0,324.15,1.1,245.0,92970.0
1990-05-27 09:00:00+00:00,21.51,50.05,866.0,757.76,204.0,339.65,1.24,238.0,92960.0
1990-05-27 10:00:00+00:00,21.45,53.6,781.0,426.14,388.0,348.55,1.93,242.0,92950.0
1990-05-27 11:00:00+00:00,21.58,55.65,946.0,833.63,175.0,346.2,2.07,244.0,92960.0
1990-05-27 12:00:00+00:00,20.94,61.6,874.0,759.08,205.0,348.15,1.52,250.0,92900.0
1990-05-27 13:00:00+00:00,21.2,59.6,765.0,702.24,207.0,347.95,1.17,272.0,92890.0
1990-05-27 14:00:00+00:00,20.97,59.6,82.0,0.0,82.0,351.65,1.24,242.0,92840.0
1990-05-27 15:00:00+00:00,21.0,59.6,134.0,0.0,134.0,352.6,1.31,245.0,92780.0
1990-05-27 16:00:00+00:00,19.9,65.85,88.0,0.0,88.0,348.35,1.1,296.0,92770.0
1990-05-27 17:00:00+00:00,19.21,68.1,36.0,0.0,36.0,341.2,0.69,353.0,92770.0
1990-05-27 18:00:00+00:00,18.03,78.15,0.0,0.0,0.0,342.75,0.83,102.0,92780.0
1990-05-27 19:00:00+00:00,18.35,75.45,0.0,0.0,0.0,325.7,0.21,185.0,92760.0
1990-05-27 20:00:00+00:00,17.3,80.8,0.0,0.0,0.0,326.1,0.83,96.0,92780.0
1990-05-27 21:00:00+00:00,15.85,83.55,0.0,0.0,0.0,326.1,1.03,80.0,92810.0
1990-05-27 22:00:00+00:00,14.4,86.45,0.0,0.0,0.0,316.2,1.17,72.0,92760.0
1990-05-27 23:00:00+00:00,13.17,92.65,0.0,0.0,0.0,312.95,1.31,68.0,92750.0
1990-05-28 00:00:00+00:00,12.28,95.95,0.0,0.0,0.0,312.35,1.31,65.0,92710.0
1990-05-28 01:00:00+00:00,11.51,95.9,0.0,0.0,0.0,305.7,1.31,63.0,92680.0
1990-05-28 02:00:00+00:00,11.15,95.9,0.0,0.0,0.0,311.55,1.31,62.0,92670.0
1990-05-28 03:00:00+00:00,10.6,99.4,0.0,0.0,0.0,311.0,1.31,64.0,92650.0
1990-05-28 04:00:00+00:00,10.77,99.4,77.0,126.65,58.0,317.95,1.1,61.0,92650.0
1990-05-28 05:00:00+00:00,13.78,92.65,269.0,512.44,101.0,316.2,0.76,70.0,92690.0
1990-05-28 06:00:00+00:00,17.02,83.65,468.0,695.57,120.0,323.2,0.83,96.0,92690.0
1990-05-28 07:00:00+00:00,18.76,65.65,643.0,767.15,140.0,334.2,1.38,144.0,92680.0
1990-05-28 08:00:00+00:00,20.07,57.3,798.0,831.06,147.0,319.5,1.66,177.0,92670.0
1990-05-28 09:00:00+00:00,20.98,53.6,913.0,875.83,147.0,319.9,2.07,212.0,92660.0
1990-05-28 10:00:00+00:00,21.35,53.6,972.0,891.42,149.0,329.4,2.34,223.0,92680.0
1990-05-28 11:00:00+00:00,21.74,53.75,986.0,915.8,138.0,335.75,2.07,221.0,92670.0
1990-05-28 12:00:00+00:00,21.77,53.75,922.0,876.99,148.0,335.55,2.07,221.0,92640.0
1990-05-28 13:00:00+00:00,22.02,52.0,825.0,868.08,134.0,337.1,2.07,226.0,92590.0
1990-05-28 14:00:00+00:00,22.01,52.0,657.0,761.69,145.0,337.1,2.28,228.0,92580.0
1990-05-28 15:00:00+00:00,20.38,57.3,485.0,694.83,124.0,342.55,1.45,222.0,92580.0
1990-05-28 16:00:00+00:00,20.14,59.35,300.0,588.26,95.0,344.3,1.24,218.0,92580.0
1990-05-28 17:00:00+00:00,19.59,61.4,119.0,369.15,56.0,331.1,0.83,230.0,92600.0
1990-05-28 18:00:00+00:00,18.42,72.95,0.0,0.0,0.0,329.55,0.62,250.0,92580.0
1990-05-28 19:00:00+00:00,18.09,67.95,0.0,0.0,0.0,316.2,0.41,140.0,92610.0
1990-05-28 20:00:00+00:00,16.73,72.7,0.0,0.0,0.0,309.45,0.9,91.0,92630.0
1990-05-28 21:00:00+00:00,15.17,80.6,0.0,0.0,0.0,313.3,1.03,74.0,92610.0
1990-05-28 22:00:00+00:00,13.79,86.35,0.0,0.0,0.0,311.2,1.1,69.0,92610.0
1990-05-28 23:00:00+00:00,12.64,89.4,0.0,0.0,0.0,305.95,1.17,66.0,92620.0
1990-05-29 00:00:00+00:00,11.84,92.55,0.0,0.0,0.0,319.1,1.24,58.0,92610.0
1990-05-29 01:00:00+00:00,10.92,95.9,0.0,0.0,0.0,310.9,1.31,53.0,92610.0
1990-05-29 02:00:00+00:00,10.69,99.4,0.0,0.0,0.0,317.0,1.38,52.0,92600.0
1990-05-29 03:00:00+00:00,10.76,99.4,0.0,0.0,0.0,320.3,1.45,52.0,92610.0
1990-05-29 04:00:00+00:00,11.51,92.55,83.0,171.61,57.0,332.85,1.45,51.0,92640.0
1990-05-29 05:00:00+00:00,13.78,86.35,209.0,206.6,141.0,329.95,1.24,47.0,92690.0
1990-05-29 06:00:00+00:00,15.96,77.95,281.0,99.71,231.0,347.4,1.24,47.0,92720.0
1990-05-29 07:00:00+00:00,17.11,75.3,203.0,1.52,202.0,339.85,1.38,50.0,92770.0
1990-05-29 08:00:00+00:00,18.61,68.05,157.0,0.0,157.0,338.3,1.17,54.0,92770.0
1990-05-29 09:00:00+00:00,19.53,65.85,441.0,43.4,403.0,347.0,1.03,61.0,92780.0
1990-05-29 10:00:00+00:00,20.25,61.5,757.0,376.54,409.0,349.7,0.55,68.0,92790.0
1990-05-29 11:00:00+00:00,20.55,63.8,86.0,0.0,86.0,351.05,0.21,147.0,92810.0
1990-05-29 12:00:00+00:00,19.66,73.15,81.0,0.0,81.0,363.05,0.07,175.0,92790.0
1990-05-29 13:00:00+00:00,19.17,75.65,674.0,443.96,320.0,348.15,0.76,264.0,92790.0
1990-05-29 14:00:00+00:00,18.7,78.25,576.0,486.82,248.0,338.1,0.62,292.0,92830.0
1990-05-29 15:00:00+00:00,18.83,75.55,490.0,713.55,118.0,344.3,0.9,30.0,92820.0
1990-05-29 16:00:00+00:00,17.66,78.1,294.0,556.37,99.0,348.55,1.59,49.0,92860.0
1990-05-29 17:00:00+00:00,16.93,78.0,112.0,300.83,60.0,349.3,1.45,48.0,92910.0
1990-05-29 18:00:00+00:00,16.37,77.95,0.0,0.0,0.0,344.85,1.93,41.0,92950.0
1990-05-29 19:00:00+00:00,15.23,75.1,0.0,0.0,0.0,349.1,2.07,45.0,92970.0
1990-05-29 20:00:00+00:00,14.41,77.75,0.0,0.0,0.0,338.5,1.86,42.0,93020.0
1990-05-29 21:00:00+00:00,13.7,83.35,0.0,0.0,0.0,331.5,1.86,42.0,93060.0
1990-05-29 22:00:00+00:00,13.07,83.25,0.0,0.0,0.0,325.7,1.79,41.0,93070.0
1990-05-29 23:00:00+00:00,12.58,86.25,0.0,0.0,0.0,324.95,1.72,42.0,93060.0
1990-05-30 00:00:00+00:00,12.23,89.35,0.0,0.0,0.0,323.95,1.79,42.0,93060.0
1990-05-30 01:00:00+00:00,11.94,89.35,0.0,0.0,0.0,319.25,1.79,43.0,93060.0
1990-05-30 02:00:00+00:00,11.69,92.55,0.0,0.0,0.0,319.5,1.79,44.0,93070.0
1990-05-30 03:00:00+00:00,11.45,92.55,0.0,0.0,0.0,318.95,1.79,44.0,93050.0
1990-05-30 04:00:00+00:00,11.53,92.55,82.0,156.96,58.0,318.35,1.66,45.0,93080.0
1990-05-30 05:00:00+00:00,12.6,86.25,275.0,535.81,98.0,315.65,1.79,46.0,93110.0
1990-05-30 06:00:00+00:00,13.99,77.65,470.0,696.53,120.0,307.3,1.86,47.0,93130.0
1990-05-30 07:00:00+00:00,16.11,67.65,648.0,778.57,136.0,319.3,1.86,45.0,93190.0
1990-05-30 08:00:00+00:00,18.02,61.05,800.0,831.7,147.0,314.5,1.86,50.0,93200.0
1990-05-30 09:00:00+00:00,19.85,57.2,914.0,875.19,147.0,313.1,1.79,58.0,93190.0
1990-05-30 10:00:00+00:00,21.22,49.95,979.0,903.67,143.0,324.55,1.45,71.0,93170.0
1990-05-30 11:00:00+00:00,21.99,46.75,940.0,795.24,202.0,325.9,1.03,94.0,93160.0
1990-05-30 12:00:00+00:00,22.32,45.1,914.0,854.33,158.0,334.4,0.83,112.0,93140.0
1990-05-30 13:00:00+00:00,22.18,45.1,801.0,798.79,163.0,337.7,0.9,151.0,93130.0
1990-05-30 14:00:00+00:00,21.94,48.3,691.0,857.4,112.0,336.75,0.69,185.0,93100.0
1990-05-30 15:00:00+00:00,21.57,48.3,398.0,336.47,222.0,340.8,0.34,225.0,93070.0
1990-05-30 16:00:00+00:00,21.21,49.95,274.0,417.1,127.0,332.85,0.48,276.0,93050.0
1990-05-30 17:00:00+00:00,20.52,55.45,124.0,388.58,56.0,338.65,0.28,309.0,93050.0
1990-05-30 18:00:00+00:00,20.08,53.35,0.0,0.0,0.0,337.3,0.14,65.0,93080.0
1990-05-30 19:00:00+00:00,17.69,70.3,0.0,0.0,0.0,326.65,0.9,135.0,93110.0
1990-05-30 20:00:00+00:00,16.16,75.25,0.0,0.0,0.0,339.05,1.17,96.0,93130.0
1990-05-30 21:00:00+00:00,14.87,80.55,0.0,0.0,0.0,332.5,1.24,82.0,93140.0
1990-05-30 22:00:00+00:00,13.99,83.4,0.0,0.0,0.0,334.8,1.24,64.0,93150.0
1990-05-30 23:00:00+00:00,12.87,92.6,0.0,0.0,0.0,319.9,1.24,55.0,93130.0
1990-05-31 00:00:00+00:00,12.16,92.6,0.0,0.0,0.0,319.9,1.24,55.0,93110.0
1990-05-31 01:00:00+00:00,11.55,92.55,0.0,0.0,0.0,314.0,1.31,56.0,93080.0
1990-05-31 02:00:00+00:00,11.05,95.9,0.0,0.0,0.0,311.4,1.38,56.0,93030.0
1990-05-31 03:00:00+00:00,10.85,95.9,0.0,0.0,0.0,314.65,1.31,55.0,93020.0
1990-05-31 04:00:00+00:00,10.93,95.9,61.0,45.4,54.0,304.8,1.24,53.0,93010.0
1990-05-31 05:00:00+00:00,14.13,89.5,99.0,3.02,98.0,308.85,0.9,55.0,93000.0
1990-05-31 06:00:00+00:00,17.95,72.9,330.0,192.67,233.0,316.05,0.62,73.0,92990.0
1990-05-31 07:00:00+00:00,19.34,65.75,633.0,725.92,155.0,316.8,0.69,199.0,93030.0
1990-05-31 08:00:00+00:00,19.99,61.5,784.0,791.4,162.0,324.15,1.45,222.0,93040.0
1990-05-31 09:00:00+00:00,20.54,61.6,887.0,807.12,179.0,328.2,1.93,233.0,93030.0
1990-05-31 10:00:00+00:00,20.66,63.8,518.0,72.36,451.0,344.65,2.14,235.0,93020.0
1990-05-31 11:00:00+00:00,21.26,61.7,652.0,202.37,464.0,355.3,2.55,240.0,92980.0
1990-05-31 12:00:00+00:00,21.13,61.7,795.0,530.46,325.0,359.2,2.83,249.0,92920.0
1990-05-31 13:00:00+00:00,20.72,59.5,675.0,436.25,326.0,347.4,2.48,253.0,92920.0
1990-05-31 14:00:00+00:00,19.99,59.35,448.0,180.26,326.0,339.25,1.79,245.0,92890.0
1990-05-31 15:00:00+00:00,19.69,59.25,405.0,360.15,216.0,344.5,1.72,239.0,92870.0
1990-05-31 16:00:00+00:00,18.8,76.35,197.0,118.53,155.0,338.78,0.54,245.0,92890.0
1990-05-31 17:00:00+00:00,17.95,76.66,11.0,0.0,11.0,334.84,0.66,215.0,92880.0
1990-05-31 18:00:00+00:00,17.09,76.97,0.0,0.0,0.0,330.91,0.77,146.0,92870.0
1990-05-31 19:00:00+00:00,16.23,77.28,0.0,0.0,0.0,326.97,0.88,176.0,92900.0
1990-05-31 20:00:00+00:00,15.37,77.6,0.0,0.0,0.0,323.04,1.0,156.0,92930.0
1990-05-31 21:00:00+00:00,14.51,77.91,0.0,0.0,0.0,319.1,1.11,138.0,92950.0
1990-05-31 22:00:00+00:00,13.66,78.22,0.0,0.0,0.0,315.17,1.22,96.0,92960.0
1990-05-31 23:00:00+00:00,12.8,78.53,0.0,0.0,0.0,311.23,1.34,81.0,92960.0
1990-06-01 00:00:00+00:00,11.94,78.84,0.0,0.0,0.0,307.29,1.45,10.0,91720.0
1990-06-01 01:00:00+00:00,11.08,79.15,0.0,0.0,0.0,303.36,1.56,23.0,91750.0
1990-06-01 02:00:00+00:00,10.22,79.46,0.0,0.0,0.0,299.42,1.68,30.0,91760.0
1990-06-01 03:00:00+00:00,9.37,79.77,0.0,0.0,0.0,295.49,1.79,31.0,91770.0
1990-06-01 04:00:00+00:00,8.51,80.08,111.0,392.52,50.0,291.55,1.9,34.0,91810.0
1990-06-01 05:00:00+00:00,7.65,80.4,296.0,628.59,87.0,287.62,2.02,34.0,91820.0
1990-06-01 06:00:00+00:00,6.79,80.71,408.0,412.41,200.0,283.68,2.13,32.0,91860.0
1990-06-01 07:00:00+00:00,5.93,81.02,653.0,770.55,145.0,279.75,2.24,14.0,91920.0
1990-06-01 08:00:00+00:00,12.37,62.1,814.0,845.31,149.0,279.65,2.41,1.0,91920.0
1990-06-01 09:00:00+00:00,13.81,55.9,808.0,558.13,318.0,297.45,3.03,349.0,91920.0
1990-06-01 10:00:00+00:00,14.46,52.15,819.0,474.76,379.0,314.5,3.24,336.0,91970.0
1990-06-01 11:00:00+00:00,14.68,52.15,827.0,486.07,375.0,322.2,3.17,323.0,92010.0
1990-06-01 12:00:00+00:00,14.6,54.1,669.0,264.91,434.0,322.6,3.24,311.0,92020.0
1990-06-01 13:00:00+00:00,14.85,54.1,459.0,83.62,392.0,316.6,3.38,310.0,92030.0
1990-06-01 14:00:00+00:00,15.14,52.25,256.0,7.37,251.0,325.3,3.1,313.0,92020.0
1990-06-01 15:00:00+00:00,15.3,52.25,465.0,560.37,170.0,314.1,2.9,313.0,92010.0
1990-06-01 16:00:00+00:00,15.05,52.25,288.0,466.04,122.0,308.3,2.69,308.0,92030.0
1990-06-01 17:00:00+00:00,14.23,56.0,38.0,0.0,38.0,317.75,2.0,305.0,92050.0
1990-06-01 18:00:00+00:00,13.2,62.3,0.0,0.0,0.0,300.15,1.38,307.0,92090.0
1990-06-01 19:00:00+00:00,11.37,83.05,0.0,0.0,0.0,302.85,0.9,254.0,92130.0
1990-06-01 20:00:00+00:00,11.62,74.55,0.0,0.0,0.0,320.3,0.41,220.0,92130.0
1990-06-01 21:00:00+00:00,11.33,80.1,0.0,0.0,0.0,320.65,0.21,207.0,92150.0
1990-06-01 22:00:00+00:00,10.93,80.1,0.0,0.0,0.0,303.85,0.14,168.0,92150.0
1990-06-01 23:00:00+00:00,10.63,86.05,0.0,0.0,0.0,315.85,0.34,111.0,92110.0
1990-06-02 00:00:00+00:00,10.22,89.2,0.0,0.0,0.0,318.15,0.62,110.0,92090.0
1990-06-02 01:00:00+00:00,9.57,92.45,0.0,0.0,0.0,302.4,0.69,107.0,92060.0
1990-06-02 02:00:00+00:00,9.55,95.85,0.0,0.0,0.0,311.0,0.62,104.0,92030.0
1990-06-02 03:00:00+00:00,9.51,95.85,0.0,0.0,0.0,324.75,0.55,90.0,92030.0
1990-06-02 04:00:00+00:00,9.24,99.4,21.0,0.0,21.0,323.2,0.55,80.0,92010.0
1990-06-02 05:00:00+00:00,10.61,92.5,83.0,0.0,83.0,313.9,0.55,95.0,92010.0
1990-06-02 06:00:00+00:00,12.53,74.7,128.0,0.0,128.0,300.55,0.76,160.0,92000.0
1990-06-02 07:00:00+00:00,13.33,72.1,142.0,0.0,142.0,323.75,1.24,225.0,92010.0
1990-06-02 08:00:00+00:00,14.04,67.25,144.0,0.0,144.0,337.5,2.07,224.0,92020.0
1990-06-02 09:00:00+00:00,14.41,72.3,135.0,0.0,135.0,345.65,2.69,223.0,92040.0
1990-06-02 10:00:00+00:00,14.02,67.25,126.0,0.0,126.0,353.4,3.03,225.0,92050.0
1990-06-02 11:00:00+00:00,14.37,64.85,260.0,0.0,260.0,350.3,2.97,225.0,92070.0
1990-06-02 12:00:00+00:00,14.43,56.15,291.0,1.13,290.0,348.55,2.76,229.0,92090.0
1990-06-02 13:00:00+00:00,14.41,56.0,430.0,62.31,380.0,347.95,1.79,229.0,92100.0
1990-06-02 14:00:00+00:00,14.63,54.1,255.0,7.36,250.0,340.8,1.31,222.0,92090.0
1990-06-02 15:00:00+00:00,15.03,52.25,95.0,0.0,95.0,337.3,1.45,223.0,92090.0
1990-06-02 16:00:00+00:00,14.88,54.1,142.0,22.35,134.0,329.75,1.38,208.0,92060.0
1990-06-02 17:00:00+00:00,14.62,58.25,54.0,5.52,53.0,307.9,1.31,196.0,92040.0
1990-06-02 18:00:00+00:00,13.52,72.2,0.0,0.0,0.0,308.65,0.97,170.0,92080.0
1990-06-02 19:00:00+00:00,12.3,77.35,0.0,0.0,0.0,327.65,0.69,139.0,92100.0
1990-06-02 20:00:00+00:00,12.35,74.6,0.0,0.0,0.0,327.05,0.55,101.0,92120.0
1990-06-02 21:00:00+00:00,11.76,80.15,0.0,0.0,0.0,325.1,0.62,51.0,92130.0
1990-06-02 22:00:00+00:00,10.64,86.05,0.0,0.0,0.0,323.0,0.83,45.0,92140.0
1990-06-02 23:00:00+00:00,10.12,92.5,0.0,0.0,0.0,329.55,0.9,56.0,92130.0
1990-06-03 00:00:00+00:00,9.96,92.5,0.0,0.0,0.0,337.3,0.9,67.0,92120.0
1990-06-03 01:00:00+00:00,9.8,92.45,0.0,0.0,0.0,333.55,0.9,78.0,92100.0
1990-06-03 02:00:00+00:00,9.56,92.45,0.0,0.0,0.0,328.05,0.97,70.0,92090.0
1990-06-03 03:00:00+00:00,9.42,92.45,0.0,0.0,0.0,329.0,0.97,62.0,92100.0
1990-06-03 04:00:00+00:00,9.45,92.45,44.0,6.35,43.0,327.85,0.97,59.0,92130.0
1990-06-03 05:00:00+00:00,10.84,89.25,25.0,0.0,25.0,333.45,0.9,64.0,92160.0
1990-06-03 06:00:00+00:00,11.97,80.2,42.0,0.0,42.0,325.1,0.69,80.0,92200.0
1990-06-03 07:00:00+00:00,12.76,80.3,155.0,0.0,155.0,325.9,0.48,144.0,92230.0
1990-06-03 08:00:00+00:00,13.26,80.35,154.0,0.0,154.0,347.4,1.17,153.0,92250.0
1990-06-03 09:00:00+00:00,13.88,80.4,277.0,0.0,277.0,345.05,1.72,162.0,92260.0
1990-06-03 10:00:00+00:00,14.49,77.75,130.0,0.0,130.0,346.4,1.93,177.0,92300.0
1990-06-03 11:00:00+00:00,15.08,77.8,213.0,0.0,213.0,333.25,2.07,188.0,92340.0
1990-06-03 12:00:00+00:00,14.22,83.4,270.0,0.0,270.0,356.5,2.0,186.0,92340.0
1990-06-03 13:00:00+00:00,14.45,80.55,340.0,14.93,328.0,352.6,1.24,203.0,92360.0
1990-06-03 14:00:00+00:00,15.06,80.6,131.0,0.0,131.0,350.85,0.97,211.0,92360.0
1990-06-03 15:00:00+00:00,15.2,80.6,185.0,5.66,182.0,348.35,1.03,208.0,92360.0
1990-06-03 16:00:00+00:00,14.16,83.4,131.0,13.9,126.0,351.85,1.17,198.0,92390.0
1990-06-03 17:00:00+00:00,12.97,89.4,123.0,322.41,64.0,334.05,0.83,215.0,92410.0
1990-06-03 18:00:00+00:00,12.33,92.6,0.0,0.0,0.0,338.3,0.28,342.0,92480.0
1990-06-03 19:00:00+00:00,11.29,95.9,0.0,0.0,0.0,315.05,0.69,66.0,92520.0
1990-06-03 20:00:00+00:00,10.23,95.9,0.0,0.0,0.0,311.95,1.1,60.0,92540.0
1990-06-03 21:00:00+00:00,9.4,95.85,0.0,0.0,0.0,308.65,1.17,56.0,92540.0
1990-06-03 22:00:00+00:00,8.22,99.4,0.0,0.0,0.0,285.45,1.38,56.0,92550.0
1990-06-03 23:00:00+00:00,7.5,99.4,0.0,0.0,0.0,289.1,1.45,58.0,92540.0
1990-06-04 00:00:00+00:00,7.24,100.0,0.0,0.0,0.0,287.4,1.45,59.0,92530.0
1990-06-04 01:00:00+00:00,6.57,95.8,0.0,0.0,0.0,292.35,1.38,57.0,92530.0
1990-06-04 02:00:00+00:00,6.34,99.4,0.0,0.0,0.0,295.1,1.38,56.0,92540.0
1990-06-04 03:00:00+00:00,5.92,95.8,0.0,0.0,0.0,297.25,1.31,54.0,92540.0
1990-06-04 04:00:00+00:00,6.44,95.8,22.0,0.0,22.0,302.3,1.1,57.0,92550.0
1990-06-04 05:00:00+00:00,9.36,95.85,122.0,11.94,118.0,299.55,0.9,60.0,92570.0
1990-06-04 06:00:00+00:00,12.51,86.25,361.0,266.51,226.0,303.05,0.41,76.0,92610.0
1990-06-04 07:00:00+00:00,13.99,74.95,641.0,742.56,150.0,318.95,0.48,137.0,92650.0
1990-06-04 08:00:00+00:00,15.49,65.15,786.0,781.17,170.0,313.3,1.38,184.0,92660.0
1990-06-04 09:00:00+00:00,16.32,62.95,740.0,415.97,374.0,348.55,1.45,210.0,92680.0
1990-06-04 10:00:00+00:00,16.78,60.85,413.0,19.38,395.0,350.65,1.59,235.0,92730.0
1990-06-04 11:00:00+00:00,17.15,58.8,194.0,0.0,194.0,343.7,1.93,245.0,92750.0
1990-06-04 12:00:00+00:00,17.01,63.2,330.0,4.49,326.0,329.0,2.0,247.0,92760.0
1990-06-04 13:00:00+00:00,16.87,67.75,222.0,0.0,222.0,338.5,1.59,241.0,92750.0
1990-06-04 14:00:00+00:00,16.75,70.2,127.0,0.0,127.0,343.3,1.79,247.0,92770.0
1990-06-04 15:00:00+00:00,16.1,72.65,98.0,0.0,98.0,353.0,1.45,273.0,92780.0
1990-06-04 16:00:00+00:00,15.83,75.15,53.0,0.0,53.0,345.05,1.31,294.0,92790.0
1990-06-04 17:00:00+00:00,15.54,75.15,71.0,32.46,65.0,348.95,0.9,296.0,92830.0
1990-06-04 18:00:00+00:00,15.02,77.8,0.0,0.0,0.0,347.95,0.55,289.0,92840.0
1990-06-04 19:00:00+00:00,13.48,86.35,0.0,0.0,0.0,332.5,0.48,350.0,92920.0
1990-06-04 20:00:00+00:00,12.28,95.95,0.0,0.0,0.0,322.8,0.97,15.0,92940.0
1990-06-04 21:00:00+00:00,11.62,95.9,0.0,0.0,0.0,322.6,1.1,27.0,92960.0
1990-06-04 22:00:00+00:00,11.21,95.9,0.0,0.0,0.0,332.3,1.24,33.0,92990.0
1990-06-04 23:00:00+00:00,11.12,95.9,0.0,0.0,0.0,335.2,1.38,39.0,93010.0
1990-06-05 00:00:00+00:00,10.99,95.9,0.0,0.0,0.0,334.8,1.38,45.0,92980.0
1990-06-05 01:00:00+00:00,10.91,92.55,0.0,0.0,0.0,334.5,1.52,42.0,92980.0
1990-06-05 02:00:00+00:00,10.87,95.9,0.0,0.0,0.0,333.45,1.52,41.0,92980.0
1990-06-05 03:00:00+00:00,10.97,92.55,0.0,0.0,0.0,339.05,1.59,41.0,92980.0
1990-06-05 04:00:00+00:00,11.33,95.9,105.0,313.88,55.0,343.9,1.59,42.0,92990.0
1990-06-05 05:00:00+00:00,12.37,92.6,55.0,0.0,55.0,346.4,1.38,36.0,92990.0
1990-06-05 06:00:00+00:00,14.23,80.45,408.0,423.96,193.0,327.05,2.07,33.0,93030.0
1990-06-05 07:00:00+00:00,15.77,72.55,342.0,58.94,303.0,337.1,2.07,39.0,93040.0
1990-06-05 08:00:00+00:00,16.48,67.75,534.0,186.3,387.0,343.3,3.1,40.0,93040.0
1990-06-05 09:00:00+00:00,16.8,67.75,641.0,241.93,428.0,346.4,3.03,43.0,93050.0
1990-06-05 10:00:00+00:00,17.49,65.45,799.0,450.75,380.0,350.3,3.52,45.0,93050.0
1990-06-05 11:00:00+00:00,17.82,67.85,589.0,129.67,468.0,353.75,3.59,43.0,93090.0
1990-06-05 12:00:00+00:00,17.81,67.85,563.0,132.44,445.0,364.6,3.59,41.0,93050.0
1990-06-05 13:00:00+00:00,18.14,65.55,713.0,523.67,291.0,370.8,3.86,40.0,93010.0
1990-06-05 14:00:00+00:00,18.37,65.55,628.0,627.53,199.0,357.05,3.93,39.0,93030.0
1990-06-05 15:00:00+00:00,18.3,65.55,382.0,274.12,236.0,349.1,3.72,38.0,93000.0
1990-06-05 16:00:00+00:00,17.84,67.85,296.0,501.23,114.0,352.6,3.38,38.0,93010.0
1990-06-05 17:00:00+00:00,17.12,67.85,112.0,219.66,71.0,342.55,2.97,38.0,93010.0
1990-06-05 18:00:00+00:00,16.15,70.1,0.0,0.0,0.0,332.65,2.76,44.0,93030.0
1990-06-05 19:00:00+00:00,15.85,72.55,0.0,0.0,0.0,336.35,2.48,43.0,93050.0
1990-06-05 20:00:00+00:00,15.25,75.1,0.0,0.0,0.0,337.5,2.41,45.0,93090.0
1990-06-05 21:00:00+00:00,14.72,77.75,0.0,0.0,0.0,332.5,2.21,47.0,93100.0
1990-06-05 22:00:00+00:00,14.23,80.45,0.0,0.0,0.0,329.75,2.0,46.0,93120.0
1990-06-05 23:00:00+00:00,13.58,83.35,0.0,0.0,0.0,327.05,1.79,46.0,93090.0
1990-06-06 00:00:00+00:00,12.78,89.4,0.0,0.0,0.0,323.55,1.66,45.0,93090.0
1990-06-06 01:00:00+00:00,12.05,92.6,0.0,0.0,0.0,322.35,1.59,47.0,93070.0
1990-06-06 02:00:00+00:00,11.57,95.9,0.0,0.0,0.0,323.4,1.59,48.0,93080.0
1990-06-06 03:00:00+00:00,11.19,95.9,0.0,0.0,0.0,321.05,1.59,48.0,93060.0
1990-06-06 04:00:00+00:00,11.29,99.35,105.0,306.18,56.0,320.85,1.52,46.0,93080.0
1990-06-06 05:00:00+00:00,13.3,89.4,286.0,561.91,97.0,320.85,1.24,43.0,93090.0
1990-06-06 06:00:00+00:00,15.8,75.15,471.0,677.66,127.0,309.45,1.38,43.0,93080.0
1990-06-06 07:00:00+00:00,17.48,67.85,645.0,747.52,150.0,321.45,1.72,50.0,93090.0
1990-06-06 08:00:00+00:00,18.97,63.5,803.0,820.77,155.0,326.1,1.66,56.0,93070.0
1990-06-06 09:00:00+00:00,20.5,57.45,903.0,830.98,171.0,335.4,1.38,67.0,93060.0
1990-06-06 10:00:00+00:00,21.75,51.9,957.0,832.14,183.0,338.85,0.69,70.0,93030.0
1990-06-06 11:00:00+00:00,22.11,48.45,904.0,675.69,273.0,367.7,0.07,225.0,93020.0
1990-06-06 12:00:00+00:00,22.19,50.2,496.0,70.64,433.0,381.45,1.03,250.0,92980.0
1990-06-06 13:00:00+00:00,22.13,52.0,605.0,273.89,384.0,369.05,1.45,256.0,92960.0
1990-06-06 14:00:00+00:00,22.23,53.85,299.0,21.9,284.0,340.2,1.17,272.0,92930.0
1990-06-06 15:00:00+00:00,22.23,52.0,306.0,106.73,249.0,342.75,1.24,270.0,92900.0
1990-06-06 16:00:00+00:00,21.76,55.65,0.0,0.0,0.0,357.25,1.17,260.0,92890.0
1990-06-06 17:00:00+00:00,20.95,63.8,125.0,302.57,68.0,363.65,0.97,249.0,92890.0
1990-06-06 18:00:00+00:00,19.46,81.05,0.0,0.0,0.0,344.5,0.76,243.0,92890.0
1990-06-06 19:00:00+00:00,18.17,78.15,0.0,0.0,0.0,331.3,0.69,261.0,92900.0
1990-06-06 20:00:00+00:00,17.93,80.85,0.0,0.0,0.0,329.75,0.34,309.0,92960.0
1990-06-06 21:00:00+00:00,17.36,78.1,0.0,0.0,0.0,330.95,0.76,28.0,92960.0
1990-06-06 22:00:00+00:00,15.36,86.5,0.0,0.0,0.0,321.25,1.1,56.0,92940.0
1990-06-06 23:00:00+00:00,13.76,89.45,0.0,0.0,0.0,323.0,1.31,62.0,92930.0
1990-06-07 00:00:00+00:00,12.48,92.6,0.0,0.0,0.0,316.8,1.45,60.0,92890.0
1990-06-07 01:00:00+00:00,11.7,99.4,0.0,0.0,0.0,310.5,1.45,59.0,92860.0
1990-06-07 02:00:00+00:00,11.12,99.35,0.0,0.0,0.0,307.3,1.45,59.0,92810.0
1990-06-07 03:00:00+00:00,10.68,99.4,0.0,0.0,0.0,304.2,1.45,58.0,92790.0
1990-06-07 04:00:00+00:00,10.87,99.4,97.0,230.26,60.0,302.3,1.31,57.0,92800.0
1990-06-07 05:00:00+00:00,13.94,89.5,275.0,498.7,107.0,304.6,0.69,59.0,92810.0
1990-06-07 06:00:00+00:00,18.6,75.55,466.0,655.44,133.0,306.75,0.48,136.0,92810.0
1990-06-07 07:00:00+00:00,19.71,65.85,641.0,733.51,155.0,330.55,0.55,187.0,92830.0
1990-06-07 08:00:00+00:00,21.0,57.55,803.0,820.38,155.0,324.55,1.1,239.0,92820.0
1990-06-07 09:00:00+00:00,21.75,55.65,908.0,841.92,166.0,335.55,1.66,250.0,92810.0
1990-06-07 10:00:00+00:00,22.32,52.0,925.0,740.34,236.0,337.1,1.79,250.0,92810.0
1990-06-07 11:00:00+00:00,22.83,52.1,750.0,340.28,432.0,336.75,2.34,250.0,92790.0
1990-06-07 12:00:00+00:00,22.74,54.0,744.0,399.93,387.0,350.5,2.48,253.0,92750.0
1990-06-07 13:00:00+00:00,22.51,54.0,644.0,349.05,362.0,368.65,2.48,259.0,92710.0
1990-06-07 14:00:00+00:00,22.43,57.75,484.0,230.3,326.0,342.95,2.0,263.0,92700.0
1990-06-07 15:00:00+00:00,22.22,57.75,466.0,541.63,176.0,349.1,1.79,260.0,92690.0
1990-06-07 16:00:00+00:00,21.45,63.9,309.0,546.09,109.0,344.3,1.72,249.0,92670.0
1990-06-07 17:00:00+00:00,20.4,68.3,131.0,342.0,66.0,341.55,1.38,245.0,92660.0
1990-06-07 18:00:00+00:00,19.11,78.3,0.0,0.0,0.0,340.4,0.9,240.0,92680.0
1990-06-07 19:00:00+00:00,18.29,80.9,0.0,0.0,0.0,340.8,0.28,254.0,92680.0
1990-06-07 20:00:00+00:00,17.74,83.7,0.0,0.0,0.0,331.1,0.48,55.0,92720.0
1990-06-07 21:00:00+00:00,16.56,83.65,0.0,0.0,0.0,323.95,0.9,64.0,92710.0
1990-06-07 22:00:00+00:00,14.79,92.7,0.0,0.0,0.0,318.95,1.17,67.0,92730.0
1990-06-07 23:00:00+00:00,14.07,92.7,0.0,0.0,0.0,326.65,1.17,73.0,92710.0
1990-06-08 00:00:00+00:00,13.52,95.95,0.0,0.0,0.0,318.35,1.17,77.0,92710.0
1990-06-08 01:00:00+00:00,13.03,95.95,0.0,0.0,0.0,326.8,1.17,71.0,92700.0
1990-06-08 02:00:00+00:00,12.29,99.4,0.0,0.0,0.0,320.3,1.24,60.0,92680.0
1990-06-08 03:00:00+00:00,11.78,99.4,0.0,0.0,0.0,322.8,1.24,56.0,92670.0
1990-06-08 04:00:00+00:00,11.87,99.4,92.0,186.05,62.0,319.7,1.17,54.0,92670.0
1990-06-08 05:00:00+00:00,14.93,89.55,269.0,465.45,112.0,313.1,0.62,52.0,92670.0
1990-06-08 06:00:00+00:00,18.25,83.75,310.0,145.55,236.0,323.4,0.14,99.0,92680.0
1990-06-08 07:00:00+00:00,20.12,70.7,584.0,540.07,226.0,335.4,0.21,205.0,92710.0
1990-06-08 08:00:00+00:00,21.09,66.15,791.0,798.53,160.0,343.9,0.83,249.0,92710.0
1990-06-08 09:00:00+00:00,21.71,66.25,904.0,841.55,162.0,357.85,1.1,249.0,92730.0
1990-06-08 10:00:00+00:00,22.18,64.1,932.0,775.39,210.0,353.75,1.59,249.0,92750.0
1990-06-08 11:00:00+00:00,22.52,64.2,728.0,310.11,438.0,359.2,2.07,253.0,92730.0
1990-06-08 12:00:00+00:00,22.42,66.35,878.0,734.24,222.0,363.65,2.28,253.0,92720.0
1990-06-08 13:00:00+00:00,20.96,70.8,72.0,0.0,72.0,371.95,1.24,267.0,92740.0
1990-06-08 14:00:00+00:00,20.68,70.8,502.0,267.75,318.0,365.0,0.69,290.0,92760.0
1990-06-08 15:00:00+00:00,21.11,68.5,491.0,657.66,138.0,357.45,0.34,254.0,92700.0
1990-06-08 16:00:00+00:00,20.99,68.5,240.0,222.99,158.0,349.7,0.48,301.0,92670.0
1990-06-08 17:00:00+00:00,20.35,73.2,93.0,99.13,74.0,347.4,0.76,346.0,92680.0
1990-06-08 18:00:00+00:00,19.7,75.7,0.0,0.0,0.0,341.95,0.14,1.0,92690.0
1990-06-08 19:00:00+00:00,19.04,75.65,0.0,0.0,0.0,336.15,0.62,77.0,92690.0
1990-06-08 20:00:00+00:00,17.91,80.85,0.0,0.0,0.0,330.35,0.76,69.0,92740.0
1990-06-08 21:00:00+00:00,16.37,86.55,0.0,0.0,0.0,327.45,1.03,68.0,92760.0
1990-06-08 22:00:00+00:00,14.88,89.5,0.0,0.0,0.0,327.85,1.24,65.0,92790.0
1990-06-08 23:00:00+00:00,13.67,92.65,0.0,0.0,0.0,326.3,1.31,59.0,92790.0
1990-06-09 00:00:00+00:00,12.85,95.95,0.0,0.0,0.0,322.6,1.38,58.0,92780.0
1990-06-09 01:00:00+00:00,12.27,95.95,0.0,0.0,0.0,318.85,1.38,57.0,92760.0
1990-06-09 02:00:00+00:00,11.86,99.4,0.0,0.0,0.0,318.15,1.38,56.0,92760.0
1990-06-09 03:00:00+00:00,11.5,99.4,0.0,0.0,0.0,315.85,1.38,55.0,92750.0
1990-06-09 04:00:00+00:00,11.67,99.4,100.0,247.34,60.0,315.25,1.24,56.0,92760.0
1990-06-09 05:00:00+00:00,15.05,89.55,280.0,530.11,101.0,318.15,0.69,55.0,92780.0
1990-06-09 06:00:00+00:00,19.1,75.65,469.0,670.36,128.0,317.4,0.28,63.0,92790.0
1990-06-09 07:00:00+00:00,20.59,75.85,638.0,728.36,155.0,333.05,0.28,283.0,92850.0
1990-06-09 08:00:00+00:00,21.86,68.6,803.0,824.82,151.0,335.0,0.69,271.0,92850.0
1990-06-09 09:00:00+00:00,23.0,58.0,913.0,858.24,156.0,341.75,0.97,268.0,92850.0
1990-06-09 10:00:00+00:00,23.54,54.2,968.0,863.05,164.0,341.4,0.97,269.0,92870.0
1990-06-09 11:00:00+00:00,24.08,54.35,963.0,841.06,176.0,350.1,1.24,263.0,92850.0
1990-06-09 12:00:00+00:00,24.38,54.35,810.0,546.86,321.0,353.55,1.31,267.0,92840.0
1990-06-09 13:00:00+00:00,24.18,54.35,785.0,712.52,208.0,361.5,1.03,271.0,92830.0
1990-06-09 14:00:00+00:00,24.28,56.25,647.0,668.29,187.0,353.55,1.17,265.0,92810.0
1990-06-09 15:00:00+00:00,24.03,56.25,506.0,702.57,128.0,354.35,1.66,273.0,92770.0
1990-06-09 16:00:00+00:00,23.21,62.15,313.0,560.75,106.0,362.1,1.66,272.0,92780.0
1990-06-09 17:00:00+00:00,22.08,68.7,138.0,383.01,64.0,348.35,1.1,251.0,92800.0
1990-06-09 18:00:00+00:00,20.74,81.2,0.0,0.0,0.0,345.05,0.83,248.0,92830.0
1990-06-09 19:00:00+00:00,20.36,81.15,0.0,0.0,0.0,336.75,0.07,304.0,92820.0
1990-06-09 20:00:00+00:00,19.57,81.1,0.0,0.0,0.0,331.5,0.69,57.0,92860.0
1990-06-09 21:00:00+00:00,17.62,89.7,0.0,0.0,0.0,327.25,1.1,62.0,92890.0
1990-06-09 22:00:00+00:00,15.95,89.65,0.0,0.0,0.0,325.9,1.31,64.0,92890.0
1990-06-09 23:00:00+00:00,14.68,96.0,0.0,0.0,0.0,323.75,1.45,62.0,92900.0
1990-06-10 00:00:00+00:00,13.76,95.95,0.0,0.0,0.0,322.2,1.45,59.0,92900.0
1990-06-10 01:00:00+00:00,13.15,95.95,0.0,0.0,0.0,319.8,1.45,58.0,92900.0
1990-06-10 02:00:00+00:00,12.59,95.95,0.0,0.0,0.0,317.95,1.38,56.0,92880.0
1990-06-10 03:00:00+00:00,12.16,95.95,0.0,0.0,0.0,315.45,1.45,54.0,92890.0
1990-06-10 04:00:00+00:00,12.42,92.6,99.0,234.43,61.0,313.9,1.31,54.0,92940.0
1990-06-10 05:00:00+00:00,15.8,92.75,281.0,532.65,101.0,314.85,0.76,55.0,92940.0
1990-06-10 06:00:00+00:00,20.63,78.5,467.0,662.22,130.0,319.1,0.34,59.0,92960.0
1990-06-10 07:00:00+00:00,22.5,64.2,639.0,729.67,155.0,326.5,0.21,341.0,93020.0
1990-06-10 08:00:00+00:00,23.97,56.15,800.0,815.75,155.0,331.5,0.62,286.0,93030.0
1990-06-10 09:00:00+00:00,25.13,49.2,915.0,860.23,156.0,336.55,0.9,274.0,93020.0
1990-06-10 10:00:00+00:00,25.97,46.0,980.0,888.44,152.0,339.05,1.1,268.0,93030.0
1990-06-10 11:00:00+00:00,26.45,44.55,980.0,877.96,158.0,345.25,1.45,262.0,93010.0
1990-06-10 12:00:00+00:00,26.79,43.15,934.0,874.96,151.0,348.35,1.79,262.0,92980.0
1990-06-10 13:00:00+00:00,26.86,44.7,840.0,867.16,137.0,349.5,2.0,262.0,92970.0
1990-06-10 14:00:00+00:00,26.62,44.7,664.0,725.28,164.0,347.0,2.14,261.0,92980.0
1990-06-10 15:00:00+00:00,25.91,49.3,483.0,604.54,157.0,348.35,2.28,259.0,92960.0
1990-06-10 16:00:00+00:00,24.97,52.6,280.0,372.45,142.0,345.05,1.66,256.0,92960.0
1990-06-10 17:00:00+00:00,23.85,62.25,93.0,87.32,76.0,343.3,1.1,245.0,92930.0
1990-06-10 18:00:00+00:00,22.26,73.55,0.0,0.0,0.0,341.2,0.69,234.0,92960.0
1990-06-10 19:00:00+00:00,22.41,61.95,0.0,0.0,0.0,338.5,0.21,186.0,92980.0
1990-06-10 20:00:00+00:00,21.68,64.0,0.0,0.0,0.0,336.55,0.41,95.0,93030.0
1990-06-10 21:00:00+00:00,20.87,68.4,0.0,0.0,0.0,334.4,0.76,71.0,93030.0
1990-06-10 22:00:00+00:00,18.87,78.25,0.0,0.0,0.0,331.7,1.1,64.0,93040.0
1990-06-10 23:00:00+00:00,16.59,83.65,0.0,0.0,0.0,330.75,1.45,62.0,93020.0
1990-06-11 00:00:00+00:00,15.34,89.55,0.0,0.0,0.0,327.85,1.52,59.0,93020.0
1990-06-11 01:00:00+00:00,14.33,92.7,0.0,0.0,0.0,324.65,1.59,57.0,93000.0
1990-06-11 02:00:00+00:00,13.79,95.95,0.0,0.0,0.0,322.6,1.59,57.0,92990.0
1990-06-11 03:00:00+00:00,13.32,95.95,0.0,0.0,0.0,319.5,1.59,57.0,92960.0
1990-06-11 04:00:00+00:00,13.53,92.65,103.0,277.11,58.0,317.55,1.45,55.0,92970.0
1990-06-11 05:00:00+00:00,16.62,89.65,282.0,538.26,100.0,319.5,0.83,51.0,92980.0
1990-06-11 06:00:00+00:00,21.57,73.45,433.0,514.71,171.0,324.75,0.0,233.0,93000.0
1990-06-11 07:00:00+00:00,23.65,56.15,602.0,599.91,204.0,336.55,0.76,238.0,93040.0
1990-06-11 08:00:00+00:00,24.63,50.8,762.0,704.31,205.0,343.1,0.9,245.0,93060.0
1990-06-11 09:00:00+00:00,25.68,47.65,877.0,762.56,204.0,345.25,1.03,237.0,93040.0
1990-06-11 10:00:00+00:00,26.62,44.7,957.0,837.69,176.0,350.1,1.38,233.0,93050.0
1990-06-11 11:00:00+00:00,27.21,43.3,946.0,794.23,202.0,352.0,1.59,233.0,93030.0
1990-06-11 12:00:00+00:00,27.53,43.3,907.0,811.78,180.0,353.75,1.66,232.0,92980.0
1990-06-11 13:00:00+00:00,27.58,43.4,825.0,829.29,152.0,354.95,1.72,232.0,92960.0
1990-06-11 14:00:00+00:00,27.31,46.4,670.0,747.39,154.0,355.9,1.79,236.0,92940.0
1990-06-11 15:00:00+00:00,26.73,47.9,499.0,673.54,135.0,354.15,1.59,242.0,92920.0
1990-06-11 16:00:00+00:00,25.96,52.85,293.0,438.37,130.0,351.25,1.38,248.0,92920.0
1990-06-11 17:00:00+00:00,24.88,60.35,126.0,270.28,73.0,347.2,0.97,248.0,92900.0
1990-06-11 18:00:00+00:00,24.23,58.2,0.0,0.0,0.0,342.75,0.41,238.0,92900.0
1990-06-11 19:00:00+00:00,23.37,66.55,0.0,0.0,0.0,337.9,0.07,257.0,92890.0
1990-06-11 20:00:00+00:00,22.22,71.05,0.0,0.0,0.0,333.45,0.69,72.0,92910.0
1990-06-11 21:00:00+00:00,20.11,78.45,0.0,0.0,0.0,329.75,1.17,74.0,92920.0
1990-06-11 22:00:00+00:00,17.89,89.7,0.0,0.0,0.0,326.3,1.52,70.0,92900.0
1990-06-11 23:00:00+00:00,16.58,89.65,0.0,0.0,0.0,323.0,1.66,66.0,92890.0
1990-06-12 00:00:00+00:00,15.77,92.75,0.0,0.0,0.0,319.5,1.66,61.0,92870.0
1990-06-12 01:00:00+00:00,15.43,92.75,0.0,0.0,0.0,317.1,1.66,56.0,92870.0
1990-06-12 02:00:00+00:00,14.59,92.7,0.0,0.0,0.0,321.25,1.59,55.0,92840.0
1990-06-12 03:00:00+00:00,14.05,92.7,0.0,0.0,0.0,317.75,1.59,56.0,92840.0
1990-06-12 04:00:00+00:00,14.19,92.7,12.0,0.0,12.0,318.75,1.38,56.0,92840.0
1990-06-12 05:00:00+00:00,17.29,89.7,178.0,94.61,146.0,327.25,0.97,55.0,92840.0
1990-06-12 06:00:00+00:00,22.02,78.7,332.0,188.57,236.0,330.75,0.28,71.0,92830.0
1990-06-12 07:00:00+00:00,24.69,50.8,572.0,498.87,241.0,344.85,0.69,192.0,92900.0
1990-06-12 08:00:00+00:00,25.96,41.4,747.0,654.92,229.0,345.85,0.9,199.0,92910.0
1990-06-12 09:00:00+00:00,26.88,38.85,868.0,734.08,220.0,357.65,1.17,197.0,92890.0
1990-06-12 10:00:00+00:00,27.82,36.45,906.0,694.81,258.0,361.1,1.31,194.0,92900.0
1990-06-12 11:00:00+00:00,28.31,37.75,721.0,294.49,445.0,362.5,1.45,204.0,92880.0
1990-06-12 12:00:00+00:00,28.85,37.9,893.0,766.58,206.0,367.7,1.72,217.0,92850.0
1990-06-12 13:00:00+00:00,28.52,40.5,800.0,754.62,187.0,364.8,1.79,228.0,92850.0
1990-06-12 14:00:00+00:00,28.16,41.95,660.0,708.73,170.0,359.2,1.72,235.0,92800.0
1990-06-12 15:00:00+00:00,27.67,43.4,466.0,526.26,181.0,355.7,1.38,236.0,92800.0
1990-06-12 16:00:00+00:00,27.0,47.9,283.0,380.62,141.0,350.65,0.97,226.0,92770.0
1990-06-12 17:00:00+00:00,25.7,67.05,25.0,0.0,25.0,347.4,0.69,211.0,92760.0
1990-06-12 18:00:00+00:00,25.74,51.05,5.0,0.0,5.0,342.95,0.41,157.0,92760.0
1990-06-12 19:00:00+00:00,24.17,58.2,0.0,0.0,0.0,337.3,0.76,132.0,92760.0
1990-06-12 20:00:00+00:00,21.95,68.6,0.0,0.0,0.0,334.0,1.17,104.0,92780.0
1990-06-12 21:00:00+00:00,21.64,68.6,0.0,0.0,0.0,331.1,1.1,97.0,92800.0
1990-06-12 22:00:00+00:00,21.43,68.5,0.0,0.0,0.0,328.6,1.1,83.0,92800.0
1990-06-12 23:00:00+00:00,21.02,68.5,0.0,0.0,0.0,326.3,1.03,70.0,92780.0
1990-06-13 00:00:00+00:00,19.3,75.65,0.0,0.0,0.0,324.55,1.24,65.0,92770.0
1990-06-13 01:00:00+00:00,17.65,83.7,0.0,0.0,0.0,323.5,1.59,60.0,92760.0
1990-06-13 02:00:00+00:00,16.61,83.65,0.0,0.0,0.0,320.3,1.72,57.0,92720.0
1990-06-13 03:00:00+00:00,15.75,86.5,0.0,0.0,0.0,321.45,1.79,54.0,92740.0
1990-06-13 04:00:00+00:00,15.45,86.5,82.0,116.77,63.0,325.1,1.72,53.0,92740.0
1990-06-13 05:00:00+00:00,17.96,89.75,268.0,458.21,113.0,328.6,1.1,55.0,92760.0
1990-06-13 06:00:00+00:00,23.27,71.25,441.0,551.97,160.0,335.95,0.69,64.0,92760.0
1990-06-13 07:00:00+00:00,25.79,49.3,586.0,548.61,222.0,350.5,0.69,60.0,92790.0
1990-06-13 08:00:00+00:00,27.7,36.45,763.0,714.3,198.0,363.05,0.28,89.0,92770.0
1990-06-13 09:00:00+00:00,28.24,36.45,878.0,772.48,196.0,371.75,0.14,273.0,92810.0
1990-06-13 10:00:00+00:00,29.04,35.3,947.0,818.96,183.0,376.6,0.62,47.0,92770.0
1990-06-13 11:00:00+00:00,30.02,33.15,958.0,834.02,176.0,378.95,0.69,105.0,92740.0
1990-06-13 12:00:00+00:00,30.18,33.3,817.0,566.48,309.0,379.5,1.45,202.0,92680.0
1990-06-13 13:00:00+00:00,29.28,40.75,823.0,824.02,153.0,369.25,1.93,231.0,92650.0
1990-06-13 14:00:00+00:00,28.07,48.15,661.0,716.46,165.0,362.1,1.86,228.0,92650.0
1990-06-13 15:00:00+00:00,27.14,51.45,498.0,668.97,135.0,357.85,1.86,234.0,92650.0
1990-06-13 16:00:00+00:00,26.26,56.7,294.0,435.52,131.0,354.95,1.59,235.0,92640.0
1990-06-13 17:00:00+00:00,25.34,60.45,126.0,261.7,74.0,351.25,1.03,240.0,92660.0
1990-06-13 18:00:00+00:00,24.56,62.45,5.0,0.0,5.0,346.4,0.48,224.0,92670.0
1990-06-13 19:00:00+00:00,22.52,76.15,0.0,0.0,0.0,348.15,1.1,171.0,92660.0
1990-06-13 20:00:00+00:00,22.23,78.7,0.0,0.0,0.0,341.2,0.97,180.0,92710.0
1990-06-13 21:00:00+00:00,21.85,81.35,0.0,0.0,0.0,335.0,0.48,172.0,92740.0
1990-06-13 22:00:00+00:00,20.89,86.9,0.0,0.0,0.0,331.1,0.83,111.0,92750.0
1990-06-13 23:00:00+00:00,18.6,92.85,0.0,0.0,0.0,327.85,1.24,103.0,92700.0
1990-06-14 00:00:00+00:00,17.5,96.05,0.0,0.0,0.0,324.95,1.38,95.0,92690.0
1990-06-14 01:00:00+00:00,16.43,96.05,0.0,0.0,0.0,324.85,1.52,85.0,92650.0
1990-06-14 02:00:00+00:00,15.29,99.4,0.0,0.0,0.0,338.85,1.38,79.0,92620.0
1990-06-14 03:00:00+00:00,14.92,99.4,0.0,0.0,0.0,348.15,1.1,74.0,92670.0
1990-06-14 04:00:00+00:00,15.36,96.0,82.0,116.75,63.0,348.75,1.17,73.0,92680.0
1990-06-14 05:00:00+00:00,17.91,86.65,260.0,402.09,124.0,350.85,1.17,81.0,92690.0
1990-06-14 06:00:00+00:00,20.89,70.8,449.0,573.67,157.0,344.5,1.1,116.0,92700.0
1990-06-14 07:00:00+00:00,23.36,58.0,623.0,664.73,182.0,341.75,2.14,182.0,92740.0
1990-06-14 08:00:00+00:00,23.91,60.15,789.0,782.57,170.0,349.3,2.76,192.0,92770.0
1990-06-14 09:00:00+00:00,24.5,62.35,903.0,827.89,172.0,354.15,2.97,194.0,92820.0
1990-06-14 10:00:00+00:00,25.17,58.45,979.0,879.85,158.0,355.9,3.17,200.0,92830.0
1990-06-14 11:00:00+00:00,25.51,56.5,947.0,784.64,211.0,355.7,3.17,206.0,92830.0
1990-06-14 12:00:00+00:00,25.76,52.85,836.0,599.57,298.0,359.95,3.17,215.0,92820.0
1990-06-14 13:00:00+00:00,25.48,52.75,723.0,519.78,300.0,353.55,3.1,221.0,92830.0
1990-06-14 14:00:00+00:00,25.03,52.75,692.0,797.78,139.0,351.25,2.97,225.0,92840.0
1990-06-14 15:00:00+00:00,24.39,56.25,528.0,759.7,115.0,348.95,2.62,230.0,92830.0
1990-06-14 16:00:00+00:00,23.63,58.1,320.0,562.08,109.0,347.55,1.86,232.0,92820.0
1990-06-14 17:00:00+00:00,22.83,64.2,144.0,390.19,66.0,340.6,1.24,235.0,92840.0
1990-06-14 18:00:00+00:00,21.51,78.65,6.0,0.0,6.0,334.2,0.76,240.0,92870.0
1990-06-14 19:00:00+00:00,20.73,75.85,0.0,0.0,0.0,326.85,0.28,304.0,92920.0
1990-06-14 20:00:00+00:00,20.02,78.45,0.0,0.0,0.0,324.95,0.62,47.0,92970.0
1990-06-14 21:00:00+00:00,18.77,83.8,0.0,0.0,0.0,325.9,0.9,63.0,93000.0
1990-06-14 22:00:00+00:00,17.3,86.65,0.0,0.0,0.0,316.4,1.03,65.0,93020.0
1990-06-14 23:00:00+00:00,15.76,92.75,0.0,0.0,0.0,312.15,1.24,60.0,93020.0
1990-06-15 00:00:00+00:00,14.46,96.0,0.0,0.0,0.0,310.6,1.38,56.0,93010.0
1990-06-15 01:00:00+00:00,13.75,99.4,0.0,0.0,0.0,308.4,1.31,51.0,93020.0
1990-06-15 02:00:00+00:00,13.0,95.95,0.0,0.0,0.0,306.35,1.38,51.0,93010.0
1990-06-15 03:00:00+00:00,12.51,95.95,0.0,0.0,0.0,306.55,1.45,54.0,93000.0
1990-06-15 04:00:00+00:00,12.81,99.4,100.0,239.73,61.0,307.5,1.31,55.0,92990.0
1990-06-15 05:00:00+00:00,16.29,92.8,271.0,467.31,113.0,310.4,0.76,57.0,92990.0
1990-06-15 06:00:00+00:00,20.42,75.75,452.0,593.48,150.0,316.05,0.34,70.0,93020.0
1990-06-15 07:00:00+00:00,22.98,57.9,622.0,663.34,182.0,321.65,0.14,25.0,93050.0
1990-06-15 08:00:00+00:00,24.52,42.65,788.0,781.36,170.0,328.4,0.48,266.0,93060.0
1990-06-15 09:00:00+00:00,25.76,37.2,901.0,826.72,171.0,336.55,0.76,280.0,93070.0
1990-06-15 10:00:00+00:00,26.68,33.7,977.0,877.54,158.0,349.1,0.48,283.0,93050.0
1990-06-15 11:00:00+00:00,27.52,31.5,941.0,768.38,220.0,350.65,0.41,190.0,93010.0
1990-06-15 12:00:00+00:00,28.25,30.5,928.0,854.3,161.0,345.65,1.45,203.0,92980.0
1990-06-15 13:00:00+00:00,28.1,32.75,749.0,589.34,269.0,348.15,2.0,215.0,92960.0
1990-06-15 14:00:00+00:00,27.67,33.95,554.0,370.32,297.0,349.3,2.28,221.0,92960.0
1990-06-15 15:00:00+00:00,26.87,37.5,498.0,644.51,147.0,352.0,2.41,226.0,92940.0
1990-06-15 16:00:00+00:00,25.66,42.9,305.0,472.83,127.0,358.6,2.14,226.0,92940.0
1990-06-15 17:00:00+00:00,24.35,54.35,110.0,144.26,81.0,361.5,1.31,219.0,92960.0
1990-06-15 18:00:00+00:00,22.82,68.75,4.0,0.0,4.0,360.75,0.83,191.0,92950.0
1990-06-15 19:00:00+00:00,22.61,66.45,0.0,0.0,0.0,345.65,0.62,145.0,92960.0
1990-06-15 20:00:00+00:00,21.27,73.35,0.0,0.0,0.0,342.35,0.9,131.0,93000.0
1990-06-15 21:00:00+00:00,19.89,81.1,0.0,0.0,0.0,341.75,1.03,123.0,92990.0
1990-06-15 22:00:00+00:00,18.57,86.75,0.0,0.0,0.0,347.95,1.31,113.0,92990.0
1990-06-15 23:00:00+00:00,17.74,89.7,0.0,0.0,0.0,343.5,1.45,100.0,92940.0
1990-06-16 00:00:00+00:00,16.87,89.65,0.0,0.0,0.0,336.35,1.66,86.0,92910.0
1990-06-16 01:00:00+00:00,16.7,83.65,0.0,0.0,0.0,339.15,1.45,86.0,92850.0
1990-06-16 02:00:00+00:00,16.78,80.8,0.0,0.0,0.0,351.25,1.38,84.0,92850.0
1990-06-16 03:00:00+00:00,16.7,78.0,0.0,0.0,0.0,357.65,1.45,81.0,92850.0
1990-06-16 04:00:00+00:00,16.72,78.0,93.0,190.72,62.0,350.85,1.45,87.0,92840.0
1990-06-16 05:00:00+00:00,19.29,70.55,253.0,375.84,126.0,346.8,1.17,113.0,92850.0
1990-06-16 06:00:00+00:00,21.75,57.65,438.0,540.65,163.0,356.65,1.38,167.0,92870.0
1990-06-16 07:00:00+00:00,22.78,55.9,606.0,619.79,195.0,356.85,2.48,164.0,92830.0
1990-06-16 08:00:00+00:00,23.87,52.35,772.0,742.27,185.0,360.55,2.83,175.0,92810.0
1990-06-16 09:00:00+00:00,24.79,49.05,889.0,804.07,179.0,355.5,3.1,186.0,92810.0
1990-06-16 10:00:00+00:00,25.34,49.2,964.0,855.99,165.0,358.6,3.59,198.0,92830.0
1990-06-16 11:00:00+00:00,24.96,50.8,965.0,845.91,171.0,362.65,3.45,200.0,92860.0
1990-06-16 12:00:00+00:00,25.22,50.95,921.0,843.84,163.0,359.75,3.52,204.0,92830.0
1990-06-16 13:00:00+00:00,25.5,49.2,834.0,847.75,143.0,359.55,3.31,207.0,92830.0
1990-06-16 14:00:00+00:00,25.42,49.2,686.0,785.87,140.0,357.45,3.03,210.0,92810.0
1990-06-16 15:00:00+00:00,25.07,49.2,521.0,736.94,119.0,358.0,2.76,213.0,92800.0
1990-06-16 16:00:00+00:00,24.49,52.5,314.0,529.87,114.0,355.1,2.28,214.0,92790.0
1990-06-16 17:00:00+00:00,23.79,56.15,141.0,356.29,69.0,347.55,1.38,211.0,92790.0
1990-06-16 18:00:00+00:00,22.22,73.55,7.0,0.0,7.0,339.85,0.97,200.0,92800.0
1990-06-16 19:00:00+00:00,22.61,62.05,0.0,0.0,0.0,338.65,0.21,166.0,92830.0
1990-06-16 20:00:00+00:00,21.83,66.25,0.0,0.0,0.0,332.85,0.55,81.0,92890.0
1990-06-16 21:00:00+00:00,20.82,70.8,0.0,0.0,0.0,332.1,0.83,73.0,92870.0
1990-06-16 22:00:00+00:00,18.62,78.25,0.0,0.0,0.0,331.3,1.1,69.0,92900.0
1990-06-16 23:00:00+00:00,16.99,83.7,0.0,0.0,0.0,331.9,1.31,64.0,92900.0
1990-06-17 00:00:00+00:00,15.77,89.6,0.0,0.0,0.0,328.8,1.52,60.0,92910.0
1990-06-17 01:00:00+00:00,14.99,89.55,0.0,0.0,0.0,324.45,1.45,61.0,92890.0
1990-06-17 02:00:00+00:00,14.37,96.0,0.0,0.0,0.0,320.65,1.45,58.0,92850.0
1990-06-17 03:00:00+00:00,13.97,92.7,0.0,0.0,0.0,317.75,1.38,57.0,92820.0
1990-06-17 04:00:00+00:00,14.25,92.7,110.0,332.69,56.0,315.45,1.24,56.0,92830.0
1990-06-17 05:00:00+00:00,17.29,89.7,289.0,568.66,97.0,316.6,0.69,59.0,92860.0
1990-06-17 06:00:00+00:00,21.77,66.25,474.0,686.51,125.0,319.5,0.28,101.0,92860.0
1990-06-17 07:00:00+00:00,23.72,48.8,641.0,733.16,155.0,325.3,0.76,193.0,92870.0
1990-06-17 08:00:00+00:00,24.65,45.75,802.0,819.58,154.0,330.35,1.24,225.0,92860.0
1990-06-17 09:00:00+00:00,25.39,44.3,918.0,864.14,155.0,335.55,1.72,237.0,92870.0
1990-06-17 10:00:00+00:00,25.99,42.9,990.0,905.18,145.0,341.2,1.93,238.0,92880.0
1990-06-17 11:00:00+00:00,26.34,41.55,992.0,894.68,152.0,344.65,2.07,235.0,92850.0
1990-06-17 12:00:00+00:00,26.53,41.55,942.0,880.17,151.0,347.55,2.28,237.0,92840.0
1990-06-17 13:00:00+00:00,26.59,41.65,849.0,872.9,137.0,350.85,2.48,243.0,92830.0
1990-06-17 14:00:00+00:00,26.35,43.05,677.0,746.23,158.0,352.4,2.41,246.0,92810.0
1990-06-17 15:00:00+00:00,25.81,44.45,532.0,763.25,115.0,359.4,2.34,259.0,92810.0
1990-06-17 16:00:00+00:00,25.03,47.5,325.0,576.13,107.0,357.25,2.0,263.0,92800.0
1990-06-17 17:00:00+00:00,24.17,54.35,146.0,389.04,67.0,349.7,1.38,260.0,92790.0
1990-06-17 18:00:00+00:00,22.87,66.45,7.0,0.0,7.0,345.05,0.76,268.0,92810.0
1990-06-17 19:00:00+00:00,22.75,57.9,0.0,0.0,0.0,333.05,0.48,225.0,92800.0
1990-06-17 20:00:00+00:00,22.02,59.8,0.0,0.0,0.0,330.35,0.41,97.0,92810.0
1990-06-17 21:00:00+00:00,20.72,66.05,0.0,0.0,0.0,326.5,0.97,83.0,92830.0
1990-06-17 22:00:00+00:00,18.36,78.15,0.0,0.0,0.0,325.5,1.24,76.0,92820.0
1990-06-17 23:00:00+00:00,17.05,80.85,0.0,0.0,0.0,323.95,1.38,73.0,92790.0
1990-06-18 00:00:00+00:00,16.03,83.6,0.0,0.0,0.0,321.85,1.45,71.0,92750.0
1990-06-18 01:00:00+00:00,15.45,83.55,0.0,0.0,0.0,320.6,1.45,68.0,92710.0
1990-06-18 02:00:00+00:00,15.17,86.5,0.0,0.0,0.0,320.5,1.45,68.0,92670.0
1990-06-18 03:00:00+00:00,15.01,83.5,0.0,0.0,0.0,320.85,1.45,67.0,92660.0
1990-06-18 04:00:00+00:00,15.17,86.5,105.0,296.29,57.0,321.45,1.45,69.0,92660.0
1990-06-18 05:00:00+00:00,18.02,83.75,253.0,373.57,127.0,322.8,0.9,75.0,92610.0
1990-06-18 06:00:00+00:00,22.35,61.95,354.0,248.02,228.0,325.9,0.9,129.0,92600.0
1990-06-18 07:00:00+00:00,24.11,44.05,622.0,680.66,171.0,335.4,1.79,190.0,92680.0
1990-06-18 08:00:00+00:00,24.73,42.65,781.0,772.99,170.0,341.55,2.55,207.0,92660.0
1990-06-18 09:00:00+00:00,25.24,42.75,904.0,840.45,162.0,353.4,3.31,217.0,92630.0
1990-06-18 10:00:00+00:00,23.63,52.35,781.0,410.25,398.0,350.1,2.69,220.0,92650.0
1990-06-18 11:00:00+00:00,24.94,47.4,853.0,552.66,334.0,351.45,2.62,208.0,92600.0
1990-06-18 12:00:00+00:00,25.19,44.3,825.0,579.49,304.0,355.3,3.31,221.0,92540.0
1990-06-18 13:00:00+00:00,24.56,45.75,403.0,41.66,369.0,353.55,2.41,220.0,92480.0
1990-06-18 14:00:00+00:00,24.73,45.75,164.0,0.0,164.0,365.4,2.83,227.0,92420.0
1990-06-18 15:00:00+00:00,23.38,52.25,340.0,155.35,255.0,366.75,2.28,231.0,92390.0
1990-06-18 16:00:00+00:00,21.38,63.9,311.0,503.62,120.0,361.9,1.79,211.0,92410.0
1990-06-18 17:00:00+00:00,21.05,63.9,139.0,328.48,72.0,373.9,1.59,169.0,92360.0
1990-06-18 18:00:00+00:00,20.35,68.3,7.0,0.0,7.0,354.15,1.31,151.0,92330.0
1990-06-18 19:00:00+00:00,19.61,73.15,0.0,0.0,0.0,335.95,1.24,151.0,92270.0
1990-06-18 20:00:00+00:00,18.07,78.15,0.0,0.0,0.0,333.25,1.45,147.0,92290.0
1990-06-18 21:00:00+00:00,17.18,78.1,0.0,0.0,0.0,328.2,1.52,150.0,92260.0
1990-06-18 22:00:00+00:00,16.65,78.0,0.0,0.0,0.0,334.2,1.45,149.0,92270.0
1990-06-18 23:00:00+00:00,16.07,80.75,0.0,0.0,0.0,334.8,1.52,155.0,92210.0
1990-06-19 00:00:00+00:00,15.96,80.75,0.0,0.0,0.0,339.45,1.38,156.0,92150.0
1990-06-19 01:00:00+00:00,15.98,80.75,0.0,0.0,0.0,343.05,1.1,149.0,92100.0
1990-06-19 02:00:00+00:00,16.82,75.3,0.0,0.0,0.0,335.75,0.62,139.0,92090.0
1990-06-19 03:00:00+00:00,15.1,86.5,0.0,0.0,0.0,357.45,0.9,78.0,92070.0
1990-06-19 04:00:00+00:00,14.56,92.7,82.0,117.57,63.0,342.35,1.17,91.0,92060.0
1990-06-19 05:00:00+00:00,15.75,89.6,207.0,178.11,147.0,346.0,1.03,103.0,92060.0
1990-06-19 06:00:00+00:00,16.91,83.65,256.0,61.07,225.0,345.65,1.66,99.0,92010.0
1990-06-19 07:00:00+00:00,18.57,72.95,411.0,137.41,320.0,347.2,1.1,87.0,91950.0
1990-06-19 08:00:00+00:00,19.69,68.2,565.0,232.86,381.0,353.95,1.59,141.0,91920.0
1990-06-19 09:00:00+00:00,20.94,63.8,401.0,23.79,380.0,354.15,2.69,174.0,91920.0
1990-06-19 10:00:00+00:00,20.17,70.7,295.0,0.0,295.0,365.75,2.97,178.0,91910.0
1990-06-19 11:00:00+00:00,21.11,73.35,733.0,310.88,441.0,356.3,3.03,174.0,91870.0
1990-06-19 12:00:00+00:00,19.84,78.35,760.0,425.84,377.0,360.75,3.03,203.0,91850.0
1990-06-19 13:00:00+00:00,20.34,83.95,791.0,712.63,209.0,367.1,2.34,200.0,91810.0
1990-06-19 14:00:00+00:00,20.53,84.05,670.0,724.75,165.0,358.8,2.83,200.0,91750.0
1990-06-19 15:00:00+00:00,19.16,81.05,491.0,605.99,159.0,373.9,2.34,204.0,91740.0
1990-06-19 16:00:00+00:00,18.92,75.55,323.0,560.45,110.0,373.1,2.28,200.0,91730.0
1990-06-19 17:00:00+00:00,18.05,75.45,155.0,444.33,64.0,373.3,1.59,183.0,91720.0
1990-06-19 18:00:00+00:00,17.34,75.4,8.0,0.0,8.0,349.7,1.17,174.0,91750.0
1990-06-19 19:00:00+00:00,15.96,89.65,0.0,0.0,0.0,350.1,1.17,111.0,91760.0
1990-06-19 20:00:00+00:00,15.44,89.6,0.0,0.0,0.0,335.2,1.24,119.0,91760.0
1990-06-19 21:00:00+00:00,14.83,92.7,0.0,0.0,0.0,337.9,1.03,136.0,91760.0
1990-06-19 22:00:00+00:00,14.32,96.0,0.0,0.0,0.0,342.75,1.03,173.0,91790.0
1990-06-19 23:00:00+00:00,14.32,92.7,0.0,0.0,0.0,361.1,0.97,145.0,91740.0
1990-06-20 00:00:00+00:00,14.35,92.7,0.0,0.0,0.0,363.65,1.31,129.0,91700.0
1990-06-20 01:00:00+00:00,14.04,89.5,0.0,0.0,0.0,343.6,1.31,129.0,91640.0
1990-06-20 02:00:00+00:00,13.54,92.65,0.0,0.0,0.0,337.9,0.9,145.0,91620.0
1990-06-20 03:00:00+00:00,13.48,92.65,0.0,0.0,0.0,358.4,1.1,143.0,91620.0
1990-06-20 04:00:00+00:00,13.56,92.65,70.0,62.06,60.0,356.1,1.59,144.0,91610.0
1990-06-20 05:00:00+00:00,13.57,89.45,25.0,0.0,25.0,357.25,1.79,150.0,91650.0
1990-06-20 06:00:00+00:00,14.52,89.5,350.0,236.62,230.0,345.25,1.66,149.0,91670.0
1990-06-20 07:00:00+00:00,15.88,92.75,668.0,828.02,120.0,364.0,1.66,177.0,91660.0
1990-06-20 08:00:00+00:00,16.82,92.8,615.0,325.37,358.0,359.2,1.72,195.0,91680.0
1990-06-20 09:00:00+00:00,17.95,89.7,158.0,0.0,158.0,351.65,2.41,187.0,91720.0
1990-06-20 10:00:00+00:00,18.55,81.0,469.0,41.78,430.0,371.2,2.55,188.0,91780.0
1990-06-20 11:00:00+00:00,19.14,78.3,427.0,22.35,406.0,355.9,2.97,189.0,91770.0
1990-06-20 12:00:00+00:00,18.13,78.15,434.0,33.34,404.0,360.75,3.17,190.0,91790.0
1990-06-20 13:00:00+00:00,18.69,75.55,810.0,770.98,180.0,358.2,3.03,193.0,91850.0
1990-06-20 14:00:00+00:00,18.01,72.9,697.0,804.46,136.0,361.5,2.97,193.0,91840.0
1990-06-20 15:00:00+00:00,18.17,72.9,468.0,508.63,189.0,341.2,2.97,188.0,91830.0
1990-06-20 16:00:00+00:00,17.8,67.85,325.0,569.87,108.0,347.2,2.48,187.0,91860.0
1990-06-20 17:00:00+00:00,17.31,65.45,128.0,233.51,80.0,339.85,2.0,177.0,91850.0
1990-06-20 18:00:00+00:00,16.38,72.65,9.0,0.0,9.0,341.55,1.31,161.0,91890.0
1990-06-20 19:00:00+00:00,16.02,72.65,0.0,0.0,0.0,335.75,1.79,146.0,91940.0
1990-06-20 20:00:00+00:00,15.27,77.8,0.0,0.0,0.0,329.4,1.66,132.0,91970.0
1990-06-20 21:00:00+00:00,15.06,77.8,0.0,0.0,0.0,352.2,1.59,118.0,91970.0
1990-06-20 22:00:00+00:00,14.47,80.55,0.0,0.0,0.0,352.6,1.1,112.0,91960.0
1990-06-20 23:00:00+00:00,14.04,83.4,0.0,0.0,0.0,351.85,1.17,108.0,91940.0
1990-06-21 00:00:00+00:00,14.0,83.4,0.0,0.0,0.0,354.35,1.52,98.0,91870.0
1990-06-21 01:00:00+00:00,13.82,86.35,0.0,0.0,0.0,354.25,1.66,104.0,91830.0
1990-06-21 02:00:00+00:00,13.46,86.35,0.0,0.0,0.0,341.55,1.79,105.0,91790.0
1990-06-21 03:00:00+00:00,13.08,89.4,0.0,0.0,0.0,343.5,2.0,108.0,91750.0
1990-06-21 04:00:00+00:00,13.07,89.4,10.0,0.0,10.0,349.3,2.41,115.0,91740.0
1990-06-21 05:00:00+00:00,13.19,89.4,25.0,0.0,25.0,348.35,2.48,117.0,91720.0
1990-06-21 06:00:00+00:00,13.81,89.45,41.0,0.0,41.0,347.0,2.07,123.0,91710.0
1990-06-21 07:00:00+00:00,13.64,92.65,94.0,0.0,94.0,361.5,2.48,167.0,91700.0
1990-06-21 08:00:00+00:00,13.59,92.65,373.0,32.93,347.0,360.75,2.34,188.0,91750.0
1990-06-21 09:00:00+00:00,13.79,95.95,131.0,0.0,131.0,360.15,1.45,176.0,91740.0
1990-06-21 10:00:00+00:00,15.53,86.5,333.0,3.21,330.0,330.15,2.21,157.0,91770.0
1990-06-21 11:00:00+00:00,15.95,75.25,230.0,0.0,230.0,333.45,2.55,167.0,91790.0
1990-06-21 12:00:00+00:00,16.45,75.3,826.0,572.26,311.0,340.0,2.83,185.0,91750.0
1990-06-21 13:00:00+00:00,15.92,80.65,794.0,715.57,209.0,336.55,3.1,202.0,91780.0
1990-06-21 14:00:00+00:00,15.27,80.6,115.0,0.0,115.0,330.55,2.28,215.0,91800.0
1990-06-21 15:00:00+00:00,13.47,86.35,86.0,0.0,86.0,337.5,1.31,228.0,91880.0
1990-06-21 16:00:00+00:00,13.66,89.45,52.0,0.0,52.0,326.65,0.55,242.0,91870.0
1990-06-21 17:00:00+00:00,13.54,86.35,47.0,0.0,47.0,327.25,0.55,167.0,91870.0
1990-06-21 18:00:00+00:00,12.58,89.4,7.0,0.0,7.0,312.15,0.76,172.0,91950.0
1990-06-21 19:00:00+00:00,12.01,92.6,0.0,0.0,0.0,330.95,0.07,344.0,92020.0
1990-06-21 20:00:00+00:00,11.57,95.9,0.0,0.0,0.0,309.45,0.55,360.0,92070.0
1990-06-21 21:00:00+00:00,11.52,95.9,0.0,0.0,0.0,315.65,0.48,359.0,92080.0
1990-06-21 22:00:00+00:00,11.42,95.9,0.0,0.0,0.0,307.1,0.34,350.0,92060.0
1990-06-21 23:00:00+00:00,11.23,99.35,0.0,0.0,0.0,322.0,0.55,336.0,92050.0
1990-06-22 00:00:00+00:00,10.4,99.4,0.0,0.0,0.0,314.65,0.83,333.0,92030.0
1990-06-22 01:00:00+00:00,10.14,100.0,0.0,0.0,0.0,327.15,0.76,346.0,92030.0
1990-06-22 02:00:00+00:00,10.32,100.0,0.0,0.0,0.0,334.6,0.55,6.0,92000.0
1990-06-22 03:00:00+00:00,10.43,99.4,0.0,0.0,0.0,342.35,0.55,360.0,92010.0
1990-06-22 04:00:00+00:00,10.63,99.4,67.0,56.27,58.0,338.1,0.69,358.0,92030.0
1990-06-22 05:00:00+00:00,11.1,99.35,29.0,0.0,29.0,344.5,0.83,9.0,92030.0
1990-06-22 06:00:00+00:00,11.94,92.6,77.0,0.0,77.0,345.65,0.97,349.0,92050.0
1990-06-22 07:00:00+00:00,12.55,80.3,134.0,0.0,134.0,345.85,1.52,355.0,92050.0
1990-06-22 08:00:00+00:00,13.13,80.35,442.0,81.11,378.0,344.85,1.66,6.0,92070.0
1990-06-22 09:00:00+00:00,13.75,80.4,537.0,113.37,437.0,345.45,1.79,12.0,92090.0
1990-06-22 10:00:00+00:00,14.48,75.0,237.0,0.0,237.0,337.1,2.21,20.0,92100.0
1990-06-22 11:00:00+00:00,14.92,75.0,148.0,0.0,148.0,341.95,2.9,22.0,92140.0
1990-06-22 12:00:00+00:00,15.22,67.45,540.0,105.54,445.0,352.8,2.97,23.0,92130.0
1990-06-22 13:00:00+00:00,15.67,65.15,319.0,8.56,312.0,348.15,3.03,26.0,92140.0
1990-06-22 14:00:00+00:00,15.53,62.85,368.0,64.44,323.0,357.25,2.83,28.0,92170.0
1990-06-22 15:00:00+00:00,14.9,64.95,354.0,176.46,257.0,365.4,2.76,28.0,92180.0
1990-06-22 16:00:00+00:00,14.36,67.25,81.0,0.0,81.0,363.85,2.9,28.0,92200.0
1990-06-22 17:00:00+00:00,13.7,69.65,72.0,19.34,68.0,358.8,2.9,32.0,92240.0
1990-06-22 18:00:00+00:00,13.03,69.55,8.0,0.0,8.0,338.3,2.69,38.0,92250.0
1990-06-22 19:00:00+00:00,12.38,74.6,0.0,0.0,0.0,324.35,2.41,41.0,92330.0
1990-06-22 20:00:00+00:00,12.01,74.6,0.0,0.0,0.0,333.65,2.34,45.0,92360.0
1990-06-22 21:00:00+00:00,11.82,77.3,0.0,0.0,0.0,338.1,2.28,45.0,92360.0
1990-06-22 22:00:00+00:00,11.66,77.3,0.0,0.0,0.0,332.3,1.79,39.0,92350.0
1990-06-22 23:00:00+00:00,11.52,77.3,0.0,0.0,0.0,330.75,1.79,36.0,92350.0
1990-06-23 00:00:00+00:00,11.5,74.55,0.0,0.0,0.0,336.95,1.93,39.0,92320.0
1990-06-23 01:00:00+00:00,11.15,77.2,0.0,0.0,0.0,337.25,1.93,35.0,92290.0
1990-06-23 02:00:00+00:00,11.06,77.2,0.0,0.0,0.0,338.1,1.93,36.0,92280.0
1990-06-23 03:00:00+00:00,10.95,77.2,0.0,0.0,0.0,342.55,2.07,38.0,92270.0
1990-06-23 04:00:00+00:00,10.89,80.1,9.0,0.0,9.0,347.75,2.28,37.0,92300.0
1990-06-23 05:00:00+00:00,10.74,86.05,79.0,0.0,79.0,348.95,2.48,32.0,92320.0
1990-06-23 06:00:00+00:00,10.92,83.05,51.0,0.0,51.0,351.25,2.62,32.0,92340.0
1990-06-23 07:00:00+00:00,11.56,80.15,266.0,13.63,257.0,351.45,3.17,29.0,92390.0
1990-06-23 08:00:00+00:00,12.93,72.1,300.0,7.61,294.0,344.1,4.41,29.0,92390.0
1990-06-23 09:00:00+00:00,13.23,72.1,422.0,32.89,393.0,356.3,3.72,29.0,92450.0
1990-06-23 10:00:00+00:00,13.53,69.65,441.0,30.0,413.0,354.35,3.66,25.0,92470.0
1990-06-23 11:00:00+00:00,14.2,67.25,470.0,41.51,431.0,356.85,4.14,25.0,92470.0
1990-06-23 12:00:00+00:00,15.4,65.05,389.0,16.66,374.0,350.1,4.07,26.0,92490.0
1990-06-23 13:00:00+00:00,16.03,60.75,163.0,0.0,163.0,349.7,4.07,25.0,92500.0
1990-06-23 14:00:00+00:00,15.55,65.15,639.0,616.81,208.0,358.2,3.31,20.0,92520.0
1990-06-23 15:00:00+00:00,15.53,62.85,404.0,299.9,239.0,344.85,3.45,23.0,92530.0
1990-06-23 16:00:00+00:00,15.13,65.05,340.0,632.57,98.0,345.45,3.1,23.0,92540.0
1990-06-23 17:00:00+00:00,14.47,64.95,28.0,0.0,28.0,345.45,2.9,24.0,92550.0
1990-06-23 18:00:00+00:00,13.82,64.75,8.0,0.0,8.0,336.15,2.83,28.0,92600.0
1990-06-23 19:00:00+00:00,13.06,67.05,0.0,0.0,0.0,337.5,2.9,34.0,92590.0
1990-06-23 20:00:00+00:00,12.59,69.45,0.0,0.0,0.0,326.5,3.1,39.0,92610.0
1990-06-23 21:00:00+00:00,12.31,71.95,0.0,0.0,0.0,326.85,3.17,42.0,92620.0
1990-06-23 22:00:00+00:00,12.16,69.35,0.0,0.0,0.0,327.65,3.03,43.0,92620.0
1990-06-23 23:00:00+00:00,11.85,71.85,0.0,0.0,0.0,311.95,2.83,44.0,92600.0
1990-06-24 00:00:00+00:00,11.57,71.85,0.0,0.0,0.0,306.35,2.41,44.0,92590.0
1990-06-24 01:00:00+00:00,11.34,74.45,0.0,0.0,0.0,299.7,2.14,44.0,92570.0
1990-06-24 02:00:00+00:00,10.64,80.05,0.0,0.0,0.0,289.9,1.79,45.0,92570.0
1990-06-24 03:00:00+00:00,9.68,85.95,0.0,0.0,0.0,281.95,1.72,44.0,92550.0
1990-06-24 04:00:00+00:00,9.24,89.1,113.0,391.3,51.0,280.6,1.59,43.0,92560.0
1990-06-24 05:00:00+00:00,11.53,80.15,195.0,140.85,148.0,287.75,1.38,40.0,92580.0
1990-06-24 06:00:00+00:00,13.44,69.65,361.0,263.56,228.0,295.5,2.21,44.0,92580.0
1990-06-24 07:00:00+00:00,14.6,67.35,570.0,488.15,248.0,309.85,3.45,45.0,92610.0
1990-06-24 08:00:00+00:00,16.05,58.6,797.0,805.69,162.0,304.4,3.38,47.0,92590.0
1990-06-24 09:00:00+00:00,17.37,54.7,840.0,641.04,275.0,318.35,3.1,44.0,92590.0
1990-06-24 10:00:00+00:00,18.47,49.3,799.0,429.79,398.0,320.85,2.83,40.0,92590.0
1990-06-24 11:00:00+00:00,19.26,45.95,592.0,123.47,476.0,323.4,2.55,34.0,92580.0
1990-06-24 12:00:00+00:00,19.85,42.85,608.0,169.92,455.0,338.1,2.28,29.0,92560.0
1990-06-24 13:00:00+00:00,20.18,41.45,508.0,122.18,408.0,354.95,2.28,26.0,92540.0
1990-06-24 14:00:00+00:00,19.97,42.85,499.0,234.58,335.0,351.65,2.48,28.0,92540.0
1990-06-24 15:00:00+00:00,19.6,42.85,499.0,612.06,162.0,341.2,2.76,33.0,92530.0
1990-06-24 16:00:00+00:00,18.75,47.55,323.0,527.39,121.0,337.1,2.97,38.0,92560.0
1990-06-24 17:00:00+00:00,17.63,52.75,129.0,221.39,83.0,314.65,2.9,36.0,92560.0
1990-06-24 18:00:00+00:00,16.31,54.45,9.0,0.0,9.0,309.65,3.03,37.0,92590.0
1990-06-24 19:00:00+00:00,15.03,56.25,0.0,0.0,0.0,312.35,2.76,38.0,92630.0
1990-06-24 20:00:00+00:00,14.03,62.55,0.0,0.0,0.0,299.95,2.62,39.0,92670.0
1990-06-24 21:00:00+00:00,13.34,67.05,0.0,0.0,0.0,302.1,2.55,42.0,92690.0
1990-06-24 22:00:00+00:00,12.84,72.05,0.0,0.0,0.0,303.25,2.28,44.0,92700.0
1990-06-24 23:00:00+00:00,12.21,74.6,0.0,0.0,0.0,294.55,2.0,44.0,92680.0
1990-06-25 00:00:00+00:00,11.72,77.3,0.0,0.0,0.0,302.85,1.79,44.0,92650.0
1990-06-25 01:00:00+00:00,10.97,83.05,0.0,0.0,0.0,293.7,1.72,44.0,92640.0
1990-06-25 02:00:00+00:00,10.0,89.2,0.0,0.0,0.0,285.25,1.72,44.0,92610.0
1990-06-25 03:00:00+00:00,9.53,89.15,0.0,0.0,0.0,292.6,1.66,46.0,92590.0
1990-06-25 04:00:00+00:00,9.63,92.45,112.0,387.1,51.0,293.2,1.59,46.0,92600.0
1990-06-25 05:00:00+00:00,12.18,86.2,288.0,582.86,94.0,297.05,1.38,45.0,92610.0
1990-06-25 06:00:00+00:00,14.36,69.75,470.0,682.74,126.0,285.05,1.86,46.0,92610.0
1990-06-25 07:00:00+00:00,16.07,60.75,641.0,739.04,154.0,294.35,2.28,33.0,92610.0
1990-06-25 08:00:00+00:00,17.45,54.7,791.0,791.02,168.0,300.95,2.21,28.0,92610.0
1990-06-25 09:00:00+00:00,18.72,51.15,877.0,746.89,219.0,319.3,2.21,18.0,92610.0
1990-06-25 10:00:00+00:00,19.97,46.1,669.0,215.49,468.0,327.45,2.41,9.0,92560.0
1990-06-25 11:00:00+00:00,20.25,43.0,799.0,419.4,405.0,350.85,2.21,360.0,92540.0
1990-06-25 12:00:00+00:00,20.46,43.0,454.0,41.09,417.0,365.2,2.28,358.0,92520.0
1990-06-25 13:00:00+00:00,20.73,41.55,246.0,0.0,246.0,355.5,2.34,354.0,92520.0
1990-06-25 14:00:00+00:00,20.77,43.1,414.0,105.8,340.0,340.4,2.41,349.0,92490.0
1990-06-25 15:00:00+00:00,20.35,44.6,511.0,660.66,147.0,346.0,2.21,346.0,92500.0
1990-06-25 16:00:00+00:00,19.88,46.1,330.0,568.6,112.0,341.4,2.14,349.0,92510.0
1990-06-25 17:00:00+00:00,18.99,51.25,95.0,67.26,81.0,330.55,1.66,352.0,92500.0
1990-06-25 18:00:00+00:00,17.5,60.95,8.0,0.0,8.0,313.9,1.38,350.0,92500.0
1990-06-25 19:00:00+00:00,15.33,75.1,0.0,0.0,0.0,316.2,1.17,345.0,92540.0
1990-06-25 20:00:00+00:00,14.38,74.95,0.0,0.0,0.0,301.7,1.17,358.0,92590.0
1990-06-25 21:00:00+00:00,13.64,74.85,0.0,0.0,0.0,300.75,1.17,12.0,92590.0
1990-06-25 22:00:00+00:00,12.77,77.45,0.0,0.0,0.0,296.85,1.24,22.0,92600.0
1990-06-25 23:00:00+00:00,11.84,83.1,0.0,0.0,0.0,298.2,1.31,29.0,92590.0
1990-06-26 00:00:00+00:00,11.31,86.1,0.0,0.0,0.0,305.55,1.24,34.0,92560.0
1990-06-26 01:00:00+00:00,11.0,86.1,0.0,0.0,0.0,303.55,1.24,40.0,92540.0
1990-06-26 02:00:00+00:00,10.56,89.25,0.0,0.0,0.0,306.55,1.24,43.0,92510.0
1990-06-26 03:00:00+00:00,10.16,92.5,0.0,0.0,0.0,303.65,1.24,42.0,92500.0
1990-06-26 04:00:00+00:00,10.36,95.9,94.0,229.83,58.0,306.95,1.17,42.0,92520.0
1990-06-26 05:00:00+00:00,13.21,89.4,269.0,488.05,107.0,306.35,0.69,34.0,92520.0
1990-06-26 06:00:00+00:00,15.98,62.95,458.0,648.09,132.0,304.05,1.52,15.0,92520.0
1990-06-26 07:00:00+00:00,16.84,63.05,449.0,205.09,314.0,315.65,1.66,355.0,92550.0
1990-06-26 08:00:00+00:00,17.84,58.8,755.0,692.5,210.0,325.7,2.0,348.0,92540.0
1990-06-26 09:00:00+00:00,18.49,54.95,562.0,138.55,440.0,324.55,2.28,346.0,92540.0
1990-06-26 10:00:00+00:00,19.14,53.15,550.0,94.37,462.0,331.5,2.34,343.0,92510.0
1990-06-26 11:00:00+00:00,19.75,51.4,100.0,0.0,100.0,329.95,2.34,336.0,92510.0
1990-06-26 12:00:00+00:00,20.03,51.5,650.0,230.97,442.0,336.55,2.41,333.0,92450.0
1990-06-26 13:00:00+00:00,20.52,51.65,74.0,0.0,74.0,330.15,2.21,333.0,92460.0
1990-06-26 14:00:00+00:00,20.33,53.35,122.0,0.0,122.0,332.65,1.93,329.0,92450.0
1990-06-26 15:00:00+00:00,18.64,61.2,289.0,70.75,250.0,338.85,1.86,315.0,92430.0
1990-06-26 16:00:00+00:00,17.31,67.85,245.0,195.47,170.0,341.75,1.52,318.0,92490.0
1990-06-26 17:00:00+00:00,16.72,70.2,70.0,14.39,67.0,338.3,1.59,354.0,92480.0
1990-06-26 18:00:00+00:00,16.13,72.65,7.0,0.0,7.0,327.45,1.1,33.0,92480.0
1990-06-26 19:00:00+00:00,15.02,77.8,0.0,0.0,0.0,318.35,1.1,50.0,92530.0
1990-06-26 20:00:00+00:00,13.6,86.35,0.0,0.0,0.0,316.05,1.24,53.0,92560.0
1990-06-26 21:00:00+00:00,12.55,89.4,0.0,0.0,0.0,312.75,1.38,48.0,92570.0
1990-06-26 22:00:00+00:00,11.81,92.55,0.0,0.0,0.0,309.45,1.52,42.0,92600.0
1990-06-26 23:00:00+00:00,11.35,92.55,0.0,0.0,0.0,309.65,1.52,42.0,92600.0
1990-06-27 00:00:00+00:00,11.03,92.55,0.0,0.0,0.0,313.5,1.45,45.0,92580.0
1990-06-27 01:00:00+00:00,10.7,92.5,0.0,0.0,0.0,308.95,1.59,42.0,92580.0
1990-06-27 02:00:00+00:00,10.78,95.9,0.0,0.0,0.0,320.85,1.59,34.0,92600.0
1990-06-27 03:00:00+00:00,10.84,95.9,0.0,0.0,0.0,322.6,1.59,36.0,92620.0
1990-06-27 04:00:00+00:00,11.14,92.55,9.0,0.0,9.0,325.5,1.38,41.0,92620.0
1990-06-27 05:00:00+00:00,12.8,86.25,33.0,0.0,33.0,327.85,1.38,40.0,92640.0
1990-06-27 06:00:00+00:00,14.04,77.65,41.0,0.0,41.0,340.2,1.45,38.0,92670.0
1990-06-27 07:00:00+00:00,15.12,75.1,125.0,0.0,125.0,350.65,1.31,32.0,92690.0
1990-06-27 08:00:00+00:00,16.31,72.65,244.0,0.0,244.0,355.3,1.52,27.0,92690.0
1990-06-27 09:00:00+00:00,17.08,67.85,506.0,87.49,429.0,357.65,2.28,27.0,92700.0
1990-06-27 10:00:00+00:00,17.79,67.85,386.0,11.8,375.0,361.1,2.97,29.0,92730.0
1990-06-27 11:00:00+00:00,17.72,67.85,208.0,0.0,208.0,373.7,2.34,26.0,92730.0
1990-06-27 12:00:00+00:00,18.55,63.4,351.0,7.77,344.0,366.95,2.9,30.0,92720.0
1990-06-27 13:00:00+00:00,18.11,65.55,154.0,0.0,154.0,369.25,2.62,27.0,92730.0
1990-06-27 14:00:00+00:00,17.33,70.3,209.0,0.0,209.0,370.4,2.14,22.0,92730.0
1990-06-27 15:00:00+00:00,17.06,70.3,187.0,3.63,185.0,370.6,2.0,19.0,92740.0
1990-06-27 16:00:00+00:00,17.16,70.3,156.0,23.44,147.0,354.35,2.14,19.0,92730.0
1990-06-27 17:00:00+00:00,16.88,75.3,134.0,258.87,80.0,342.55,1.45,15.0,92720.0
1990-06-27 18:00:00+00:00,16.33,75.25,6.0,0.0,6.0,353.75,1.45,13.0,92760.0
1990-06-27 19:00:00+00:00,15.8,75.15,0.0,0.0,0.0,348.15,1.93,28.0,92780.0
1990-06-27 20:00:00+00:00,15.12,77.8,0.0,0.0,0.0,344.65,1.66,33.0,92830.0
1990-06-27 21:00:00+00:00,14.3,83.4,0.0,0.0,0.0,341.0,1.45,34.0,92850.0
1990-06-27 22:00:00+00:00,13.75,86.35,0.0,0.0,0.0,349.9,1.31,39.0,92840.0
1990-06-27 23:00:00+00:00,13.12,89.4,0.0,0.0,0.0,339.65,1.38,41.0,92810.0
1990-06-28 00:00:00+00:00,13.06,89.4,0.0,0.0,0.0,350.3,1.38,39.0,92810.0
1990-06-28 01:00:00+00:00,12.84,92.6,0.0,0.0,0.0,344.4,1.38,40.0,92780.0
1990-06-28 02:00:00+00:00,12.62,92.6,0.0,0.0,0.0,339.45,1.45,40.0,92750.0
1990-06-28 03:00:00+00:00,12.39,95.95,0.0,0.0,0.0,337.1,1.45,41.0,92750.0
1990-06-28 04:00:00+00:00,12.46,92.6,70.0,77.65,58.0,333.25,1.45,39.0,92770.0
1990-06-28 05:00:00+00:00,13.84,89.45,282.0,575.9,92.0,331.7,1.38,37.0,92820.0
1990-06-28 06:00:00+00:00,15.94,77.95,455.0,648.48,130.0,334.2,1.59,38.0,92830.0
1990-06-28 07:00:00+00:00,17.77,70.3,633.0,740.15,147.0,331.1,2.9,42.0,92830.0
1990-06-28 08:00:00+00:00,19.47,59.25,791.0,815.85,150.0,338.3,2.9,46.0,92820.0
1990-06-28 09:00:00+00:00,20.74,55.45,899.0,837.93,162.0,351.85,2.48,52.0,92810.0
1990-06-28 10:00:00+00:00,21.68,51.9,951.0,832.77,175.0,352.8,1.93,57.0,92830.0
1990-06-28 11:00:00+00:00,21.95,51.9,740.0,325.89,434.0,360.55,1.31,51.0,92810.0
1990-06-28 12:00:00+00:00,22.36,50.2,217.0,0.0,217.0,357.65,1.03,39.0,92780.0
1990-06-28 13:00:00+00:00,22.34,50.2,616.0,286.96,381.0,361.5,1.38,10.0,92750.0
1990-06-28 14:00:00+00:00,21.99,51.9,479.0,207.15,334.0,363.25,0.97,24.0,92790.0
1990-06-28 15:00:00+00:00,21.81,51.9,196.0,5.44,193.0,358.4,1.03,6.0,92780.0
1990-06-28 16:00:00+00:00,21.15,53.6,315.0,497.29,124.0,364.0,1.52,7.0,92760.0
1990-06-28 17:00:00+00:00,20.51,57.45,153.0,412.08,67.0,353.95,1.45,21.0,92780.0
1990-06-28 18:00:00+00:00,19.47,65.75,10.0,0.0,10.0,351.45,1.45,32.0,92810.0
1990-06-28 19:00:00+00:00,18.22,65.55,0.0,0.0,0.0,352.2,1.79,30.0,92850.0
1990-06-28 20:00:00+00:00,17.35,67.85,0.0,0.0,0.0,349.1,1.93,42.0,92890.0
1990-06-28 21:00:00+00:00,16.11,75.25,0.0,0.0,0.0,335.4,1.59,43.0,92890.0
1990-06-28 22:00:00+00:00,15.13,80.6,0.0,0.0,0.0,339.85,1.52,41.0,92890.0
1990-06-28 23:00:00+00:00,14.29,86.4,0.0,0.0,0.0,333.05,1.52,41.0,92890.0
1990-06-29 00:00:00+00:00,13.73,89.45,0.0,0.0,0.0,332.85,1.52,44.0,92870.0
1990-06-29 01:00:00+00:00,13.35,92.65,0.0,0.0,0.0,332.0,1.52,44.0,92860.0
1990-06-29 02:00:00+00:00,13.04,92.65,0.0,0.0,0.0,329.75,1.59,47.0,92830.0
1990-06-29 03:00:00+00:00,13.01,92.65,0.0,0.0,0.0,336.95,1.59,47.0,92830.0
1990-06-29 04:00:00+00:00,13.22,92.65,101.0,312.96,53.0,332.85,1.52,44.0,92840.0
1990-06-29 05:00:00+00:00,15.16,86.5,277.0,553.5,95.0,329.95,1.45,42.0,92860.0
1990-06-29 06:00:00+00:00,17.04,72.8,461.0,675.77,123.0,328.4,1.79,43.0,92880.0
1990-06-29 07:00:00+00:00,18.77,68.05,625.0,718.26,154.0,342.35,1.93,37.0,92890.0
1990-06-29 08:00:00+00:00,20.19,61.5,538.0,198.74,382.0,347.75,2.41,39.0,92880.0
1990-06-29 09:00:00+00:00,21.4,57.55,832.0,650.75,260.0,346.4,2.62,40.0,92850.0
1990-06-29 10:00:00+00:00,22.42,52.0,915.0,728.98,236.0,365.75,2.76,39.0,92860.0
1990-06-29 11:00:00+00:00,22.82,50.3,878.0,613.6,302.0,358.0,2.48,39.0,92830.0
1990-06-29 12:00:00+00:00,23.61,45.5,899.0,778.58,198.0,357.25,2.28,39.0,92810.0
1990-06-29 13:00:00+00:00,23.76,45.5,808.0,766.84,180.0,361.1,2.0,38.0,92810.0
1990-06-29 14:00:00+00:00,23.52,45.5,548.0,349.98,303.0,356.3,1.93,31.0,92780.0
1990-06-29 15:00:00+00:00,23.06,47.0,504.0,652.48,144.0,365.4,1.86,25.0,92770.0
1990-06-29 16:00:00+00:00,22.61,48.55,343.0,637.75,98.0,371.95,1.79,23.0,92750.0
1990-06-29 17:00:00+00:00,21.79,53.75,157.0,435.99,66.0,358.0,1.66,27.0,92770.0
1990-06-29 18:00:00+00:00,20.57,57.45,10.0,0.0,10.0,349.7,1.72,23.0,92800.0
1990-06-29 19:00:00+00:00,18.92,68.05,0.0,0.0,0.0,347.55,1.59,33.0,92830.0
1990-06-29 20:00:00+00:00,17.15,75.4,0.0,0.0,0.0,335.75,1.52,31.0,92860.0
1990-06-29 21:00:00+00:00,16.32,80.75,0.0,0.0,0.0,348.35,1.45,33.0,92880.0
1990-06-29 22:00:00+00:00,15.17,86.5,0.0,0.0,0.0,329.95,1.52,37.0,92860.0
1990-06-29 23:00:00+00:00,14.16,89.5,0.0,0.0,0.0,321.05,1.52,42.0,92850.0
1990-06-30 00:00:00+00:00,13.42,89.45,0.0,0.0,0.0,317.0,1.59,44.0,92840.0
1990-06-30 01:00:00+00:00,13.17,92.65,0.0,0.0,0.0,325.05,1.59,45.0,92830.0
1990-06-30 02:00:00+00:00,12.94,92.65,0.0,0.0,0.0,324.95,1.59,46.0,92780.0
1990-06-30 03:00:00+00:00,12.54,95.95,0.0,0.0,0.0,317.0,1.59,47.0,92770.0
1990-06-30 04:00:00+00:00,12.69,95.95,94.0,256.34,55.0,316.6,1.52,47.0,92800.0
1990-06-30 05:00:00+00:00,15.16,89.55,267.0,506.64,101.0,325.7,1.31,46.0,92800.0
1990-06-30 06:00:00+00:00,18.29,80.9,451.0,639.14,132.0,330.95,1.24,40.0,92800.0
1990-06-30 07:00:00+00:00,20.35,65.95,625.0,719.28,154.0,323.4,1.79,32.0,92810.0
1990-06-30 08:00:00+00:00,21.76,57.65,787.0,805.93,155.0,334.8,2.48,33.0,92820.0
1990-06-30 09:00:00+00:00,22.75,52.1,889.0,817.4,171.0,340.2,2.76,30.0,92790.0
1990-06-30 10:00:00+00:00,23.55,48.8,906.0,705.69,249.0,347.55,2.69,29.0,92810.0
1990-06-30 11:00:00+00:00,24.0,47.15,971.0,859.94,164.0,357.25,2.41,31.0,92800.0
1990-06-30 12:00:00+00:00,23.95,47.15,525.0,92.2,442.0,365.2,2.41,32.0,92820.0
1990-06-30 13:00:00+00:00,23.55,48.8,617.0,286.97,382.0,371.75,2.41,28.0,92820.0
1990-06-30 14:00:00+00:00,23.72,50.55,509.0,262.84,325.0,370.2,2.07,18.0,92780.0
1990-06-30 15:00:00+00:00,23.58,48.8,505.0,654.26,144.0,359.4,2.14,15.0,92730.0
1990-06-30 16:00:00+00:00,20.69,65.06,167.0,36.44,153.0,366.67,1.71,19.0,92720.0
1990-06-30 17:00:00+00:00,20.13,66.15,151.0,393.0,69.0,361.14,1.71,12.0,92750.0
1990-06-30 18:00:00+00:00,19.58,67.24,10.0,0.0,10.0,355.62,1.71,21.0,92770.0
1990-06-30 19:00:00+00:00,19.02,68.33,0.0,0.0,0.0,350.1,1.7,26.0,92840.0
1990-06-30 20:00:00+00:00,18.46,69.42,0.0,0.0,0.0,344.57,1.7,33.0,92890.0
1990-06-30 21:00:00+00:00,17.9,70.51,0.0,0.0,0.0,339.05,1.7,37.0,92890.0
1990-06-30 22:00:00+00:00,17.34,71.6,0.0,0.0,0.0,333.52,1.7,38.0,92870.0
1990-06-30 23:00:00+00:00,16.78,72.69,0.0,0.0,0.0,328.0,1.7,39.0,92870.0
1990-07-01 00:00:00+00:00,16.22,73.78,0.0,0.0,0.0,322.48,1.69,48.0,93290.0
1990-07-01 01:00:00+00:00,15.66,74.87,0.0,0.0,0.0,316.95,1.69,48.0,93290.0
1990-07-01 02:00:00+00:00,15.1,75.96,0.0,0.0,0.0,311.43,1.69,48.0,93280.0
1990-07-01 03:00:00+00:00,14.54,77.05,0.0,0.0,0.0,305.9,1.69,47.0,93290.0
1990-07-01 04:00:00+00:00,13.98,78.14,104.0,364.63,49.0,300.38,1.68,48.0,93310.0
1990-07-01 05:00:00+00:00,13.42,79.23,280.0,582.06,90.0,294.86,1.68,45.0,93330.0
1990-07-01 06:00:00+00:00,12.86,80.32,471.0,714.87,115.0,289.33,1.68,44.0,93340.0
1990-07-01 07:00:00+00:00,12.3,81.41,648.0,786.11,134.0,283.81,1.68,47.0,93370.0
1990-07-01 08:00:00+00:00,20.81,46.5,801.0,838.67,144.0,321.45,2.69,51.0,93360.0
1990-07-01 09:00:00+00:00,22.04,41.95,880.0,772.43,202.0,327.65,2.48,51.0,93370.0
1990-07-01 10:00:00+00:00,23.11,37.9,828.0,500.79,362.0,333.45,2.62,48.0,93380.0
1990-07-01 11:00:00+00:00,23.85,35.4,894.0,637.45,296.0,342.15,2.69,50.0,93350.0
1990-07-01 12:00:00+00:00,23.46,35.4,782.0,462.22,366.0,353.95,2.62,52.0,93350.0
1990-07-01 13:00:00+00:00,23.51,38.05,745.0,559.36,287.0,364.6,2.55,55.0,93360.0
1990-07-01 14:00:00+00:00,23.76,38.05,401.0,91.43,337.0,358.2,2.28,49.0,93340.0
1990-07-01 15:00:00+00:00,23.7,38.05,458.0,453.12,208.0,348.55,2.34,43.0,93340.0
1990-07-01 16:00:00+00:00,23.13,39.3,338.0,609.23,104.0,344.85,2.34,45.0,93350.0
1990-07-01 17:00:00+00:00,22.29,43.5,159.0,455.63,64.0,330.75,2.07,52.0,93380.0
1990-07-01 18:00:00+00:00,20.89,46.5,8.0,0.0,8.0,326.85,1.93,58.0,93410.0
1990-07-01 19:00:00+00:00,19.24,53.15,0.0,0.0,0.0,321.85,1.86,55.0,93440.0
1990-07-01 20:00:00+00:00,17.57,63.2,0.0,0.0,0.0,318.95,1.79,44.0,93520.0
1990-07-01 21:00:00+00:00,16.13,72.55,0.0,0.0,0.0,319.3,1.72,37.0,93540.0
1990-07-01 22:00:00+00:00,14.9,77.75,0.0,0.0,0.0,312.95,1.66,38.0,93550.0
1990-07-01 23:00:00+00:00,13.83,83.35,0.0,0.0,0.0,309.65,1.66,42.0,93540.0
1990-07-02 00:00:00+00:00,12.99,86.3,0.0,0.0,0.0,305.55,1.66,45.0,93560.0
1990-07-02 01:00:00+00:00,12.37,86.25,0.0,0.0,0.0,302.8,1.66,48.0,93540.0
1990-07-02 02:00:00+00:00,11.87,89.35,0.0,0.0,0.0,300.95,1.66,49.0,93540.0
1990-07-02 03:00:00+00:00,11.43,89.3,0.0,0.0,0.0,299.0,1.66,50.0,93540.0
1990-07-02 04:00:00+00:00,11.53,92.55,102.0,347.91,50.0,298.2,1.59,50.0,93540.0
1990-07-02 05:00:00+00:00,14.64,86.4,279.0,584.37,89.0,298.6,1.31,47.0,93570.0
1990-07-02 06:00:00+00:00,18.72,65.65,471.0,720.57,113.0,302.85,1.17,41.0,93580.0
1990-07-02 07:00:00+00:00,20.67,53.5,645.0,782.74,134.0,325.5,1.52,44.0,93610.0
1990-07-02 08:00:00+00:00,22.3,45.1,798.0,835.75,144.0,324.35,1.86,49.0,93580.0
1990-07-02 09:00:00+00:00,23.7,39.45,911.0,868.8,149.0,325.7,1.66,48.0,93580.0
1990-07-02 10:00:00+00:00,24.71,36.8,981.0,897.84,146.0,330.15,1.45,44.0,93530.0
1990-07-02 11:00:00+00:00,25.63,35.8,974.0,863.77,164.0,334.6,1.24,39.0,93540.0
1990-07-02 12:00:00+00:00,26.29,34.65,849.0,625.72,286.0,340.8,1.1,31.0,93480.0
1990-07-02 13:00:00+00:00,26.69,32.35,534.0,155.14,407.0,352.6,1.03,30.0,93450.0
1990-07-02 14:00:00+00:00,26.95,31.35,603.0,482.94,265.0,356.5,0.97,31.0,93460.0
1990-07-02 15:00:00+00:00,26.59,32.35,418.0,324.5,239.0,347.0,0.83,38.0,93450.0
1990-07-02 16:00:00+00:00,25.55,37.1,225.0,135.44,173.0,368.1,0.14,330.0,93490.0
1990-07-02 17:00:00+00:00,24.54,39.55,156.0,432.15,66.0,338.5,0.34,265.0,93530.0
1990-07-02 18:00:00+00:00,23.42,40.9,8.0,0.0,8.0,338.5,0.07,195.0,93560.0
1990-07-02 19:00:00+00:00,22.65,46.85,0.0,0.0,0.0,333.25,0.21,241.0,93570.0
1990-07-02 20:00:00+00:00,21.79,51.9,0.0,0.0,0.0,330.15,0.55,43.0,93620.0
1990-07-02 21:00:00+00:00,18.39,68.05,0.0,0.0,0.0,331.1,1.31,46.0,93650.0
1990-07-02 22:00:00+00:00,16.28,77.95,0.0,0.0,0.0,324.95,1.59,45.0,93650.0
1990-07-02 23:00:00+00:00,15.27,83.5,0.0,0.0,0.0,322.4,1.59,45.0,93650.0
1990-07-03 00:00:00+00:00,14.69,86.4,0.0,0.0,0.0,318.35,1.66,45.0,93670.0
1990-07-03 01:00:00+00:00,14.22,83.4,0.0,0.0,0.0,316.15,1.66,46.0,93640.0
1990-07-03 02:00:00+00:00,13.7,89.4,0.0,0.0,0.0,312.55,1.72,46.0,93630.0
1990-07-03 03:00:00+00:00,13.23,86.3,0.0,0.0,0.0,312.75,1.79,46.0,93610.0
1990-07-03 04:00:00+00:00,13.35,89.4,78.0,141.87,57.0,311.4,1.72,45.0,93640.0
1990-07-03 05:00:00+00:00,16.39,80.75,213.0,228.54,139.0,314.65,1.45,41.0,93650.0
1990-07-03 06:00:00+00:00,20.74,63.8,446.0,619.44,139.0,317.2,1.17,34.0,93670.0
1990-07-03 07:00:00+00:00,22.64,54.0,632.0,745.66,146.0,333.45,2.07,37.0,93670.0
1990-07-03 08:00:00+00:00,24.07,50.55,769.0,752.27,181.0,345.45,2.55,38.0,93670.0
1990-07-03 09:00:00+00:00,25.01,44.15,869.0,751.99,210.0,358.0,3.03,37.0,93670.0
1990-07-03 10:00:00+00:00,25.81,41.25,659.0,210.88,463.0,360.95,3.45,37.0,93650.0
1990-07-03 11:00:00+00:00,26.12,38.55,728.0,301.92,445.0,377.4,3.59,38.0,93660.0
1990-07-03 12:00:00+00:00,26.2,37.2,738.0,378.0,398.0,371.0,3.45,38.0,93620.0
1990-07-03 13:00:00+00:00,26.48,34.8,790.0,696.47,220.0,359.4,3.24,37.0,93610.0
1990-07-03 14:00:00+00:00,26.43,33.55,694.0,788.9,142.0,350.3,3.03,36.0,93610.0
1990-07-03 15:00:00+00:00,26.04,34.65,514.0,685.48,136.0,354.55,2.97,37.0,93590.0
1990-07-03 16:00:00+00:00,25.25,35.65,339.0,620.28,101.0,345.45,3.03,40.0,93600.0
1990-07-03 17:00:00+00:00,24.17,38.05,158.0,447.26,65.0,346.4,2.9,43.0,93630.0
1990-07-03 18:00:00+00:00,22.79,39.15,9.0,0.0,9.0,333.85,2.83,43.0,93650.0
1990-07-03 19:00:00+00:00,21.52,43.4,0.0,0.0,0.0,327.05,2.69,43.0,93670.0
1990-07-03 20:00:00+00:00,20.37,48.05,0.0,0.0,0.0,322.2,2.55,46.0,93710.0
1990-07-03 21:00:00+00:00,19.24,55.05,0.0,0.0,0.0,317.75,2.28,49.0,93720.0
1990-07-03 22:00:00+00:00,17.97,61.05,0.0,0.0,0.0,315.65,1.93,48.0,93700.0
1990-07-03 23:00:00+00:00,16.48,70.1,0.0,0.0,0.0,312.35,1.86,47.0,93680.0
1990-07-04 00:00:00+00:00,15.24,72.45,0.0,0.0,0.0,309.45,1.86,48.0,93670.0
1990-07-04 01:00:00+00:00,14.25,77.65,0.0,0.0,0.0,307.25,1.79,48.0,93630.0
1990-07-04 02:00:00+00:00,13.55,83.25,0.0,0.0,0.0,306.35,1.79,50.0,93600.0
1990-07-04 03:00:00+00:00,12.96,83.25,0.0,0.0,0.0,303.65,1.79,50.0,93580.0
1990-07-04 04:00:00+00:00,12.92,83.25,94.0,279.82,53.0,303.05,1.72,49.0,93580.0
1990-07-04 05:00:00+00:00,15.81,77.85,271.0,552.13,93.0,304.4,1.38,47.0,93580.0
1990-07-04 06:00:00+00:00,19.71,61.4,464.0,701.94,117.0,309.25,1.45,44.0,93600.0
1990-07-04 07:00:00+00:00,22.02,52.0,643.0,783.82,133.0,321.25,1.86,53.0,93590.0
1990-07-04 08:00:00+00:00,23.7,43.9,797.0,837.71,143.0,329.4,2.0,68.0,93570.0
1990-07-04 09:00:00+00:00,25.14,38.3,911.0,870.27,149.0,335.75,1.24,84.0,93550.0
1990-07-04 10:00:00+00:00,26.26,35.9,986.0,910.79,140.0,336.95,0.55,105.0,93520.0
1990-07-04 11:00:00+00:00,27.08,33.7,1001.0,926.47,133.0,344.65,0.21,201.0,93490.0
1990-07-04 12:00:00+00:00,27.6,31.5,940.0,877.52,151.0,360.35,0.62,241.0,93450.0
1990-07-04 13:00:00+00:00,27.83,32.65,842.0,850.7,146.0,367.7,1.03,257.0,93420.0
1990-07-04 14:00:00+00:00,27.66,32.65,696.0,793.46,141.0,367.3,1.86,254.0,93370.0
1990-07-04 15:00:00+00:00,26.65,37.35,519.0,702.13,132.0,366.75,2.07,253.0,93360.0
1990-07-04 16:00:00+00:00,25.95,39.95,337.0,610.35,103.0,345.45,1.86,255.0,93360.0
1990-07-04 17:00:00+00:00,24.87,44.15,139.0,289.13,79.0,342.75,1.59,260.0,93380.0
1990-07-04 18:00:00+00:00,23.41,54.2,8.0,0.0,8.0,352.2,0.97,257.0,93380.0
1990-07-04 19:00:00+00:00,22.81,50.3,0.0,0.0,0.0,350.3,0.76,265.0,93410.0
1990-07-04 20:00:00+00:00,22.62,46.85,0.0,0.0,0.0,361.1,0.41,314.0,93420.0
1990-07-04 21:00:00+00:00,21.26,55.55,0.0,0.0,0.0,346.4,0.9,29.0,93430.0
1990-07-04 22:00:00+00:00,18.79,65.75,0.0,0.0,0.0,340.2,1.31,50.0,93400.0
1990-07-04 23:00:00+00:00,17.21,75.3,0.0,0.0,0.0,336.15,1.45,51.0,93390.0
1990-07-05 00:00:00+00:00,15.98,80.65,0.0,0.0,0.0,328.8,1.45,48.0,93370.0
1990-07-05 01:00:00+00:00,15.27,83.5,0.0,0.0,0.0,325.45,1.52,47.0,93360.0
1990-07-05 02:00:00+00:00,14.72,89.5,0.0,0.0,0.0,320.5,1.52,47.0,93330.0
1990-07-05 03:00:00+00:00,14.27,86.4,0.0,0.0,0.0,319.3,1.59,48.0,93320.0
1990-07-05 04:00:00+00:00,14.29,89.5,85.0,213.86,54.0,316.8,1.59,48.0,93320.0
1990-07-05 05:00:00+00:00,17.31,80.85,261.0,498.55,101.0,320.5,1.31,46.0,93320.0
1990-07-05 06:00:00+00:00,21.57,61.85,450.0,661.22,124.0,322.8,1.17,42.0,93350.0
1990-07-05 07:00:00+00:00,23.52,48.8,633.0,762.11,138.0,333.65,1.52,53.0,93380.0
1990-07-05 08:00:00+00:00,24.91,42.65,781.0,804.13,154.0,342.75,1.17,66.0,93350.0
1990-07-05 09:00:00+00:00,26.04,38.55,797.0,565.85,302.0,347.2,0.55,54.0,93340.0
1990-07-05 10:00:00+00:00,26.98,36.2,829.0,517.12,349.0,356.1,0.07,291.0,93330.0
1990-07-05 11:00:00+00:00,27.82,35.05,714.0,284.07,448.0,355.1,0.55,251.0,93310.0
1990-07-05 12:00:00+00:00,28.54,31.75,843.0,620.87,285.0,352.6,0.83,264.0,93260.0
1990-07-05 13:00:00+00:00,28.82,30.65,644.0,337.48,368.0,371.4,1.31,256.0,93230.0
1990-07-05 14:00:00+00:00,27.98,35.2,558.0,370.44,299.0,372.15,2.55,245.0,93200.0
1990-07-05 15:00:00+00:00,26.75,43.05,517.0,704.36,129.0,369.85,2.9,241.0,93210.0
1990-07-05 16:00:00+00:00,25.79,47.5,331.0,587.48,106.0,361.7,2.69,245.0,93210.0
1990-07-05 17:00:00+00:00,24.64,50.7,150.0,386.45,70.0,353.55,1.86,248.0,93250.0
1990-07-05 18:00:00+00:00,23.38,58.1,7.0,0.0,7.0,358.6,1.1,244.0,93270.0
1990-07-05 19:00:00+00:00,22.56,59.95,0.0,0.0,0.0,350.65,0.76,240.0,93270.0
1990-07-05 20:00:00+00:00,22.58,55.9,0.0,0.0,0.0,341.2,0.21,267.0,93310.0
1990-07-05 21:00:00+00:00,22.16,55.8,0.0,0.0,0.0,337.7,0.41,31.0,93340.0
1990-07-05 22:00:00+00:00,21.35,57.65,0.0,0.0,0.0,334.6,0.97,48.0,93350.0
1990-07-05 23:00:00+00:00,18.7,72.95,0.0,0.0,0.0,331.1,1.24,53.0,93320.0
1990-07-06 00:00:00+00:00,17.02,80.8,0.0,0.0,0.0,329.55,1.45,54.0,93340.0
1990-07-06 01:00:00+00:00,15.72,89.55,0.0,0.0,0.0,327.15,1.45,53.0,93330.0
1990-07-06 02:00:00+00:00,15.02,89.5,0.0,0.0,0.0,325.5,1.45,55.0,93310.0
1990-07-06 03:00:00+00:00,14.56,92.7,0.0,0.0,0.0,324.15,1.45,54.0,93280.0
1990-07-06 04:00:00+00:00,14.64,92.7,87.0,237.23,53.0,322.4,1.31,51.0,93270.0
1990-07-06 05:00:00+00:00,17.69,86.65,257.0,485.26,102.0,323.55,0.9,53.0,93290.0
1990-07-06 06:00:00+00:00,23.38,54.2,445.0,644.76,128.0,329.75,0.48,62.0,93300.0
1990-07-06 07:00:00+00:00,25.09,49.05,623.0,737.3,145.0,340.2,0.14,246.0,93310.0
1990-07-06 08:00:00+00:00,26.55,44.55,778.0,802.61,153.0,346.8,0.97,284.0,93320.0
1990-07-06 09:00:00+00:00,27.67,40.35,891.0,835.29,161.0,352.2,1.38,281.0,93310.0
1990-07-06 10:00:00+00:00,28.62,37.9,898.0,692.15,256.0,356.85,1.72,275.0,93280.0
1990-07-06 11:00:00+00:00,29.36,35.45,892.0,653.95,280.0,367.7,1.93,280.0,93250.0
1990-07-06 12:00:00+00:00,30.09,32.15,919.0,842.7,162.0,367.7,2.0,282.0,93190.0
1990-07-06 13:00:00+00:00,30.5,31.15,796.0,727.87,201.0,373.7,2.34,278.0,93170.0
1990-07-06 14:00:00+00:00,29.74,34.35,673.0,729.82,163.0,380.85,2.76,263.0,93160.0
1990-07-06 15:00:00+00:00,28.78,39.25,501.0,637.65,150.0,367.9,2.83,255.0,93150.0
1990-07-06 16:00:00+00:00,27.75,41.8,316.0,501.94,124.0,362.1,2.55,253.0,93160.0
1990-07-06 17:00:00+00:00,26.56,46.15,149.0,382.72,70.0,358.6,1.86,250.0,93190.0
1990-07-06 18:00:00+00:00,24.7,60.25,7.0,0.0,7.0,355.3,1.1,238.0,93210.0
1990-07-06 19:00:00+00:00,24.48,54.35,0.0,0.0,0.0,349.9,0.76,235.0,93200.0
1990-07-06 20:00:00+00:00,24.13,54.2,0.0,0.0,0.0,344.65,0.07,66.0,93230.0
1990-07-06 21:00:00+00:00,20.87,68.5,0.0,0.0,0.0,342.15,1.1,56.0,93250.0
1990-07-06 22:00:00+00:00,19.79,70.7,0.0,0.0,0.0,339.65,1.45,55.0,93220.0
1990-07-06 23:00:00+00:00,18.11,78.15,0.0,0.0,0.0,338.3,1.59,53.0,93240.0
1990-07-07 00:00:00+00:00,16.98,83.65,0.0,0.0,0.0,336.35,1.59,52.0,93230.0
1990-07-07 01:00:00+00:00,16.32,83.6,0.0,0.0,0.0,334.15,1.59,51.0,93220.0
1990-07-07 02:00:00+00:00,15.88,86.5,0.0,0.0,0.0,331.9,1.59,51.0,93200.0
1990-07-07 03:00:00+00:00,15.51,86.5,0.0,0.0,0.0,329.95,1.66,51.0,93190.0
1990-07-07 04:00:00+00:00,15.56,86.5,82.0,211.83,52.0,327.85,1.59,51.0,93190.0
1990-07-07 05:00:00+00:00,18.56,81.0,257.0,500.24,98.0,328.4,1.24,52.0,93190.0
1990-07-07 06:00:00+00:00,24.15,54.2,447.0,664.97,121.0,332.65,0.9,49.0,93210.0
1990-07-07 07:00:00+00:00,26.5,43.05,623.0,744.89,141.0,345.45,0.55,60.0,93210.0
1990-07-07 08:00:00+00:00,28.05,37.75,779.0,810.13,149.0,353.0,0.34,101.0,93210.0
1990-07-07 09:00:00+00:00,29.21,34.2,897.0,854.46,151.0,359.0,0.28,195.0,93180.0
1990-07-07 10:00:00+00:00,30.24,31.0,961.0,871.79,153.0,363.25,0.62,226.0,93180.0
1990-07-07 11:00:00+00:00,30.96,29.15,982.0,898.13,142.0,367.3,1.17,237.0,93140.0
1990-07-07 12:00:00+00:00,31.35,30.2,926.0,862.09,152.0,372.35,1.79,243.0,93080.0
1990-07-07 13:00:00+00:00,31.23,32.4,829.0,834.75,147.0,373.3,2.28,244.0,93060.0
1990-07-07 14:00:00+00:00,30.02,36.95,686.0,777.52,143.0,382.4,2.9,242.0,93040.0
1990-07-07 15:00:00+00:00,29.12,40.75,513.0,698.2,129.0,378.75,2.97,243.0,93020.0
1990-07-07 16:00:00+00:00,28.19,44.95,330.0,591.69,104.0,375.45,2.62,248.0,93000.0
1990-07-07 17:00:00+00:00,27.13,47.9,148.0,388.85,68.0,374.85,1.59,251.0,92980.0
1990-07-07 18:00:00+00:00,25.59,62.55,7.0,0.0,7.0,368.85,0.97,243.0,92970.0
1990-07-07 19:00:00+00:00,25.0,56.35,0.0,0.0,0.0,368.65,0.69,235.0,92960.0
1990-07-07 20:00:00+00:00,24.88,54.45,0.0,0.0,0.0,360.55,0.21,165.0,92980.0
1990-07-07 21:00:00+00:00,24.22,58.1,0.0,0.0,0.0,356.3,0.55,80.0,92960.0
1990-07-07 22:00:00+00:00,23.0,60.05,0.0,0.0,0.0,353.0,0.9,64.0,92940.0
1990-07-07 23:00:00+00:00,20.8,70.9,0.0,0.0,0.0,353.55,1.24,64.0,92910.0
1990-07-08 00:00:00+00:00,19.49,78.35,0.0,0.0,0.0,349.5,1.38,66.0,92890.0
1990-07-08 01:00:00+00:00,18.59,81.0,0.0,0.0,0.0,347.3,1.45,64.0,92860.0
1990-07-08 02:00:00+00:00,18.0,83.75,0.0,0.0,0.0,347.75,1.45,63.0,92820.0
1990-07-08 03:00:00+00:00,17.79,83.75,0.0,0.0,0.0,348.15,1.45,64.0,92810.0
1990-07-08 04:00:00+00:00,18.09,83.75,81.0,214.49,51.0,346.0,1.31,67.0,92780.0
1990-07-08 05:00:00+00:00,20.92,73.35,252.0,474.35,102.0,345.05,0.76,75.0,92770.0
1990-07-08 06:00:00+00:00,25.57,50.95,441.0,648.55,124.0,352.0,0.62,159.0,92770.0
1990-07-08 07:00:00+00:00,27.06,40.25,619.0,740.17,141.0,358.0,0.83,212.0,92800.0
1990-07-08 08:00:00+00:00,28.5,34.1,770.0,794.53,153.0,361.7,1.66,228.0,92770.0
1990-07-08 09:00:00+00:00,29.47,30.9,892.0,849.62,151.0,367.3,2.28,236.0,92740.0
1990-07-08 10:00:00+00:00,30.02,31.0,962.0,878.98,148.0,373.3,2.69,241.0,92710.0
1990-07-08 11:00:00+00:00,30.17,33.3,978.0,893.39,143.0,372.35,3.03,241.0,92660.0
1990-07-08 12:00:00+00:00,29.74,35.6,922.0,858.15,152.0,377.95,3.24,238.0,92630.0
1990-07-08 13:00:00+00:00,29.19,39.35,826.0,830.35,148.0,384.95,3.17,237.0,92590.0
1990-07-08 14:00:00+00:00,28.86,40.65,683.0,773.77,143.0,385.1,3.03,238.0,92570.0
1990-07-08 15:00:00+00:00,28.32,41.95,510.0,693.43,129.0,382.4,2.83,240.0,92520.0
1990-07-08 16:00:00+00:00,27.7,41.8,328.0,584.82,105.0,375.85,2.41,238.0,92500.0
1990-07-08 17:00:00+00:00,26.86,43.15,147.0,380.56,69.0,365.4,1.93,238.0,92520.0
1990-07-08 18:00:00+00:00,25.37,54.55,6.0,0.0,6.0,370.2,1.03,228.0,92530.0
1990-07-08 19:00:00+00:00,25.45,47.5,0.0,0.0,0.0,361.7,0.41,188.0,92500.0
1990-07-08 20:00:00+00:00,23.96,56.15,0.0,0.0,0.0,352.4,0.9,102.0,92520.0
1990-07-08 21:00:00+00:00,22.2,64.1,0.0,0.0,0.0,350.3,1.17,84.0,92480.0
1990-07-08 22:00:00+00:00,21.19,66.15,0.0,0.0,0.0,348.55,1.17,88.0,92460.0
1990-07-08 23:00:00+00:00,22.61,55.9,0.0,0.0,0.0,348.15,0.83,83.0,92440.0
1990-07-09 00:00:00+00:00,22.29,57.75,0.0,0.0,0.0,341.75,0.76,74.0,92440.0
1990-07-09 01:00:00+00:00,20.94,63.9,0.0,0.0,0.0,341.7,1.03,57.0,92450.0
1990-07-09 02:00:00+00:00,18.95,75.65,0.0,0.0,0.0,335.95,1.31,51.0,92430.0
1990-07-09 03:00:00+00:00,17.79,80.9,0.0,0.0,0.0,339.65,1.38,56.0,92430.0
1990-07-09 04:00:00+00:00,17.22,86.6,76.0,173.85,52.0,337.7,1.38,65.0,92430.0
1990-07-09 05:00:00+00:00,19.73,81.1,239.0,410.11,110.0,330.95,0.83,52.0,92410.0
1990-07-09 06:00:00+00:00,24.6,56.25,423.0,572.57,144.0,340.0,0.62,26.0,92450.0
1990-07-09 07:00:00+00:00,26.13,51.05,592.0,643.94,177.0,361.7,1.24,76.0,92520.0
1990-07-09 08:00:00+00:00,27.28,46.25,741.0,705.42,194.0,366.95,0.62,135.0,92520.0
1990-07-09 09:00:00+00:00,28.52,40.65,864.0,779.38,185.0,376.8,1.31,188.0,92530.0
1990-07-09 10:00:00+00:00,29.39,38.15,917.0,765.17,209.0,382.8,2.07,203.0,92520.0
1990-07-09 11:00:00+00:00,30.01,35.7,953.0,842.64,166.0,383.95,2.69,214.0,92470.0
1990-07-09 12:00:00+00:00,30.19,35.7,904.0,817.45,171.0,388.2,3.03,226.0,92460.0
1990-07-09 13:00:00+00:00,28.65,39.25,814.0,805.17,157.0,387.25,2.55,227.0,92480.0
1990-07-09 14:00:00+00:00,28.65,37.9,672.0,747.15,151.0,386.65,1.93,208.0,92500.0
1990-07-09 15:00:00+00:00,28.3,37.75,497.0,639.56,146.0,380.85,1.86,206.0,92500.0
1990-07-09 16:00:00+00:00,28.03,37.75,317.0,528.13,116.0,374.3,1.72,216.0,92480.0
1990-07-09 17:00:00+00:00,26.98,47.9,140.0,328.28,73.0,369.25,1.24,215.0,92510.0
1990-07-09 18:00:00+00:00,26.61,40.1,6.0,0.0,6.0,365.2,0.41,216.0,92540.0
1990-07-09 19:00:00+00:00,24.08,52.35,0.0,0.0,0.0,350.85,0.9,8.0,92610.0
1990-07-09 20:00:00+00:00,21.96,59.8,0.0,0.0,0.0,345.05,1.38,28.0,92680.0
1990-07-09 21:00:00+00:00,20.53,63.8,0.0,0.0,0.0,353.75,1.66,40.0,92680.0
1990-07-09 22:00:00+00:00,19.65,68.2,0.0,0.0,0.0,355.9,1.79,43.0,92730.0
1990-07-09 23:00:00+00:00,19.16,73.05,0.0,0.0,0.0,352.2,2.0,41.0,92740.0
1990-07-10 00:00:00+00:00,18.77,73.05,0.0,0.0,0.0,351.25,2.21,40.0,92790.0
1990-07-10 01:00:00+00:00,18.29,75.55,0.0,0.0,0.0,352.7,2.48,40.0,92830.0
1990-07-10 02:00:00+00:00,17.9,75.45,0.0,0.0,0.0,356.65,2.76,39.0,92850.0
1990-07-10 03:00:00+00:00,17.48,72.8,0.0,0.0,0.0,357.45,2.9,42.0,92880.0
1990-07-10 04:00:00+00:00,17.2,70.2,54.0,44.06,48.0,353.75,2.9,48.0,92920.0
1990-07-10 05:00:00+00:00,17.39,65.45,28.0,0.0,28.0,357.85,3.03,51.0,92950.0
1990-07-10 06:00:00+00:00,17.64,67.85,320.0,201.76,222.0,354.35,2.97,49.0,93000.0
1990-07-10 07:00:00+00:00,17.72,70.3,457.0,247.24,298.0,350.3,3.86,55.0,93040.0
1990-07-10 08:00:00+00:00,19.26,59.15,701.0,573.46,257.0,361.5,4.28,57.0,93030.0
1990-07-10 09:00:00+00:00,21.19,49.95,884.0,830.84,161.0,352.2,4.14,55.0,93050.0
1990-07-10 10:00:00+00:00,22.72,45.25,917.0,757.21,217.0,353.55,3.79,55.0,93040.0
1990-07-10 11:00:00+00:00,23.97,43.9,980.0,897.93,142.0,366.15,3.1,59.0,93010.0
1990-07-10 12:00:00+00:00,25.0,41.15,925.0,862.67,152.0,357.45,2.28,47.0,92970.0
1990-07-10 13:00:00+00:00,25.63,39.85,828.0,835.21,147.0,349.7,2.07,29.0,92990.0
1990-07-10 14:00:00+00:00,25.98,37.2,684.0,777.96,142.0,352.8,1.79,21.0,92950.0
1990-07-10 15:00:00+00:00,25.87,35.9,517.0,717.0,124.0,356.65,1.59,27.0,92940.0
1990-07-10 16:00:00+00:00,25.48,35.8,333.0,613.52,100.0,343.9,1.79,34.0,92930.0
1990-07-10 17:00:00+00:00,24.59,38.15,152.0,433.21,64.0,338.65,2.14,40.0,92930.0
1990-07-10 18:00:00+00:00,23.18,39.3,7.0,0.0,7.0,330.55,2.28,47.0,92950.0
1990-07-10 19:00:00+00:00,21.57,41.85,0.0,0.0,0.0,323.95,2.41,57.0,93010.0
1990-07-10 20:00:00+00:00,20.32,44.7,0.0,0.0,0.0,319.7,2.48,53.0,93070.0
1990-07-10 21:00:00+00:00,19.01,51.25,0.0,0.0,0.0,316.4,1.86,45.0,93130.0
1990-07-10 22:00:00+00:00,17.47,58.8,0.0,0.0,0.0,312.95,1.66,41.0,93170.0
1990-07-10 23:00:00+00:00,16.06,67.55,0.0,0.0,0.0,308.85,1.66,41.0,93160.0
1990-07-11 00:00:00+00:00,14.97,72.4,0.0,0.0,0.0,305.55,1.66,44.0,93170.0
1990-07-11 01:00:00+00:00,14.08,77.6,0.0,0.0,0.0,302.95,1.66,45.0,93160.0
1990-07-11 02:00:00+00:00,13.36,80.35,0.0,0.0,0.0,300.35,1.59,47.0,93140.0
1990-07-11 03:00:00+00:00,12.77,80.35,0.0,0.0,0.0,298.05,1.66,48.0,93130.0
1990-07-11 04:00:00+00:00,12.59,83.25,95.0,394.8,42.0,295.9,1.59,49.0,93120.0
1990-07-11 05:00:00+00:00,15.33,69.9,276.0,633.35,79.0,295.7,1.45,48.0,93130.0
1990-07-11 06:00:00+00:00,18.32,51.15,467.0,745.67,106.0,298.2,1.52,47.0,93140.0
1990-07-11 07:00:00+00:00,20.16,41.45,642.0,800.99,128.0,299.95,1.66,47.0,93150.0
1990-07-11 08:00:00+00:00,22.39,31.45,795.0,844.72,142.0,306.55,1.45,48.0,93140.0
1990-07-11 09:00:00+00:00,24.42,26.45,911.0,877.84,148.0,312.75,0.97,46.0,93150.0
1990-07-11 10:00:00+00:00,25.98,23.15,983.0,907.36,145.0,319.7,0.41,341.0,93130.0
1990-07-11 11:00:00+00:00,27.12,21.7,999.0,922.26,139.0,324.55,0.69,291.0,93090.0
1990-07-11 12:00:00+00:00,27.89,20.35,943.0,885.68,150.0,328.05,1.03,274.0,93030.0
1990-07-11 13:00:00+00:00,28.33,21.15,850.0,870.26,141.0,330.35,1.45,267.0,92990.0
1990-07-11 14:00:00+00:00,28.34,21.95,703.0,813.23,137.0,331.9,2.0,265.0,92960.0
1990-07-11 15:00:00+00:00,27.59,24.4,532.0,752.72,120.0,332.1,2.41,259.0,92950.0
1990-07-11 16:00:00+00:00,26.41,29.05,343.0,651.92,96.0,331.3,2.34,258.0,92970.0
1990-07-11 17:00:00+00:00,25.11,34.4,159.0,484.95,61.0,330.95,2.0,259.0,92980.0
1990-07-11 18:00:00+00:00,23.34,48.8,7.0,0.0,7.0,329.55,0.97,243.0,93000.0
1990-07-11 19:00:00+00:00,23.08,43.75,0.0,0.0,0.0,328.0,0.76,237.0,92990.0
1990-07-11 20:00:00+00:00,22.53,43.65,0.0,0.0,0.0,324.95,0.21,274.0,93040.0
1990-07-11 21:00:00+00:00,21.79,48.3,0.0,0.0,0.0,322.6,0.76,48.0,93010.0
1990-07-11 22:00:00+00:00,19.39,57.2,0.0,0.0,0.0,320.3,1.17,46.0,93030.0
1990-07-11 23:00:00+00:00,17.28,65.45,0.0,0.0,0.0,318.95,1.45,51.0,93000.0
1990-07-12 00:00:00+00:00,15.7,75.1,0.0,0.0,0.0,317.95,1.59,54.0,93000.0
1990-07-12 01:00:00+00:00,14.9,77.75,0.0,0.0,0.0,316.7,1.59,54.0,92980.0
1990-07-12 02:00:00+00:00,14.3,80.45,0.0,0.0,0.0,315.45,1.52,54.0,92950.0
1990-07-12 03:00:00+00:00,13.78,83.35,0.0,0.0,0.0,313.9,1.59,53.0,92940.0
1990-07-12 04:00:00+00:00,13.77,86.35,88.0,332.69,44.0,312.75,1.52,52.0,92940.0
1990-07-12 05:00:00+00:00,16.87,80.8,259.0,556.24,87.0,317.75,1.17,50.0,92960.0
1990-07-12 06:00:00+00:00,22.89,43.75,447.0,690.17,114.0,318.75,0.97,47.0,92980.0
1990-07-12 07:00:00+00:00,24.84,34.4,621.0,755.93,137.0,331.9,1.72,42.0,93000.0
1990-07-12 08:00:00+00:00,26.26,34.65,774.0,809.8,149.0,336.35,1.72,40.0,93020.0
1990-07-12 09:00:00+00:00,27.68,31.5,893.0,855.89,150.0,343.1,1.31,25.0,93010.0
1990-07-12 10:00:00+00:00,28.69,29.55,953.0,861.66,158.0,349.7,1.24,336.0,92990.0
1990-07-12 11:00:00+00:00,29.36,28.65,918.0,735.23,233.0,364.2,1.72,314.0,92980.0
1990-07-12 12:00:00+00:00,29.74,26.75,930.0,876.35,146.0,366.75,2.0,307.0,92920.0
1990-07-12 13:00:00+00:00,29.76,26.75,819.0,814.53,156.0,377.95,1.93,300.0,92910.0
1990-07-12 14:00:00+00:00,29.31,28.65,680.0,769.53,145.0,379.5,2.0,284.0,92880.0
1990-07-12 15:00:00+00:00,28.36,32.75,517.0,719.13,124.0,381.65,2.28,263.0,92880.0
1990-07-12 16:00:00+00:00,27.4,36.3,320.0,550.41,112.0,364.2,2.14,256.0,92890.0
1990-07-12 17:00:00+00:00,26.27,42.9,149.0,423.02,64.0,355.1,1.38,253.0,92910.0
1990-07-12 18:00:00+00:00,25.56,44.3,6.0,0.0,6.0,350.85,0.62,239.0,92910.0
1990-07-12 19:00:00+00:00,24.72,47.25,0.0,0.0,0.0,348.95,0.62,231.0,92890.0
1990-07-12 20:00:00+00:00,24.06,48.8,0.0,0.0,0.0,344.5,0.14,110.0,92940.0
1990-07-12 21:00:00+00:00,21.11,63.9,0.0,0.0,0.0,343.3,1.03,57.0,92930.0
1990-07-12 22:00:00+00:00,19.71,68.2,0.0,0.0,0.0,339.45,1.45,55.0,92940.0
1990-07-12 23:00:00+00:00,18.09,75.45,0.0,0.0,0.0,336.75,1.52,53.0,92900.0
1990-07-13 00:00:00+00:00,16.92,78.0,0.0,0.0,0.0,332.5,1.52,52.0,92880.0
1990-07-13 01:00:00+00:00,16.27,80.75,0.0,0.0,0.0,330.05,1.59,52.0,92850.0
1990-07-13 02:00:00+00:00,15.71,86.5,0.0,0.0,0.0,328.2,1.59,53.0,92820.0
1990-07-13 03:00:00+00:00,15.27,86.5,0.0,0.0,0.0,326.3,1.52,55.0,92820.0
1990-07-13 04:00:00+00:00,15.27,86.5,78.0,245.75,46.0,324.75,1.31,57.0,92830.0
1990-07-13 05:00:00+00:00,18.24,83.75,249.0,507.57,93.0,326.3,0.83,60.0,92810.0
1990-07-13 06:00:00+00:00,23.48,50.55,435.0,655.14,120.0,331.5,0.34,86.0,92830.0
1990-07-13 07:00:00+00:00,25.31,47.4,609.0,726.38,145.0,341.75,0.9,207.0,92850.0
1990-07-13 08:00:00+00:00,26.68,41.55,760.0,778.71,160.0,349.5,1.66,241.0,92860.0
1990-07-13 09:00:00+00:00,27.7,36.3,882.0,837.37,156.0,359.95,2.14,254.0,92850.0
1990-07-13 10:00:00+00:00,27.91,33.95,911.0,752.97,217.0,364.8,2.34,256.0,92860.0
1990-07-13 11:00:00+00:00,28.25,33.95,932.0,785.32,201.0,377.4,2.55,254.0,92830.0
1990-07-13 12:00:00+00:00,28.39,34.1,676.0,285.29,421.0,380.85,2.55,246.0,92810.0
1990-07-13 13:00:00+00:00,28.23,36.45,762.0,644.39,238.0,382.6,2.69,240.0,92770.0
1990-07-13 14:00:00+00:00,27.68,38.95,611.0,537.16,238.0,377.95,2.69,243.0,92780.0
1990-07-13 15:00:00+00:00,26.91,43.15,321.0,120.98,255.0,381.05,2.41,249.0,92790.0
1990-07-13 16:00:00+00:00,26.17,47.65,313.0,520.12,117.0,382.2,1.93,254.0,92810.0
1990-07-13 17:00:00+00:00,25.6,49.2,67.0,15.02,64.0,377.0,1.66,262.0,92810.0
1990-07-13 18:00:00+00:00,24.38,56.25,4.0,0.0,4.0,371.0,1.1,248.0,92850.0
1990-07-13 19:00:00+00:00,23.55,60.15,0.0,0.0,0.0,361.1,0.76,228.0,92840.0
1990-07-13 20:00:00+00:00,23.34,58.1,0.0,0.0,0.0,354.35,0.21,242.0,92870.0
1990-07-13 21:00:00+00:00,22.76,62.05,0.0,0.0,0.0,346.8,0.55,18.0,92880.0
1990-07-13 22:00:00+00:00,20.89,68.5,0.0,0.0,0.0,351.05,1.03,44.0,92880.0
1990-07-13 23:00:00+00:00,19.18,78.3,0.0,0.0,0.0,345.65,1.24,47.0,92860.0
1990-07-14 00:00:00+00:00,18.18,83.75,0.0,0.0,0.0,348.75,1.31,47.0,92850.0
1990-07-14 01:00:00+00:00,17.22,86.6,0.0,0.0,0.0,341.9,1.38,44.0,92850.0
1990-07-14 02:00:00+00:00,16.67,89.65,0.0,0.0,0.0,338.85,1.52,44.0,92830.0
1990-07-14 03:00:00+00:00,16.54,86.55,0.0,0.0,0.0,346.8,1.52,45.0,92840.0
1990-07-14 04:00:00+00:00,16.76,83.65,62.0,117.08,47.0,349.9,1.59,45.0,92860.0
1990-07-14 05:00:00+00:00,18.97,75.65,221.0,350.33,114.0,349.1,1.52,41.0,92900.0
1990-07-14 06:00:00+00:00,21.34,61.85,406.0,532.26,151.0,350.65,1.72,41.0,92930.0
1990-07-14 07:00:00+00:00,23.23,56.0,607.0,735.95,138.0,349.9,2.28,42.0,92930.0
1990-07-14 08:00:00+00:00,24.77,48.95,763.0,803.45,145.0,356.65,2.41,41.0,92950.0
1990-07-14 09:00:00+00:00,26.32,41.4,882.0,848.87,147.0,365.0,2.28,33.0,92920.0
1990-07-14 10:00:00+00:00,27.47,35.05,948.0,867.84,149.0,363.45,1.86,22.0,92940.0
1990-07-14 11:00:00+00:00,28.52,31.75,954.0,859.21,155.0,364.8,2.0,356.0,92910.0
1990-07-14 12:00:00+00:00,29.15,29.7,890.0,795.1,180.0,371.55,2.07,344.0,92870.0
1990-07-14 13:00:00+00:00,29.74,27.75,814.0,818.64,149.0,371.95,1.86,336.0,92840.0
1990-07-14 14:00:00+00:00,29.79,27.75,679.0,783.0,136.0,379.9,1.72,334.0,92810.0
1990-07-14 15:00:00+00:00,29.45,27.75,517.0,738.22,115.0,382.2,1.86,334.0,92820.0
1990-07-14 16:00:00+00:00,28.76,30.65,325.0,601.58,99.0,375.45,1.79,349.0,92850.0
1990-07-14 17:00:00+00:00,27.34,37.5,145.0,413.37,63.0,362.1,1.52,19.0,92900.0
1990-07-14 18:00:00+00:00,25.66,38.45,5.0,0.0,5.0,357.65,1.52,52.0,92950.0
1990-07-14 19:00:00+00:00,23.72,50.55,0.0,0.0,0.0,355.5,1.45,58.0,92970.0
1990-07-14 20:00:00+00:00,22.43,48.55,0.0,0.0,0.0,350.5,1.93,52.0,93060.0
1990-07-14 21:00:00+00:00,21.03,55.55,0.0,0.0,0.0,344.3,1.79,49.0,93080.0
1990-07-14 22:00:00+00:00,19.78,65.85,0.0,0.0,0.0,341.2,1.52,43.0,93110.0
1990-07-14 23:00:00+00:00,18.62,70.45,0.0,0.0,0.0,336.75,1.52,44.0,93130.0
1990-07-15 00:00:00+00:00,17.76,72.9,0.0,0.0,0.0,334.0,1.59,48.0,93130.0
1990-07-15 01:00:00+00:00,17.04,78.0,0.0,0.0,0.0,331.4,1.59,49.0,93140.0
1990-07-15 02:00:00+00:00,16.37,80.75,0.0,0.0,0.0,328.8,1.59,49.0,93120.0
1990-07-15 03:00:00+00:00,15.88,83.55,0.0,0.0,0.0,326.65,1.66,49.0,93120.0
1990-07-15 04:00:00+00:00,15.71,89.55,81.0,301.66,43.0,324.55,1.59,48.0,93130.0
1990-07-15 05:00:00+00:00,18.16,80.9,245.0,504.18,92.0,324.95,1.38,48.0,93170.0
1990-07-15 06:00:00+00:00,22.38,54.0,436.0,670.4,116.0,329.75,1.31,46.0,93180.0
1990-07-15 07:00:00+00:00,24.43,45.6,612.0,747.19,137.0,338.85,2.34,50.0,93200.0
1990-07-15 08:00:00+00:00,26.29,38.55,765.0,802.26,149.0,344.85,2.55,49.0,93200.0
1990-07-15 09:00:00+00:00,27.88,32.75,884.0,848.88,150.0,351.45,2.55,44.0,93210.0
1990-07-15 10:00:00+00:00,29.11,30.75,950.0,866.65,153.0,356.3,2.21,38.0,93210.0
1990-07-15 11:00:00+00:00,29.94,27.85,951.0,846.09,165.0,360.55,1.66,32.0,93200.0
1990-07-15 12:00:00+00:00,30.42,26.05,892.0,790.3,187.0,367.5,1.59,23.0,93170.0
1990-07-15 13:00:00+00:00,30.56,25.15,704.0,489.27,307.0,376.4,1.1,23.0,93150.0
1990-07-15 14:00:00+00:00,30.3,25.95,663.0,722.01,163.0,389.75,0.41,6.0,93130.0
1990-07-15 15:00:00+00:00,30.05,26.9,394.0,285.21,239.0,394.8,0.9,276.0,93120.0
1990-07-15 16:00:00+00:00,29.33,30.75,306.0,491.4,122.0,371.4,1.24,260.0,93130.0
1990-07-15 17:00:00+00:00,28.01,44.95,135.0,330.04,70.0,369.05,0.97,252.0,93160.0
1990-07-15 18:00:00+00:00,27.65,37.6,0.0,0.0,0.0,372.15,0.34,199.0,93170.0
1990-07-15 19:00:00+00:00,26.87,38.85,0.0,0.0,0.0,363.25,0.34,171.0,93180.0
1990-07-15 20:00:00+00:00,25.93,44.45,0.0,0.0,0.0,355.1,0.62,92.0,93230.0
1990-07-15 21:00:00+00:00,23.41,54.2,0.0,0.0,0.0,351.45,1.1,68.0,93260.0
1990-07-15 22:00:00+00:00,21.24,66.15,0.0,0.0,0.0,350.3,1.38,58.0,93280.0
1990-07-15 23:00:00+00:00,19.65,73.15,0.0,0.0,0.0,345.85,1.45,55.0,93260.0
1990-07-16 00:00:00+00:00,18.57,78.25,0.0,0.0,0.0,343.3,1.45,56.0,93290.0
1990-07-16 01:00:00+00:00,17.86,80.9,0.0,0.0,0.0,339.35,1.45,54.0,93290.0
1990-07-16 02:00:00+00:00,17.37,83.7,0.0,0.0,0.0,339.05,1.45,55.0,93270.0
1990-07-16 03:00:00+00:00,16.99,86.6,0.0,0.0,0.0,338.65,1.45,54.0,93260.0
1990-07-16 04:00:00+00:00,16.87,86.6,71.0,218.15,44.0,335.4,1.38,54.0,93270.0
1990-07-16 05:00:00+00:00,19.56,78.35,242.0,504.22,90.0,337.1,1.03,55.0,93300.0
1990-07-16 06:00:00+00:00,24.95,50.8,432.0,662.43,117.0,341.2,0.69,63.0,93310.0
1990-07-16 07:00:00+00:00,27.19,41.65,607.0,739.61,138.0,353.55,0.69,181.0,93340.0
1990-07-16 08:00:00+00:00,28.53,37.9,759.0,795.89,149.0,360.75,1.24,225.0,93360.0
1990-07-16 09:00:00+00:00,29.56,34.35,869.0,819.97,161.0,371.95,1.66,238.0,93340.0
1990-07-16 10:00:00+00:00,30.31,33.3,939.0,849.17,159.0,374.1,2.0,248.0,93350.0
1990-07-16 11:00:00+00:00,30.86,32.25,951.0,851.31,161.0,381.05,2.21,251.0,93330.0
1990-07-16 12:00:00+00:00,30.97,31.3,887.0,784.42,188.0,377.75,2.34,253.0,93300.0
1990-07-16 13:00:00+00:00,30.71,32.25,807.0,802.04,157.0,390.35,2.69,254.0,93290.0
1990-07-16 14:00:00+00:00,30.34,32.15,669.0,756.37,146.0,387.05,2.48,256.0,93270.0
1990-07-16 15:00:00+00:00,29.99,33.3,498.0,673.06,133.0,388.0,2.62,258.0,93250.0
1990-07-16 16:00:00+00:00,29.24,35.45,318.0,573.56,104.0,378.15,2.76,269.0,93260.0
1990-07-16 17:00:00+00:00,28.38,36.6,132.0,312.14,71.0,386.45,2.28,272.0,93280.0
1990-07-16 18:00:00+00:00,26.74,49.45,0.0,0.0,0.0,372.55,1.31,271.0,93270.0
1990-07-16 19:00:00+00:00,26.08,47.65,0.0,0.0,0.0,365.2,0.76,227.0,93260.0
1990-07-16 20:00:00+00:00,25.93,42.9,0.0,0.0,0.0,362.1,0.34,169.0,93300.0
1990-07-16 21:00:00+00:00,25.21,47.4,0.0,0.0,0.0,355.3,0.76,80.0,93280.0
1990-07-16 22:00:00+00:00,22.94,56.0,0.0,0.0,0.0,353.95,1.1,64.0,93290.0
1990-07-16 23:00:00+00:00,20.99,63.9,0.0,0.0,0.0,351.25,1.38,57.0,93260.0
1990-07-17 00:00:00+00:00,19.6,70.65,0.0,0.0,0.0,349.7,1.45,56.0,93290.0
1990-07-17 01:00:00+00:00,18.62,75.55,0.0,0.0,0.0,347.5,1.45,56.0,93290.0
1990-07-17 02:00:00+00:00,17.94,78.15,0.0,0.0,0.0,345.45,1.45,56.0,93260.0
1990-07-17 03:00:00+00:00,17.47,80.85,0.0,0.0,0.0,343.5,1.45,55.0,93250.0
1990-07-17 04:00:00+00:00,17.36,83.7,61.0,131.66,45.0,343.9,1.38,55.0,93260.0
1990-07-17 05:00:00+00:00,20.12,78.45,223.0,394.12,105.0,343.5,0.97,54.0,93280.0
1990-07-17 06:00:00+00:00,26.18,49.3,411.0,580.56,136.0,347.2,0.55,59.0,93290.0
1990-07-17 07:00:00+00:00,28.11,41.95,595.0,711.47,145.0,362.65,0.69,170.0,93310.0
1990-07-17 08:00:00+00:00,29.55,36.85,750.0,779.08,154.0,369.85,0.9,214.0,93310.0
1990-07-17 09:00:00+00:00,30.55,34.6,863.0,814.21,161.0,380.3,1.38,235.0,93290.0
1990-07-17 10:00:00+00:00,31.48,31.4,918.0,802.25,182.0,382.6,1.86,244.0,93300.0
1990-07-17 11:00:00+00:00,31.96,29.4,909.0,744.39,219.0,381.85,2.28,244.0,93270.0
1990-07-17 12:00:00+00:00,32.1,29.4,881.0,778.57,188.0,391.3,2.48,245.0,93250.0
1990-07-17 13:00:00+00:00,32.13,26.45,797.0,782.07,164.0,389.95,2.62,247.0,93230.0
1990-07-17 14:00:00+00:00,31.76,29.3,661.0,737.32,152.0,390.35,2.69,248.0,93210.0
1990-07-17 15:00:00+00:00,30.8,35.85,486.0,630.26,145.0,408.15,2.97,252.0,93170.0
1990-07-17 16:00:00+00:00,29.36,42.2,292.0,443.91,127.0,403.1,2.28,288.0,93210.0
1990-07-17 17:00:00+00:00,27.75,46.4,129.0,304.42,70.0,388.6,1.31,352.0,93280.0
1990-07-17 18:00:00+00:00,26.73,56.7,0.0,0.0,0.0,377.4,0.9,32.0,93250.0
1990-07-17 19:00:00+00:00,27.15,51.3,0.0,0.0,0.0,377.0,0.83,210.0,93160.0
1990-07-17 20:00:00+00:00,27.01,49.55,0.0,0.0,0.0,381.45,0.21,133.0,93200.0
1990-07-17 21:00:00+00:00,24.86,60.35,0.0,0.0,0.0,370.0,0.97,65.0,93210.0
1990-07-17 22:00:00+00:00,22.75,66.45,0.0,0.0,0.0,365.95,1.45,55.0,93210.0
1990-07-17 23:00:00+00:00,21.11,70.9,0.0,0.0,0.0,363.65,1.52,52.0,93200.0
1990-07-18 00:00:00+00:00,20.05,75.75,0.0,0.0,0.0,358.8,1.52,52.0,93200.0
1990-07-18 01:00:00+00:00,19.32,75.7,0.0,0.0,0.0,355.4,1.52,52.0,93170.0
1990-07-18 02:00:00+00:00,18.78,78.3,0.0,0.0,0.0,352.6,1.59,50.0,93160.0
1990-07-18 03:00:00+00:00,18.4,81.0,0.0,0.0,0.0,350.5,1.59,50.0,93140.0
1990-07-18 04:00:00+00:00,18.3,81.0,50.0,67.1,42.0,348.75,1.59,50.0,93150.0
1990-07-18 05:00:00+00:00,20.83,75.95,207.0,306.08,116.0,348.55,1.24,48.0,93160.0
1990-07-18 06:00:00+00:00,26.61,49.45,396.0,512.92,154.0,353.4,0.97,43.0,93170.0
1990-07-18 07:00:00+00:00,29.25,39.35,583.0,662.62,165.0,363.45,0.62,27.0,93160.0
1990-07-18 08:00:00+00:00,30.95,31.3,739.0,741.29,173.0,371.0,0.41,359.0,93150.0
1990-07-18 09:00:00+00:00,32.05,28.4,755.0,506.45,319.0,376.8,0.55,299.0,93130.0
1990-07-18 10:00:00+00:00,32.85,26.55,520.0,81.86,445.0,385.1,1.1,262.0,93100.0
1990-07-18 11:00:00+00:00,33.62,25.9,702.0,286.23,437.0,386.65,1.72,259.0,93050.0
1990-07-18 12:00:00+00:00,33.77,25.9,474.0,60.74,420.0,390.75,2.14,251.0,93020.0
1990-07-18 13:00:00+00:00,33.57,25.9,688.0,463.95,313.0,392.65,2.34,245.0,93000.0
1990-07-18 14:00:00+00:00,33.0,25.75,415.0,121.89,331.0,394.4,2.83,249.0,93000.0
1990-07-18 15:00:00+00:00,31.62,29.3,386.0,274.22,238.0,409.3,2.0,244.0,92980.0
1990-07-18 16:00:00+00:00,30.8,41.15,263.0,302.55,151.0,404.45,0.62,356.0,93030.0
1990-07-18 17:00:00+00:00,30.54,30.05,94.0,93.7,76.0,383.4,0.76,107.0,93010.0
1990-07-18 18:00:00+00:00,29.5,35.6,0.0,0.0,0.0,374.1,0.48,178.0,93020.0
1990-07-18 19:00:00+00:00,29.9,25.95,0.0,0.0,0.0,357.05,0.48,211.0,92990.0
1990-07-18 20:00:00+00:00,28.91,28.65,0.0,0.0,0.0,355.9,0.34,110.0,93030.0
1990-07-18 21:00:00+00:00,27.33,36.2,0.0,0.0,0.0,353.0,1.03,68.0,93030.0
1990-07-18 22:00:00+00:00,23.77,48.8,0.0,0.0,0.0,350.3,1.38,61.0,93030.0
1990-07-18 23:00:00+00:00,21.31,59.7,0.0,0.0,0.0,347.2,1.59,57.0,93020.0
1990-07-19 00:00:00+00:00,19.72,70.65,0.0,0.0,0.0,344.65,1.59,56.0,93030.0
1990-07-19 01:00:00+00:00,18.78,73.05,0.0,0.0,0.0,341.9,1.52,57.0,93000.0
1990-07-19 02:00:00+00:00,18.22,80.9,0.0,0.0,0.0,339.45,1.52,55.0,92970.0
1990-07-19 03:00:00+00:00,17.67,83.7,0.0,0.0,0.0,336.95,1.52,54.0,92930.0
1990-07-19 04:00:00+00:00,17.55,86.65,53.0,94.11,42.0,335.55,1.45,55.0,92960.0
1990-07-19 05:00:00+00:00,20.1,81.15,214.0,348.95,111.0,336.75,1.03,58.0,92960.0
1990-07-19 06:00:00+00:00,26.42,49.45,408.0,570.35,140.0,341.55,0.62,75.0,92940.0
1990-07-19 07:00:00+00:00,29.42,34.35,590.0,683.49,160.0,353.95,1.03,182.0,92950.0
1990-07-19 08:00:00+00:00,30.78,28.0,744.0,750.62,172.0,361.9,1.79,217.0,92940.0
1990-07-19 09:00:00+00:00,31.58,26.3,866.0,813.22,167.0,368.45,2.48,229.0,92940.0
1990-07-19 10:00:00+00:00,32.2,25.5,942.0,856.8,158.0,371.2,2.83,232.0,92950.0
1990-07-19 11:00:00+00:00,32.54,24.75,949.0,847.84,165.0,375.65,3.1,234.0,92920.0
1990-07-19 12:00:00+00:00,32.68,24.75,900.0,822.17,170.0,377.55,3.31,237.0,92910.0
1990-07-19 13:00:00+00:00,32.09,22.9,801.0,780.56,171.0,379.1,2.9,241.0,92890.0
1990-07-19 14:00:00+00:00,31.9,23.75,667.0,751.59,150.0,380.85,2.62,240.0,92830.0
1990-07-19 15:00:00+00:00,31.41,26.3,498.0,681.77,131.0,379.9,2.9,239.0,92820.0
1990-07-19 16:00:00+00:00,30.4,31.15,313.0,561.59,106.0,368.1,2.83,238.0,92800.0
1990-07-19 17:00:00+00:00,29.15,38.0,136.0,378.34,64.0,368.1,2.28,229.0,92810.0
1990-07-19 18:00:00+00:00,27.34,51.3,0.0,0.0,0.0,362.5,1.24,220.0,92810.0
1990-07-19 19:00:00+00:00,26.43,51.2,0.0,0.0,0.0,355.7,0.9,212.0,92780.0
1990-07-19 20:00:00+00:00,26.19,51.05,0.0,0.0,0.0,352.0,0.69,167.0,92800.0
1990-07-19 21:00:00+00:00,25.28,54.45,0.0,0.0,0.0,348.35,0.83,101.0,92800.0
1990-07-19 22:00:00+00:00,23.28,60.05,0.0,0.0,0.0,344.65,1.1,74.0,92780.0
1990-07-19 23:00:00+00:00,21.56,66.25,0.0,0.0,0.0,341.95,1.31,67.0,92780.0
1990-07-20 00:00:00+00:00,20.43,70.8,0.0,0.0,0.0,339.45,1.38,63.0,92760.0
1990-07-20 01:00:00+00:00,19.62,75.7,0.0,0.0,0.0,336.85,1.38,59.0,92740.0
1990-07-20 02:00:00+00:00,18.99,78.3,0.0,0.0,0.0,334.4,1.38,54.0,92700.0
1990-07-20 03:00:00+00:00,18.23,80.9,0.0,0.0,0.0,332.5,1.45,54.0,92690.0
1990-07-20 04:00:00+00:00,17.62,83.7,64.0,200.88,41.0,329.55,1.52,52.0,92680.0
1990-07-20 05:00:00+00:00,19.7,81.1,235.0,491.47,91.0,329.0,1.03,53.0,92690.0
1990-07-20 06:00:00+00:00,25.59,52.75,424.0,653.93,118.0,332.5,0.62,47.0,92690.0
1990-07-20 07:00:00+00:00,28.16,39.1,603.0,739.57,139.0,344.3,0.69,353.0,92720.0
1990-07-20 08:00:00+00:00,30.14,31.0,757.0,794.22,153.0,352.4,0.97,328.0,92710.0
1990-07-20 09:00:00+00:00,31.55,27.25,877.0,840.16,156.0,364.0,0.83,302.0,92700.0
1990-07-20 10:00:00+00:00,32.58,24.75,948.0,870.02,153.0,378.75,0.9,281.0,92680.0
1990-07-20 11:00:00+00:00,33.2,24.0,960.0,873.84,153.0,384.55,1.1,281.0,92670.0
1990-07-20 12:00:00+00:00,33.43,23.25,906.0,839.06,162.0,391.5,0.97,284.0,92670.0
1990-07-20 13:00:00+00:00,33.39,24.85,810.0,811.54,156.0,387.05,0.9,290.0,92650.0
1990-07-20 14:00:00+00:00,33.35,24.85,667.0,753.05,150.0,392.65,1.03,291.0,92600.0
1990-07-20 15:00:00+00:00,32.93,24.85,490.0,644.54,144.0,387.65,1.24,299.0,92590.0
1990-07-20 16:00:00+00:00,31.95,27.4,307.0,531.47,112.0,391.1,1.93,348.0,92610.0
1990-07-20 17:00:00+00:00,30.45,32.25,116.0,228.23,73.0,389.0,2.07,32.0,92680.0
1990-07-20 18:00:00+00:00,28.88,35.45,0.0,0.0,0.0,382.6,2.07,48.0,92690.0
1990-07-20 19:00:00+00:00,27.86,40.5,0.0,0.0,0.0,375.05,1.72,42.0,92700.0
1990-07-20 20:00:00+00:00,26.54,41.55,0.0,0.0,0.0,376.0,2.21,46.0,92750.0
1990-07-20 21:00:00+00:00,25.55,47.5,0.0,0.0,0.0,369.45,2.34,45.0,92800.0
1990-07-20 22:00:00+00:00,24.28,56.15,0.0,0.0,0.0,365.0,1.93,40.0,92820.0
1990-07-20 23:00:00+00:00,22.85,60.05,0.0,0.0,0.0,358.4,1.79,39.0,92830.0
1990-07-21 00:00:00+00:00,21.82,66.35,0.0,0.0,0.0,355.5,1.79,42.0,92850.0
1990-07-21 01:00:00+00:00,21.01,70.9,0.0,0.0,0.0,352.9,1.86,44.0,92840.0
1990-07-21 02:00:00+00:00,20.45,73.3,0.0,0.0,0.0,355.3,1.79,46.0,92830.0
1990-07-21 03:00:00+00:00,19.89,78.45,0.0,0.0,0.0,351.85,1.79,48.0,92830.0
1990-07-21 04:00:00+00:00,19.47,81.1,42.0,44.62,37.0,346.8,1.72,49.0,92830.0
1990-07-21 05:00:00+00:00,21.39,76.0,199.0,292.31,114.0,345.45,1.45,47.0,92860.0
1990-07-21 06:00:00+00:00,25.0,60.35,394.0,534.39,145.0,350.3,1.66,44.0,92870.0
1990-07-21 07:00:00+00:00,27.72,49.7,574.0,655.35,164.0,367.5,1.86,50.0,92860.0
1990-07-21 08:00:00+00:00,29.58,42.3,734.0,748.43,166.0,375.45,1.93,57.0,92870.0
1990-07-21 09:00:00+00:00,31.04,35.95,847.0,783.18,176.0,379.5,1.17,62.0,92870.0
1990-07-21 10:00:00+00:00,31.9,31.55,854.0,634.54,275.0,390.55,0.62,47.0,92880.0
1990-07-21 11:00:00+00:00,32.36,29.4,844.0,586.6,303.0,401.95,0.21,16.0,92870.0
1990-07-21 12:00:00+00:00,32.48,28.5,522.0,100.51,433.0,406.0,0.21,305.0,92880.0
1990-07-21 13:00:00+00:00,31.94,29.4,589.0,263.49,377.0,396.75,0.14,228.0,92860.0
1990-07-21 14:00:00+00:00,32.48,28.5,609.0,572.16,217.0,405.45,0.14,220.0,92850.0
1990-07-21 15:00:00+00:00,32.16,28.4,336.0,166.28,247.0,399.25,0.21,314.0,92820.0
1990-07-21 16:00:00+00:00,31.01,31.3,183.0,73.94,156.0,397.7,1.03,330.0,92850.0
1990-07-21 17:00:00+00:00,30.0,39.65,116.0,241.4,71.0,394.0,1.17,352.0,92860.0
1990-07-21 18:00:00+00:00,28.54,46.65,0.0,0.0,0.0,387.65,0.97,9.0,92870.0
1990-07-21 19:00:00+00:00,27.68,55.05,0.0,0.0,0.0,388.8,0.97,138.0,92860.0
1990-07-21 20:00:00+00:00,26.55,56.7,0.0,0.0,0.0,385.9,1.1,111.0,92910.0
1990-07-21 21:00:00+00:00,24.84,62.45,0.0,0.0,0.0,379.1,1.45,62.0,92940.0
1990-07-21 22:00:00+00:00,23.19,66.55,0.0,0.0,0.0,367.9,1.59,49.0,92930.0
1990-07-21 23:00:00+00:00,22.2,66.35,0.0,0.0,0.0,366.75,1.66,48.0,92930.0
1990-07-22 00:00:00+00:00,21.46,66.25,0.0,0.0,0.0,362.65,1.72,48.0,92930.0
1990-07-22 01:00:00+00:00,20.9,68.5,0.0,0.0,0.0,360.45,1.79,48.0,92910.0
1990-07-22 02:00:00+00:00,20.24,70.7,0.0,0.0,0.0,353.95,1.79,50.0,92880.0
1990-07-22 03:00:00+00:00,19.72,73.15,0.0,0.0,0.0,351.85,1.79,51.0,92870.0
1990-07-22 04:00:00+00:00,19.41,75.7,59.0,173.38,40.0,349.7,1.79,52.0,92870.0
1990-07-22 05:00:00+00:00,21.13,70.9,230.0,495.61,87.0,349.7,1.52,51.0,92880.0
1990-07-22 06:00:00+00:00,25.62,52.75,418.0,653.12,115.0,354.95,1.24,52.0,92890.0
1990-07-22 07:00:00+00:00,28.48,43.55,594.0,732.58,137.0,363.45,1.03,52.0,92950.0
1990-07-22 08:00:00+00:00,30.48,34.6,744.0,780.39,153.0,370.0,0.62,63.0,92890.0
1990-07-22 09:00:00+00:00,31.82,32.55,863.0,826.6,156.0,376.2,0.14,164.0,92900.0
1990-07-22 10:00:00+00:00,32.65,27.55,934.0,856.08,154.0,382.8,0.69,226.0,92870.0
1990-07-22 11:00:00+00:00,32.96,25.75,910.0,761.15,209.0,392.65,1.31,231.0,92850.0
1990-07-22 12:00:00+00:00,32.5,26.55,868.0,751.0,204.0,406.4,1.59,230.0,92840.0
1990-07-22 13:00:00+00:00,31.21,31.3,759.0,674.8,217.0,403.7,2.0,235.0,92850.0
1990-07-22 14:00:00+00:00,29.95,35.7,645.0,697.75,168.0,399.65,1.03,247.0,92860.0
1990-07-22 15:00:00+00:00,30.37,33.3,248.0,39.36,227.0,400.4,0.83,304.0,92780.0
1990-07-22 16:00:00+00:00,30.4,33.4,300.0,525.77,109.0,393.85,0.97,307.0,92760.0
1990-07-22 17:00:00+00:00,29.49,45.35,91.0,97.65,73.0,380.85,0.97,303.0,92750.0
1990-07-22 18:00:00+00:00,28.13,49.8,0.0,0.0,0.0,381.05,0.97,267.0,92760.0
1990-07-22 19:00:00+00:00,27.77,49.7,0.0,0.0,0.0,374.85,0.97,221.0,92720.0
1990-07-22 20:00:00+00:00,27.58,48.0,0.0,0.0,0.0,377.55,0.76,225.0,92750.0
1990-07-22 21:00:00+00:00,27.16,49.55,0.0,0.0,0.0,376.0,0.28,211.0,92760.0
1990-07-22 22:00:00+00:00,26.5,52.95,0.0,0.0,0.0,374.3,0.69,90.0,92750.0
1990-07-22 23:00:00+00:00,24.53,62.35,0.0,0.0,0.0,366.15,1.1,76.0,92710.0
1990-07-23 00:00:00+00:00,22.9,64.3,0.0,0.0,0.0,355.9,1.31,67.0,92690.0
1990-07-23 01:00:00+00:00,21.33,71.0,0.0,0.0,0.0,356.0,1.38,61.0,92670.0
1990-07-23 02:00:00+00:00,20.3,75.85,0.0,0.0,0.0,354.95,1.38,60.0,92630.0
1990-07-23 03:00:00+00:00,19.51,81.1,0.0,0.0,0.0,350.5,1.38,61.0,92630.0
1990-07-23 04:00:00+00:00,19.16,83.85,59.0,196.13,38.0,351.05,1.31,62.0,92630.0
1990-07-23 05:00:00+00:00,21.27,81.3,209.0,373.8,102.0,352.2,0.83,65.0,92630.0
1990-07-23 06:00:00+00:00,26.31,52.85,389.0,536.94,141.0,360.75,0.48,110.0,92620.0
1990-07-23 07:00:00+00:00,26.96,47.9,533.0,522.52,208.0,363.65,0.55,106.0,92640.0
1990-07-23 08:00:00+00:00,28.92,40.75,684.0,600.79,230.0,369.85,1.1,224.0,92630.0
1990-07-23 09:00:00+00:00,27.29,47.9,830.0,746.06,193.0,381.45,1.66,250.0,92690.0
1990-07-23 10:00:00+00:00,28.13,44.95,884.0,734.28,216.0,376.0,1.17,225.0,92670.0
1990-07-23 11:00:00+00:00,29.79,39.5,377.0,11.96,366.0,383.75,0.9,208.0,92600.0
1990-07-23 12:00:00+00:00,30.73,35.85,80.0,0.0,80.0,401.2,1.59,222.0,92520.0
1990-07-23 13:00:00+00:00,31.09,33.55,122.0,0.0,122.0,402.9,2.21,220.0,92480.0
1990-07-23 14:00:00+00:00,27.64,46.4,409.0,124.62,324.0,396.55,1.72,237.0,92570.0
1990-07-23 15:00:00+00:00,26.73,49.45,452.0,530.24,170.0,389.0,1.24,35.0,92550.0
1990-07-23 16:00:00+00:00,26.5,47.75,256.0,312.74,143.0,388.6,2.14,29.0,92550.0
1990-07-23 17:00:00+00:00,26.12,51.05,127.0,362.35,61.0,391.5,1.45,43.0,92550.0
1990-07-23 18:00:00+00:00,25.14,58.35,0.0,0.0,0.0,372.35,0.97,40.0,92550.0
1990-07-23 19:00:00+00:00,24.51,64.5,0.0,0.0,0.0,370.8,1.1,38.0,92490.0
1990-07-23 20:00:00+00:00,23.09,68.85,0.0,0.0,0.0,364.8,1.24,58.0,92500.0
1990-07-23 21:00:00+00:00,21.75,76.0,0.0,0.0,0.0,364.6,1.38,57.0,92520.0
1990-07-23 22:00:00+00:00,20.79,75.95,0.0,0.0,0.0,361.7,1.45,54.0,92520.0
1990-07-23 23:00:00+00:00,20.14,83.95,0.0,0.0,0.0,359.95,1.45,53.0,92510.0
1990-07-24 00:00:00+00:00,19.54,83.9,0.0,0.0,0.0,355.5,1.45,52.0,92490.0
1990-07-24 01:00:00+00:00,19.19,86.8,0.0,0.0,0.0,355.4,1.52,51.0,92490.0
1990-07-24 02:00:00+00:00,18.81,86.8,0.0,0.0,0.0,351.25,1.59,52.0,92490.0
1990-07-24 03:00:00+00:00,18.49,89.75,0.0,0.0,0.0,351.05,1.59,52.0,92490.0
1990-07-24 04:00:00+00:00,18.29,89.75,40.0,47.84,35.0,348.35,1.52,52.0,92500.0
1990-07-24 05:00:00+00:00,20.18,83.95,194.0,299.38,109.0,346.4,1.31,52.0,92510.0
1990-07-24 06:00:00+00:00,23.93,68.95,390.0,545.91,139.0,349.5,0.97,52.0,92520.0
1990-07-24 07:00:00+00:00,26.0,52.85,572.0,674.06,154.0,361.1,1.03,51.0,92570.0
1990-07-24 08:00:00+00:00,27.65,44.8,726.0,742.71,166.0,364.2,0.9,118.0,92560.0
1990-07-24 09:00:00+00:00,28.38,43.55,844.0,793.16,168.0,371.75,1.52,170.0,92560.0
1990-07-24 10:00:00+00:00,28.79,43.55,919.0,835.62,160.0,375.05,1.79,220.0,92580.0
1990-07-24 11:00:00+00:00,29.24,42.2,901.0,753.62,209.0,388.8,1.38,222.0,92520.0
1990-07-24 12:00:00+00:00,29.24,43.65,531.0,113.46,431.0,393.45,1.79,240.0,92510.0
1990-07-24 13:00:00+00:00,29.02,45.2,495.0,132.46,389.0,394.6,2.21,238.0,92480.0
1990-07-24 14:00:00+00:00,25.02,64.6,299.0,24.98,282.0,399.85,1.45,222.0,92520.0
1990-07-24 15:00:00+00:00,23.97,71.35,147.0,0.0,147.0,387.05,0.69,215.0,92530.0
1990-07-24 16:00:00+00:00,24.38,66.75,224.0,189.27,156.0,384.95,1.17,33.0,92520.0
1990-07-24 17:00:00+00:00,24.55,64.5,101.0,172.35,70.0,385.3,1.1,49.0,92500.0
1990-07-24 18:00:00+00:00,24.12,71.35,0.0,0.0,0.0,377.4,0.69,48.0,92500.0
1990-07-24 19:00:00+00:00,24.45,69.05,0.0,0.0,0.0,362.5,0.62,208.0,92480.0
1990-07-24 20:00:00+00:00,23.77,73.75,0.0,0.0,0.0,363.05,0.62,184.0,92520.0
1990-07-24 21:00:00+00:00,23.16,76.2,0.0,0.0,0.0,361.3,0.55,167.0,92540.0
1990-07-24 22:00:00+00:00,22.56,81.45,0.0,0.0,0.0,364.2,0.41,121.0,92540.0
1990-07-24 23:00:00+00:00,21.89,84.15,0.0,0.0,0.0,359.55,0.76,86.0,92530.0
1990-07-25 00:00:00+00:00,20.47,89.9,0.0,0.0,0.0,357.85,0.9,79.0,92490.0
1990-07-25 01:00:00+00:00,19.52,96.1,0.0,0.0,0.0,355.05,0.97,69.0,92470.0
1990-07-25 02:00:00+00:00,18.92,96.1,0.0,0.0,0.0,351.45,1.03,61.0,92470.0
1990-07-25 03:00:00+00:00,18.57,96.1,0.0,0.0,0.0,350.65,1.03,67.0,92450.0
1990-07-25 04:00:00+00:00,18.68,99.4,41.0,58.87,35.0,351.85,0.9,70.0,92460.0
1990-07-25 05:00:00+00:00,20.76,92.95,195.0,316.09,106.0,354.15,0.41,103.0,92470.0
1990-07-25 06:00:00+00:00,22.98,78.85,375.0,485.07,153.0,355.7,0.9,185.0,92510.0
1990-07-25 07:00:00+00:00,24.15,73.75,557.0,621.14,173.0,369.05,0.69,222.0,92540.0
1990-07-25 08:00:00+00:00,25.29,64.6,719.0,727.12,172.0,368.1,1.38,235.0,92540.0
1990-07-25 09:00:00+00:00,26.28,60.6,841.0,791.09,168.0,376.6,2.0,237.0,92560.0
1990-07-25 10:00:00+00:00,26.73,60.7,849.0,642.9,266.0,384.55,2.55,237.0,92550.0
1990-07-25 11:00:00+00:00,26.19,64.8,801.0,500.66,342.0,393.45,2.69,231.0,92520.0
1990-07-25 12:00:00+00:00,26.2,67.05,307.0,2.27,305.0,386.3,2.76,208.0,92540.0
1990-07-25 13:00:00+00:00,26.21,67.05,230.0,0.0,230.0,389.2,2.69,231.0,92530.0
1990-07-25 14:00:00+00:00,23.64,66.65,545.0,399.29,274.0,389.2,0.76,228.0,92560.0
1990-07-25 15:00:00+00:00,24.13,66.65,475.0,641.93,136.0,390.55,0.55,55.0,92530.0
1990-07-25 16:00:00+00:00,24.62,62.35,294.0,529.2,105.0,382.4,0.0,242.0,92490.0
1990-07-25 17:00:00+00:00,24.52,62.35,120.0,326.76,62.0,374.3,0.83,242.0,92500.0
1990-07-25 18:00:00+00:00,23.72,71.35,0.0,0.0,0.0,371.55,0.69,221.0,92510.0
1990-07-25 19:00:00+00:00,22.12,81.4,0.0,0.0,0.0,359.95,0.97,195.0,92520.0
1990-07-25 20:00:00+00:00,22.55,76.15,0.0,0.0,0.0,358.6,0.62,212.0,92560.0
1990-07-25 21:00:00+00:00,22.12,81.4,0.0,0.0,0.0,356.1,0.41,167.0,92580.0
1990-07-25 22:00:00+00:00,21.56,84.1,0.0,0.0,0.0,354.75,0.41,123.0,92600.0
1990-07-25 23:00:00+00:00,21.05,86.95,0.0,0.0,0.0,351.05,0.48,100.0,92580.0
1990-07-26 00:00:00+00:00,20.49,89.9,0.0,0.0,0.0,350.1,0.69,82.0,92580.0
1990-07-26 01:00:00+00:00,19.29,92.9,0.0,0.0,0.0,344.95,0.9,71.0,92550.0
1990-07-26 02:00:00+00:00,18.35,96.1,0.0,0.0,0.0,344.3,1.03,63.0,92530.0
1990-07-26 03:00:00+00:00,17.58,99.4,0.0,0.0,0.0,340.8,1.1,63.0,92540.0
1990-07-26 04:00:00+00:00,17.1,99.4,37.0,40.29,33.0,347.0,1.03,57.0,92550.0
1990-07-26 05:00:00+00:00,18.93,96.1,205.0,379.69,99.0,357.25,0.69,58.0,92580.0
1990-07-26 06:00:00+00:00,21.61,84.1,107.0,0.0,107.0,364.0,0.41,58.0,92600.0
1990-07-26 07:00:00+00:00,23.61,62.25,374.0,134.68,291.0,378.35,0.76,14.0,92630.0
1990-07-26 08:00:00+00:00,25.16,54.45,524.0,222.51,357.0,363.25,1.24,16.0,92620.0
1990-07-26 09:00:00+00:00,26.38,49.45,845.0,798.48,167.0,372.55,0.83,13.0,92610.0
1990-07-26 10:00:00+00:00,26.93,44.7,886.0,741.18,215.0,386.1,0.62,319.0,92580.0
1990-07-26 11:00:00+00:00,27.26,44.7,226.0,0.0,226.0,381.85,1.03,300.0,92580.0
1990-07-26 12:00:00+00:00,27.05,44.7,635.0,242.5,422.0,396.75,1.31,286.0,92590.0
1990-07-26 13:00:00+00:00,27.09,44.7,130.0,0.0,130.0,391.7,1.52,281.0,92570.0
1990-07-26 14:00:00+00:00,27.26,44.7,644.0,720.94,156.0,377.0,1.79,285.0,92540.0
1990-07-26 15:00:00+00:00,27.03,44.7,484.0,682.38,125.0,381.25,1.93,285.0,92490.0
1990-07-26 16:00:00+00:00,26.37,46.15,301.0,571.96,98.0,378.75,1.79,291.0,92500.0
1990-07-26 17:00:00+00:00,25.69,50.95,117.0,314.23,62.0,376.8,1.24,313.0,92520.0
1990-07-26 18:00:00+00:00,25.15,52.6,0.0,0.0,0.0,370.8,0.34,343.0,92540.0
1990-07-26 19:00:00+00:00,23.46,60.15,0.0,0.0,0.0,354.95,0.69,56.0,92520.0
1990-07-26 20:00:00+00:00,22.46,62.05,0.0,0.0,0.0,344.85,0.9,60.0,92540.0
1990-07-26 21:00:00+00:00,20.55,73.3,0.0,0.0,0.0,344.1,1.17,68.0,92540.0
1990-07-26 22:00:00+00:00,19.35,81.1,0.0,0.0,0.0,350.1,1.24,71.0,92520.0
1990-07-26 23:00:00+00:00,18.46,86.75,0.0,0.0,0.0,342.15,1.24,69.0,92490.0
1990-07-27 00:00:00+00:00,17.81,86.7,0.0,0.0,0.0,340.2,1.24,67.0,92480.0
1990-07-27 01:00:00+00:00,17.25,92.8,0.0,0.0,0.0,340.9,1.24,74.0,92430.0
1990-07-27 02:00:00+00:00,16.92,92.8,0.0,0.0,0.0,343.5,1.17,74.0,92390.0
1990-07-27 03:00:00+00:00,16.68,96.05,0.0,0.0,0.0,352.8,1.1,71.0,92360.0
1990-07-27 04:00:00+00:00,17.03,92.8,53.0,207.0,33.0,361.9,1.03,72.0,92370.0
1990-07-27 05:00:00+00:00,19.06,86.8,212.0,440.83,90.0,359.95,0.83,86.0,92380.0
1990-07-27 06:00:00+00:00,22.18,73.55,338.0,339.71,184.0,355.9,0.76,149.0,92360.0
1990-07-27 07:00:00+00:00,23.55,66.65,524.0,506.25,213.0,366.95,1.38,199.0,92380.0
1990-07-27 08:00:00+00:00,24.68,60.25,722.0,734.55,172.0,366.35,1.93,221.0,92370.0
1990-07-27 09:00:00+00:00,25.45,54.55,736.0,492.05,319.0,371.4,2.55,225.0,92370.0
1990-07-27 10:00:00+00:00,25.53,56.5,769.0,449.24,363.0,373.9,2.97,225.0,92350.0
1990-07-27 11:00:00+00:00,25.61,58.45,868.0,664.31,261.0,393.05,3.03,222.0,92350.0
1990-07-27 12:00:00+00:00,25.96,56.6,879.0,808.67,170.0,390.15,3.31,223.0,92310.0
1990-07-27 13:00:00+00:00,25.68,58.45,767.0,722.97,192.0,392.65,3.31,220.0,92290.0
1990-07-27 14:00:00+00:00,25.7,56.5,650.0,748.12,145.0,399.65,3.52,219.0,92260.0
1990-07-27 15:00:00+00:00,25.38,52.75,480.0,673.65,127.0,378.75,3.03,217.0,92260.0
1990-07-27 16:00:00+00:00,24.97,50.8,301.0,578.55,97.0,368.65,2.55,216.0,92260.0
1990-07-27 17:00:00+00:00,24.17,50.55,122.0,371.08,58.0,351.45,2.07,217.0,92260.0
1990-07-27 18:00:00+00:00,22.89,60.05,0.0,0.0,0.0,347.55,1.03,220.0,92290.0
1990-07-27 19:00:00+00:00,22.27,61.95,0.0,0.0,0.0,343.5,0.34,224.0,92360.0
1990-07-27 20:00:00+00:00,21.53,66.25,0.0,0.0,0.0,337.5,0.48,100.0,92380.0
1990-07-27 21:00:00+00:00,19.77,75.7,0.0,0.0,0.0,333.85,0.97,87.0,92390.0
1990-07-27 22:00:00+00:00,18.56,81.0,0.0,0.0,0.0,333.05,1.1,80.0,92380.0
1990-07-27 23:00:00+00:00,17.71,86.65,0.0,0.0,0.0,333.45,1.1,66.0,92370.0
1990-07-28 00:00:00+00:00,16.77,89.65,0.0,0.0,0.0,329.4,1.17,56.0,92380.0
1990-07-28 01:00:00+00:00,16.08,96.0,0.0,0.0,0.0,326.95,1.17,54.0,92350.0
1990-07-28 02:00:00+00:00,15.63,99.4,0.0,0.0,0.0,330.15,1.17,53.0,92360.0
1990-07-28 03:00:00+00:00,15.13,99.4,0.0,0.0,0.0,325.5,1.24,54.0,92350.0
1990-07-28 04:00:00+00:00,14.93,99.4,51.0,191.66,33.0,325.5,1.24,56.0,92370.0
1990-07-28 05:00:00+00:00,16.98,92.8,222.0,517.68,80.0,330.15,0.9,57.0,92380.0
1990-07-28 06:00:00+00:00,21.5,66.25,414.0,680.53,107.0,333.65,0.69,57.0,92380.0
1990-07-28 07:00:00+00:00,23.28,58.0,591.0,756.13,128.0,349.3,0.97,56.0,92430.0
1990-07-28 08:00:00+00:00,24.75,52.5,745.0,804.61,144.0,353.55,0.62,85.0,92430.0
1990-07-28 09:00:00+00:00,25.73,49.2,862.0,841.82,150.0,367.7,0.55,179.0,92430.0
1990-07-28 10:00:00+00:00,26.98,43.15,876.0,708.33,237.0,365.2,1.24,214.0,92410.0
1990-07-28 11:00:00+00:00,27.63,40.35,530.0,89.9,448.0,376.2,1.86,227.0,92370.0
1990-07-28 12:00:00+00:00,28.03,39.1,680.0,315.4,404.0,382.0,2.34,232.0,92380.0
1990-07-28 13:00:00+00:00,27.8,41.8,754.0,677.97,216.0,395.55,2.83,235.0,92360.0
1990-07-28 14:00:00+00:00,27.23,44.7,590.0,531.89,232.0,396.9,2.97,235.0,92360.0
1990-07-28 15:00:00+00:00,26.78,49.45,479.0,668.78,130.0,388.8,2.76,234.0,92370.0
1990-07-28 16:00:00+00:00,25.86,51.05,298.0,571.1,98.0,395.75,2.41,230.0,92370.0
1990-07-28 17:00:00+00:00,24.92,56.35,120.0,376.88,56.0,368.3,1.66,225.0,92410.0
1990-07-28 18:00:00+00:00,23.68,68.95,0.0,0.0,0.0,353.4,0.76,213.0,92420.0
1990-07-28 19:00:00+00:00,23.21,64.3,0.0,0.0,0.0,347.95,0.48,175.0,92420.0
1990-07-28 20:00:00+00:00,21.71,73.45,0.0,0.0,0.0,345.05,0.83,94.0,92450.0
1990-07-28 21:00:00+00:00,20.26,81.15,0.0,0.0,0.0,341.95,1.03,81.0,92460.0
1990-07-28 22:00:00+00:00,19.39,83.9,0.0,0.0,0.0,339.05,1.1,69.0,92480.0
1990-07-28 23:00:00+00:00,18.46,86.75,0.0,0.0,0.0,337.5,1.1,67.0,92470.0
1990-07-29 00:00:00+00:00,17.64,92.85,0.0,0.0,0.0,337.1,1.17,68.0,92480.0
1990-07-29 01:00:00+00:00,17.04,92.8,0.0,0.0,0.0,335.3,1.24,68.0,92460.0
1990-07-29 02:00:00+00:00,16.67,96.05,0.0,0.0,0.0,334.6,1.24,63.0,92440.0
1990-07-29 03:00:00+00:00,16.34,96.05,0.0,0.0,0.0,333.85,1.31,62.0,92440.0
1990-07-29 04:00:00+00:00,16.15,96.0,47.0,164.51,32.0,333.45,1.31,64.0,92440.0
1990-07-29 05:00:00+00:00,18.02,92.85,221.0,518.74,80.0,336.75,0.9,63.0,92450.0
1990-07-29 06:00:00+00:00,22.52,66.45,413.0,681.7,107.0,345.05,0.55,91.0,92460.0
1990-07-29 07:00:00+00:00,24.38,56.25,588.0,748.81,131.0,364.4,0.14,251.0,92480.0
1990-07-29 08:00:00+00:00,25.87,51.05,741.0,797.21,147.0,355.1,0.97,256.0,92480.0
1990-07-29 09:00:00+00:00,27.11,47.9,744.0,509.44,314.0,361.7,1.72,247.0,92470.0
1990-07-29 10:00:00+00:00,28.25,43.4,813.0,544.16,323.0,367.5,2.34,249.0,92450.0
1990-07-29 11:00:00+00:00,28.63,42.05,719.0,330.6,418.0,374.45,2.55,246.0,92420.0
1990-07-29 12:00:00+00:00,28.97,40.75,709.0,370.98,385.0,395.0,2.76,240.0,92410.0
1990-07-29 13:00:00+00:00,28.68,43.55,784.0,776.82,169.0,397.5,2.9,235.0,92400.0
1990-07-29 14:00:00+00:00,28.31,46.5,642.0,716.81,161.0,392.3,2.9,234.0,92400.0
1990-07-29 15:00:00+00:00,27.62,51.45,492.0,721.72,117.0,395.4,2.55,237.0,92410.0
1990-07-29 16:00:00+00:00,26.98,53.1,299.0,580.96,97.0,373.5,2.21,238.0,92430.0
1990-07-29 17:00:00+00:00,26.15,56.6,120.0,389.06,55.0,368.1,1.72,235.0,92440.0
1990-07-29 18:00:00+00:00,24.84,64.6,0.0,0.0,0.0,362.1,0.9,229.0,92450.0
1990-07-29 19:00:00+00:00,23.88,71.35,0.0,0.0,0.0,360.55,0.69,230.0,92460.0
1990-07-29 20:00:00+00:00,23.56,71.35,0.0,0.0,0.0,355.1,0.14,189.0,92490.0
1990-07-29 21:00:00+00:00,22.51,76.15,0.0,0.0,0.0,350.5,0.62,60.0,92500.0
1990-07-29 22:00:00+00:00,20.86,81.3,0.0,0.0,0.0,345.25,1.03,61.0,92490.0
1990-07-29 23:00:00+00:00,19.4,89.85,0.0,0.0,0.0,340.8,1.24,61.0,92470.0
1990-07-30 00:00:00+00:00,18.29,92.85,0.0,0.0,0.0,336.15,1.31,60.0,92470.0
1990-07-30 01:00:00+00:00,17.56,96.05,0.0,0.0,0.0,333.75,1.31,61.0,92480.0
1990-07-30 02:00:00+00:00,17.06,99.4,0.0,0.0,0.0,332.1,1.31,61.0,92450.0
1990-07-30 03:00:00+00:00,16.66,99.4,0.0,0.0,0.0,330.75,1.31,59.0,92440.0
1990-07-30 04:00:00+00:00,16.26,96.05,47.0,180.97,31.0,331.9,1.31,57.0,92450.0
1990-07-30 05:00:00+00:00,18.1,96.05,219.0,519.87,79.0,343.1,0.9,57.0,92470.0
1990-07-30 06:00:00+00:00,22.36,76.15,410.0,678.45,107.0,355.7,0.55,61.0,92490.0
1990-07-30 07:00:00+00:00,24.81,56.25,591.0,766.13,125.0,366.35,0.28,320.0,92500.0
1990-07-30 08:00:00+00:00,26.77,43.05,738.0,793.85,148.0,349.1,1.38,293.0,92480.0
1990-07-30 09:00:00+00:00,28.03,37.75,817.0,717.08,213.0,358.0,2.0,282.0,92490.0
1990-07-30 10:00:00+00:00,29.02,35.45,795.0,508.48,338.0,362.65,2.48,275.0,92490.0
1990-07-30 11:00:00+00:00,29.6,35.6,766.0,423.66,381.0,370.8,2.97,272.0,92480.0
1990-07-30 12:00:00+00:00,29.77,35.6,341.0,8.03,334.0,377.0,3.1,269.0,92470.0
1990-07-30 13:00:00+00:00,29.7,35.6,718.0,577.38,262.0,394.8,3.03,268.0,92460.0
1990-07-30 14:00:00+00:00,29.36,36.7,587.0,532.2,231.0,393.25,2.83,267.0,92450.0
1990-07-30 15:00:00+00:00,28.88,36.7,480.0,690.18,123.0,395.55,2.69,274.0,92460.0
1990-07-30 16:00:00+00:00,28.31,39.1,295.0,576.62,96.0,378.75,2.48,274.0,92450.0
1990-07-30 17:00:00+00:00,27.38,40.35,116.0,377.53,54.0,374.85,2.14,266.0,92500.0
1990-07-30 18:00:00+00:00,25.91,46.0,0.0,0.0,0.0,367.3,1.66,260.0,92530.0
1990-07-30 19:00:00+00:00,23.97,60.15,0.0,0.0,0.0,362.1,1.17,271.0,92530.0
1990-07-30 20:00:00+00:00,24.76,50.7,0.0,0.0,0.0,362.1,0.69,316.0,92540.0
1990-07-30 21:00:00+00:00,22.6,59.95,0.0,0.0,0.0,360.35,1.1,28.0,92540.0
1990-07-30 22:00:00+00:00,20.88,66.15,0.0,0.0,0.0,349.9,1.38,50.0,92540.0
1990-07-30 23:00:00+00:00,19.46,73.15,0.0,0.0,0.0,347.2,1.45,56.0,92520.0
1990-07-31 00:00:00+00:00,18.55,78.25,0.0,0.0,0.0,347.4,1.38,51.0,92520.0
1990-07-31 01:00:00+00:00,17.8,83.75,0.0,0.0,0.0,341.5,1.38,50.0,92520.0
1990-07-31 02:00:00+00:00,17.3,83.7,0.0,0.0,0.0,340.0,1.45,52.0,92520.0
1990-07-31 03:00:00+00:00,16.89,86.6,0.0,0.0,0.0,337.3,1.52,52.0,92500.0
1990-07-31 04:00:00+00:00,16.64,89.65,34.0,58.4,29.0,337.5,1.52,53.0,92490.0
1990-07-31 05:00:00+00:00,18.43,81.0,192.0,363.63,95.0,344.3,1.31,54.0,92490.0
1990-07-31 06:00:00+00:00,21.92,66.35,381.0,571.68,127.0,349.3,1.1,53.0,92520.0
1990-07-31 07:00:00+00:00,24.64,58.2,577.0,737.42,130.0,371.0,0.83,38.0,92570.0
1990-07-31 08:00:00+00:00,26.43,49.45,726.0,778.36,149.0,381.45,0.34,346.0,92580.0
1990-07-31 09:00:00+00:00,28.18,43.4,793.0,667.46,232.0,378.75,0.9,271.0,92560.0
1990-07-31 10:00:00+00:00,29.36,40.75,707.0,340.02,402.0,379.1,2.0,258.0,92550.0
1990-07-31 11:00:00+00:00,29.8,39.5,624.0,196.26,446.0,386.65,2.83,250.0,92530.0
1990-07-31 12:00:00+00:00,27.58,49.7,465.0,63.24,410.0,390.95,2.07,239.0,92580.0
1990-07-31 13:00:00+00:00,28.48,45.05,759.0,731.18,183.0,386.3,2.21,231.0,92530.0
1990-07-31 14:00:00+00:00,27.86,46.5,638.0,739.43,145.0,396.55,2.55,239.0,92510.0
1990-07-31 15:00:00+00:00,25.3,64.6,418.0,446.75,188.0,396.35,1.86,249.0,92560.0
1990-07-31 16:00:00+00:00,22.46,65.36,162.0,58.4,142.0,373.32,1.64,355.0,92600.0
1990-07-31 17:00:00+00:00,22.31,67.09,107.0,310.0,57.0,373.36,1.65,38.0,92650.0
1990-07-31 18:00:00+00:00,22.15,68.81,0.0,0.0,0.0,373.39,1.65,52.0,92670.0
1990-07-31 19:00:00+00:00,21.99,70.53,0.0,0.0,0.0,373.43,1.66,43.0,92650.0
1990-07-31 20:00:00+00:00,21.83,72.25,0.0,0.0,0.0,373.46,1.67,41.0,92720.0
1990-07-31 21:00:00+00:00,21.68,73.98,0.0,0.0,0.0,373.5,1.67,42.0,92720.0
1990-07-31 22:00:00+00:00,21.52,75.7,0.0,0.0,0.0,373.53,1.68,42.0,92740.0
1990-07-31 23:00:00+00:00,21.36,77.42,0.0,0.0,0.0,373.57,1.68,44.0,92740.0
1990-08-01 00:00:00+00:00,21.2,79.15,0.0,0.0,0.0,373.61,1.69,47.0,92820.0
1990-08-01 01:00:00+00:00,21.05,80.87,0.0,0.0,0.0,373.64,1.69,47.0,92810.0
1990-08-01 02:00:00+00:00,20.89,82.59,0.0,0.0,0.0,373.68,1.7,46.0,92770.0
1990-08-01 03:00:00+00:00,20.73,84.31,0.0,0.0,0.0,373.71,1.7,44.0,92770.0
1990-08-01 04:00:00+00:00,20.57,86.04,22.0,12.51,21.0,373.75,1.71,44.0,92780.0
1990-08-01 05:00:00+00:00,20.42,87.76,180.0,309.65,99.0,373.78,1.72,43.0,92810.0
1990-08-01 06:00:00+00:00,20.26,89.48,375.0,557.29,130.0,373.82,1.72,45.0,92790.0
1990-08-01 07:00:00+00:00,20.1,91.2,558.0,681.17,148.0,373.85,1.73,41.0,92810.0
1990-08-01 08:00:00+00:00,26.37,51.2,718.0,766.24,153.0,364.8,2.76,50.0,92760.0
1990-08-01 09:00:00+00:00,27.64,39.1,802.0,703.89,213.0,362.65,2.97,53.0,92800.0
1990-08-01 10:00:00+00:00,28.64,35.45,700.0,330.21,405.0,365.2,2.76,52.0,92780.0
1990-08-01 11:00:00+00:00,29.27,34.2,806.0,534.73,323.0,368.1,2.34,42.0,92760.0
1990-08-01 12:00:00+00:00,29.77,32.0,629.0,248.32,414.0,375.65,2.28,23.0,92700.0
1990-08-01 13:00:00+00:00,29.35,34.2,600.0,315.23,353.0,378.95,2.41,17.0,92670.0
1990-08-01 14:00:00+00:00,29.29,34.2,569.0,508.99,232.0,381.25,2.41,15.0,92660.0
1990-08-01 15:00:00+00:00,28.72,35.45,455.0,623.87,137.0,376.4,2.62,17.0,92630.0
1990-08-01 16:00:00+00:00,27.82,39.1,285.0,567.08,94.0,379.3,2.76,28.0,92630.0
1990-08-01 17:00:00+00:00,26.62,43.15,100.0,290.05,55.0,376.0,2.55,35.0,92630.0
1990-08-01 18:00:00+00:00,25.17,47.5,0.0,0.0,0.0,361.7,2.55,40.0,92660.0
1990-08-01 19:00:00+00:00,24.55,50.7,0.0,0.0,0.0,361.3,2.48,40.0,92630.0
1990-08-01 20:00:00+00:00,23.35,56.0,0.0,0.0,0.0,356.85,2.28,39.0,92660.0
1990-08-01 21:00:00+00:00,22.12,61.95,0.0,0.0,0.0,349.5,1.86,42.0,92690.0
1990-08-01 22:00:00+00:00,20.7,70.8,0.0,0.0,0.0,344.3,1.72,44.0,92680.0
1990-08-01 23:00:00+00:00,19.52,78.35,0.0,0.0,0.0,341.0,1.72,40.0,92640.0
1990-08-02 00:00:00+00:00,18.69,81.0,0.0,0.0,0.0,335.95,1.79,42.0,92620.0
1990-08-02 01:00:00+00:00,18.02,81.0,0.0,0.0,0.0,333.15,1.86,43.0,92610.0
1990-08-02 02:00:00+00:00,17.44,86.65,0.0,0.0,0.0,329.75,1.86,46.0,92580.0
1990-08-02 03:00:00+00:00,16.94,89.65,0.0,0.0,0.0,325.5,1.86,48.0,92580.0
1990-08-02 04:00:00+00:00,16.54,86.6,36.0,116.83,27.0,322.6,1.86,48.0,92580.0
1990-08-02 05:00:00+00:00,17.76,83.75,216.0,548.34,74.0,320.3,1.72,48.0,92600.0
1990-08-02 06:00:00+00:00,20.66,66.05,402.0,674.67,107.0,320.3,2.0,49.0,92630.0
1990-08-02 07:00:00+00:00,22.57,48.55,582.0,752.0,131.0,326.5,2.97,54.0,92630.0
1990-08-02 08:00:00+00:00,24.14,41.0,737.0,802.34,147.0,329.75,3.24,57.0,92630.0
1990-08-02 09:00:00+00:00,25.58,35.9,860.0,851.64,149.0,333.25,3.1,57.0,92650.0
1990-08-02 10:00:00+00:00,26.76,32.5,929.0,870.47,153.0,338.1,2.76,59.0,92680.0
1990-08-02 11:00:00+00:00,27.64,29.4,951.0,898.67,141.0,340.4,2.21,58.0,92670.0
1990-08-02 12:00:00+00:00,28.27,28.5,906.0,885.66,141.0,343.5,1.72,56.0,92630.0
1990-08-02 13:00:00+00:00,28.63,26.65,802.0,844.7,142.0,346.8,1.31,53.0,92570.0
1990-08-02 14:00:00+00:00,28.79,26.65,657.0,794.34,133.0,348.15,0.97,53.0,92570.0
1990-08-02 15:00:00+00:00,28.62,26.65,483.0,723.8,116.0,349.7,0.55,57.0,92540.0
1990-08-02 16:00:00+00:00,27.95,28.35,291.0,599.05,91.0,348.95,0.07,271.0,92540.0
1990-08-02 17:00:00+00:00,26.6,47.9,105.0,355.42,51.0,346.4,0.48,247.0,92540.0
1990-08-02 18:00:00+00:00,25.8,38.55,0.0,0.0,0.0,342.75,0.48,243.0,92560.0
1990-08-02 19:00:00+00:00,25.18,42.75,0.0,0.0,0.0,341.75,0.21,235.0,92580.0
1990-08-02 20:00:00+00:00,24.38,47.25,0.0,0.0,0.0,339.85,0.28,57.0,92620.0
1990-08-02 21:00:00+00:00,22.32,57.75,0.0,0.0,0.0,336.55,1.03,61.0,92610.0
1990-08-02 22:00:00+00:00,19.73,73.15,0.0,0.0,0.0,334.2,1.38,60.0,92620.0
1990-08-02 23:00:00+00:00,17.97,80.9,0.0,0.0,0.0,331.9,1.52,60.0,92610.0
1990-08-03 00:00:00+00:00,17.01,83.7,0.0,0.0,0.0,329.55,1.45,61.0,92580.0
1990-08-03 01:00:00+00:00,16.48,89.65,0.0,0.0,0.0,328.15,1.45,60.0,92570.0
1990-08-03 02:00:00+00:00,16.14,89.65,0.0,0.0,0.0,329.2,1.45,60.0,92530.0
1990-08-03 03:00:00+00:00,15.91,92.75,0.0,0.0,0.0,327.85,1.52,61.0,92540.0
1990-08-03 04:00:00+00:00,15.87,92.75,32.0,94.44,25.0,328.4,1.52,66.0,92540.0
1990-08-03 05:00:00+00:00,17.75,86.7,203.0,487.68,78.0,329.4,1.17,75.0,92530.0
1990-08-03 06:00:00+00:00,23.13,60.05,385.0,623.21,114.0,333.85,0.83,111.0,92540.0
1990-08-03 07:00:00+00:00,25.22,45.9,569.0,726.32,135.0,343.3,1.66,161.0,92560.0
1990-08-03 08:00:00+00:00,26.54,38.7,726.0,788.22,148.0,348.95,2.28,173.0,92580.0
1990-08-03 09:00:00+00:00,27.63,33.95,843.0,826.04,155.0,352.8,2.76,182.0,92560.0
1990-08-03 10:00:00+00:00,28.37,31.75,916.0,856.64,154.0,356.85,3.17,188.0,92540.0
1990-08-03 11:00:00+00:00,28.71,31.85,928.0,859.52,155.0,359.4,3.52,189.0,92500.0
1990-08-03 12:00:00+00:00,28.72,33.05,892.0,870.42,142.0,362.45,3.59,188.0,92460.0
1990-08-03 13:00:00+00:00,28.59,34.1,785.0,818.94,147.0,367.1,3.52,186.0,92450.0
1990-08-03 14:00:00+00:00,28.4,32.9,642.0,768.46,137.0,359.95,3.38,184.0,92400.0
1990-08-03 15:00:00+00:00,27.97,33.95,471.0,698.03,119.0,355.1,3.24,180.0,92360.0
1990-08-03 16:00:00+00:00,27.23,33.8,280.0,562.23,94.0,353.4,2.97,173.0,92340.0
1990-08-03 17:00:00+00:00,26.14,36.05,98.0,309.49,52.0,353.55,2.48,163.0,92320.0
1990-08-03 18:00:00+00:00,24.69,39.7,0.0,0.0,0.0,349.3,2.21,148.0,92340.0
1990-08-03 19:00:00+00:00,23.34,43.75,0.0,0.0,0.0,342.75,2.21,137.0,92300.0
1990-08-03 20:00:00+00:00,22.42,46.75,0.0,0.0,0.0,347.55,2.28,133.0,92330.0
1990-08-03 21:00:00+00:00,21.78,48.3,0.0,0.0,0.0,351.05,2.34,134.0,92320.0
1990-08-03 22:00:00+00:00,21.13,51.75,0.0,0.0,0.0,342.55,2.34,138.0,92350.0
1990-08-03 23:00:00+00:00,20.58,55.45,0.0,0.0,0.0,342.15,2.34,135.0,92340.0
1990-08-04 00:00:00+00:00,20.17,57.3,0.0,0.0,0.0,345.25,2.34,133.0,92320.0
1990-08-04 01:00:00+00:00,19.76,61.4,0.0,0.0,0.0,344.95,2.34,131.0,92320.0
1990-08-04 02:00:00+00:00,19.56,61.4,0.0,0.0,0.0,347.0,2.41,131.0,92270.0
1990-08-04 03:00:00+00:00,19.33,65.75,0.0,0.0,0.0,345.65,2.34,132.0,92240.0
1990-08-04 04:00:00+00:00,19.21,68.1,3.0,0.0,3.0,348.95,2.34,136.0,92240.0
1990-08-04 05:00:00+00:00,19.73,68.2,68.0,0.0,68.0,347.0,2.41,139.0,92250.0
1990-08-04 06:00:00+00:00,20.98,68.4,230.0,90.19,191.0,360.35,3.17,144.0,92240.0
1990-08-04 07:00:00+00:00,21.15,81.3,398.0,206.62,275.0,386.3,3.17,140.0,92300.0
1990-08-04 08:00:00+00:00,22.2,78.7,651.0,568.91,235.0,384.75,3.79,152.0,92310.0
1990-08-04 09:00:00+00:00,22.41,73.55,814.0,767.85,176.0,389.95,3.52,156.0,92310.0
1990-08-04 10:00:00+00:00,22.97,73.6,819.0,611.81,276.0,396.55,3.17,152.0,92350.0
1990-08-04 11:00:00+00:00,24.02,66.65,725.0,374.46,389.0,388.8,3.31,159.0,92340.0
1990-08-04 12:00:00+00:00,24.69,60.35,594.0,204.78,418.0,387.85,3.59,166.0,92280.0
1990-08-04 13:00:00+00:00,22.58,73.6,346.0,24.46,327.0,383.95,2.76,163.0,92310.0
1990-08-04 14:00:00+00:00,23.48,73.7,217.0,3.06,215.0,378.95,2.62,154.0,92270.0
1990-08-04 15:00:00+00:00,22.29,76.1,207.0,21.94,196.0,377.2,3.24,154.0,92250.0
1990-08-04 16:00:00+00:00,22.17,76.1,218.0,250.23,136.0,378.95,2.41,139.0,92230.0
1990-08-04 17:00:00+00:00,21.0,81.2,99.0,337.37,50.0,387.65,2.14,153.0,92190.0
1990-08-04 18:00:00+00:00,18.92,92.85,0.0,0.0,0.0,385.1,2.14,131.0,92270.0
1990-08-04 19:00:00+00:00,17.89,96.05,0.0,0.0,0.0,391.1,0.69,112.0,92310.0
1990-08-04 20:00:00+00:00,17.68,92.85,0.0,0.0,0.0,393.85,0.97,82.0,92370.0
1990-08-04 21:00:00+00:00,17.81,92.85,0.0,0.0,0.0,378.35,1.45,85.0,92310.0
1990-08-04 22:00:00+00:00,17.56,92.85,0.0,0.0,0.0,353.75,1.66,88.0,92280.0
1990-08-04 23:00:00+00:00,17.36,92.85,0.0,0.0,0.0,350.3,1.66,93.0,92210.0
1990-08-05 00:00:00+00:00,17.21,92.85,0.0,0.0,0.0,343.3,1.59,92.0,92200.0
1990-08-05 01:00:00+00:00,17.11,92.85,0.0,0.0,0.0,354.45,1.24,70.0,92190.0
1990-08-05 02:00:00+00:00,16.82,96.05,0.0,0.0,0.0,354.15,0.9,32.0,92200.0
1990-08-05 03:00:00+00:00,16.77,96.05,0.0,0.0,0.0,372.95,0.62,352.0,92220.0
1990-08-05 04:00:00+00:00,16.46,99.4,6.0,0.0,6.0,371.75,0.62,355.0,92250.0
1990-08-05 05:00:00+00:00,16.52,96.05,22.0,0.0,22.0,353.75,0.76,52.0,92290.0
1990-08-05 06:00:00+00:00,17.51,86.7,61.0,0.0,61.0,352.2,1.31,91.0,92280.0
1990-08-05 07:00:00+00:00,18.42,89.75,98.0,0.0,98.0,376.2,0.83,88.0,92230.0
1990-08-05 08:00:00+00:00,18.87,86.75,343.0,32.92,319.0,376.2,1.52,124.0,92300.0
1990-08-05 09:00:00+00:00,18.18,83.8,311.0,6.03,306.0,393.25,1.52,129.0,92350.0
1990-08-05 10:00:00+00:00,18.79,83.8,421.0,31.62,393.0,384.75,1.59,115.0,92360.0
1990-08-05 11:00:00+00:00,20.4,78.45,779.0,481.47,348.0,379.1,1.59,132.0,92360.0
1990-08-05 12:00:00+00:00,21.08,75.95,832.0,717.43,217.0,377.75,1.59,162.0,92350.0
1990-08-05 13:00:00+00:00,21.69,73.45,120.0,0.0,120.0,363.05,1.24,188.0,92320.0
1990-08-05 14:00:00+00:00,22.11,66.35,637.0,771.6,134.0,358.6,0.55,210.0,92320.0
1990-08-05 15:00:00+00:00,22.36,64.1,448.0,625.9,136.0,360.75,0.21,231.0,92340.0
1990-08-05 16:00:00+00:00,21.87,64.0,219.0,255.79,136.0,363.05,0.41,28.0,92320.0
1990-08-05 17:00:00+00:00,20.72,68.4,10.0,0.0,10.0,358.8,0.41,10.0,92370.0
1990-08-05 18:00:00+00:00,19.86,75.7,0.0,0.0,0.0,356.65,0.07,291.0,92360.0
1990-08-05 19:00:00+00:00,18.27,81.0,0.0,0.0,0.0,345.45,1.03,3.0,92470.0
1990-08-05 20:00:00+00:00,17.6,80.9,0.0,0.0,0.0,351.05,1.45,28.0,92510.0
1990-08-05 21:00:00+00:00,17.1,83.7,0.0,0.0,0.0,348.95,1.52,35.0,92530.0
1990-08-05 22:00:00+00:00,16.57,86.6,0.0,0.0,0.0,340.6,1.66,35.0,92530.0
1990-08-05 23:00:00+00:00,16.53,86.6,0.0,0.0,0.0,351.05,1.72,40.0,92520.0
1990-08-06 00:00:00+00:00,16.27,89.65,0.0,0.0,0.0,345.85,1.79,42.0,92510.0
1990-08-06 01:00:00+00:00,16.06,89.65,0.0,0.0,0.0,348.85,1.72,43.0,92490.0
1990-08-06 02:00:00+00:00,15.77,89.6,0.0,0.0,0.0,347.0,1.72,43.0,92480.0
1990-08-06 03:00:00+00:00,15.47,92.75,0.0,0.0,0.0,342.75,1.79,42.0,92470.0
1990-08-06 04:00:00+00:00,15.27,92.75,31.0,137.96,22.0,341.55,1.86,38.0,92480.0
1990-08-06 05:00:00+00:00,15.8,89.6,88.0,16.11,84.0,342.75,1.93,40.0,92510.0
1990-08-06 06:00:00+00:00,17.01,78.1,223.0,81.88,188.0,348.55,2.14,42.0,92520.0
1990-08-06 07:00:00+00:00,18.07,72.95,222.0,8.46,217.0,354.75,2.9,50.0,92520.0
1990-08-06 08:00:00+00:00,19.52,68.2,142.0,0.0,142.0,361.9,3.38,57.0,92570.0
1990-08-06 09:00:00+00:00,20.99,61.6,134.0,0.0,134.0,363.45,3.31,63.0,92590.0
1990-08-06 10:00:00+00:00,22.33,55.8,386.0,18.11,370.0,366.55,2.97,68.0,92600.0
1990-08-06 11:00:00+00:00,22.7,55.9,496.0,73.91,430.0,374.85,2.55,70.0,92570.0
1990-08-06 12:00:00+00:00,22.73,55.9,173.0,0.0,173.0,373.3,2.48,86.0,92610.0
1990-08-06 13:00:00+00:00,21.89,61.85,265.0,2.59,263.0,383.2,1.93,74.0,92620.0
1990-08-06 14:00:00+00:00,21.7,61.85,229.0,4.62,226.0,377.95,1.93,48.0,92610.0
1990-08-06 15:00:00+00:00,21.51,61.7,127.0,0.0,127.0,372.75,2.07,38.0,92610.0
1990-08-06 16:00:00+00:00,20.93,63.8,151.0,56.04,133.0,370.0,2.41,46.0,92640.0
1990-08-06 17:00:00+00:00,20.31,63.7,40.0,7.24,39.0,367.9,2.41,52.0,92680.0
1990-08-06 18:00:00+00:00,19.56,65.85,0.0,0.0,0.0,366.35,2.62,48.0,92690.0
1990-08-06 19:00:00+00:00,18.26,70.45,0.0,0.0,0.0,345.85,2.14,46.0,92740.0
1990-08-06 20:00:00+00:00,17.56,75.45,0.0,0.0,0.0,361.5,2.07,41.0,92790.0
1990-08-06 21:00:00+00:00,17.27,80.85,0.0,0.0,0.0,369.25,2.0,42.0,92810.0
1990-08-06 22:00:00+00:00,16.91,83.65,0.0,0.0,0.0,368.85,2.07,43.0,92850.0
1990-08-06 23:00:00+00:00,16.81,80.8,0.0,0.0,0.0,360.95,2.14,42.0,92830.0
1990-08-07 00:00:00+00:00,16.6,80.8,0.0,0.0,0.0,353.4,2.0,43.0,92820.0
1990-08-07 01:00:00+00:00,16.45,83.6,0.0,0.0,0.0,349.05,1.93,43.0,92780.0
1990-08-07 02:00:00+00:00,16.37,83.6,0.0,0.0,0.0,352.2,1.93,43.0,92780.0
1990-08-07 03:00:00+00:00,16.15,83.6,0.0,0.0,0.0,351.85,1.86,44.0,92750.0
1990-08-07 04:00:00+00:00,15.88,86.5,3.0,0.0,3.0,348.35,1.79,45.0,92760.0
1990-08-07 05:00:00+00:00,16.46,89.65,181.0,399.2,83.0,347.75,1.66,44.0,92780.0
1990-08-07 06:00:00+00:00,18.11,81.0,371.0,609.45,112.0,346.6,1.66,44.0,92810.0
1990-08-07 07:00:00+00:00,19.69,73.15,388.0,193.73,274.0,351.65,2.55,50.0,92800.0
1990-08-07 08:00:00+00:00,20.85,66.05,513.0,238.7,340.0,359.95,3.45,56.0,92810.0
1990-08-07 09:00:00+00:00,21.78,61.85,793.0,713.04,205.0,372.35,3.1,58.0,92820.0
1990-08-07 10:00:00+00:00,22.63,57.9,581.0,164.54,436.0,378.95,2.9,56.0,92830.0
1990-08-07 11:00:00+00:00,22.72,57.9,351.0,8.98,343.0,376.8,2.76,56.0,92830.0
1990-08-07 12:00:00+00:00,23.25,56.0,185.0,0.0,185.0,376.0,2.69,56.0,92850.0
1990-08-07 13:00:00+00:00,22.82,57.9,79.0,0.0,79.0,384.35,2.69,54.0,92850.0
1990-08-07 14:00:00+00:00,20.63,68.4,90.0,0.0,90.0,380.3,2.07,64.0,92930.0
1990-08-07 15:00:00+00:00,20.53,68.4,235.0,46.71,212.0,379.5,1.93,54.0,92890.0
1990-08-07 16:00:00+00:00,20.61,68.4,154.0,66.08,133.0,382.0,1.86,39.0,92860.0
1990-08-07 17:00:00+00:00,20.36,73.2,18.0,0.0,18.0,353.4,1.93,35.0,92880.0
1990-08-07 18:00:00+00:00,19.8,70.65,0.0,0.0,0.0,368.1,2.28,40.0,92880.0
1990-08-07 19:00:00+00:00,19.49,65.75,0.0,0.0,0.0,365.0,2.69,47.0,92870.0
1990-08-07 20:00:00+00:00,18.95,72.95,0.0,0.0,0.0,368.1,2.28,49.0,92870.0
1990-08-07 21:00:00+00:00,18.59,72.95,0.0,0.0,0.0,376.2,1.93,40.0,92840.0
1990-08-07 22:00:00+00:00,18.29,75.55,0.0,0.0,0.0,377.2,1.79,37.0,92880.0
1990-08-07 23:00:00+00:00,17.88,78.15,0.0,0.0,0.0,377.4,1.66,37.0,92820.0
1990-08-08 00:00:00+00:00,17.44,83.7,0.0,0.0,0.0,370.6,1.59,37.0,92810.0
1990-08-08 01:00:00+00:00,17.08,83.7,0.0,0.0,0.0,368.2,1.66,40.0,92810.0
1990-08-08 02:00:00+00:00,16.84,86.6,0.0,0.0,0.0,367.5,1.66,40.0,92800.0
1990-08-08 03:00:00+00:00,16.64,86.6,0.0,0.0,0.0,362.85,1.79,38.0,92810.0
1990-08-08 04:00:00+00:00,16.41,89.65,16.0,16.89,15.0,355.3,1.79,42.0,92820.0
1990-08-08 05:00:00+00:00,17.0,86.65,180.0,411.98,80.0,363.45,1.79,40.0,92860.0
1990-08-08 06:00:00+00:00,18.56,81.0,329.0,407.15,157.0,356.85,2.07,40.0,92870.0
1990-08-08 07:00:00+00:00,19.93,73.15,470.0,406.07,232.0,366.35,2.55,45.0,92880.0
1990-08-08 08:00:00+00:00,21.53,68.5,618.0,484.4,268.0,360.35,3.38,49.0,92870.0
1990-08-08 09:00:00+00:00,23.25,58.0,812.0,774.5,175.0,360.75,3.93,53.0,92870.0
1990-08-08 10:00:00+00:00,24.62,50.8,609.0,201.35,432.0,359.0,4.28,55.0,92870.0
1990-08-08 11:00:00+00:00,25.45,49.2,522.0,96.79,436.0,362.65,4.28,55.0,92870.0
1990-08-08 12:00:00+00:00,25.89,49.3,532.0,131.75,420.0,368.45,4.07,56.0,92850.0
1990-08-08 13:00:00+00:00,26.04,49.3,511.0,180.04,373.0,365.55,3.93,54.0,92830.0
1990-08-08 14:00:00+00:00,24.65,52.6,546.0,484.94,234.0,365.95,3.79,52.0,92850.0
1990-08-08 15:00:00+00:00,24.01,58.1,426.0,570.37,147.0,375.45,3.31,47.0,92880.0
1990-08-08 16:00:00+00:00,23.17,60.05,173.0,117.72,136.0,372.35,3.17,39.0,92840.0
1990-08-08 17:00:00+00:00,22.39,64.1,76.0,206.45,49.0,369.45,3.24,42.0,92860.0
1990-08-08 18:00:00+00:00,21.54,66.25,0.0,0.0,0.0,366.95,3.17,45.0,92890.0
1990-08-08 19:00:00+00:00,21.45,68.5,0.0,0.0,0.0,350.3,2.97,45.0,92920.0
1990-08-08 20:00:00+00:00,20.95,68.4,0.0,0.0,0.0,348.75,2.69,46.0,92930.0
1990-08-08 21:00:00+00:00,20.42,68.3,0.0,0.0,0.0,341.0,2.55,41.0,92930.0
1990-08-08 22:00:00+00:00,19.87,68.2,0.0,0.0,0.0,339.65,2.34,42.0,92890.0
1990-08-08 23:00:00+00:00,19.17,70.55,0.0,0.0,0.0,336.15,2.14,40.0,92900.0
1990-08-09 00:00:00+00:00,18.46,75.55,0.0,0.0,0.0,337.3,2.0,38.0,92870.0
1990-08-09 01:00:00+00:00,17.89,80.9,0.0,0.0,0.0,337.4,2.0,39.0,92890.0
1990-08-09 02:00:00+00:00,17.82,80.9,0.0,0.0,0.0,352.4,2.0,37.0,92890.0
1990-08-09 03:00:00+00:00,17.4,86.65,0.0,0.0,0.0,345.65,1.93,36.0,92890.0
1990-08-09 04:00:00+00:00,17.07,86.65,19.0,53.43,16.0,349.5,1.93,36.0,92890.0
1990-08-09 05:00:00+00:00,17.75,86.7,108.0,58.35,94.0,353.55,1.86,38.0,92880.0
1990-08-09 06:00:00+00:00,19.53,81.1,153.0,9.53,149.0,350.85,1.93,38.0,92910.0
1990-08-09 07:00:00+00:00,22.13,66.35,388.0,195.3,274.0,362.3,2.62,38.0,92930.0
1990-08-09 08:00:00+00:00,23.87,58.1,275.0,8.33,269.0,359.2,3.72,47.0,92910.0
1990-08-09 09:00:00+00:00,25.19,49.2,455.0,75.59,393.0,360.35,3.93,52.0,92910.0
1990-08-09 10:00:00+00:00,25.95,47.65,799.0,570.23,299.0,365.2,3.86,53.0,92900.0
1990-08-09 11:00:00+00:00,26.54,46.15,670.0,283.25,419.0,369.05,3.59,52.0,92870.0
1990-08-09 12:00:00+00:00,27.07,44.7,478.0,80.23,410.0,367.3,3.24,51.0,92840.0
1990-08-09 13:00:00+00:00,27.28,43.3,712.0,640.25,223.0,376.6,2.97,52.0,92800.0
1990-08-09 14:00:00+00:00,25.55,50.95,457.0,251.41,296.0,368.65,2.28,51.0,92840.0
1990-08-09 15:00:00+00:00,25.05,52.6,456.0,710.06,111.0,373.1,2.07,58.0,92850.0
1990-08-09 16:00:00+00:00,24.57,52.6,230.0,360.42,118.0,377.95,2.0,48.0,92820.0
1990-08-09 17:00:00+00:00,23.77,56.15,78.0,259.94,45.0,371.2,2.0,39.0,92800.0
1990-08-09 18:00:00+00:00,22.48,61.95,0.0,0.0,0.0,356.65,2.14,34.0,92860.0
1990-08-09 19:00:00+00:00,20.92,73.3,0.0,0.0,0.0,348.95,1.72,43.0,92870.0
1990-08-09 20:00:00+00:00,19.56,81.1,0.0,0.0,0.0,341.2,1.66,42.0,92890.0
1990-08-09 21:00:00+00:00,18.39,83.8,0.0,0.0,0.0,336.15,1.66,45.0,92910.0
1990-08-09 22:00:00+00:00,17.53,86.7,0.0,0.0,0.0,343.5,1.66,49.0,92900.0
1990-08-09 23:00:00+00:00,16.91,92.8,0.0,0.0,0.0,349.1,1.66,49.0,92900.0
1990-08-10 00:00:00+00:00,16.46,96.05,0.0,0.0,0.0,345.65,1.66,49.0,92900.0
1990-08-10 01:00:00+00:00,16.24,96.05,0.0,0.0,0.0,350.2,1.72,48.0,92910.0
1990-08-10 02:00:00+00:00,15.98,96.0,0.0,0.0,0.0,349.9,1.72,49.0,92900.0
1990-08-10 03:00:00+00:00,15.68,96.0,0.0,0.0,0.0,353.0,1.79,48.0,92900.0
1990-08-10 04:00:00+00:00,15.57,96.0,12.0,0.0,12.0,348.35,1.79,47.0,92910.0
1990-08-10 05:00:00+00:00,16.21,92.8,177.0,417.47,78.0,356.85,1.86,49.0,92920.0
1990-08-10 06:00:00+00:00,18.28,86.75,366.0,606.25,113.0,349.5,1.72,48.0,92930.0
1990-08-10 07:00:00+00:00,21.63,73.45,546.0,705.28,136.0,350.85,1.52,46.0,92930.0
1990-08-10 08:00:00+00:00,23.97,60.15,703.0,768.8,151.0,346.6,1.72,51.0,92920.0
1990-08-10 09:00:00+00:00,25.55,49.2,829.0,828.84,151.0,353.2,1.86,64.0,92910.0
1990-08-10 10:00:00+00:00,26.59,40.25,812.0,607.17,281.0,360.35,1.24,76.0,92910.0
1990-08-10 11:00:00+00:00,27.19,37.6,793.0,537.48,318.0,364.0,0.69,76.0,92890.0
1990-08-10 12:00:00+00:00,27.57,37.6,730.0,473.37,330.0,364.6,0.14,102.0,92870.0
1990-08-10 13:00:00+00:00,27.63,36.45,606.0,360.07,332.0,368.45,0.69,197.0,92890.0
1990-08-10 14:00:00+00:00,26.89,40.25,192.0,0.0,192.0,376.4,0.69,240.0,92900.0
1990-08-10 15:00:00+00:00,26.32,43.05,424.0,584.44,142.0,382.2,0.9,263.0,92880.0
1990-08-10 16:00:00+00:00,25.5,49.2,257.0,543.8,90.0,370.0,0.76,272.0,92880.0
1990-08-10 17:00:00+00:00,24.43,69.05,68.0,170.68,47.0,375.85,0.62,279.0,92890.0
1990-08-10 18:00:00+00:00,24.24,56.25,0.0,0.0,0.0,363.85,0.48,270.0,92900.0
1990-08-10 19:00:00+00:00,23.6,60.15,0.0,0.0,0.0,361.5,0.69,10.0,92960.0
1990-08-10 20:00:00+00:00,22.11,71.05,0.0,0.0,0.0,354.75,0.97,46.0,93010.0
1990-08-10 21:00:00+00:00,20.27,81.15,0.0,0.0,0.0,352.6,1.17,52.0,93020.0
1990-08-10 22:00:00+00:00,18.79,89.75,0.0,0.0,0.0,348.95,1.31,52.0,93020.0
1990-08-10 23:00:00+00:00,17.77,92.85,0.0,0.0,0.0,345.85,1.38,51.0,93050.0
1990-08-11 00:00:00+00:00,17.25,96.05,0.0,0.0,0.0,346.2,1.38,52.0,93020.0
1990-08-11 01:00:00+00:00,16.82,96.05,0.0,0.0,0.0,341.9,1.38,53.0,93030.0
1990-08-11 02:00:00+00:00,16.44,99.4,0.0,0.0,0.0,339.25,1.38,54.0,93040.0
1990-08-11 03:00:00+00:00,16.21,96.05,0.0,0.0,0.0,341.75,1.38,53.0,93030.0
1990-08-11 04:00:00+00:00,15.92,99.4,12.0,0.0,12.0,335.95,1.38,53.0,93030.0
1990-08-11 05:00:00+00:00,17.3,92.85,174.0,409.69,78.0,336.35,1.17,52.0,93050.0
1990-08-11 06:00:00+00:00,21.39,81.3,361.0,600.4,112.0,339.25,0.9,52.0,93050.0
1990-08-11 07:00:00+00:00,24.01,62.25,542.0,701.32,136.0,349.1,0.48,107.0,93110.0
1990-08-11 08:00:00+00:00,25.33,54.55,698.0,764.31,151.0,354.15,0.76,213.0,93100.0
1990-08-11 09:00:00+00:00,25.86,51.05,815.0,802.98,160.0,365.75,1.31,251.0,93120.0
1990-08-11 10:00:00+00:00,26.27,49.45,554.0,138.73,433.0,371.95,1.45,258.0,93140.0
1990-08-11 11:00:00+00:00,26.68,47.9,410.0,27.23,386.0,381.85,1.52,260.0,93120.0
1990-08-11 12:00:00+00:00,27.08,49.55,640.0,293.22,393.0,385.5,1.45,260.0,93120.0
1990-08-11 13:00:00+00:00,27.32,49.7,645.0,464.34,293.0,388.4,1.52,253.0,93070.0
1990-08-11 14:00:00+00:00,27.18,49.7,269.0,18.92,257.0,384.75,1.59,247.0,93050.0
1990-08-11 15:00:00+00:00,24.55,66.75,85.0,0.0,85.0,386.45,1.24,263.0,93030.0
1990-08-11 16:00:00+00:00,24.2,66.75,199.0,234.04,128.0,382.6,1.31,314.0,93090.0
1990-08-11 17:00:00+00:00,23.08,68.85,55.0,84.01,45.0,387.85,1.52,357.0,93090.0
1990-08-11 18:00:00+00:00,22.27,76.1,0.0,0.0,0.0,372.95,1.03,40.0,93070.0
1990-08-11 19:00:00+00:00,23.89,56.15,0.0,0.0,0.0,365.0,0.41,348.0,93060.0
1990-08-11 20:00:00+00:00,23.14,60.05,0.0,0.0,0.0,353.95,0.76,36.0,93090.0
1990-08-11 21:00:00+00:00,20.73,73.3,0.0,0.0,0.0,352.2,1.17,37.0,93090.0
1990-08-11 22:00:00+00:00,19.3,81.05,0.0,0.0,0.0,355.1,1.31,47.0,93060.0
1990-08-11 23:00:00+00:00,18.05,83.8,0.0,0.0,0.0,349.3,1.38,52.0,93060.0
1990-08-12 00:00:00+00:00,17.38,89.7,0.0,0.0,0.0,350.85,1.31,52.0,93040.0
1990-08-12 01:00:00+00:00,16.85,92.8,0.0,0.0,0.0,344.8,1.31,54.0,93060.0
1990-08-12 02:00:00+00:00,16.6,92.8,0.0,0.0,0.0,347.95,1.31,52.0,93030.0
1990-08-12 03:00:00+00:00,16.38,96.05,0.0,0.0,0.0,347.55,1.31,50.0,93030.0
1990-08-12 04:00:00+00:00,16.07,96.05,10.0,0.0,10.0,342.55,1.38,51.0,93020.0
1990-08-12 05:00:00+00:00,17.41,96.05,161.0,332.64,84.0,347.0,1.03,51.0,93040.0
1990-08-12 06:00:00+00:00,21.85,76.0,347.0,545.97,122.0,348.35,0.76,50.0,93050.0
1990-08-12 07:00:00+00:00,23.86,60.15,529.0,666.14,145.0,354.15,0.41,46.0,93070.0
1990-08-12 08:00:00+00:00,25.42,52.75,686.0,741.6,157.0,357.65,0.28,313.0,93080.0
1990-08-12 09:00:00+00:00,26.58,51.2,746.0,607.34,252.0,364.8,1.03,291.0,93090.0
1990-08-12 10:00:00+00:00,27.23,48.0,687.0,343.75,388.0,372.55,1.66,286.0,93090.0
1990-08-12 11:00:00+00:00,27.78,44.95,823.0,638.39,262.0,380.3,2.0,277.0,93060.0
1990-08-12 12:00:00+00:00,27.9,46.5,731.0,497.83,313.0,385.3,2.55,267.0,93000.0
1990-08-12 13:00:00+00:00,25.15,62.55,80.0,0.0,80.0,381.65,1.79,260.0,93050.0
1990-08-12 14:00:00+00:00,25.24,62.55,335.0,71.32,290.0,390.95,0.97,274.0,93060.0
1990-08-12 15:00:00+00:00,23.73,68.95,252.0,82.01,213.0,394.6,1.03,320.0,93110.0
1990-08-12 16:00:00+00:00,22.53,78.7,30.0,0.0,30.0,385.5,1.03,358.0,93130.0
1990-08-12 17:00:00+00:00,22.47,78.7,69.0,234.88,42.0,375.05,0.97,38.0,93080.0
1990-08-12 18:00:00+00:00,21.62,81.35,0.0,0.0,0.0,365.2,1.1,34.0,93060.0
1990-08-12 19:00:00+00:00,21.9,73.45,0.0,0.0,0.0,365.55,1.03,46.0,93090.0
1990-08-12 20:00:00+00:00,20.05,81.15,0.0,0.0,0.0,356.1,1.31,46.0,93110.0
1990-08-12 21:00:00+00:00,18.84,89.75,0.0,0.0,0.0,354.35,1.38,50.0,93120.0
1990-08-12 22:00:00+00:00,18.12,86.75,0.0,0.0,0.0,355.7,1.45,48.0,93110.0
1990-08-12 23:00:00+00:00,17.77,89.75,0.0,0.0,0.0,355.9,1.52,47.0,93100.0
1990-08-13 00:00:00+00:00,17.61,89.75,0.0,0.0,0.0,361.1,1.59,48.0,93110.0
1990-08-13 01:00:00+00:00,17.39,92.85,0.0,0.0,0.0,363.35,1.59,48.0,93110.0
1990-08-13 02:00:00+00:00,17.1,92.85,0.0,0.0,0.0,360.75,1.59,49.0,93110.0
1990-08-13 03:00:00+00:00,16.82,96.05,0.0,0.0,0.0,360.55,1.59,50.0,93100.0
1990-08-13 04:00:00+00:00,16.56,96.05,8.0,0.0,8.0,359.0,1.59,51.0,93070.0
1990-08-13 05:00:00+00:00,16.83,96.05,166.0,389.29,77.0,351.65,1.59,52.0,93090.0
1990-08-13 06:00:00+00:00,18.6,86.75,352.0,576.36,116.0,350.65,1.38,53.0,93100.0
1990-08-13 07:00:00+00:00,21.81,76.0,536.0,698.64,135.0,346.8,0.76,54.0,93140.0
1990-08-13 08:00:00+00:00,24.15,58.2,692.0,762.38,150.0,350.3,0.21,42.0,93120.0
1990-08-13 09:00:00+00:00,25.63,51.05,818.0,822.44,151.0,353.75,0.55,294.0,93140.0
1990-08-13 10:00:00+00:00,26.42,47.75,881.0,832.4,159.0,361.7,1.03,287.0,93110.0
1990-08-13 11:00:00+00:00,27.02,46.25,858.0,736.14,213.0,362.5,1.45,277.0,93080.0
1990-08-13 12:00:00+00:00,27.3,44.8,693.0,408.67,351.0,367.9,1.86,274.0,93050.0
1990-08-13 13:00:00+00:00,27.07,46.25,537.0,238.01,358.0,370.0,1.93,274.0,93040.0
1990-08-13 14:00:00+00:00,26.38,49.45,398.0,156.15,300.0,377.4,1.93,270.0,93050.0
1990-08-13 15:00:00+00:00,25.87,52.85,421.0,620.86,128.0,385.1,2.0,268.0,93020.0
1990-08-13 16:00:00+00:00,25.27,58.45,240.0,507.36,90.0,375.85,2.0,265.0,93030.0
1990-08-13 17:00:00+00:00,24.35,66.75,61.0,180.53,41.0,377.0,1.24,257.0,93020.0
1990-08-13 18:00:00+00:00,22.86,78.75,0.0,0.0,0.0,367.3,0.83,252.0,93030.0
1990-08-13 19:00:00+00:00,23.02,78.75,0.0,0.0,0.0,362.5,0.21,272.0,93020.0
1990-08-13 20:00:00+00:00,22.41,81.4,0.0,0.0,0.0,357.85,0.48,56.0,93040.0
1990-08-13 21:00:00+00:00,21.0,86.9,0.0,0.0,0.0,355.3,0.9,62.0,93050.0
1990-08-13 22:00:00+00:00,19.47,96.1,0.0,0.0,0.0,351.45,1.1,63.0,93050.0
1990-08-13 23:00:00+00:00,18.56,96.1,0.0,0.0,0.0,350.65,1.17,62.0,93030.0
1990-08-14 00:00:00+00:00,17.84,96.05,0.0,0.0,0.0,346.8,1.24,60.0,93010.0
1990-08-14 01:00:00+00:00,17.39,96.05,0.0,0.0,0.0,348.25,1.24,62.0,92970.0
1990-08-14 02:00:00+00:00,17.05,96.05,0.0,0.0,0.0,344.1,1.31,63.0,92960.0
1990-08-14 03:00:00+00:00,16.76,96.05,0.0,0.0,0.0,342.75,1.31,62.0,92930.0
1990-08-14 04:00:00+00:00,16.51,96.05,8.0,0.0,8.0,341.0,1.31,63.0,92920.0
1990-08-14 05:00:00+00:00,17.6,92.85,161.0,358.81,80.0,340.6,0.97,62.0,92920.0
1990-08-14 06:00:00+00:00,21.92,81.35,346.0,555.55,120.0,342.75,0.41,83.0,92920.0
1990-08-14 07:00:00+00:00,23.74,71.35,529.0,673.71,144.0,350.5,0.34,141.0,92980.0
1990-08-14 08:00:00+00:00,25.21,58.45,684.0,736.77,162.0,355.1,0.55,185.0,92940.0
1990-08-14 09:00:00+00:00,26.6,51.3,813.0,813.78,155.0,359.0,1.1,220.0,92940.0
1990-08-14 10:00:00+00:00,27.47,49.7,787.0,567.71,296.0,365.2,1.79,232.0,92900.0
1990-08-14 11:00:00+00:00,27.72,48.15,711.0,376.62,382.0,371.75,2.07,235.0,92880.0
1990-08-14 12:00:00+00:00,27.39,51.45,755.0,561.14,287.0,382.6,2.0,227.0,92840.0
1990-08-14 13:00:00+00:00,27.58,51.45,728.0,739.68,174.0,381.65,2.07,226.0,92790.0
1990-08-14 14:00:00+00:00,27.31,51.45,600.0,738.53,139.0,381.25,2.07,224.0,92770.0
1990-08-14 15:00:00+00:00,25.9,56.6,425.0,653.53,119.0,373.9,1.45,220.0,92720.0
1990-08-14 16:00:00+00:00,25.63,58.55,235.0,497.15,90.0,370.2,0.83,196.0,92730.0
1990-08-14 17:00:00+00:00,24.82,66.85,53.0,122.02,40.0,362.1,0.83,187.0,92720.0
1990-08-14 18:00:00+00:00,23.53,73.7,0.0,0.0,0.0,357.45,0.76,161.0,92740.0
1990-08-14 19:00:00+00:00,22.81,76.15,0.0,0.0,0.0,351.65,0.83,132.0,92740.0
1990-08-14 20:00:00+00:00,21.51,84.05,0.0,0.0,0.0,348.15,1.03,101.0,92760.0
1990-08-14 21:00:00+00:00,20.92,84.05,0.0,0.0,0.0,343.9,1.03,92.0,92780.0
1990-08-14 22:00:00+00:00,19.64,86.85,0.0,0.0,0.0,342.35,1.24,81.0,92770.0
1990-08-14 23:00:00+00:00,18.68,89.75,0.0,0.0,0.0,342.35,1.31,63.0,92760.0
1990-08-15 00:00:00+00:00,17.71,92.85,0.0,0.0,0.0,345.05,1.38,61.0,92730.0
1990-08-15 01:00:00+00:00,17.19,92.85,0.0,0.0,0.0,342.25,1.38,63.0,92680.0
1990-08-15 02:00:00+00:00,16.81,96.05,0.0,0.0,0.0,341.0,1.38,58.0,92650.0
1990-08-15 03:00:00+00:00,16.53,92.8,0.0,0.0,0.0,340.6,1.38,54.0,92620.0
1990-08-15 04:00:00+00:00,16.24,96.05,5.0,0.0,5.0,338.1,1.38,54.0,92620.0
1990-08-15 05:00:00+00:00,17.24,92.85,139.0,228.85,88.0,337.5,1.03,52.0,92630.0
1990-08-15 06:00:00+00:00,21.56,73.45,317.0,423.14,146.0,339.25,0.62,46.0,92630.0
1990-08-15 07:00:00+00:00,23.72,60.15,520.0,653.86,148.0,362.85,0.62,48.0,92640.0
1990-08-15 08:00:00+00:00,25.0,54.45,677.0,729.42,162.0,362.3,0.55,68.0,92630.0
1990-08-15 09:00:00+00:00,25.74,52.85,792.0,767.89,173.0,368.45,0.28,186.0,92650.0
1990-08-15 10:00:00+00:00,26.23,52.95,678.0,336.3,388.0,374.65,0.76,216.0,92630.0
1990-08-15 11:00:00+00:00,26.76,49.55,803.0,601.71,279.0,374.45,1.66,226.0,92590.0
1990-08-15 12:00:00+00:00,25.15,60.45,725.0,499.34,310.0,379.3,1.86,240.0,92570.0
1990-08-15 13:00:00+00:00,23.36,71.25,546.0,264.15,349.0,383.0,1.38,278.0,92640.0
1990-08-15 14:00:00+00:00,23.5,68.85,573.0,655.67,166.0,385.5,0.55,294.0,92650.0
1990-08-15 15:00:00+00:00,23.67,66.65,405.0,577.02,137.0,379.7,0.48,290.0,92600.0
1990-08-15 16:00:00+00:00,23.28,66.55,232.0,500.7,88.0,378.55,0.69,262.0,92540.0
1990-08-15 17:00:00+00:00,22.34,71.05,56.0,176.09,38.0,365.0,0.48,144.0,92580.0
1990-08-15 18:00:00+00:00,21.45,81.3,0.0,0.0,0.0,374.3,0.97,129.0,92590.0
1990-08-15 19:00:00+00:00,22.01,64.0,0.0,0.0,0.0,363.05,0.76,31.0,92600.0
1990-08-15 20:00:00+00:00,20.63,73.3,0.0,0.0,0.0,367.3,0.9,42.0,92630.0
1990-08-15 21:00:00+00:00,19.1,81.05,0.0,0.0,0.0,352.0,1.03,57.0,92630.0
1990-08-15 22:00:00+00:00,17.94,89.75,0.0,0.0,0.0,347.55,1.24,60.0,92630.0
1990-08-15 23:00:00+00:00,17.22,89.7,0.0,0.0,0.0,344.65,1.31,59.0,92640.0
1990-08-16 00:00:00+00:00,16.81,92.8,0.0,0.0,0.0,354.35,1.31,59.0,92620.0
1990-08-16 01:00:00+00:00,16.55,92.8,0.0,0.0,0.0,354.45,1.38,56.0,92610.0
1990-08-16 02:00:00+00:00,16.48,96.05,0.0,0.0,0.0,356.65,1.45,52.0,92620.0
1990-08-16 03:00:00+00:00,16.12,92.8,0.0,0.0,0.0,351.65,1.52,51.0,92590.0
1990-08-16 04:00:00+00:00,15.85,96.0,5.0,0.0,5.0,352.2,1.52,51.0,92610.0
1990-08-16 05:00:00+00:00,16.15,92.8,167.0,441.02,70.0,349.5,1.45,50.0,92640.0
1990-08-16 06:00:00+00:00,18.09,83.8,354.0,617.81,106.0,349.9,1.31,50.0,92650.0
1990-08-16 07:00:00+00:00,20.88,70.8,535.0,715.09,130.0,355.5,0.97,46.0,92680.0
1990-08-16 08:00:00+00:00,22.67,57.9,689.0,771.81,146.0,363.05,0.69,50.0,92720.0
1990-08-16 09:00:00+00:00,24.04,54.2,776.0,714.28,202.0,351.85,0.41,24.0,92730.0
1990-08-16 10:00:00+00:00,25.23,47.5,661.0,303.59,400.0,360.35,0.55,317.0,92730.0
1990-08-16 11:00:00+00:00,25.71,46.0,548.0,133.63,432.0,374.45,0.76,285.0,92710.0
1990-08-16 12:00:00+00:00,25.63,47.65,421.0,47.09,382.0,375.85,0.9,273.0,92720.0
1990-08-16 13:00:00+00:00,25.74,47.65,386.0,56.56,344.0,372.15,1.1,262.0,92690.0
1990-08-16 14:00:00+00:00,25.58,49.3,435.0,241.42,286.0,370.2,1.31,254.0,92700.0
1990-08-16 15:00:00+00:00,25.3,50.95,313.0,230.13,207.0,376.8,1.79,252.0,92660.0
1990-08-16 16:00:00+00:00,24.5,58.2,228.0,497.44,87.0,383.75,2.0,250.0,92650.0
1990-08-16 17:00:00+00:00,23.6,62.25,52.0,163.57,36.0,371.95,1.31,248.0,92690.0
1990-08-16 18:00:00+00:00,22.06,78.7,0.0,0.0,0.0,365.55,0.83,244.0,92720.0
1990-08-16 19:00:00+00:00,22.31,73.55,0.0,0.0,0.0,353.2,0.34,226.0,92740.0
1990-08-16 20:00:00+00:00,21.72,78.65,0.0,0.0,0.0,346.0,0.41,94.0,92760.0
1990-08-16 21:00:00+00:00,21.1,81.3,0.0,0.0,0.0,348.95,0.76,79.0,92780.0
1990-08-16 22:00:00+00:00,19.81,89.85,0.0,0.0,0.0,341.4,0.9,71.0,92780.0
1990-08-16 23:00:00+00:00,18.57,92.85,0.0,0.0,0.0,341.0,1.03,67.0,92780.0
1990-08-17 00:00:00+00:00,17.62,92.85,0.0,0.0,0.0,341.75,1.1,66.0,92760.0
1990-08-17 01:00:00+00:00,16.9,96.05,0.0,0.0,0.0,337.6,1.17,63.0,92770.0
1990-08-17 02:00:00+00:00,16.43,96.05,0.0,0.0,0.0,339.25,1.24,62.0,92770.0
1990-08-17 03:00:00+00:00,16.11,96.05,0.0,0.0,0.0,338.85,1.24,61.0,92740.0
1990-08-17 04:00:00+00:00,15.83,96.0,4.0,0.0,4.0,335.4,1.24,61.0,92730.0
1990-08-17 05:00:00+00:00,16.69,96.05,159.0,405.5,71.0,332.5,1.03,61.0,92730.0
1990-08-17 06:00:00+00:00,20.92,84.05,346.0,594.44,109.0,336.55,0.62,76.0,92740.0
1990-08-17 07:00:00+00:00,23.25,68.85,528.0,697.09,135.0,346.4,0.69,99.0,92770.0
1990-08-17 08:00:00+00:00,24.7,56.35,677.0,736.08,161.0,352.2,0.97,172.0,92770.0
1990-08-17 09:00:00+00:00,25.58,51.05,746.0,626.68,244.0,353.95,1.59,205.0,92770.0
1990-08-17 10:00:00+00:00,25.84,51.05,817.0,668.56,244.0,364.2,1.79,217.0,92760.0
1990-08-17 11:00:00+00:00,26.31,51.2,785.0,558.21,302.0,368.1,1.93,225.0,92770.0
1990-08-17 12:00:00+00:00,26.36,52.95,827.0,798.73,168.0,377.95,2.0,229.0,92730.0
1990-08-17 13:00:00+00:00,26.28,52.95,743.0,814.38,141.0,387.45,2.07,232.0,92710.0
1990-08-17 14:00:00+00:00,26.0,54.7,580.0,700.83,150.0,373.3,2.14,229.0,92690.0
1990-08-17 15:00:00+00:00,25.13,56.5,418.0,667.88,113.0,375.25,1.66,217.0,92680.0
1990-08-17 16:00:00+00:00,24.3,60.25,225.0,497.8,86.0,357.65,0.97,213.0,92680.0
1990-08-17 17:00:00+00:00,23.62,68.95,50.0,171.42,34.0,368.3,0.21,189.0,92690.0
1990-08-17 18:00:00+00:00,21.93,81.35,0.0,0.0,0.0,353.4,0.9,92.0,92700.0
1990-08-17 19:00:00+00:00,22.51,71.05,0.0,0.0,0.0,348.55,0.28,119.0,92690.0
1990-08-17 20:00:00+00:00,21.74,73.45,0.0,0.0,0.0,340.0,0.62,95.0,92720.0
1990-08-17 21:00:00+00:00,20.76,78.5,0.0,0.0,0.0,336.35,0.9,86.0,92730.0
1990-08-17 22:00:00+00:00,19.45,86.8,0.0,0.0,0.0,337.9,1.03,86.0,92710.0
1990-08-17 23:00:00+00:00,18.49,86.75,0.0,0.0,0.0,333.25,1.17,73.0,92680.0
1990-08-18 00:00:00+00:00,17.61,86.7,0.0,0.0,0.0,333.25,1.24,62.0,92680.0
1990-08-18 01:00:00+00:00,16.78,92.8,0.0,0.0,0.0,338.2,1.24,57.0,92670.0
1990-08-18 02:00:00+00:00,16.42,92.8,0.0,0.0,0.0,344.65,1.17,55.0,92650.0
1990-08-18 03:00:00+00:00,16.19,92.8,0.0,0.0,0.0,346.0,1.17,54.0,92620.0
1990-08-18 04:00:00+00:00,15.64,96.0,3.0,0.0,3.0,335.0,1.31,55.0,92630.0
1990-08-18 05:00:00+00:00,16.41,96.05,140.0,275.6,81.0,339.25,1.1,57.0,92610.0
1990-08-18 06:00:00+00:00,20.46,81.15,253.0,199.52,174.0,340.0,0.83,64.0,92570.0
1990-08-18 07:00:00+00:00,22.1,68.7,503.0,613.02,159.0,368.45,0.97,123.0,92570.0
1990-08-18 08:00:00+00:00,23.52,62.15,586.0,455.3,268.0,364.8,1.52,156.0,92540.0
1990-08-18 09:00:00+00:00,24.5,56.25,611.0,310.6,363.0,366.35,2.07,185.0,92520.0
1990-08-18 10:00:00+00:00,24.19,58.2,694.0,380.4,369.0,385.3,2.41,194.0,92540.0
1990-08-18 11:00:00+00:00,22.58,68.75,143.0,0.0,143.0,386.45,1.45,202.0,92530.0
1990-08-18 12:00:00+00:00,20.84,78.5,108.0,0.0,108.0,399.05,0.69,196.0,92490.0
1990-08-18 13:00:00+00:00,20.27,83.95,541.0,270.45,342.0,390.75,0.62,142.0,92480.0
1990-08-18 14:00:00+00:00,20.22,86.85,547.0,593.59,185.0,391.1,0.97,116.0,92520.0
1990-08-18 15:00:00+00:00,19.27,89.8,348.0,371.14,180.0,394.6,0.69,10.0,92490.0
1990-08-18 16:00:00+00:00,18.72,89.75,104.0,18.19,99.0,391.3,0.97,51.0,92490.0
1990-08-18 17:00:00+00:00,18.73,89.75,4.0,0.0,4.0,366.95,1.03,76.0,92450.0
1990-08-18 18:00:00+00:00,18.51,86.75,0.0,0.0,0.0,368.85,0.83,66.0,92440.0
1990-08-18 19:00:00+00:00,17.07,92.85,0.0,0.0,0.0,349.7,0.48,80.0,92470.0
1990-08-18 20:00:00+00:00,16.72,96.05,0.0,0.0,0.0,358.4,0.83,88.0,92460.0
1990-08-18 21:00:00+00:00,16.58,92.8,0.0,0.0,0.0,352.6,0.69,70.0,92480.0
1990-08-18 22:00:00+00:00,16.29,96.05,0.0,0.0,0.0,353.4,0.76,55.0,92480.0
1990-08-18 23:00:00+00:00,16.14,96.05,0.0,0.0,0.0,358.0,0.69,56.0,92470.0
1990-08-19 00:00:00+00:00,15.73,99.4,0.0,0.0,0.0,353.0,0.83,54.0,92440.0
1990-08-19 01:00:00+00:00,15.97,99.4,0.0,0.0,0.0,361.05,0.76,49.0,92450.0
1990-08-19 02:00:00+00:00,15.52,99.4,0.0,0.0,0.0,349.1,0.83,50.0,92430.0
1990-08-19 03:00:00+00:00,15.26,99.4,0.0,0.0,0.0,351.65,0.9,44.0,92420.0
1990-08-19 04:00:00+00:00,15.02,99.4,1.0,0.0,1.0,350.3,1.03,39.0,92420.0
1990-08-19 05:00:00+00:00,15.84,99.4,161.0,445.25,67.0,349.7,1.03,38.0,92450.0
1990-08-19 06:00:00+00:00,17.5,83.75,349.0,625.67,103.0,343.9,1.45,41.0,92460.0
1990-08-19 07:00:00+00:00,19.03,73.05,532.0,723.35,128.0,338.85,1.24,30.0,92470.0
1990-08-19 08:00:00+00:00,20.53,63.8,688.0,780.35,145.0,338.3,1.38,25.0,92460.0
1990-08-19 09:00:00+00:00,22.0,55.65,811.0,831.86,149.0,334.6,1.66,15.0,92450.0
1990-08-19 10:00:00+00:00,23.03,52.1,818.0,674.02,244.0,342.55,1.66,5.0,92450.0
1990-08-19 11:00:00+00:00,23.87,48.8,389.0,22.11,370.0,347.55,1.59,357.0,92420.0
1990-08-19 12:00:00+00:00,24.2,48.95,166.0,0.0,166.0,359.55,1.72,354.0,92410.0
1990-08-19 13:00:00+00:00,23.14,52.25,515.0,218.48,355.0,368.45,1.86,4.0,92410.0
1990-08-19 14:00:00+00:00,21.7,59.7,428.0,235.95,285.0,359.95,2.14,23.0,92470.0
1990-08-19 15:00:00+00:00,22.34,55.8,409.0,653.2,116.0,356.5,1.86,38.0,92410.0
1990-08-19 16:00:00+00:00,22.42,53.85,128.0,62.83,111.0,355.9,1.72,25.0,92440.0
1990-08-19 17:00:00+00:00,21.48,57.55,44.0,166.34,30.0,353.75,1.31,19.0,92460.0
1990-08-19 18:00:00+00:00,19.72,70.65,0.0,0.0,0.0,342.95,1.17,19.0,92490.0
1990-08-19 19:00:00+00:00,18.68,72.95,0.0,0.0,0.0,331.3,1.17,25.0,92550.0
1990-08-19 20:00:00+00:00,17.45,78.1,0.0,0.0,0.0,329.4,1.24,35.0,92590.0
1990-08-19 21:00:00+00:00,16.15,83.6,0.0,0.0,0.0,322.2,1.31,45.0,92620.0
1990-08-19 22:00:00+00:00,15.21,86.5,0.0,0.0,0.0,323.2,1.38,48.0,92600.0
1990-08-19 23:00:00+00:00,14.45,92.7,0.0,0.0,0.0,314.1,1.38,46.0,92610.0
1990-08-20 00:00:00+00:00,13.87,92.65,0.0,0.0,0.0,311.2,1.45,44.0,92600.0
1990-08-20 01:00:00+00:00,13.44,95.95,0.0,0.0,0.0,309.35,1.45,45.0,92600.0
1990-08-20 02:00:00+00:00,13.01,92.65,0.0,0.0,0.0,307.7,1.52,46.0,92610.0
1990-08-20 03:00:00+00:00,12.61,95.95,0.0,0.0,0.0,308.3,1.52,46.0,92620.0
1990-08-20 04:00:00+00:00,12.33,95.95,0.0,0.0,0.0,308.5,1.59,46.0,92640.0
1990-08-20 05:00:00+00:00,13.26,95.95,162.0,466.02,65.0,318.95,1.38,47.0,92660.0
1990-08-20 06:00:00+00:00,16.66,83.65,352.0,637.82,103.0,323.2,1.17,45.0,92700.0
1990-08-20 07:00:00+00:00,19.44,68.1,536.0,737.63,126.0,317.0,1.24,37.0,92750.0
1990-08-20 08:00:00+00:00,21.41,53.6,694.0,793.42,144.0,317.2,2.07,35.0,92760.0
1990-08-20 09:00:00+00:00,22.68,46.85,818.0,844.76,148.0,328.05,2.0,30.0,92780.0
1990-08-20 10:00:00+00:00,23.75,43.9,886.0,865.93,151.0,334.2,1.86,16.0,92810.0
1990-08-20 11:00:00+00:00,24.67,42.65,871.0,799.84,186.0,340.2,2.0,7.0,92820.0
1990-08-20 12:00:00+00:00,25.26,39.85,797.0,703.87,223.0,355.3,2.28,6.0,92810.0
1990-08-20 13:00:00+00:00,25.57,38.45,499.0,190.73,360.0,364.4,2.34,6.0,92810.0
1990-08-20 14:00:00+00:00,25.54,38.45,536.0,547.98,206.0,358.2,2.41,11.0,92800.0
1990-08-20 15:00:00+00:00,25.31,38.45,406.0,645.82,119.0,341.0,2.48,14.0,92800.0
1990-08-20 16:00:00+00:00,24.64,39.7,209.0,443.44,91.0,336.95,2.21,17.0,92810.0
1990-08-20 17:00:00+00:00,23.19,45.35,42.0,176.17,28.0,334.0,1.93,24.0,92830.0
1990-08-20 18:00:00+00:00,21.2,51.75,0.0,0.0,0.0,329.2,1.86,33.0,92880.0
1990-08-20 19:00:00+00:00,19.4,63.5,0.0,0.0,0.0,327.45,1.72,41.0,92920.0
1990-08-20 20:00:00+00:00,17.79,70.35,0.0,0.0,0.0,323.75,1.66,44.0,92980.0
1990-08-20 21:00:00+00:00,16.65,75.3,0.0,0.0,0.0,319.7,1.59,44.0,93020.0
1990-08-20 22:00:00+00:00,15.55,80.65,0.0,0.0,0.0,316.05,1.52,45.0,93040.0
1990-08-20 23:00:00+00:00,14.75,83.45,0.0,0.0,0.0,312.55,1.59,46.0,93070.0
1990-08-21 00:00:00+00:00,14.13,86.4,0.0,0.0,0.0,309.25,1.59,47.0,93060.0
1990-08-21 01:00:00+00:00,13.46,92.65,0.0,0.0,0.0,307.05,1.66,47.0,93060.0
1990-08-21 02:00:00+00:00,13.05,89.4,0.0,0.0,0.0,305.0,1.72,48.0,93080.0
1990-08-21 03:00:00+00:00,12.71,92.6,0.0,0.0,0.0,302.65,1.79,49.0,93060.0
1990-08-21 04:00:00+00:00,12.47,92.6,0.0,0.0,0.0,301.3,1.79,50.0,93050.0
1990-08-21 05:00:00+00:00,13.2,92.65,160.0,467.94,64.0,299.95,1.66,51.0,93070.0
1990-08-21 06:00:00+00:00,17.04,80.85,350.0,639.86,102.0,302.3,1.31,50.0,93120.0
1990-08-21 07:00:00+00:00,19.41,73.05,535.0,739.43,126.0,320.85,1.31,51.0,93140.0
1990-08-21 08:00:00+00:00,21.86,55.65,693.0,796.5,143.0,314.85,1.03,52.0,93160.0
1990-08-21 09:00:00+00:00,23.74,48.8,813.0,836.3,152.0,323.4,0.41,55.0,93170.0
1990-08-21 10:00:00+00:00,25.15,42.75,880.0,855.86,156.0,330.75,0.48,252.0,93160.0
1990-08-21 11:00:00+00:00,26.12,40.1,895.0,870.68,152.0,336.15,0.9,268.0,93150.0
1990-08-21 12:00:00+00:00,26.82,37.5,845.0,856.97,149.0,339.45,1.1,281.0,93100.0
1990-08-21 13:00:00+00:00,27.3,37.6,740.0,824.64,142.0,342.15,1.31,285.0,93110.0
1990-08-21 14:00:00+00:00,27.38,37.6,594.0,778.9,128.0,343.7,1.52,283.0,93070.0
1990-08-21 15:00:00+00:00,26.93,40.25,412.0,686.12,110.0,345.25,1.79,278.0,93050.0
1990-08-21 16:00:00+00:00,25.79,46.0,218.0,535.22,78.0,344.5,1.52,270.0,93050.0
1990-08-21 17:00:00+00:00,23.89,66.65,39.0,174.02,26.0,343.1,1.03,261.0,93060.0
1990-08-21 18:00:00+00:00,23.74,54.2,0.0,0.0,0.0,340.2,0.62,276.0,93100.0
1990-08-21 19:00:00+00:00,23.04,55.9,0.0,0.0,0.0,339.25,0.69,13.0,93140.0
1990-08-21 20:00:00+00:00,20.98,66.05,0.0,0.0,0.0,336.75,1.1,42.0,93150.0
1990-08-21 21:00:00+00:00,18.71,78.25,0.0,0.0,0.0,334.4,1.38,49.0,93180.0
1990-08-21 22:00:00+00:00,17.03,83.7,0.0,0.0,0.0,332.1,1.52,52.0,93180.0
1990-08-21 23:00:00+00:00,16.0,86.55,0.0,0.0,0.0,329.75,1.52,53.0,93210.0
1990-08-22 00:00:00+00:00,15.37,92.75,0.0,0.0,0.0,328.05,1.52,54.0,93190.0
1990-08-22 01:00:00+00:00,14.92,96.0,0.0,0.0,0.0,326.2,1.52,55.0,93160.0
1990-08-22 02:00:00+00:00,14.58,96.0,0.0,0.0,0.0,325.3,1.52,55.0,93150.0
1990-08-22 03:00:00+00:00,14.3,96.0,0.0,0.0,0.0,323.95,1.52,54.0,93130.0
1990-08-22 04:00:00+00:00,14.06,96.0,0.0,0.0,0.0,323.0,1.52,54.0,93110.0
1990-08-22 05:00:00+00:00,14.89,96.0,153.0,435.31,65.0,322.6,1.31,54.0,93130.0
1990-08-22 06:00:00+00:00,19.81,86.85,340.0,615.98,103.0,325.3,0.76,56.0,93110.0
1990-08-22 07:00:00+00:00,22.88,66.45,520.0,708.57,130.0,347.2,0.21,113.0,93180.0
1990-08-22 08:00:00+00:00,24.46,56.25,678.0,776.38,144.0,341.95,0.48,219.0,93150.0
1990-08-22 09:00:00+00:00,25.8,49.3,801.0,827.82,149.0,347.55,0.69,238.0,93150.0
1990-08-22 10:00:00+00:00,26.91,46.25,863.0,837.47,157.0,353.2,1.24,245.0,93110.0
1990-08-22 11:00:00+00:00,27.56,46.4,872.0,839.77,158.0,357.65,1.86,251.0,93100.0
1990-08-22 12:00:00+00:00,27.66,48.15,828.0,837.07,151.0,361.9,2.28,254.0,93050.0
1990-08-22 13:00:00+00:00,27.45,51.45,716.0,783.12,151.0,365.0,2.41,256.0,93040.0
1990-08-22 14:00:00+00:00,26.99,54.95,573.0,735.35,136.0,366.95,2.28,260.0,93000.0
1990-08-22 15:00:00+00:00,26.43,58.7,401.0,669.97,109.0,367.3,2.14,264.0,92950.0
1990-08-22 16:00:00+00:00,25.58,60.6,207.0,498.1,79.0,370.8,1.66,263.0,92910.0
1990-08-22 17:00:00+00:00,24.49,69.05,34.0,128.81,25.0,368.65,1.03,254.0,92900.0
1990-08-22 18:00:00+00:00,23.4,73.7,0.0,0.0,0.0,362.85,0.48,252.0,92900.0
1990-08-22 19:00:00+00:00,22.72,71.15,0.0,0.0,0.0,355.9,0.41,45.0,92920.0
1990-08-22 20:00:00+00:00,21.19,81.3,0.0,0.0,0.0,352.2,0.9,51.0,92940.0
1990-08-22 21:00:00+00:00,19.55,86.85,0.0,0.0,0.0,356.1,1.1,56.0,92920.0
1990-08-22 22:00:00+00:00,18.43,92.85,0.0,0.0,0.0,348.55,1.24,56.0,92920.0
1990-08-22 23:00:00+00:00,17.73,92.85,0.0,0.0,0.0,349.1,1.31,57.0,92860.0
1990-08-23 00:00:00+00:00,17.19,96.05,0.0,0.0,0.0,346.2,1.31,54.0,92850.0
1990-08-23 01:00:00+00:00,16.91,96.05,0.0,0.0,0.0,348.85,1.31,54.0,92810.0
1990-08-23 02:00:00+00:00,16.63,96.05,0.0,0.0,0.0,347.75,1.31,53.0,92820.0
1990-08-23 03:00:00+00:00,16.31,99.4,0.0,0.0,0.0,344.65,1.38,52.0,92780.0
1990-08-23 04:00:00+00:00,16.01,96.05,0.0,0.0,0.0,344.5,1.38,51.0,92750.0
1990-08-23 05:00:00+00:00,16.7,96.05,139.0,356.54,68.0,342.75,1.24,51.0,92740.0
1990-08-23 06:00:00+00:00,21.42,84.05,326.0,573.45,107.0,347.2,0.9,50.0,92720.0
1990-08-23 07:00:00+00:00,24.1,71.4,507.0,682.93,133.0,365.4,0.76,47.0,92800.0
1990-08-23 08:00:00+00:00,25.82,62.65,659.0,737.16,154.0,373.3,0.55,49.0,92770.0
1990-08-23 09:00:00+00:00,27.02,58.8,779.0,791.29,158.0,372.75,0.0,108.0,92790.0
1990-08-23 10:00:00+00:00,27.81,53.35,634.0,284.51,395.0,385.9,0.69,240.0,92770.0
1990-08-23 11:00:00+00:00,28.55,53.45,486.0,87.36,412.0,382.8,1.38,238.0,92740.0
1990-08-23 12:00:00+00:00,27.36,56.95,510.0,139.08,398.0,394.4,1.93,242.0,92710.0
1990-08-23 13:00:00+00:00,25.25,62.55,527.0,268.91,334.0,384.35,0.76,263.0,92800.0
1990-08-23 14:00:00+00:00,25.18,62.55,536.0,620.14,170.0,398.85,0.97,28.0,92780.0
1990-08-23 15:00:00+00:00,24.59,64.6,244.0,111.25,196.0,391.7,1.79,21.0,92750.0
1990-08-23 16:00:00+00:00,24.23,64.5,120.0,67.38,103.0,381.85,1.31,51.0,92700.0
1990-08-23 17:00:00+00:00,23.63,68.95,25.0,61.56,21.0,369.65,1.1,53.0,92670.0
1990-08-23 18:00:00+00:00,22.06,76.1,0.0,0.0,0.0,362.1,1.24,44.0,92680.0
1990-08-23 19:00:00+00:00,21.31,84.05,0.0,0.0,0.0,365.0,1.45,38.0,92690.0
1990-08-23 20:00:00+00:00,19.97,89.85,0.0,0.0,0.0,353.2,1.59,43.0,92710.0
1990-08-23 21:00:00+00:00,18.98,92.85,0.0,0.0,0.0,348.95,1.66,46.0,92720.0
1990-08-23 22:00:00+00:00,18.44,92.85,0.0,0.0,0.0,351.45,1.66,48.0,92700.0
1990-08-23 23:00:00+00:00,18.11,89.75,0.0,0.0,0.0,352.8,1.66,49.0,92730.0
1990-08-24 00:00:00+00:00,18.03,92.85,0.0,0.0,0.0,358.4,1.72,50.0,92680.0
1990-08-24 01:00:00+00:00,18.0,92.85,0.0,0.0,0.0,359.7,1.72,50.0,92660.0
1990-08-24 02:00:00+00:00,17.94,96.05,0.0,0.0,0.0,357.85,1.72,50.0,92660.0
1990-08-24 03:00:00+00:00,17.87,96.05,0.0,0.0,0.0,358.2,1.72,48.0,92630.0
1990-08-24 04:00:00+00:00,17.79,96.05,0.0,0.0,0.0,357.65,1.66,48.0,92630.0
1990-08-24 05:00:00+00:00,18.22,92.85,136.0,346.76,68.0,361.3,1.52,47.0,92650.0
1990-08-24 06:00:00+00:00,20.22,86.85,283.0,361.45,146.0,361.5,1.59,47.0,92650.0
1990-08-24 07:00:00+00:00,21.98,78.65,218.0,14.68,210.0,370.2,1.45,47.0,92700.0
1990-08-24 08:00:00+00:00,23.74,66.65,516.0,309.26,305.0,370.2,1.31,45.0,92720.0
1990-08-24 09:00:00+00:00,25.01,62.45,562.0,240.43,374.0,377.0,1.24,53.0,92740.0
1990-08-24 10:00:00+00:00,25.72,58.55,137.0,0.0,137.0,383.95,0.76,63.0,92710.0
1990-08-24 11:00:00+00:00,26.63,54.95,77.0,0.0,77.0,370.0,0.14,326.0,92690.0
1990-08-24 12:00:00+00:00,27.01,53.1,72.0,0.0,72.0,386.3,0.69,285.0,92650.0
1990-08-24 13:00:00+00:00,27.27,53.2,63.0,0.0,63.0,388.8,0.83,279.0,92640.0
1990-08-24 14:00:00+00:00,26.71,53.1,50.0,0.0,50.0,384.75,0.9,276.0,92600.0
1990-08-24 15:00:00+00:00,25.81,58.55,386.0,648.72,109.0,377.4,0.41,260.0,92580.0
1990-08-24 16:00:00+00:00,23.34,73.7,190.0,440.27,81.0,378.15,0.83,63.0,92600.0
1990-08-24 17:00:00+00:00,22.12,78.7,29.0,133.31,21.0,364.0,1.24,54.0,92620.0
1990-08-24 18:00:00+00:00,21.04,84.05,0.0,0.0,0.0,360.95,1.1,40.0,92620.0
1990-08-24 19:00:00+00:00,20.97,84.05,0.0,0.0,0.0,354.95,1.31,56.0,92610.0
1990-08-24 20:00:00+00:00,19.67,86.85,0.0,0.0,0.0,355.1,1.38,59.0,92610.0
1990-08-24 21:00:00+00:00,18.86,92.85,0.0,0.0,0.0,358.2,1.38,59.0,92610.0
1990-08-24 22:00:00+00:00,18.2,89.75,0.0,0.0,0.0,356.1,1.38,59.0,92610.0
1990-08-24 23:00:00+00:00,18.14,92.85,0.0,0.0,0.0,372.75,1.38,54.0,92610.0
1990-08-25 00:00:00+00:00,18.05,89.75,0.0,0.0,0.0,374.85,1.38,53.0,92580.0
1990-08-25 01:00:00+00:00,17.93,92.85,0.0,0.0,0.0,383.5,1.31,57.0,92570.0
1990-08-25 02:00:00+00:00,17.53,92.85,0.0,0.0,0.0,376.2,1.17,67.0,92560.0
1990-08-25 03:00:00+00:00,17.02,92.85,0.0,0.0,0.0,373.5,1.17,59.0,92590.0
1990-08-25 04:00:00+00:00,16.39,99.4,0.0,0.0,0.0,360.35,1.45,47.0,92590.0
1990-08-25 05:00:00+00:00,16.26,96.05,81.0,46.62,72.0,368.45,1.24,47.0,92630.0
1990-08-25 06:00:00+00:00,16.72,96.05,304.0,470.57,127.0,371.55,1.17,68.0,92690.0
1990-08-25 07:00:00+00:00,19.05,89.8,432.0,398.5,216.0,358.2,0.83,40.0,92630.0
1990-08-25 08:00:00+00:00,21.03,78.5,585.0,490.1,252.0,351.05,0.62,5.0,92650.0
1990-08-25 09:00:00+00:00,21.69,71.0,642.0,401.79,329.0,375.25,1.31,338.0,92670.0
1990-08-25 10:00:00+00:00,21.87,71.0,831.0,774.64,185.0,381.85,1.52,3.0,92710.0
1990-08-25 11:00:00+00:00,22.87,66.45,648.0,304.59,392.0,375.05,1.59,10.0,92710.0
1990-08-25 12:00:00+00:00,23.38,64.3,653.0,387.12,344.0,365.55,1.79,8.0,92700.0
1990-08-25 13:00:00+00:00,22.96,64.2,689.0,732.42,169.0,372.75,2.0,20.0,92700.0
1990-08-25 14:00:00+00:00,23.16,58.0,553.0,715.0,137.0,365.4,2.21,31.0,92740.0
1990-08-25 15:00:00+00:00,22.88,57.9,381.0,639.11,111.0,357.65,2.21,32.0,92740.0
1990-08-25 16:00:00+00:00,22.25,55.8,190.0,461.34,78.0,351.25,2.34,32.0,92750.0
1990-08-25 17:00:00+00:00,21.3,57.55,23.0,90.93,18.0,344.65,2.34,37.0,92780.0
1990-08-25 18:00:00+00:00,20.23,61.5,0.0,0.0,0.0,346.4,2.48,43.0,92850.0
1990-08-25 19:00:00+00:00,19.63,61.4,0.0,0.0,0.0,337.5,2.48,46.0,92870.0
1990-08-25 20:00:00+00:00,18.46,65.65,0.0,0.0,0.0,323.4,1.86,45.0,92920.0
1990-08-25 21:00:00+00:00,17.02,72.8,0.0,0.0,0.0,315.65,1.59,41.0,92970.0
1990-08-25 22:00:00+00:00,15.61,80.65,0.0,0.0,0.0,308.5,1.59,47.0,92970.0
1990-08-25 23:00:00+00:00,14.6,86.45,0.0,0.0,0.0,306.55,1.59,49.0,92960.0
1990-08-26 00:00:00+00:00,13.78,89.45,0.0,0.0,0.0,302.5,1.59,50.0,92960.0
1990-08-26 01:00:00+00:00,13.12,92.65,0.0,0.0,0.0,302.0,1.52,50.0,92950.0
1990-08-26 02:00:00+00:00,12.61,92.6,0.0,0.0,0.0,302.3,1.52,50.0,92970.0
1990-08-26 03:00:00+00:00,12.37,95.95,0.0,0.0,0.0,311.75,1.52,53.0,92970.0
1990-08-26 04:00:00+00:00,12.36,99.4,0.0,0.0,0.0,319.1,1.52,54.0,92950.0
1990-08-26 05:00:00+00:00,12.7,95.95,141.0,415.8,62.0,311.4,1.45,55.0,92970.0
1990-08-26 06:00:00+00:00,14.9,86.45,330.0,610.89,102.0,319.3,1.17,55.0,92960.0
1990-08-26 07:00:00+00:00,19.04,63.5,516.0,721.45,127.0,297.45,0.62,56.0,92990.0
1990-08-26 08:00:00+00:00,21.65,46.6,673.0,778.91,146.0,309.85,0.55,256.0,92990.0
1990-08-26 09:00:00+00:00,23.01,43.65,795.0,829.84,151.0,321.05,1.03,267.0,93010.0
1990-08-26 10:00:00+00:00,24.04,42.35,857.0,838.95,160.0,326.65,1.31,264.0,92970.0
1990-08-26 11:00:00+00:00,24.85,41.15,866.0,842.18,161.0,330.95,1.52,261.0,92970.0
1990-08-26 12:00:00+00:00,25.35,39.85,792.0,752.63,194.0,335.2,1.72,259.0,92940.0
1990-08-26 13:00:00+00:00,25.51,41.25,615.0,481.58,275.0,338.85,1.93,258.0,92910.0
1990-08-26 14:00:00+00:00,25.32,44.3,530.0,611.23,177.0,341.4,2.14,260.0,92920.0
1990-08-26 15:00:00+00:00,24.69,47.4,352.0,492.98,146.0,344.65,2.21,261.0,92890.0
1990-08-26 16:00:00+00:00,23.7,54.2,194.0,504.41,74.0,342.95,1.93,259.0,92910.0
1990-08-26 17:00:00+00:00,22.24,66.35,20.0,80.16,16.0,341.55,1.1,247.0,92940.0
1990-08-26 18:00:00+00:00,21.45,66.15,0.0,0.0,0.0,337.7,0.62,225.0,92940.0
1990-08-26 19:00:00+00:00,20.65,70.8,0.0,0.0,0.0,333.45,0.28,42.0,92950.0
1990-08-26 20:00:00+00:00,19.44,81.05,0.0,0.0,0.0,330.55,0.9,49.0,92960.0
1990-08-26 21:00:00+00:00,17.18,86.65,0.0,0.0,0.0,328.4,1.17,51.0,92970.0
1990-08-26 22:00:00+00:00,16.11,89.65,0.0,0.0,0.0,325.9,1.31,54.0,92990.0
1990-08-26 23:00:00+00:00,15.42,92.75,0.0,0.0,0.0,324.55,1.31,56.0,92970.0
1990-08-27 00:00:00+00:00,14.97,96.0,0.0,0.0,0.0,323.2,1.31,59.0,92940.0
1990-08-27 01:00:00+00:00,14.75,92.7,0.0,0.0,0.0,322.15,1.31,58.0,92930.0
1990-08-27 02:00:00+00:00,14.44,96.0,0.0,0.0,0.0,321.05,1.38,54.0,92930.0
1990-08-27 03:00:00+00:00,13.98,92.7,0.0,0.0,0.0,320.1,1.45,52.0,92920.0
1990-08-27 04:00:00+00:00,13.56,92.65,0.0,0.0,0.0,318.55,1.52,54.0,92910.0
1990-08-27 05:00:00+00:00,14.05,92.7,67.0,21.4,63.0,319.5,1.24,51.0,92900.0
1990-08-27 06:00:00+00:00,18.48,83.8,310.0,521.21,117.0,321.45,0.83,50.0,92900.0
1990-08-27 07:00:00+00:00,21.91,68.6,474.0,564.96,171.0,339.05,0.69,44.0,92950.0
1990-08-27 08:00:00+00:00,23.78,54.2,661.0,764.44,146.0,347.0,0.83,37.0,92910.0
1990-08-27 09:00:00+00:00,25.27,45.9,783.0,816.25,152.0,343.1,1.03,58.0,92940.0
1990-08-27 10:00:00+00:00,26.28,41.55,844.0,825.26,161.0,351.05,0.9,93.0,92880.0
1990-08-27 11:00:00+00:00,27.01,40.25,852.0,827.66,162.0,356.3,0.55,170.0,92890.0
1990-08-27 12:00:00+00:00,27.51,40.35,806.0,824.46,154.0,360.55,1.17,225.0,92850.0
1990-08-27 13:00:00+00:00,27.48,41.8,697.0,779.24,150.0,358.6,1.86,232.0,92830.0
1990-08-27 14:00:00+00:00,26.92,44.7,464.0,397.79,236.0,357.85,2.21,233.0,92790.0
1990-08-27 15:00:00+00:00,26.05,52.85,368.0,614.71,114.0,355.9,2.48,234.0,92780.0
1990-08-27 16:00:00+00:00,24.79,60.35,175.0,399.19,82.0,353.95,1.86,236.0,92760.0
1990-08-27 17:00:00+00:00,23.5,71.25,16.0,44.69,14.0,347.2,1.1,231.0,92760.0
1990-08-27 18:00:00+00:00,22.5,76.1,0.0,0.0,0.0,342.35,0.55,219.0,92770.0
1990-08-27 19:00:00+00:00,21.89,76.0,0.0,0.0,0.0,338.65,0.41,85.0,92770.0
1990-08-27 20:00:00+00:00,20.65,81.2,0.0,0.0,0.0,335.0,0.97,78.0,92780.0
1990-08-27 21:00:00+00:00,18.46,89.75,0.0,0.0,0.0,331.7,1.24,73.0,92750.0
1990-08-27 22:00:00+00:00,17.29,92.85,0.0,0.0,0.0,329.95,1.31,63.0,92750.0
1990-08-27 23:00:00+00:00,16.45,96.05,0.0,0.0,0.0,329.0,1.31,60.0,92720.0
1990-08-28 00:00:00+00:00,15.91,96.0,0.0,0.0,0.0,329.4,1.31,62.0,92720.0
1990-08-28 01:00:00+00:00,15.66,96.0,0.0,0.0,0.0,329.7,1.31,67.0,92710.0
1990-08-28 02:00:00+00:00,15.53,96.0,0.0,0.0,0.0,329.95,1.31,72.0,92690.0
1990-08-28 03:00:00+00:00,15.43,96.0,0.0,0.0,0.0,331.7,1.31,69.0,92680.0
1990-08-28 04:00:00+00:00,15.07,96.0,0.0,0.0,0.0,329.75,1.38,63.0,92650.0
1990-08-28 05:00:00+00:00,15.5,96.0,129.0,364.46,62.0,331.1,1.17,59.0,92650.0
1990-08-28 06:00:00+00:00,19.43,89.8,319.0,590.74,102.0,331.5,0.69,62.0,92650.0
1990-08-28 07:00:00+00:00,22.33,76.1,500.0,697.39,128.0,340.6,0.34,97.0,92690.0
1990-08-28 08:00:00+00:00,23.96,60.15,654.0,755.86,147.0,348.15,0.34,205.0,92690.0
1990-08-28 09:00:00+00:00,25.24,54.55,775.0,807.79,153.0,354.15,0.97,237.0,92670.0
1990-08-28 10:00:00+00:00,26.14,51.2,803.0,715.69,213.0,357.85,1.72,252.0,92660.0
1990-08-28 11:00:00+00:00,26.62,47.9,753.0,554.09,293.0,362.5,2.14,254.0,92630.0
1990-08-28 12:00:00+00:00,26.6,47.9,565.0,231.25,383.0,378.75,2.21,253.0,92630.0
1990-08-28 13:00:00+00:00,26.37,51.2,384.0,75.95,331.0,375.05,2.07,246.0,92600.0
1990-08-28 14:00:00+00:00,26.27,51.2,359.0,152.97,272.0,386.45,1.79,239.0,92580.0
1990-08-28 15:00:00+00:00,25.9,54.7,345.0,519.01,133.0,377.55,1.52,230.0,92560.0
1990-08-28 16:00:00+00:00,25.32,58.45,173.0,425.48,76.0,369.45,1.24,217.0,92540.0
1990-08-28 17:00:00+00:00,23.94,71.35,11.0,0.0,11.0,360.75,0.97,210.0,92550.0
1990-08-28 18:00:00+00:00,23.06,73.7,0.0,0.0,0.0,356.1,0.69,176.0,92560.0
1990-08-28 19:00:00+00:00,21.78,78.65,0.0,0.0,0.0,351.25,0.83,102.0,92570.0
1990-08-28 20:00:00+00:00,20.16,86.85,0.0,0.0,0.0,346.8,1.17,88.0,92590.0
1990-08-28 21:00:00+00:00,19.05,89.8,0.0,0.0,0.0,344.3,1.24,81.0,92590.0
1990-08-28 22:00:00+00:00,18.27,92.85,0.0,0.0,0.0,342.35,1.31,82.0,92580.0
1990-08-28 23:00:00+00:00,17.96,92.85,0.0,0.0,0.0,343.1,1.31,85.0,92590.0
1990-08-29 00:00:00+00:00,17.62,89.75,0.0,0.0,0.0,339.05,1.38,84.0,92570.0
1990-08-29 01:00:00+00:00,17.16,89.7,0.0,0.0,0.0,337.6,1.45,79.0,92580.0
1990-08-29 02:00:00+00:00,16.64,89.65,0.0,0.0,0.0,336.35,1.52,76.0,92570.0
1990-08-29 03:00:00+00:00,16.19,89.65,0.0,0.0,0.0,334.6,1.59,73.0,92550.0
1990-08-29 04:00:00+00:00,15.82,89.6,0.0,0.0,0.0,333.05,1.59,72.0,92530.0
1990-08-29 05:00:00+00:00,16.23,86.55,130.0,381.78,61.0,332.1,1.45,74.0,92530.0
1990-08-29 06:00:00+00:00,20.41,73.2,318.0,595.57,101.0,334.2,1.1,88.0,92540.0
1990-08-29 07:00:00+00:00,23.61,56.15,503.0,708.79,127.0,340.8,1.38,121.0,92550.0
1990-08-29 08:00:00+00:00,25.09,49.2,659.0,766.72,147.0,346.2,2.14,151.0,92600.0
1990-08-29 09:00:00+00:00,26.07,44.45,776.0,808.45,156.0,350.3,2.83,168.0,92610.0
1990-08-29 10:00:00+00:00,26.64,40.25,841.0,829.39,160.0,352.8,3.31,175.0,92600.0
1990-08-29 11:00:00+00:00,26.91,40.25,848.0,831.08,161.0,353.4,3.59,177.0,92600.0
1990-08-29 12:00:00+00:00,26.95,38.85,797.0,817.18,157.0,352.6,3.66,180.0,92590.0
1990-08-29 13:00:00+00:00,26.83,38.85,688.0,769.8,154.0,351.65,3.52,181.0,92600.0
1990-08-29 14:00:00+00:00,26.48,40.1,542.0,723.09,134.0,349.9,3.24,180.0,92600.0
1990-08-29 15:00:00+00:00,25.96,41.4,365.0,634.18,109.0,348.15,2.9,176.0,92580.0
1990-08-29 16:00:00+00:00,25.1,44.3,175.0,457.56,73.0,345.05,2.28,171.0,92590.0
1990-08-29 17:00:00+00:00,23.65,48.8,9.0,0.0,9.0,340.8,1.86,160.0,92610.0
1990-08-29 18:00:00+00:00,21.71,57.65,0.0,0.0,0.0,335.95,1.66,138.0,92630.0
1990-08-29 19:00:00+00:00,20.2,68.3,0.0,0.0,0.0,331.1,1.72,122.0,92640.0
1990-08-29 20:00:00+00:00,19.15,68.1,0.0,0.0,0.0,327.65,1.72,112.0,92670.0
1990-08-29 21:00:00+00:00,18.43,68.05,0.0,0.0,0.0,325.1,1.66,108.0,92690.0
1990-08-29 22:00:00+00:00,17.92,67.95,0.0,0.0,0.0,323.95,1.66,105.0,92700.0
1990-08-29 23:00:00+00:00,17.61,63.3,0.0,0.0,0.0,322.6,1.59,99.0,92690.0
1990-08-30 00:00:00+00:00,17.23,63.2,0.0,0.0,0.0,321.45,1.52,89.0,92690.0
1990-08-30 01:00:00+00:00,16.31,67.65,0.0,0.0,0.0,320.4,1.59,80.0,92720.0
1990-08-30 02:00:00+00:00,15.61,67.55,0.0,0.0,0.0,319.3,1.66,77.0,92730.0
1990-08-30 03:00:00+00:00,15.1,69.9,0.0,0.0,0.0,318.95,1.72,76.0,92710.0
1990-08-30 04:00:00+00:00,14.72,72.4,0.0,0.0,0.0,318.55,1.72,75.0,92720.0
1990-08-30 05:00:00+00:00,15.07,75.1,123.0,343.44,62.0,318.95,1.66,77.0,92740.0
1990-08-30 06:00:00+00:00,19.24,65.75,310.0,564.53,106.0,321.45,1.17,85.0,92740.0
1990-08-30 07:00:00+00:00,22.99,48.55,495.0,686.23,133.0,326.3,1.72,134.0,92790.0
1990-08-30 08:00:00+00:00,24.5,39.55,648.0,740.11,156.0,333.65,2.55,155.0,92810.0
1990-08-30 09:00:00+00:00,25.69,35.9,773.0,807.85,156.0,339.05,2.62,169.0,92840.0
1990-08-30 10:00:00+00:00,26.56,33.55,833.0,814.44,167.0,344.85,2.83,176.0,92840.0
1990-08-30 11:00:00+00:00,27.23,32.65,840.0,817.71,167.0,347.55,2.97,176.0,92820.0
1990-08-30 12:00:00+00:00,27.68,31.6,789.0,802.03,164.0,347.55,3.03,176.0,92800.0
1990-08-30 13:00:00+00:00,27.72,32.75,680.0,754.22,160.0,347.0,3.03,182.0,92810.0
1990-08-30 14:00:00+00:00,27.28,33.8,531.0,695.04,142.0,346.4,3.03,189.0,92830.0
1990-08-30 15:00:00+00:00,26.45,34.8,344.0,544.11,127.0,344.65,2.76,190.0,92850.0
1990-08-30 16:00:00+00:00,25.28,39.85,162.0,390.25,77.0,343.3,1.93,188.0,92880.0
1990-08-30 17:00:00+00:00,23.47,47.0,8.0,0.0,8.0,342.35,1.59,159.0,92920.0
1990-08-30 18:00:00+00:00,21.84,48.3,0.0,0.0,0.0,340.2,1.86,123.0,92920.0
1990-08-30 19:00:00+00:00,20.81,59.5,0.0,0.0,0.0,334.6,1.52,121.0,92900.0
1990-08-30 20:00:00+00:00,19.84,61.4,0.0,0.0,0.0,334.6,1.45,107.0,92940.0
1990-08-30 21:00:00+00:00,19.39,61.3,0.0,0.0,0.0,333.45,1.38,104.0,92990.0
1990-08-30 22:00:00+00:00,18.51,61.2,0.0,0.0,0.0,333.45,1.52,103.0,92990.0
1990-08-30 23:00:00+00:00,17.61,61.05,0.0,0.0,0.0,331.7,1.72,98.0,92980.0
1990-08-31 00:00:00+00:00,16.96,63.05,0.0,0.0,0.0,329.55,1.93,94.0,92920.0
1990-08-31 01:00:00+00:00,16.72,60.85,0.0,0.0,0.0,329.9,1.86,87.0,92890.0
1990-08-31 02:00:00+00:00,16.51,58.7,0.0,0.0,0.0,329.95,1.72,76.0,92890.0
1990-08-31 03:00:00+00:00,16.05,60.75,0.0,0.0,0.0,329.55,1.66,69.0,92870.0
1990-08-31 04:00:00+00:00,15.6,65.15,0.0,0.0,0.0,329.4,1.66,65.0,92870.0
1990-08-31 05:00:00+00:00,15.84,70.0,111.0,263.63,65.0,329.75,1.52,60.0,92910.0
1990-08-31 06:00:00+00:00,19.68,68.2,295.0,505.11,114.0,332.1,0.83,60.0,92910.0
1990-08-31 07:00:00+00:00,24.34,45.6,476.0,632.95,144.0,337.5,0.55,114.0,92850.0
1990-08-31 08:00:00+00:00,26.49,33.55,633.0,711.78,162.0,345.25,1.24,162.0,92830.0
1990-08-31 09:00:00+00:00,27.74,31.6,751.0,765.22,169.0,351.85,1.86,185.0,92820.0
1990-08-31 10:00:00+00:00,28.55,32.9,815.0,785.92,175.0,357.65,2.34,201.0,92790.0
1990-08-31 11:00:00+00:00,28.8,31.85,821.0,788.42,175.0,361.7,2.62,214.0,92790.0
1990-08-31 12:00:00+00:00,28.48,34.1,775.0,788.09,164.0,364.8,2.62,218.0,92750.0
1990-08-31 13:00:00+00:00,28.26,34.1,659.0,710.79,172.0,364.4,2.55,216.0,92710.0
1990-08-31 14:00:00+00:00,27.95,35.2,271.0,46.84,245.0,367.3,2.21,215.0,92640.0
1990-08-31 15:00:00+00:00,27.37,37.6,187.0,48.24,168.0,362.85,1.66,223.0,92600.0
1990-08-31 16:00:00+00:00,25.33,64.14,93.0,47.03,83.0,384.38,0.96,227.0,92610.0
1990-08-31 17:00:00+00:00,24.08,65.06,2.0,0.0,2.0,376.87,1.04,185.0,92560.0
1990-08-31 18:00:00+00:00,22.84,65.99,0.0,0.0,0.0,369.35,1.11,107.0,92510.0
1990-08-31 19:00:00+00:00,21.59,66.91,0.0,0.0,0.0,361.84,1.19,165.0,92380.0
1990-08-31 20:00:00+00:00,20.35,67.83,0.0,0.0,0.0,354.33,1.27,191.0,92390.0
1990-08-31 21:00:00+00:00,19.1,68.76,0.0,0.0,0.0,346.82,1.34,217.0,92480.0
1990-08-31 22:00:00+00:00,17.85,69.68,0.0,0.0,0.0,339.31,1.42,204.0,92450.0
1990-08-31 23:00:00+00:00,16.61,70.6,0.0,0.0,0.0,331.8,1.5,212.0,92450.0
1990-09-01 00:00:00+00:00,15.36,71.52,0.0,0.0,0.0,324.29,1.57,346.0,92380.0
1990-09-01 01:00:00+00:00,14.12,72.45,0.0,0.0,0.0,316.78,1.65,339.0,92400.0
1990-09-01 02:00:00+00:00,12.87,73.37,0.0,0.0,0.0,309.27,1.73,340.0,92390.0
1990-09-01 03:00:00+00:00,11.62,74.29,0.0,0.0,0.0,301.76,1.8,341.0,92400.0
1990-09-01 04:00:00+00:00,10.38,75.22,0.0,0.0,0.0,294.24,1.88,347.0,92420.0
1990-09-01 05:00:00+00:00,9.13,76.14,134.0,464.22,53.0,286.73,1.96,358.0,92430.0
1990-09-01 06:00:00+00:00,7.89,77.06,326.0,655.8,91.0,279.22,2.03,354.0,92440.0
1990-09-01 07:00:00+00:00,6.64,77.98,439.0,448.02,204.0,271.71,2.11,350.0,92510.0
1990-09-01 08:00:00+00:00,14.39,50.1,632.0,667.96,190.0,290.65,4.21,356.0,92530.0
1990-09-01 09:00:00+00:00,15.94,40.5,769.0,783.63,173.0,294.35,4.28,352.0,92540.0
1990-09-01 10:00:00+00:00,17.34,36.4,842.0,833.81,163.0,299.75,4.0,343.0,92540.0
1990-09-01 11:00:00+00:00,18.1,33.9,752.0,547.99,303.0,317.55,4.07,335.0,92520.0
1990-09-01 12:00:00+00:00,18.56,31.55,702.0,527.54,293.0,328.2,4.0,328.0,92530.0
1990-09-01 13:00:00+00:00,18.75,30.35,500.0,242.28,334.0,328.8,3.86,324.0,92530.0
1990-09-01 14:00:00+00:00,18.64,30.35,240.0,19.82,229.0,320.5,3.45,327.0,92540.0
1990-09-01 15:00:00+00:00,18.41,31.4,305.0,357.96,164.0,314.65,2.97,325.0,92560.0
1990-09-01 16:00:00+00:00,17.7,32.5,166.0,446.76,71.0,301.9,2.48,324.0,92590.0
1990-09-01 17:00:00+00:00,16.63,34.9,6.0,0.0,6.0,290.5,1.59,321.0,92630.0
1990-09-01 18:00:00+00:00,14.57,56.15,0.0,0.0,0.0,287.0,1.17,334.0,92680.0
1990-09-01 19:00:00+00:00,14.71,48.4,0.0,0.0,0.0,284.85,0.83,310.0,92780.0
1990-09-01 20:00:00+00:00,13.83,53.85,0.0,0.0,0.0,283.5,0.97,7.0,92820.0
1990-09-01 21:00:00+00:00,12.03,62.1,0.0,0.0,0.0,280.05,1.24,37.0,92860.0
1990-09-01 22:00:00+00:00,10.67,69.1,0.0,0.0,0.0,277.7,1.45,46.0,92860.0
1990-09-01 23:00:00+00:00,9.84,71.5,0.0,0.0,0.0,274.2,1.38,48.0,92890.0
1990-09-02 00:00:00+00:00,9.05,76.95,0.0,0.0,0.0,271.7,1.38,49.0,92870.0
1990-09-02 01:00:00+00:00,8.41,79.75,0.0,0.0,0.0,271.6,1.38,50.0,92890.0
1990-09-02 02:00:00+00:00,7.86,82.7,0.0,0.0,0.0,267.85,1.38,52.0,92870.0
1990-09-02 03:00:00+00:00,7.39,82.65,0.0,0.0,0.0,265.3,1.38,53.0,92870.0
1990-09-02 04:00:00+00:00,6.94,85.75,0.0,0.0,0.0,264.55,1.38,53.0,92900.0
1990-09-02 05:00:00+00:00,7.33,85.75,119.0,338.51,61.0,263.4,1.24,52.0,92940.0
1990-09-02 06:00:00+00:00,11.24,69.15,329.0,686.75,85.0,265.5,0.9,51.0,92970.0
1990-09-02 07:00:00+00:00,13.77,42.95,514.0,772.76,111.0,269.0,1.03,55.0,93020.0
1990-09-02 08:00:00+00:00,15.38,38.7,674.0,830.51,127.0,275.2,0.76,46.0,93030.0
1990-09-02 09:00:00+00:00,16.88,34.9,794.0,871.48,134.0,280.8,0.41,316.0,93050.0
1990-09-02 10:00:00+00:00,18.16,32.65,865.0,903.96,132.0,286.05,1.17,273.0,93070.0
1990-09-02 11:00:00+00:00,19.04,31.65,886.0,942.83,117.0,289.9,1.72,264.0,93030.0
1990-09-02 12:00:00+00:00,19.66,30.65,822.0,903.72,125.0,291.45,2.0,259.0,93020.0
1990-09-02 13:00:00+00:00,19.97,31.8,711.0,868.12,120.0,294.55,2.21,253.0,93010.0
1990-09-02 14:00:00+00:00,19.63,33.05,552.0,795.82,114.0,312.95,2.48,244.0,93020.0
1990-09-02 15:00:00+00:00,18.9,38.1,364.0,686.51,97.0,319.7,2.69,236.0,93000.0
1990-09-02 16:00:00+00:00,17.7,43.9,161.0,438.72,70.0,306.75,2.69,228.0,93040.0
1990-09-02 17:00:00+00:00,16.3,48.8,0.0,0.0,0.0,298.2,1.59,227.0,93050.0
1990-09-02 18:00:00+00:00,15.0,62.75,0.0,0.0,0.0,292.4,0.48,232.0,93090.0
1990-09-02 19:00:00+00:00,14.63,64.95,0.0,0.0,0.0,289.9,0.41,18.0,93130.0
1990-09-02 20:00:00+00:00,13.99,69.75,0.0,0.0,0.0,291.85,0.62,50.0,93130.0
1990-09-02 21:00:00+00:00,12.92,77.5,0.0,0.0,0.0,288.75,0.9,64.0,93160.0
1990-09-02 22:00:00+00:00,11.65,86.15,0.0,0.0,0.0,285.45,1.1,67.0,93140.0
1990-09-02 23:00:00+00:00,10.99,89.3,0.0,0.0,0.0,284.1,1.1,70.0,93140.0
1990-09-03 00:00:00+00:00,10.49,92.5,0.0,0.0,0.0,283.7,1.17,69.0,93140.0
1990-09-03 01:00:00+00:00,9.91,92.5,0.0,0.0,0.0,283.25,1.24,64.0,93120.0
1990-09-03 02:00:00+00:00,9.28,95.85,0.0,0.0,0.0,282.75,1.31,59.0,93090.0
1990-09-03 03:00:00+00:00,8.91,95.85,0.0,0.0,0.0,283.1,1.31,58.0,93070.0
1990-09-03 04:00:00+00:00,8.58,99.4,0.0,0.0,0.0,284.65,1.31,59.0,93080.0
1990-09-03 05:00:00+00:00,8.87,95.85,91.0,136.76,68.0,281.95,1.24,58.0,93100.0
1990-09-03 06:00:00+00:00,12.81,83.25,248.0,278.22,150.0,284.5,0.83,56.0,93120.0
1990-09-03 07:00:00+00:00,16.17,56.5,465.0,586.36,161.0,295.3,0.69,73.0,93110.0
1990-09-03 08:00:00+00:00,17.96,40.9,444.0,187.64,321.0,306.15,0.41,137.0,93150.0
1990-09-03 09:00:00+00:00,19.16,38.2,417.0,70.29,364.0,312.75,0.34,203.0,93150.0
1990-09-03 10:00:00+00:00,20.08,35.75,501.0,117.67,406.0,323.2,0.34,221.0,93100.0
1990-09-03 11:00:00+00:00,20.86,34.55,437.0,59.12,389.0,328.05,0.97,212.0,93090.0
1990-09-03 12:00:00+00:00,21.3,34.7,556.0,233.33,377.0,333.65,1.66,212.0,93040.0
1990-09-03 13:00:00+00:00,21.3,36.0,462.0,190.73,333.0,336.95,1.86,212.0,93050.0
1990-09-03 14:00:00+00:00,20.93,37.25,311.0,95.3,259.0,346.8,1.66,214.0,93010.0
1990-09-03 15:00:00+00:00,20.11,39.95,184.0,49.49,165.0,350.65,1.93,224.0,92980.0
1990-09-03 16:00:00+00:00,19.16,45.95,83.0,34.63,76.0,352.6,1.59,229.0,92980.0
1990-09-03 17:00:00+00:00,17.84,56.75,0.0,0.0,0.0,348.35,1.38,232.0,93010.0
1990-09-03 18:00:00+00:00,16.55,65.35,0.0,0.0,0.0,347.55,1.03,238.0,93020.0
1990-09-03 19:00:00+00:00,15.64,72.55,0.0,0.0,0.0,335.55,0.83,265.0,93050.0
1990-09-03 20:00:00+00:00,15.34,72.45,0.0,0.0,0.0,328.8,0.76,292.0,93060.0
1990-09-03 21:00:00+00:00,14.58,75.0,0.0,0.0,0.0,325.3,0.9,332.0,93030.0
1990-09-03 22:00:00+00:00,13.7,77.6,0.0,0.0,0.0,310.2,1.03,9.0,93010.0
1990-09-03 23:00:00+00:00,12.58,80.3,0.0,0.0,0.0,301.7,1.24,38.0,92970.0
1990-09-04 00:00:00+00:00,11.45,86.15,0.0,0.0,0.0,300.15,1.38,46.0,92950.0
1990-09-04 01:00:00+00:00,10.87,89.25,0.0,0.0,0.0,302.4,1.52,48.0,92910.0
1990-09-04 02:00:00+00:00,10.72,86.05,0.0,0.0,0.0,308.5,1.52,51.0,92880.0
1990-09-04 03:00:00+00:00,10.45,83.0,0.0,0.0,0.0,305.2,1.66,53.0,92850.0
1990-09-04 04:00:00+00:00,10.07,86.0,0.0,0.0,0.0,298.6,1.66,51.0,92850.0
1990-09-04 05:00:00+00:00,10.18,86.0,110.0,309.07,59.0,295.1,1.66,50.0,92850.0
1990-09-04 06:00:00+00:00,13.36,74.75,310.0,630.1,90.0,293.95,1.38,46.0,92830.0
1990-09-04 07:00:00+00:00,16.51,54.6,492.0,725.7,118.0,299.55,1.59,34.0,92830.0
1990-09-04 08:00:00+00:00,18.46,45.85,655.0,806.34,129.0,302.65,2.28,47.0,92820.0
1990-09-04 09:00:00+00:00,19.86,44.45,764.0,825.88,144.0,308.65,2.0,61.0,92830.0
1990-09-04 10:00:00+00:00,21.15,38.75,749.0,595.91,270.0,323.2,1.17,74.0,92800.0
1990-09-04 11:00:00+00:00,21.84,37.5,705.0,469.06,326.0,336.35,0.34,87.0,92740.0
1990-09-04 12:00:00+00:00,21.99,36.3,585.0,292.27,362.0,356.65,1.03,232.0,92740.0
1990-09-04 13:00:00+00:00,21.21,43.25,609.0,562.61,231.0,365.95,2.0,240.0,92750.0
1990-09-04 14:00:00+00:00,19.8,55.2,444.0,416.03,219.0,361.9,2.28,245.0,92770.0
1990-09-04 15:00:00+00:00,18.81,63.4,334.0,591.34,110.0,346.0,2.0,243.0,92780.0
1990-09-04 16:00:00+00:00,17.95,70.3,138.0,325.16,74.0,350.5,1.79,252.0,92810.0
1990-09-04 17:00:00+00:00,16.95,72.8,0.0,0.0,0.0,331.5,1.31,257.0,92830.0
1990-09-04 18:00:00+00:00,15.88,80.65,0.0,0.0,0.0,318.55,0.83,278.0,92860.0
1990-09-04 19:00:00+00:00,14.76,89.5,0.0,0.0,0.0,321.45,0.55,304.0,92930.0
1990-09-04 20:00:00+00:00,14.79,89.5,0.0,0.0,0.0,322.4,0.41,346.0,92930.0
1990-09-04 21:00:00+00:00,13.46,92.65,0.0,0.0,0.0,304.6,0.83,26.0,92940.0
1990-09-04 22:00:00+00:00,12.39,99.4,0.0,0.0,0.0,299.95,1.03,40.0,92920.0
1990-09-04 23:00:00+00:00,11.64,99.4,0.0,0.0,0.0,297.45,1.17,46.0,92920.0
1990-09-05 00:00:00+00:00,10.98,99.35,0.0,0.0,0.0,296.65,1.24,47.0,92890.0
1990-09-05 01:00:00+00:00,10.46,99.4,0.0,0.0,0.0,295.05,1.31,49.0,92890.0
1990-09-05 02:00:00+00:00,9.93,99.4,0.0,0.0,0.0,294.75,1.38,50.0,92890.0
1990-09-05 03:00:00+00:00,9.51,99.4,0.0,0.0,0.0,294.55,1.45,51.0,92880.0
1990-09-05 04:00:00+00:00,9.2,99.4,0.0,0.0,0.0,292.8,1.52,51.0,92910.0
1990-09-05 05:00:00+00:00,9.6,99.4,103.0,265.72,60.0,292.6,1.38,52.0,92940.0
1990-09-05 06:00:00+00:00,13.68,83.35,306.0,618.42,92.0,293.75,1.17,50.0,92940.0
1990-09-05 07:00:00+00:00,17.27,63.2,489.0,726.21,117.0,298.2,1.1,36.0,93000.0
1990-09-05 08:00:00+00:00,19.41,51.25,562.0,486.81,246.0,306.55,1.66,35.0,92980.0
1990-09-05 09:00:00+00:00,20.89,43.1,740.0,752.0,178.0,319.1,1.86,37.0,93020.0
1990-09-05 10:00:00+00:00,21.89,38.9,684.0,436.14,335.0,324.15,1.52,24.0,92990.0
1990-09-05 11:00:00+00:00,23.08,34.0,445.0,68.4,390.0,327.25,1.17,351.0,92960.0
1990-09-05 12:00:00+00:00,23.32,32.75,359.0,30.31,336.0,347.2,0.97,308.0,92910.0
1990-09-05 13:00:00+00:00,23.22,32.75,151.0,0.0,151.0,367.3,1.03,272.0,92880.0
1990-09-05 14:00:00+00:00,22.94,35.1,346.0,164.19,258.0,366.55,1.45,257.0,92880.0
1990-09-05 15:00:00+00:00,21.94,43.4,184.0,56.2,163.0,365.0,1.59,248.0,92860.0
1990-09-05 16:00:00+00:00,20.87,51.65,70.0,20.89,66.0,353.4,0.9,251.0,92910.0
1990-09-05 17:00:00+00:00,19.98,57.3,0.0,0.0,0.0,353.4,0.34,263.0,92930.0
1990-09-05 18:00:00+00:00,19.16,61.3,0.0,0.0,0.0,336.55,0.28,336.0,92980.0
1990-09-05 19:00:00+00:00,16.67,67.75,0.0,0.0,0.0,335.2,1.38,49.0,93010.0
1990-09-05 20:00:00+00:00,15.55,67.55,0.0,0.0,0.0,326.85,1.59,51.0,93010.0
1990-09-05 21:00:00+00:00,14.31,74.95,0.0,0.0,0.0,314.85,1.52,47.0,93030.0
1990-09-05 22:00:00+00:00,13.39,77.5,0.0,0.0,0.0,312.75,1.52,46.0,93000.0
1990-09-05 23:00:00+00:00,12.56,80.3,0.0,0.0,0.0,306.95,1.59,47.0,93000.0
1990-09-06 00:00:00+00:00,11.88,86.15,0.0,0.0,0.0,302.65,1.59,48.0,92950.0
1990-09-06 01:00:00+00:00,11.35,89.3,0.0,0.0,0.0,300.45,1.52,50.0,92940.0
1990-09-06 02:00:00+00:00,10.88,92.5,0.0,0.0,0.0,297.25,1.52,50.0,92920.0
1990-09-06 03:00:00+00:00,10.62,92.5,0.0,0.0,0.0,302.5,1.52,52.0,92900.0
1990-09-06 04:00:00+00:00,10.53,92.5,0.0,0.0,0.0,309.25,1.52,52.0,92920.0
1990-09-06 05:00:00+00:00,10.64,95.9,92.0,189.13,62.0,301.1,1.38,55.0,92930.0
1990-09-06 06:00:00+00:00,13.67,83.35,286.0,524.92,106.0,310.4,1.24,60.0,92940.0
1990-09-06 07:00:00+00:00,16.98,63.2,374.0,290.71,226.0,304.6,0.9,67.0,92920.0
1990-09-06 08:00:00+00:00,19.6,51.4,534.0,418.03,264.0,306.15,0.69,190.0,92890.0
1990-09-06 09:00:00+00:00,21.08,43.25,667.0,539.04,266.0,315.45,2.21,239.0,92890.0
1990-09-06 10:00:00+00:00,21.44,44.85,369.0,26.36,348.0,332.5,2.62,242.0,92890.0
1990-09-06 11:00:00+00:00,21.66,44.95,544.0,179.97,400.0,351.05,2.9,241.0,92880.0
1990-09-06 12:00:00+00:00,20.59,51.65,83.0,0.0,83.0,347.2,2.83,238.0,92830.0
1990-09-06 13:00:00+00:00,20.19,57.3,636.0,700.15,172.0,338.85,2.76,244.0,92850.0
1990-09-06 14:00:00+00:00,18.98,63.5,240.0,30.13,224.0,334.8,1.45,241.0,92860.0
1990-09-06 15:00:00+00:00,18.98,61.3,29.0,0.0,29.0,341.2,0.83,208.0,92800.0
1990-09-06 16:00:00+00:00,18.48,63.4,120.0,247.25,74.0,340.2,0.76,200.0,92830.0
1990-09-06 17:00:00+00:00,17.98,67.95,0.0,0.0,0.0,338.5,0.34,187.0,92850.0
1990-09-06 18:00:00+00:00,16.66,70.2,0.0,0.0,0.0,329.0,0.69,89.0,92870.0
1990-09-06 19:00:00+00:00,15.65,75.15,0.0,0.0,0.0,326.3,0.76,84.0,92890.0
1990-09-06 20:00:00+00:00,14.62,80.55,0.0,0.0,0.0,317.95,0.83,75.0,92890.0
1990-09-06 21:00:00+00:00,13.36,89.4,0.0,0.0,0.0,305.55,1.03,70.0,92910.0
1990-09-06 22:00:00+00:00,12.54,92.6,0.0,0.0,0.0,306.35,1.1,65.0,92900.0
1990-09-06 23:00:00+00:00,11.83,99.4,0.0,0.0,0.0,301.3,1.17,65.0,92900.0
1990-09-07 00:00:00+00:00,11.16,99.35,0.0,0.0,0.0,299.4,1.24,61.0,92890.0
1990-09-07 01:00:00+00:00,10.42,99.4,0.0,0.0,0.0,310.7,1.1,60.0,92890.0
1990-09-07 02:00:00+00:00,9.99,99.4,0.0,0.0,0.0,310.05,1.17,60.0,92890.0
1990-09-07 03:00:00+00:00,10.21,100.0,0.0,0.0,0.0,316.05,1.17,62.0,92890.0
1990-09-07 04:00:00+00:00,10.15,99.4,0.0,0.0,0.0,314.65,1.31,63.0,92900.0
1990-09-07 05:00:00+00:00,10.4,95.9,96.0,238.08,59.0,311.4,1.31,64.0,92920.0
1990-09-07 06:00:00+00:00,12.75,92.6,291.0,576.88,95.0,320.1,0.97,65.0,92940.0
1990-09-07 07:00:00+00:00,16.21,72.65,473.0,691.8,123.0,331.1,0.76,94.0,92930.0
1990-09-07 08:00:00+00:00,18.8,59.05,636.0,784.32,132.0,327.65,0.83,168.0,92960.0
1990-09-07 09:00:00+00:00,20.53,49.8,752.0,826.53,140.0,322.4,1.24,217.0,92950.0
1990-09-07 10:00:00+00:00,21.7,46.6,681.0,451.55,323.0,324.95,2.0,225.0,92930.0
1990-09-07 11:00:00+00:00,22.39,45.1,763.0,666.97,232.0,331.3,2.62,229.0,92910.0
1990-09-07 12:00:00+00:00,22.63,43.65,680.0,554.54,264.0,340.6,2.76,228.0,92910.0
1990-09-07 13:00:00+00:00,22.25,45.1,497.0,290.25,306.0,352.0,2.83,226.0,92900.0
1990-09-07 14:00:00+00:00,21.54,48.3,448.0,486.62,192.0,365.2,2.62,222.0,92890.0
1990-09-07 15:00:00+00:00,21.21,51.75,241.0,214.75,163.0,336.15,2.28,214.0,92880.0
1990-09-07 16:00:00+00:00,20.35,55.3,117.0,254.72,71.0,329.4,1.66,205.0,92880.0
1990-09-07 17:00:00+00:00,19.31,59.15,0.0,0.0,0.0,333.65,1.1,193.0,92900.0
1990-09-07 18:00:00+00:00,17.56,72.8,0.0,0.0,0.0,331.7,0.97,158.0,92870.0
1990-09-07 19:00:00+00:00,16.72,72.7,0.0,0.0,0.0,329.2,1.17,127.0,92890.0
1990-09-07 20:00:00+00:00,15.79,75.15,0.0,0.0,0.0,322.05,1.31,120.0,92890.0
1990-09-07 21:00:00+00:00,14.9,80.55,0.0,0.0,0.0,317.95,1.45,115.0,92880.0
1990-09-07 22:00:00+00:00,14.34,83.4,0.0,0.0,0.0,315.45,1.45,113.0,92870.0
1990-09-07 23:00:00+00:00,13.87,86.35,0.0,0.0,0.0,312.15,1.45,112.0,92850.0
1990-09-08 00:00:00+00:00,13.46,83.35,0.0,0.0,0.0,306.55,1.52,113.0,92850.0
1990-09-08 01:00:00+00:00,12.87,86.25,0.0,0.0,0.0,308.0,1.59,112.0,92830.0
1990-09-08 02:00:00+00:00,12.57,83.25,0.0,0.0,0.0,308.1,1.66,115.0,92840.0
1990-09-08 03:00:00+00:00,12.38,83.15,0.0,0.0,0.0,313.3,1.72,116.0,92800.0
1990-09-08 04:00:00+00:00,12.42,80.3,0.0,0.0,0.0,324.95,1.86,118.0,92810.0
1990-09-08 05:00:00+00:00,12.94,83.25,70.0,85.43,57.0,345.45,1.72,105.0,92810.0
1990-09-08 06:00:00+00:00,14.64,80.55,282.0,549.65,97.0,350.85,1.52,104.0,92820.0
1990-09-08 07:00:00+00:00,17.73,70.3,362.0,276.5,223.0,357.85,2.41,136.0,92800.0
1990-09-08 08:00:00+00:00,18.9,68.05,324.0,53.19,290.0,349.1,3.24,154.0,92810.0
1990-09-08 09:00:00+00:00,20.04,61.5,567.0,313.46,336.0,352.0,3.93,166.0,92840.0
1990-09-08 10:00:00+00:00,21.0,59.6,114.0,0.0,114.0,359.95,4.9,173.0,92850.0
1990-09-08 11:00:00+00:00,20.77,66.05,142.0,0.0,142.0,364.0,4.55,176.0,92830.0
1990-09-08 12:00:00+00:00,20.39,73.2,182.0,0.0,182.0,367.1,4.62,177.0,92820.0
1990-09-08 13:00:00+00:00,20.18,75.75,119.0,0.0,119.0,387.85,4.07,169.0,92800.0
1990-09-08 14:00:00+00:00,20.18,75.75,98.0,0.0,98.0,380.45,4.0,174.0,92750.0
1990-09-08 15:00:00+00:00,19.37,83.85,277.0,393.93,136.0,373.9,3.03,166.0,92780.0
1990-09-08 16:00:00+00:00,18.6,86.75,113.0,257.01,68.0,392.85,2.34,160.0,92790.0
1990-09-08 17:00:00+00:00,17.88,89.7,0.0,0.0,0.0,386.45,2.0,159.0,92810.0
1990-09-08 18:00:00+00:00,17.04,89.7,0.0,0.0,0.0,389.75,1.79,153.0,92830.0
1990-09-08 19:00:00+00:00,17.06,96.05,0.0,0.0,0.0,394.4,1.45,151.0,92830.0
1990-09-08 20:00:00+00:00,16.83,99.4,0.0,0.0,0.0,391.3,1.52,157.0,92850.0
1990-09-08 21:00:00+00:00,16.81,99.4,0.0,0.0,0.0,393.25,1.72,156.0,92830.0
1990-09-08 22:00:00+00:00,16.64,96.05,0.0,0.0,0.0,389.95,1.72,164.0,92850.0
1990-09-08 23:00:00+00:00,16.94,99.4,0.0,0.0,0.0,398.3,1.72,176.0,92880.0
1990-09-09 00:00:00+00:00,17.1,96.05,0.0,0.0,0.0,395.55,1.66,176.0,92870.0
1990-09-09 01:00:00+00:00,16.89,99.4,0.0,0.0,0.0,393.95,1.79,180.0,92860.0
1990-09-09 02:00:00+00:00,16.38,96.05,0.0,0.0,0.0,388.8,1.31,166.0,92840.0
1990-09-09 03:00:00+00:00,16.16,96.05,0.0,0.0,0.0,384.55,1.24,125.0,92790.0
1990-09-09 04:00:00+00:00,16.32,96.05,0.0,0.0,0.0,388.8,1.1,110.0,92820.0
1990-09-09 05:00:00+00:00,16.3,96.05,99.0,329.0,50.0,377.75,1.17,92.0,92830.0
1990-09-09 06:00:00+00:00,16.52,89.65,248.0,359.95,128.0,372.35,1.17,105.0,92900.0
1990-09-09 07:00:00+00:00,17.22,89.7,320.0,174.18,233.0,385.7,1.38,121.0,92940.0
1990-09-09 08:00:00+00:00,18.23,89.75,460.0,259.47,295.0,370.8,1.66,132.0,92960.0
1990-09-09 09:00:00+00:00,19.15,83.85,580.0,347.71,325.0,366.55,2.21,147.0,92970.0
1990-09-09 10:00:00+00:00,20.25,73.2,206.0,0.0,206.0,363.85,2.76,168.0,92980.0
1990-09-09 11:00:00+00:00,21.03,66.15,416.0,57.11,371.0,370.8,3.03,177.0,92960.0
1990-09-09 12:00:00+00:00,21.19,66.15,439.0,102.52,363.0,371.75,3.1,179.0,92940.0
1990-09-09 13:00:00+00:00,21.64,61.85,379.0,101.76,313.0,351.25,2.97,189.0,92940.0
1990-09-09 14:00:00+00:00,21.86,59.7,310.0,127.91,244.0,356.85,2.9,199.0,92910.0
1990-09-09 15:00:00+00:00,21.47,61.7,129.0,11.34,125.0,353.2,2.62,206.0,92920.0
1990-09-09 16:00:00+00:00,20.62,66.05,82.0,82.57,68.0,356.3,1.79,202.0,92930.0
1990-09-09 17:00:00+00:00,19.72,73.15,0.0,0.0,0.0,354.75,0.97,192.0,92930.0
1990-09-09 18:00:00+00:00,18.65,81.0,0.0,0.0,0.0,358.6,0.76,143.0,92940.0
1990-09-09 19:00:00+00:00,17.59,83.7,0.0,0.0,0.0,365.2,0.83,77.0,92980.0
1990-09-09 20:00:00+00:00,17.12,83.7,0.0,0.0,0.0,363.25,0.9,66.0,92970.0
1990-09-09 21:00:00+00:00,16.63,83.65,0.0,0.0,0.0,359.55,0.83,63.0,92950.0
1990-09-09 22:00:00+00:00,16.17,86.55,0.0,0.0,0.0,362.65,0.69,104.0,92920.0
1990-09-09 23:00:00+00:00,15.53,89.6,0.0,0.0,0.0,364.4,0.55,110.0,92930.0
1990-09-10 00:00:00+00:00,15.17,92.75,0.0,0.0,0.0,369.65,0.48,32.0,92870.0
1990-09-10 01:00:00+00:00,15.25,96.0,0.0,0.0,0.0,373.8,0.69,40.0,92810.0
1990-09-10 02:00:00+00:00,15.21,96.0,0.0,0.0,0.0,373.7,0.55,40.0,92760.0
1990-09-10 03:00:00+00:00,15.23,96.0,0.0,0.0,0.0,373.7,0.55,65.0,92690.0
1990-09-10 04:00:00+00:00,15.18,96.0,0.0,0.0,0.0,372.35,0.62,66.0,92690.0
1990-09-10 05:00:00+00:00,15.24,96.0,67.0,89.24,54.0,371.95,0.55,57.0,92690.0
1990-09-10 06:00:00+00:00,15.86,96.0,189.0,133.27,145.0,369.45,0.48,46.0,92720.0
1990-09-10 07:00:00+00:00,16.98,83.7,439.0,594.51,144.0,371.55,0.28,24.0,92670.0
1990-09-10 08:00:00+00:00,17.99,78.15,556.0,540.71,214.0,357.85,0.07,63.0,92680.0
1990-09-10 09:00:00+00:00,18.48,75.55,512.0,220.62,351.0,366.35,0.34,326.0,92690.0
1990-09-10 10:00:00+00:00,19.43,73.05,443.0,83.19,378.0,366.95,0.69,68.0,92660.0
1990-09-10 11:00:00+00:00,20.55,68.4,337.0,16.59,324.0,368.65,0.97,95.0,92580.0
1990-09-10 12:00:00+00:00,21.62,61.85,310.0,14.93,299.0,362.65,1.31,138.0,92540.0
1990-09-10 13:00:00+00:00,19.06,75.65,337.0,62.14,297.0,373.1,1.86,160.0,92530.0
1990-09-10 14:00:00+00:00,18.34,86.7,78.0,0.0,78.0,369.25,0.76,142.0,92550.0
1990-09-10 15:00:00+00:00,17.98,83.75,59.0,0.0,59.0,370.4,0.97,47.0,92500.0
1990-09-10 16:00:00+00:00,17.69,89.7,10.0,0.0,10.0,372.55,1.24,34.0,92460.0
1990-09-10 17:00:00+00:00,17.05,89.7,0.0,0.0,0.0,363.45,1.45,43.0,92420.0
1990-09-10 18:00:00+00:00,16.3,92.8,0.0,0.0,0.0,361.1,1.52,47.0,92440.0
1990-09-10 19:00:00+00:00,15.57,92.75,0.0,0.0,0.0,367.7,1.45,44.0,92520.0
1990-09-10 20:00:00+00:00,15.42,92.75,0.0,0.0,0.0,369.65,1.31,49.0,92540.0
1990-09-10 21:00:00+00:00,15.09,92.75,0.0,0.0,0.0,361.3,1.17,52.0,92560.0
1990-09-10 22:00:00+00:00,14.79,92.7,0.0,0.0,0.0,358.6,1.31,48.0,92560.0
1990-09-10 23:00:00+00:00,14.57,92.7,0.0,0.0,0.0,353.4,1.45,48.0,92570.0
1990-09-11 00:00:00+00:00,14.47,92.7,0.0,0.0,0.0,354.95,1.52,47.0,92550.0
1990-09-11 01:00:00+00:00,14.21,92.7,0.0,0.0,0.0,347.3,1.59,48.0,92540.0
1990-09-11 02:00:00+00:00,13.97,92.7,0.0,0.0,0.0,341.75,1.72,43.0,92520.0
1990-09-11 03:00:00+00:00,13.66,95.95,0.0,0.0,0.0,335.2,1.72,44.0,92520.0
1990-09-11 04:00:00+00:00,13.54,92.65,0.0,0.0,0.0,337.9,1.79,43.0,92540.0
1990-09-11 05:00:00+00:00,13.53,92.65,91.0,280.9,51.0,332.85,1.72,43.0,92570.0
1990-09-11 06:00:00+00:00,14.91,92.7,284.0,599.55,88.0,341.95,1.79,42.0,92610.0
1990-09-11 07:00:00+00:00,16.56,78.0,461.0,699.94,116.0,343.9,2.07,39.0,92610.0
1990-09-11 08:00:00+00:00,18.43,72.9,621.0,783.71,128.0,333.45,2.55,43.0,92630.0
1990-09-11 09:00:00+00:00,20.07,61.5,720.0,775.37,157.0,349.1,3.24,50.0,92610.0
1990-09-11 10:00:00+00:00,21.22,55.55,676.0,477.21,305.0,349.5,3.03,55.0,92600.0
1990-09-11 11:00:00+00:00,21.88,53.75,77.0,0.0,77.0,347.55,2.83,54.0,92590.0
1990-09-11 12:00:00+00:00,22.17,52.0,97.0,0.0,97.0,351.05,2.41,59.0,92550.0
1990-09-11 13:00:00+00:00,22.04,52.0,218.0,3.13,216.0,356.5,2.34,58.0,92550.0
1990-09-11 14:00:00+00:00,21.37,53.6,206.0,15.82,198.0,358.2,2.28,69.0,92550.0
1990-09-11 15:00:00+00:00,19.41,65.75,190.0,108.25,153.0,354.55,1.72,72.0,92620.0
1990-09-11 16:00:00+00:00,18.92,65.65,13.0,0.0,13.0,360.95,1.45,41.0,92650.0
1990-09-11 17:00:00+00:00,18.24,65.55,0.0,0.0,0.0,349.3,2.07,36.0,92660.0
1990-09-11 18:00:00+00:00,17.41,67.85,0.0,0.0,0.0,346.8,2.76,41.0,92690.0
1990-09-11 19:00:00+00:00,16.56,70.2,0.0,0.0,0.0,340.0,2.76,45.0,92730.0
1990-09-11 20:00:00+00:00,15.94,70.1,0.0,0.0,0.0,331.5,2.69,44.0,92770.0
1990-09-11 21:00:00+00:00,15.38,75.1,0.0,0.0,0.0,329.75,2.55,45.0,92800.0
1990-09-11 22:00:00+00:00,14.77,75.0,0.0,0.0,0.0,320.65,2.14,47.0,92790.0
1990-09-11 23:00:00+00:00,14.28,77.65,0.0,0.0,0.0,323.2,1.93,48.0,92800.0
1990-09-12 00:00:00+00:00,13.81,80.4,0.0,0.0,0.0,323.0,1.79,46.0,92800.0
1990-09-12 01:00:00+00:00,13.22,83.25,0.0,0.0,0.0,316.9,1.66,45.0,92800.0
1990-09-12 02:00:00+00:00,12.81,86.25,0.0,0.0,0.0,321.05,1.59,45.0,92770.0
1990-09-12 03:00:00+00:00,12.53,86.25,0.0,0.0,0.0,322.4,1.59,44.0,92750.0
1990-09-12 04:00:00+00:00,12.3,86.2,0.0,0.0,0.0,320.65,1.59,44.0,92770.0
1990-09-12 05:00:00+00:00,12.47,83.25,79.0,186.9,53.0,327.85,1.66,41.0,92810.0
1990-09-12 06:00:00+00:00,13.37,80.35,197.0,163.76,144.0,331.9,1.93,40.0,92830.0
1990-09-12 07:00:00+00:00,14.22,80.45,195.0,14.3,188.0,331.1,2.21,39.0,92830.0
1990-09-12 08:00:00+00:00,15.13,75.1,91.0,0.0,91.0,340.0,2.41,41.0,92870.0
1990-09-12 09:00:00+00:00,15.81,72.55,65.0,0.0,65.0,345.25,2.97,47.0,92880.0
1990-09-12 10:00:00+00:00,16.65,65.35,77.0,0.0,77.0,341.2,3.1,51.0,92890.0
1990-09-12 11:00:00+00:00,17.5,63.2,79.0,0.0,79.0,341.75,3.03,53.0,92880.0
1990-09-12 12:00:00+00:00,17.99,56.85,115.0,0.0,115.0,348.75,2.83,53.0,92890.0
1990-09-12 13:00:00+00:00,18.48,51.15,616.0,733.49,151.0,345.25,2.62,52.0,92870.0
1990-09-12 14:00:00+00:00,18.65,47.55,471.0,697.33,122.0,336.35,2.41,48.0,92870.0
1990-09-12 15:00:00+00:00,18.37,45.7,292.0,585.7,95.0,323.4,2.41,42.0,92870.0
1990-09-12 16:00:00+00:00,17.62,45.55,88.0,170.21,62.0,307.3,2.41,42.0,92910.0
1990-09-12 17:00:00+00:00,16.5,45.45,0.0,0.0,0.0,309.65,2.48,46.0,92940.0
1990-09-12 18:00:00+00:00,15.41,52.25,0.0,0.0,0.0,300.75,2.34,46.0,92990.0
1990-09-12 19:00:00+00:00,14.62,54.1,0.0,0.0,0.0,298.05,2.07,51.0,93030.0
1990-09-12 20:00:00+00:00,13.5,58.0,0.0,0.0,0.0,295.1,1.79,52.0,93050.0
1990-09-12 21:00:00+00:00,11.94,71.95,0.0,0.0,0.0,290.65,1.45,45.0,93050.0
1990-09-12 22:00:00+00:00,10.76,80.05,0.0,0.0,0.0,286.4,1.45,42.0,93060.0
1990-09-12 23:00:00+00:00,9.92,79.95,0.0,0.0,0.0,284.5,1.52,47.0,93080.0
1990-09-13 00:00:00+00:00,9.29,85.95,0.0,0.0,0.0,282.35,1.45,51.0,93070.0
1990-09-13 01:00:00+00:00,8.84,89.1,0.0,0.0,0.0,280.35,1.45,52.0,93050.0
1990-09-13 02:00:00+00:00,8.39,89.1,0.0,0.0,0.0,279.25,1.52,53.0,93030.0
1990-09-13 03:00:00+00:00,8.02,92.4,0.0,0.0,0.0,277.7,1.52,52.0,93030.0
1990-09-13 04:00:00+00:00,7.67,95.8,0.0,0.0,0.0,276.55,1.52,53.0,93010.0
1990-09-13 05:00:00+00:00,7.71,95.8,82.0,220.9,52.0,275.2,1.52,53.0,93010.0
1990-09-13 06:00:00+00:00,10.9,83.05,281.0,602.48,88.0,276.35,1.17,51.0,93020.0
1990-09-13 07:00:00+00:00,13.13,74.75,466.0,721.94,115.0,293.4,1.03,49.0,93050.0
1990-09-13 08:00:00+00:00,15.79,56.35,628.0,803.79,128.0,280.4,0.62,36.0,93060.0
1990-09-13 09:00:00+00:00,17.59,47.3,749.0,857.15,133.0,289.9,0.48,16.0,93060.0
1990-09-13 10:00:00+00:00,18.97,41.15,807.0,865.56,141.0,294.15,0.41,16.0,93020.0
1990-09-13 11:00:00+00:00,20.03,38.5,823.0,902.81,127.0,298.05,0.14,6.0,92980.0
1990-09-13 12:00:00+00:00,20.74,37.25,727.0,763.46,175.0,300.55,0.28,241.0,92970.0
1990-09-13 13:00:00+00:00,20.98,38.65,629.0,771.08,144.0,303.45,0.9,241.0,92940.0
1990-09-13 14:00:00+00:00,20.76,40.1,475.0,706.75,125.0,306.35,1.52,248.0,92950.0
1990-09-13 15:00:00+00:00,19.85,47.8,297.0,619.59,92.0,311.2,1.93,244.0,92970.0
1990-09-13 16:00:00+00:00,18.5,56.95,101.0,319.52,54.0,312.95,1.45,236.0,92980.0
1990-09-13 17:00:00+00:00,17.1,67.85,0.0,0.0,0.0,311.75,1.03,232.0,92980.0
1990-09-13 18:00:00+00:00,16.12,72.65,0.0,0.0,0.0,312.15,0.62,240.0,93020.0
1990-09-13 19:00:00+00:00,16.11,72.65,0.0,0.0,0.0,316.6,0.41,326.0,93050.0
1990-09-13 20:00:00+00:00,14.19,83.4,0.0,0.0,0.0,316.6,1.1,20.0,93070.0
1990-09-13 21:00:00+00:00,12.94,83.25,0.0,0.0,0.0,313.9,1.45,37.0,93080.0
1990-09-13 22:00:00+00:00,12.19,86.2,0.0,0.0,0.0,305.0,1.66,42.0,93070.0
1990-09-13 23:00:00+00:00,11.78,86.15,0.0,0.0,0.0,303.45,1.79,44.0,93060.0
1990-09-14 00:00:00+00:00,11.3,86.1,0.0,0.0,0.0,300.35,1.93,44.0,93070.0
1990-09-14 01:00:00+00:00,10.93,86.1,0.0,0.0,0.0,298.5,1.93,45.0,93040.0
1990-09-14 02:00:00+00:00,10.95,86.1,0.0,0.0,0.0,308.85,1.93,46.0,93050.0
1990-09-14 03:00:00+00:00,11.04,86.1,0.0,0.0,0.0,315.25,1.86,46.0,93060.0
1990-09-14 04:00:00+00:00,11.1,89.3,0.0,0.0,0.0,316.2,1.86,45.0,93070.0
1990-09-14 05:00:00+00:00,11.4,86.15,89.0,347.21,43.0,319.5,1.79,45.0,93090.0
1990-09-14 06:00:00+00:00,13.21,83.25,279.0,618.25,83.0,305.75,1.66,44.0,93120.0
1990-09-14 07:00:00+00:00,15.73,67.55,457.0,708.38,115.0,314.5,2.0,47.0,93170.0
1990-09-14 08:00:00+00:00,17.3,58.8,610.0,771.23,133.0,325.7,2.28,48.0,93190.0
1990-09-14 09:00:00+00:00,18.74,54.95,728.0,825.32,138.0,331.3,2.97,53.0,93190.0
1990-09-14 10:00:00+00:00,20.13,49.7,777.0,804.83,161.0,332.3,2.97,60.0,93170.0
1990-09-14 11:00:00+00:00,20.8,44.7,779.0,806.21,161.0,357.65,2.48,67.0,93160.0
1990-09-14 12:00:00+00:00,21.29,43.25,644.0,529.01,264.0,345.05,1.86,64.0,93150.0
1990-09-14 13:00:00+00:00,21.22,43.25,487.0,328.54,282.0,339.45,1.52,57.0,93120.0
1990-09-14 14:00:00+00:00,21.23,43.25,307.0,146.96,235.0,346.4,1.52,54.0,93090.0
1990-09-14 15:00:00+00:00,20.85,44.7,298.0,666.99,81.0,340.2,1.45,50.0,93120.0
1990-09-14 16:00:00+00:00,19.93,53.25,99.0,346.51,50.0,351.85,1.1,46.0,93110.0
1990-09-14 17:00:00+00:00,18.3,61.05,0.0,0.0,0.0,332.3,1.24,33.0,93130.0
1990-09-14 18:00:00+00:00,16.83,60.85,0.0,0.0,0.0,328.8,1.72,38.0,93170.0
1990-09-14 19:00:00+00:00,16.11,62.95,0.0,0.0,0.0,334.4,1.93,40.0,93210.0
1990-09-14 20:00:00+00:00,14.95,69.9,0.0,0.0,0.0,321.85,1.79,39.0,93220.0
1990-09-14 21:00:00+00:00,14.05,77.65,0.0,0.0,0.0,323.4,1.66,42.0,93230.0
1990-09-14 22:00:00+00:00,13.28,86.3,0.0,0.0,0.0,319.9,1.59,46.0,93250.0
1990-09-14 23:00:00+00:00,12.71,89.4,0.0,0.0,0.0,319.9,1.59,50.0,93230.0
1990-09-15 00:00:00+00:00,12.4,89.4,0.0,0.0,0.0,324.95,1.52,52.0,93220.0
1990-09-15 01:00:00+00:00,12.01,92.6,0.0,0.0,0.0,319.05,1.45,53.0,93180.0
1990-09-15 02:00:00+00:00,11.67,95.9,0.0,0.0,0.0,316.8,1.45,53.0,93150.0
1990-09-15 03:00:00+00:00,11.25,95.9,0.0,0.0,0.0,311.75,1.52,52.0,93150.0
1990-09-15 04:00:00+00:00,10.93,95.9,0.0,0.0,0.0,311.4,1.45,54.0,93120.0
1990-09-15 05:00:00+00:00,10.76,95.9,73.0,185.83,49.0,305.55,1.45,56.0,93150.0
1990-09-15 06:00:00+00:00,13.13,86.3,268.0,567.46,90.0,304.2,1.31,60.0,93180.0
1990-09-15 07:00:00+00:00,16.56,67.75,449.0,688.42,119.0,296.65,0.83,70.0,93180.0
1990-09-15 08:00:00+00:00,19.12,57.1,608.0,772.5,133.0,303.65,0.48,216.0,93180.0
1990-09-15 09:00:00+00:00,20.4,51.5,725.0,825.55,138.0,312.55,1.59,246.0,93200.0
1990-09-15 10:00:00+00:00,21.14,48.2,786.0,845.97,142.0,318.35,1.93,249.0,93180.0
1990-09-15 11:00:00+00:00,21.76,44.95,762.0,761.03,182.0,329.55,2.14,250.0,93140.0
1990-09-15 12:00:00+00:00,21.85,44.95,726.0,818.42,142.0,345.25,2.34,249.0,93120.0
1990-09-15 13:00:00+00:00,21.59,46.6,595.0,694.77,165.0,353.95,2.34,248.0,93070.0
1990-09-15 14:00:00+00:00,21.17,48.2,453.0,670.65,128.0,349.1,2.34,247.0,93050.0
1990-09-15 15:00:00+00:00,20.43,53.35,277.0,572.25,94.0,345.05,2.28,248.0,93030.0
1990-09-15 16:00:00+00:00,19.47,61.3,89.0,287.39,50.0,327.85,1.72,246.0,93020.0
1990-09-15 17:00:00+00:00,17.98,67.95,0.0,0.0,0.0,323.4,1.03,227.0,93030.0
1990-09-15 18:00:00+00:00,17.29,67.85,0.0,0.0,0.0,312.75,0.69,188.0,93060.0
1990-09-15 19:00:00+00:00,16.56,70.2,0.0,0.0,0.0,308.85,0.55,101.0,93030.0
1990-09-15 20:00:00+00:00,15.67,75.15,0.0,0.0,0.0,304.6,0.76,77.0,93030.0
1990-09-15 21:00:00+00:00,14.35,83.4,0.0,0.0,0.0,303.05,0.97,72.0,93040.0
1990-09-15 22:00:00+00:00,12.94,89.4,0.0,0.0,0.0,301.3,1.17,71.0,93010.0
1990-09-15 23:00:00+00:00,12.06,92.6,0.0,0.0,0.0,300.15,1.24,73.0,93000.0
1990-09-16 00:00:00+00:00,11.67,95.9,0.0,0.0,0.0,299.75,1.24,74.0,92980.0
1990-09-16 01:00:00+00:00,11.56,92.55,0.0,0.0,0.0,299.5,1.24,77.0,92950.0
1990-09-16 02:00:00+00:00,11.7,92.55,0.0,0.0,0.0,297.65,1.17,77.0,92940.0
1990-09-16 03:00:00+00:00,11.53,92.55,0.0,0.0,0.0,297.45,1.24,73.0,92920.0
1990-09-16 04:00:00+00:00,11.03,92.55,0.0,0.0,0.0,296.65,1.31,69.0,92890.0
1990-09-16 05:00:00+00:00,10.65,95.9,72.0,198.74,47.0,295.5,1.31,67.0,92910.0
1990-09-16 06:00:00+00:00,13.37,89.4,266.0,573.62,88.0,296.5,0.69,67.0,92930.0
1990-09-16 07:00:00+00:00,16.95,63.2,447.0,697.64,115.0,305.0,0.55,126.0,92960.0
1990-09-16 08:00:00+00:00,18.47,54.95,607.0,782.01,129.0,306.55,0.9,195.0,92970.0
1990-09-16 09:00:00+00:00,19.64,51.4,725.0,835.74,134.0,310.8,1.45,216.0,92970.0
1990-09-16 10:00:00+00:00,20.5,48.05,786.0,855.9,138.0,314.85,1.93,223.0,92920.0
1990-09-16 11:00:00+00:00,21.05,48.2,799.0,892.24,123.0,318.15,2.34,230.0,92940.0
1990-09-16 12:00:00+00:00,21.15,48.2,736.0,862.05,125.0,324.75,2.48,235.0,92930.0
1990-09-16 13:00:00+00:00,20.98,51.65,626.0,830.87,116.0,324.75,2.34,236.0,92900.0
1990-09-16 14:00:00+00:00,20.62,51.65,465.0,744.94,108.0,326.85,2.14,233.0,92890.0
1990-09-16 15:00:00+00:00,20.01,53.35,277.0,601.51,88.0,322.2,1.93,228.0,92890.0
1990-09-16 16:00:00+00:00,19.11,59.15,86.0,300.05,47.0,315.45,1.38,227.0,92910.0
1990-09-16 17:00:00+00:00,17.62,72.8,0.0,0.0,0.0,313.7,0.83,215.0,92920.0
1990-09-16 18:00:00+00:00,17.28,67.85,0.0,0.0,0.0,309.45,0.48,154.0,92950.0
1990-09-16 19:00:00+00:00,16.2,72.65,0.0,0.0,0.0,305.0,0.69,106.0,92950.0
1990-09-16 20:00:00+00:00,15.11,77.8,0.0,0.0,0.0,303.05,0.9,88.0,92970.0
1990-09-16 21:00:00+00:00,13.83,86.35,0.0,0.0,0.0,302.1,1.1,84.0,92980.0
1990-09-16 22:00:00+00:00,13.02,89.4,0.0,0.0,0.0,302.1,1.17,84.0,92980.0
1990-09-16 23:00:00+00:00,12.75,92.6,0.0,0.0,0.0,302.1,1.17,75.0,92970.0
1990-09-17 00:00:00+00:00,12.01,92.6,0.0,0.0,0.0,302.85,1.24,75.0,93000.0
1990-09-17 01:00:00+00:00,11.33,95.9,0.0,0.0,0.0,304.5,1.38,77.0,92940.0
1990-09-17 02:00:00+00:00,11.05,95.9,0.0,0.0,0.0,303.85,1.38,76.0,92930.0
1990-09-17 03:00:00+00:00,10.85,95.9,0.0,0.0,0.0,304.4,1.38,77.0,92890.0
1990-09-17 04:00:00+00:00,10.76,95.9,0.0,0.0,0.0,303.85,1.38,74.0,92900.0
1990-09-17 05:00:00+00:00,10.82,95.9,69.0,196.04,45.0,306.35,1.31,68.0,92940.0
1990-09-17 06:00:00+00:00,13.52,86.35,253.0,521.32,93.0,310.8,0.76,81.0,92980.0
1990-09-17 07:00:00+00:00,17.26,67.85,432.0,654.13,123.0,317.0,1.24,136.0,92990.0
1990-09-17 08:00:00+00:00,18.93,65.65,571.0,671.53,163.0,320.85,2.21,179.0,93010.0
1990-09-17 09:00:00+00:00,19.98,59.35,601.0,460.73,277.0,328.2,2.97,197.0,93010.0
1990-09-17 10:00:00+00:00,20.65,57.45,664.0,506.05,283.0,334.4,3.45,205.0,92990.0
1990-09-17 11:00:00+00:00,20.67,57.45,661.0,495.27,288.0,342.35,3.24,206.0,93010.0
1990-09-17 12:00:00+00:00,20.85,55.45,413.0,98.02,344.0,351.25,3.03,205.0,93020.0
1990-09-17 13:00:00+00:00,20.9,53.5,379.0,136.36,296.0,345.65,2.9,202.0,92990.0
1990-09-17 14:00:00+00:00,20.51,51.65,265.0,94.97,220.0,340.6,2.62,197.0,92980.0
1990-09-17 15:00:00+00:00,20.03,53.35,224.0,317.56,126.0,334.4,2.28,196.0,93000.0
1990-09-17 16:00:00+00:00,19.3,59.15,66.0,144.89,48.0,328.2,1.66,194.0,93020.0
1990-09-17 17:00:00+00:00,17.95,67.85,0.0,0.0,0.0,324.15,1.17,184.0,93040.0
1990-09-17 18:00:00+00:00,16.33,77.95,0.0,0.0,0.0,322.4,1.03,146.0,93060.0
1990-09-17 19:00:00+00:00,15.55,77.85,0.0,0.0,0.0,323.4,1.1,123.0,93070.0
1990-09-17 20:00:00+00:00,14.84,83.45,0.0,0.0,0.0,323.75,1.17,114.0,93090.0
1990-09-17 21:00:00+00:00,14.4,86.4,0.0,0.0,0.0,324.75,1.17,108.0,93080.0
1990-09-17 22:00:00+00:00,14.01,86.4,0.0,0.0,0.0,328.4,1.17,100.0,93060.0
1990-09-17 23:00:00+00:00,13.53,86.35,0.0,0.0,0.0,323.55,1.17,91.0,93050.0
1990-09-18 00:00:00+00:00,13.19,89.4,0.0,0.0,0.0,330.15,1.24,85.0,93020.0
1990-09-18 01:00:00+00:00,12.89,92.6,0.0,0.0,0.0,330.85,1.24,82.0,93010.0
1990-09-18 02:00:00+00:00,12.56,92.6,0.0,0.0,0.0,327.05,1.24,82.0,92970.0
1990-09-18 03:00:00+00:00,12.28,95.95,0.0,0.0,0.0,322.8,1.31,84.0,92960.0
1990-09-18 04:00:00+00:00,12.14,92.6,0.0,0.0,0.0,322.2,1.38,87.0,92960.0
1990-09-18 05:00:00+00:00,12.08,92.6,68.0,210.01,43.0,317.4,1.38,86.0,92970.0
1990-09-18 06:00:00+00:00,14.19,86.4,225.0,362.44,115.0,316.05,0.97,91.0,92990.0
1990-09-18 07:00:00+00:00,17.85,67.85,412.0,571.61,144.0,326.1,1.52,141.0,93040.0
1990-09-18 08:00:00+00:00,19.12,61.3,527.0,518.35,214.0,332.3,2.0,160.0,93070.0
1990-09-18 09:00:00+00:00,20.11,57.3,523.0,278.86,328.0,338.85,2.28,176.0,93070.0
1990-09-18 10:00:00+00:00,20.47,57.3,712.0,662.54,216.0,354.15,2.28,189.0,93070.0
1990-09-18 11:00:00+00:00,21.04,53.6,632.0,430.16,310.0,356.1,2.28,196.0,93050.0
1990-09-18 12:00:00+00:00,21.44,53.6,703.0,806.8,139.0,352.0,2.14,197.0,93020.0
1990-09-18 13:00:00+00:00,21.73,51.9,595.0,775.48,127.0,349.7,2.21,198.0,92970.0
1990-09-18 14:00:00+00:00,21.64,51.9,357.0,335.18,200.0,336.95,2.21,200.0,92950.0
1990-09-18 15:00:00+00:00,20.94,55.45,224.0,343.27,120.0,337.3,2.0,201.0,92940.0
1990-09-18 16:00:00+00:00,19.9,61.4,54.0,75.96,45.0,334.8,1.45,204.0,92940.0
1990-09-18 17:00:00+00:00,18.47,70.45,0.0,0.0,0.0,336.55,0.97,202.0,92940.0
1990-09-18 18:00:00+00:00,17.61,75.4,0.0,0.0,0.0,348.15,0.69,174.0,92970.0
1990-09-18 19:00:00+00:00,16.57,80.8,0.0,0.0,0.0,353.95,1.1,137.0,92960.0
1990-09-18 20:00:00+00:00,16.12,83.6,0.0,0.0,0.0,357.05,1.03,132.0,92930.0
1990-09-18 21:00:00+00:00,16.11,80.75,0.0,0.0,0.0,351.65,0.9,106.0,92960.0
1990-09-18 22:00:00+00:00,15.31,83.5,0.0,0.0,0.0,352.2,1.59,106.0,92890.0
1990-09-18 23:00:00+00:00,14.67,83.45,0.0,0.0,0.0,335.95,1.45,104.0,92820.0
1990-09-19 00:00:00+00:00,13.92,83.4,0.0,0.0,0.0,322.05,1.38,93.0,92780.0
1990-09-19 01:00:00+00:00,13.61,86.35,0.0,0.0,0.0,327.75,1.45,91.0,92740.0
1990-09-19 02:00:00+00:00,13.46,83.35,0.0,0.0,0.0,334.0,1.45,92.0,92700.0
1990-09-19 03:00:00+00:00,13.34,83.25,0.0,0.0,0.0,334.05,1.52,98.0,92680.0
1990-09-19 04:00:00+00:00,13.7,80.4,0.0,0.0,0.0,345.45,1.79,107.0,92650.0
1990-09-19 05:00:00+00:00,14.23,77.65,12.0,0.0,12.0,345.25,2.07,110.0,92580.0
1990-09-19 06:00:00+00:00,15.58,75.15,246.0,513.25,92.0,336.35,1.79,121.0,92560.0
1990-09-19 07:00:00+00:00,17.58,70.3,351.0,330.98,197.0,341.0,2.28,144.0,92570.0
1990-09-19 08:00:00+00:00,18.57,68.05,476.0,368.28,255.0,337.3,2.9,152.0,92570.0
1990-09-19 09:00:00+00:00,19.71,68.2,83.0,0.0,83.0,354.75,3.45,167.0,92560.0
1990-09-19 10:00:00+00:00,20.31,70.7,92.0,0.0,92.0,354.15,3.79,177.0,92540.0
1990-09-19 11:00:00+00:00,18.77,81.0,232.0,0.0,232.0,363.65,3.38,186.0,92510.0
1990-09-19 12:00:00+00:00,18.39,86.7,69.0,0.0,69.0,368.3,3.59,205.0,92480.0
1990-09-19 13:00:00+00:00,18.71,83.8,112.0,0.0,112.0,368.3,2.9,191.0,92440.0
1990-09-19 14:00:00+00:00,17.44,86.65,66.0,0.0,66.0,368.5,2.0,196.0,92530.0
1990-09-19 15:00:00+00:00,16.22,89.65,128.0,33.63,118.0,384.35,0.62,209.0,92540.0
1990-09-19 16:00:00+00:00,15.25,92.75,33.0,8.87,32.0,372.15,0.97,73.0,92580.0
1990-09-19 17:00:00+00:00,15.15,89.55,0.0,0.0,0.0,381.45,1.38,59.0,92580.0
1990-09-19 18:00:00+00:00,15.21,89.55,0.0,0.0,0.0,382.0,1.38,54.0,92610.0
1990-09-19 19:00:00+00:00,15.54,89.6,0.0,0.0,0.0,361.5,1.1,37.0,92610.0
1990-09-19 20:00:00+00:00,14.97,89.55,0.0,0.0,0.0,351.65,1.24,31.0,92650.0
1990-09-19 21:00:00+00:00,14.51,86.45,0.0,0.0,0.0,348.55,1.45,30.0,92670.0
1990-09-19 22:00:00+00:00,13.75,89.45,0.0,0.0,0.0,345.45,1.79,31.0,92720.0
1990-09-19 23:00:00+00:00,13.05,89.4,0.0,0.0,0.0,346.0,1.93,38.0,92720.0
1990-09-20 00:00:00+00:00,12.49,86.25,0.0,0.0,0.0,342.15,2.21,40.0,92740.0
1990-09-20 01:00:00+00:00,11.98,83.15,0.0,0.0,0.0,342.25,2.34,42.0,92750.0
1990-09-20 02:00:00+00:00,11.48,80.15,0.0,0.0,0.0,330.15,2.34,44.0,92740.0
1990-09-20 03:00:00+00:00,11.22,80.1,0.0,0.0,0.0,333.25,2.28,43.0,92770.0
1990-09-20 04:00:00+00:00,10.98,80.1,0.0,0.0,0.0,328.2,2.28,43.0,92800.0
1990-09-20 05:00:00+00:00,10.91,77.2,65.0,213.87,41.0,330.15,2.28,44.0,92820.0
1990-09-20 06:00:00+00:00,11.26,77.2,244.0,499.02,96.0,315.85,2.41,45.0,92870.0
1990-09-20 07:00:00+00:00,12.49,74.7,396.0,502.51,164.0,307.9,2.41,46.0,92890.0
1990-09-20 08:00:00+00:00,13.89,69.65,474.0,352.18,264.0,324.35,2.34,48.0,92940.0
1990-09-20 09:00:00+00:00,15.49,60.65,640.0,587.38,234.0,326.85,2.21,48.0,92940.0
1990-09-20 10:00:00+00:00,16.8,56.6,490.0,156.76,374.0,336.75,2.48,47.0,92940.0
1990-09-20 11:00:00+00:00,17.81,54.7,742.0,761.54,179.0,329.2,2.34,43.0,92970.0
1990-09-20 12:00:00+00:00,18.62,53.0,703.0,816.92,140.0,328.6,2.41,38.0,92940.0
1990-09-20 13:00:00+00:00,18.61,51.15,593.0,785.78,127.0,328.2,2.62,46.0,92920.0
1990-09-20 14:00:00+00:00,18.02,51.0,364.0,380.36,190.0,325.9,2.76,51.0,92920.0
1990-09-20 15:00:00+00:00,17.36,50.85,213.0,318.87,120.0,305.2,2.83,52.0,92960.0
1990-09-20 16:00:00+00:00,16.4,50.6,61.0,187.03,41.0,296.85,2.55,48.0,93000.0
1990-09-20 17:00:00+00:00,15.07,50.35,0.0,0.0,0.0,294.35,2.69,48.0,93040.0
1990-09-20 18:00:00+00:00,13.89,53.85,0.0,0.0,0.0,292.4,2.62,48.0,93070.0
1990-09-20 19:00:00+00:00,13.3,60.05,0.0,0.0,0.0,292.05,2.07,47.0,93070.0
1990-09-20 20:00:00+00:00,12.11,64.45,0.0,0.0,0.0,286.05,1.72,43.0,93110.0
1990-09-20 21:00:00+00:00,10.83,74.4,0.0,0.0,0.0,280.8,1.66,41.0,93140.0
1990-09-20 22:00:00+00:00,9.85,79.9,0.0,0.0,0.0,279.65,1.72,45.0,93140.0
1990-09-20 23:00:00+00:00,9.08,82.85,0.0,0.0,0.0,279.45,1.66,47.0,93130.0
1990-09-21 00:00:00+00:00,8.41,85.9,0.0,0.0,0.0,273.85,1.72,49.0,93110.0
1990-09-21 01:00:00+00:00,7.82,89.0,0.0,0.0,0.0,271.6,1.66,49.0,93090.0
1990-09-21 02:00:00+00:00,7.36,89.0,0.0,0.0,0.0,270.15,1.66,48.0,93090.0
1990-09-21 03:00:00+00:00,7.04,89.0,0.0,0.0,0.0,269.75,1.72,49.0,93090.0
1990-09-21 04:00:00+00:00,6.67,89.0,0.0,0.0,0.0,265.7,1.72,50.0,93080.0
1990-09-21 05:00:00+00:00,6.45,89.0,65.0,239.01,39.0,264.35,1.66,49.0,93090.0
1990-09-21 06:00:00+00:00,8.88,82.85,261.0,617.57,80.0,263.95,1.52,47.0,93110.0
1990-09-21 07:00:00+00:00,12.04,62.1,444.0,729.17,110.0,271.1,1.72,47.0,93140.0
1990-09-21 08:00:00+00:00,14.8,50.25,605.0,815.26,122.0,269.6,1.52,49.0,93140.0
1990-09-21 09:00:00+00:00,17.22,40.75,717.0,848.47,134.0,276.75,1.03,54.0,93150.0
1990-09-21 10:00:00+00:00,19.08,35.45,777.0,867.32,139.0,283.7,0.76,72.0,93130.0
1990-09-21 11:00:00+00:00,20.4,33.15,785.0,891.65,130.0,289.5,0.41,100.0,93120.0
1990-09-21 12:00:00+00:00,21.17,31.05,711.0,837.51,138.0,293.95,0.28,192.0,93100.0
1990-09-21 13:00:00+00:00,21.39,32.2,603.0,818.35,122.0,297.45,0.83,235.0,93070.0
1990-09-21 14:00:00+00:00,21.11,33.45,431.0,683.71,122.0,299.75,0.97,250.0,93070.0
1990-09-21 15:00:00+00:00,20.46,37.1,253.0,597.96,82.0,298.2,0.83,264.0,93100.0
1990-09-21 16:00:00+00:00,18.98,61.3,71.0,375.68,33.0,297.65,0.69,257.0,93120.0
1990-09-21 17:00:00+00:00,18.24,47.4,0.0,0.0,0.0,295.3,0.55,271.0,93150.0
1990-09-21 18:00:00+00:00,17.15,50.85,0.0,0.0,0.0,293.95,0.62,7.0,93180.0
1990-09-21 19:00:00+00:00,14.33,64.85,0.0,0.0,0.0,294.35,1.24,46.0,93170.0
1990-09-21 20:00:00+00:00,11.93,74.6,0.0,0.0,0.0,290.1,1.59,50.0,93190.0
1990-09-21 21:00:00+00:00,10.63,83.0,0.0,0.0,0.0,290.5,1.66,49.0,93210.0
1990-09-21 22:00:00+00:00,10.04,82.95,0.0,0.0,0.0,287.0,1.79,49.0,93230.0
1990-09-21 23:00:00+00:00,9.58,82.9,0.0,0.0,0.0,286.05,1.86,48.0,93220.0
1990-09-22 00:00:00+00:00,9.28,85.95,0.0,0.0,0.0,286.4,1.93,48.0,93220.0
1990-09-22 01:00:00+00:00,8.99,85.95,0.0,0.0,0.0,284.8,1.93,48.0,93200.0
1990-09-22 02:00:00+00:00,8.68,89.1,0.0,0.0,0.0,283.3,1.93,48.0,93200.0
1990-09-22 03:00:00+00:00,8.4,89.1,0.0,0.0,0.0,281.75,1.93,47.0,93180.0
1990-09-22 04:00:00+00:00,8.16,92.4,0.0,0.0,0.0,280.6,1.93,48.0,93180.0
1990-09-22 05:00:00+00:00,8.08,92.4,55.0,151.91,39.0,279.85,1.86,48.0,93220.0
1990-09-22 06:00:00+00:00,10.36,86.0,250.0,580.19,82.0,280.4,1.59,48.0,93250.0
1990-09-22 07:00:00+00:00,14.57,67.35,428.0,688.84,115.0,294.15,1.59,44.0,93220.0
1990-09-22 08:00:00+00:00,17.45,54.7,583.0,762.86,134.0,290.65,1.59,41.0,93250.0
1990-09-22 09:00:00+00:00,19.6,46.1,699.0,819.93,139.0,300.35,1.31,39.0,93260.0
1990-09-22 10:00:00+00:00,21.15,41.7,757.0,839.75,143.0,306.75,1.17,43.0,93240.0
1990-09-22 11:00:00+00:00,22.2,39.05,744.0,794.67,164.0,310.6,0.62,36.0,93230.0
1990-09-22 12:00:00+00:00,22.82,37.75,677.0,746.54,170.0,315.05,0.21,353.0,93190.0
1990-09-22 13:00:00+00:00,23.0,36.55,579.0,764.0,134.0,318.95,0.28,302.0,93160.0
1990-09-22 14:00:00+00:00,22.85,37.75,425.0,703.38,111.0,315.45,0.41,292.0,93150.0
1990-09-22 15:00:00+00:00,22.25,40.5,236.0,520.92,90.0,316.2,0.41,276.0,93160.0
1990-09-22 16:00:00+00:00,20.74,57.45,57.0,230.7,35.0,314.3,0.55,254.0,93170.0
1990-09-22 17:00:00+00:00,19.77,51.4,0.0,0.0,0.0,309.45,0.28,284.0,93210.0
1990-09-22 18:00:00+00:00,18.28,58.9,0.0,0.0,0.0,306.55,0.83,33.0,93250.0
1990-09-22 19:00:00+00:00,14.77,72.4,0.0,0.0,0.0,304.4,1.52,54.0,93230.0
1990-09-22 20:00:00+00:00,13.01,77.5,0.0,0.0,0.0,300.55,1.59,50.0,93260.0
1990-09-22 21:00:00+00:00,11.88,86.15,0.0,0.0,0.0,299.4,1.66,47.0,93280.0
1990-09-22 22:00:00+00:00,11.18,86.1,0.0,0.0,0.0,295.5,1.72,46.0,93290.0
1990-09-22 23:00:00+00:00,10.6,86.05,0.0,0.0,0.0,293.2,1.79,46.0,93280.0
1990-09-23 00:00:00+00:00,10.11,89.2,0.0,0.0,0.0,291.45,1.79,48.0,93270.0
1990-09-23 01:00:00+00:00,9.65,92.45,0.0,0.0,0.0,289.6,1.72,50.0,93270.0
1990-09-23 02:00:00+00:00,9.25,92.45,0.0,0.0,0.0,288.35,1.72,52.0,93250.0
1990-09-23 03:00:00+00:00,8.96,92.45,0.0,0.0,0.0,287.6,1.72,51.0,93260.0
1990-09-23 04:00:00+00:00,8.73,95.85,0.0,0.0,0.0,286.8,1.72,51.0,93260.0
1990-09-23 05:00:00+00:00,8.6,95.85,54.0,157.08,38.0,285.45,1.72,52.0,93260.0
1990-09-23 06:00:00+00:00,11.0,89.3,241.0,538.44,87.0,285.45,1.38,52.0,93270.0
1990-09-23 07:00:00+00:00,15.06,75.1,422.0,674.52,118.0,303.05,1.17,51.0,93260.0
1990-09-23 08:00:00+00:00,18.43,56.85,579.0,762.83,133.0,298.4,0.83,49.0,93240.0
1990-09-23 09:00:00+00:00,20.66,44.7,695.0,819.08,139.0,301.1,0.34,315.0,93230.0
1990-09-23 10:00:00+00:00,21.82,43.4,753.0,838.03,144.0,308.85,0.83,286.0,93220.0
1990-09-23 11:00:00+00:00,22.53,40.6,739.0,794.39,163.0,313.1,1.1,273.0,93170.0
1990-09-23 12:00:00+00:00,22.92,40.6,683.0,790.72,150.0,315.85,1.31,265.0,93090.0
1990-09-23 13:00:00+00:00,22.98,40.6,576.0,776.26,128.0,316.8,1.59,257.0,93040.0
1990-09-23 14:00:00+00:00,22.54,42.1,419.0,698.63,111.0,317.75,2.0,250.0,93020.0
1990-09-23 15:00:00+00:00,21.45,49.95,235.0,557.24,82.0,317.0,2.21,246.0,93020.0
1990-09-23 16:00:00+00:00,19.95,59.25,51.0,200.95,33.0,315.65,1.59,237.0,93030.0
1990-09-23 17:00:00+00:00,17.81,72.8,0.0,0.0,0.0,315.85,1.1,228.0,93060.0
1990-09-23 18:00:00+00:00,17.41,67.85,0.0,0.0,0.0,320.1,0.62,205.0,93080.0
1990-09-23 19:00:00+00:00,16.84,72.7,0.0,0.0,0.0,305.4,0.14,168.0,93050.0
1990-09-23 20:00:00+00:00,15.79,77.85,0.0,0.0,0.0,302.85,0.76,81.0,93040.0
1990-09-23 21:00:00+00:00,14.4,83.4,0.0,0.0,0.0,301.1,1.1,70.0,93040.0
1990-09-23 22:00:00+00:00,12.78,92.6,0.0,0.0,0.0,302.85,1.24,64.0,93020.0
1990-09-23 23:00:00+00:00,11.74,95.9,0.0,0.0,0.0,301.5,1.31,62.0,92970.0
1990-09-24 00:00:00+00:00,11.07,95.9,0.0,0.0,0.0,299.95,1.38,62.0,92920.0
1990-09-24 01:00:00+00:00,10.66,99.4,0.0,0.0,0.0,299.3,1.45,61.0,92870.0
1990-09-24 02:00:00+00:00,10.3,99.4,0.0,0.0,0.0,297.25,1.45,62.0,92820.0
1990-09-24 03:00:00+00:00,10.0,95.9,0.0,0.0,0.0,296.3,1.45,62.0,92810.0
1990-09-24 04:00:00+00:00,9.87,99.4,0.0,0.0,0.0,296.1,1.45,64.0,92760.0
1990-09-24 05:00:00+00:00,10.02,95.9,50.0,142.32,36.0,296.65,1.38,68.0,92780.0
1990-09-24 06:00:00+00:00,12.85,89.4,229.0,481.52,93.0,301.5,0.83,72.0,92790.0
1990-09-24 07:00:00+00:00,17.28,67.85,395.0,566.05,142.0,313.3,0.83,122.0,92750.0
1990-09-24 08:00:00+00:00,18.76,59.05,558.0,706.02,148.0,319.5,1.66,158.0,92730.0
1990-09-24 09:00:00+00:00,19.34,55.05,653.0,693.75,185.0,324.15,2.14,170.0,92690.0
1990-09-24 10:00:00+00:00,19.57,53.25,672.0,594.02,243.0,340.4,2.34,175.0,92650.0
1990-09-24 11:00:00+00:00,19.74,53.25,686.0,644.2,222.0,335.95,2.48,173.0,92600.0
1990-09-24 12:00:00+00:00,19.92,53.25,612.0,566.54,233.0,342.55,2.62,172.0,92520.0
1990-09-24 13:00:00+00:00,19.66,51.4,506.0,524.69,206.0,333.85,2.62,173.0,92450.0
1990-09-24 14:00:00+00:00,19.25,55.05,299.0,220.54,203.0,333.05,2.55,175.0,92420.0
1990-09-24 15:00:00+00:00,18.73,56.95,204.0,375.66,103.0,326.1,2.34,180.0,92390.0
1990-09-24 16:00:00+00:00,17.84,63.2,53.0,286.42,29.0,317.95,1.66,192.0,92370.0
1990-09-24 17:00:00+00:00,16.28,72.65,0.0,0.0,0.0,315.85,1.03,180.0,92370.0
1990-09-24 18:00:00+00:00,14.88,80.55,0.0,0.0,0.0,313.1,1.03,133.0,92350.0
1990-09-24 19:00:00+00:00,14.19,80.45,0.0,0.0,0.0,316.4,1.24,117.0,92260.0
1990-09-24 20:00:00+00:00,13.6,80.4,0.0,0.0,0.0,317.0,1.31,114.0,92230.0
1990-09-24 21:00:00+00:00,13.48,77.6,0.0,0.0,0.0,327.05,1.24,112.0,92210.0
1990-09-24 22:00:00+00:00,13.25,80.35,0.0,0.0,0.0,328.4,1.24,110.0,92180.0
1990-09-24 23:00:00+00:00,13.0,80.35,0.0,0.0,0.0,337.3,1.24,102.0,92090.0
1990-09-25 00:00:00+00:00,12.82,83.25,0.0,0.0,0.0,341.4,1.31,103.0,92060.0
1990-09-25 01:00:00+00:00,12.46,83.25,0.0,0.0,0.0,342.45,1.45,104.0,92010.0
1990-09-25 02:00:00+00:00,12.52,86.25,0.0,0.0,0.0,358.0,1.45,84.0,91930.0
1990-09-25 03:00:00+00:00,12.49,89.4,0.0,0.0,0.0,362.85,1.38,88.0,91870.0
1990-09-25 04:00:00+00:00,12.65,89.4,0.0,0.0,0.0,367.9,1.72,105.0,91840.0
1990-09-25 05:00:00+00:00,12.79,89.4,12.0,0.0,12.0,369.85,2.0,114.0,91800.0
1990-09-25 06:00:00+00:00,12.94,86.3,81.0,3.59,80.0,367.1,2.14,117.0,91800.0
1990-09-25 07:00:00+00:00,13.8,89.45,48.0,0.0,48.0,375.25,2.83,117.0,91630.0
1990-09-25 08:00:00+00:00,14.19,86.4,89.0,0.0,89.0,376.2,3.03,125.0,91610.0
1990-09-25 09:00:00+00:00,14.23,86.4,80.0,0.0,80.0,377.75,2.97,131.0,91630.0
1990-09-25 10:00:00+00:00,14.12,86.4,140.0,0.0,140.0,370.2,2.83,129.0,91600.0
1990-09-25 11:00:00+00:00,14.3,89.5,64.0,0.0,64.0,372.75,2.83,122.0,91560.0
1990-09-25 12:00:00+00:00,14.34,89.5,59.0,0.0,59.0,375.45,2.69,119.0,91500.0
1990-09-25 13:00:00+00:00,14.37,89.5,60.0,0.0,60.0,376.4,3.38,117.0,91380.0
1990-09-25 14:00:00+00:00,14.36,89.5,103.0,0.0,103.0,377.75,3.86,134.0,91350.0
1990-09-25 15:00:00+00:00,14.37,92.7,46.0,0.0,46.0,379.9,3.52,142.0,91340.0
1990-09-25 16:00:00+00:00,14.17,92.7,12.0,0.0,12.0,380.45,2.97,147.0,91330.0
1990-09-25 17:00:00+00:00,13.94,92.7,0.0,0.0,0.0,379.5,2.76,143.0,91320.0
1990-09-25 18:00:00+00:00,13.65,95.95,0.0,0.0,0.0,377.55,1.93,131.0,91320.0
1990-09-25 19:00:00+00:00,13.81,99.4,0.0,0.0,0.0,383.2,1.59,129.0,91270.0
1990-09-25 20:00:00+00:00,13.96,96.0,0.0,0.0,0.0,381.25,1.72,133.0,91240.0
1990-09-25 21:00:00+00:00,14.06,96.0,0.0,0.0,0.0,383.0,1.66,142.0,91230.0
1990-09-25 22:00:00+00:00,14.04,96.0,0.0,0.0,0.0,382.6,1.59,138.0,91200.0
1990-09-25 23:00:00+00:00,13.97,96.0,0.0,0.0,0.0,382.2,1.52,137.0,91190.0
1990-09-26 00:00:00+00:00,13.93,96.0,0.0,0.0,0.0,384.75,1.59,154.0,91240.0
1990-09-26 01:00:00+00:00,13.93,96.0,0.0,0.0,0.0,380.95,1.79,174.0,91240.0
1990-09-26 02:00:00+00:00,13.98,96.0,0.0,0.0,0.0,383.55,1.93,170.0,91310.0
1990-09-26 03:00:00+00:00,13.75,95.95,0.0,0.0,0.0,380.3,2.76,169.0,91310.0
1990-09-26 04:00:00+00:00,13.07,95.95,0.0,0.0,0.0,371.4,2.69,168.0,91400.0
1990-09-26 05:00:00+00:00,12.58,95.95,53.0,240.86,31.0,367.1,2.34,164.0,91470.0
1990-09-26 06:00:00+00:00,12.45,92.6,101.0,14.53,97.0,359.0,3.03,177.0,91530.0
1990-09-26 07:00:00+00:00,12.34,95.95,36.0,0.0,36.0,352.6,3.24,193.0,91610.0
1990-09-26 08:00:00+00:00,12.47,92.6,121.0,0.0,121.0,354.35,2.55,200.0,91720.0
1990-09-26 09:00:00+00:00,13.22,86.3,70.0,0.0,70.0,350.1,1.86,211.0,91770.0
1990-09-26 10:00:00+00:00,14.35,83.4,578.0,363.22,319.0,335.0,2.0,199.0,91850.0
1990-09-26 11:00:00+00:00,15.36,80.6,510.0,226.58,349.0,321.65,2.55,196.0,91870.0
1990-09-26 12:00:00+00:00,14.44,86.45,59.0,0.0,59.0,333.85,2.55,202.0,91930.0
1990-09-26 13:00:00+00:00,14.58,86.45,166.0,0.0,166.0,332.65,2.14,198.0,91940.0
1990-09-26 14:00:00+00:00,14.41,86.4,35.0,0.0,35.0,323.4,2.55,194.0,92000.0
1990-09-26 15:00:00+00:00,13.46,89.45,106.0,27.19,99.0,338.1,1.86,191.0,92050.0
1990-09-26 16:00:00+00:00,12.86,86.25,4.0,0.0,4.0,344.3,1.93,191.0,92080.0
1990-09-26 17:00:00+00:00,12.33,92.6,0.0,0.0,0.0,343.5,1.24,173.0,92150.0
1990-09-26 18:00:00+00:00,12.04,95.95,0.0,0.0,0.0,333.45,1.38,153.0,92220.0
1990-09-26 19:00:00+00:00,12.25,95.95,0.0,0.0,0.0,349.5,1.1,146.0,92250.0
1990-09-26 20:00:00+00:00,12.59,92.6,0.0,0.0,0.0,366.35,0.97,124.0,92290.0
1990-09-26 21:00:00+00:00,12.06,95.95,0.0,0.0,0.0,334.8,1.24,118.0,92310.0
1990-09-26 22:00:00+00:00,11.72,95.9,0.0,0.0,0.0,331.7,1.17,111.0,92310.0
1990-09-26 23:00:00+00:00,11.87,99.4,0.0,0.0,0.0,352.4,1.1,126.0,92320.0
1990-09-27 00:00:00+00:00,11.97,95.95,0.0,0.0,0.0,365.95,0.97,138.0,92340.0
1990-09-27 01:00:00+00:00,11.85,99.4,0.0,0.0,0.0,363.95,1.31,146.0,92320.0
1990-09-27 02:00:00+00:00,11.61,99.4,0.0,0.0,0.0,366.55,1.38,154.0,92340.0
1990-09-27 03:00:00+00:00,11.48,95.9,0.0,0.0,0.0,364.6,1.45,150.0,92340.0
1990-09-27 04:00:00+00:00,11.52,99.4,0.0,0.0,0.0,364.6,1.38,139.0,92340.0
1990-09-27 05:00:00+00:00,11.33,100.0,46.0,170.85,31.0,343.3,1.38,140.0,92370.0
1990-09-27 06:00:00+00:00,11.61,99.4,95.0,11.05,92.0,342.35,1.86,162.0,92430.0
1990-09-27 07:00:00+00:00,12.88,92.6,209.0,43.62,190.0,365.55,2.48,173.0,92440.0
1990-09-27 08:00:00+00:00,13.66,86.35,112.0,0.0,112.0,352.0,2.9,181.0,92470.0
1990-09-27 09:00:00+00:00,14.29,83.4,109.0,0.0,109.0,358.2,3.52,192.0,92520.0
1990-09-27 10:00:00+00:00,14.5,80.55,123.0,0.0,123.0,348.35,3.86,195.0,92510.0
1990-09-27 11:00:00+00:00,15.17,77.8,70.0,0.0,70.0,336.55,4.07,192.0,92540.0
1990-09-27 12:00:00+00:00,15.13,77.8,59.0,0.0,59.0,337.1,3.93,196.0,92560.0
1990-09-27 13:00:00+00:00,15.16,80.6,400.0,243.0,265.0,329.0,3.31,194.0,92570.0
1990-09-27 14:00:00+00:00,14.13,86.4,269.0,169.65,198.0,339.25,2.55,190.0,92610.0
1990-09-27 15:00:00+00:00,13.57,89.45,28.0,0.0,28.0,356.85,2.55,187.0,92620.0
1990-09-27 16:00:00+00:00,13.43,86.35,27.0,60.17,23.0,351.05,2.97,181.0,92600.0
1990-09-27 17:00:00+00:00,13.33,89.4,0.0,0.0,0.0,343.7,2.55,174.0,92630.0
1990-09-27 18:00:00+00:00,13.48,89.45,0.0,0.0,0.0,363.25,2.76,177.0,92660.0
1990-09-27 19:00:00+00:00,13.19,92.65,0.0,0.0,0.0,375.45,3.1,186.0,92620.0
1990-09-27 20:00:00+00:00,13.31,95.95,0.0,0.0,0.0,369.05,2.69,181.0,92640.0
1990-09-27 21:00:00+00:00,13.29,95.95,0.0,0.0,0.0,370.2,2.14,184.0,92600.0
1990-09-27 22:00:00+00:00,13.43,95.95,0.0,0.0,0.0,378.35,2.21,196.0,92610.0
1990-09-27 23:00:00+00:00,13.37,92.65,0.0,0.0,0.0,374.45,2.21,205.0,92590.0
1990-09-28 00:00:00+00:00,12.64,95.95,0.0,0.0,0.0,360.35,1.52,202.0,92610.0
1990-09-28 01:00:00+00:00,12.17,99.4,0.0,0.0,0.0,356.95,1.1,186.0,92630.0
1990-09-28 02:00:00+00:00,12.27,99.4,0.0,0.0,0.0,361.3,1.1,190.0,92610.0
1990-09-28 03:00:00+00:00,12.21,95.95,0.0,0.0,0.0,360.95,1.03,185.0,92620.0
1990-09-28 04:00:00+00:00,11.92,95.95,0.0,0.0,0.0,350.3,0.9,168.0,92620.0
1990-09-28 05:00:00+00:00,11.37,100.0,44.0,178.07,29.0,330.55,0.97,134.0,92640.0
1990-09-28 06:00:00+00:00,11.91,95.95,230.0,571.13,77.0,330.55,1.38,134.0,92670.0
1990-09-28 07:00:00+00:00,13.37,89.4,410.0,704.16,106.0,332.65,2.0,163.0,92720.0
1990-09-28 08:00:00+00:00,14.44,75.0,499.0,510.13,211.0,318.95,2.41,172.0,92750.0
1990-09-28 09:00:00+00:00,15.52,65.15,670.0,801.69,143.0,327.25,2.62,183.0,92780.0
1990-09-28 10:00:00+00:00,16.33,60.75,651.0,564.09,254.0,321.25,2.76,190.0,92760.0
1990-09-28 11:00:00+00:00,16.99,54.7,719.0,806.34,154.0,327.85,2.69,193.0,92740.0
1990-09-28 12:00:00+00:00,17.22,52.75,600.0,573.82,228.0,321.25,2.83,195.0,92720.0
1990-09-28 13:00:00+00:00,16.97,50.85,442.0,359.92,244.0,313.7,2.76,199.0,92710.0
1990-09-28 14:00:00+00:00,16.57,52.65,242.0,111.4,196.0,311.2,2.55,198.0,92730.0
1990-09-28 15:00:00+00:00,15.82,56.35,203.0,495.96,81.0,324.55,2.07,197.0,92720.0
1990-09-28 16:00:00+00:00,15.05,60.5,28.0,115.25,21.0,317.75,1.38,203.0,92730.0
1990-09-28 17:00:00+00:00,13.8,77.6,0.0,0.0,0.0,312.35,0.76,205.0,92740.0
1990-09-28 18:00:00+00:00,13.9,69.65,0.0,0.0,0.0,311.55,0.21,139.0,92760.0
1990-09-28 19:00:00+00:00,13.07,86.3,0.0,0.0,0.0,304.6,0.48,68.0,92750.0
1990-09-28 20:00:00+00:00,12.19,92.6,0.0,0.0,0.0,307.1,0.76,69.0,92720.0
1990-09-28 21:00:00+00:00,11.43,92.55,0.0,0.0,0.0,305.95,0.9,67.0,92700.0
1990-09-28 22:00:00+00:00,11.02,95.9,0.0,0.0,0.0,305.75,0.9,65.0,92690.0
1990-09-28 23:00:00+00:00,10.44,99.4,0.0,0.0,0.0,303.05,0.9,60.0,92660.0
1990-09-29 00:00:00+00:00,9.41,99.4,0.0,0.0,0.0,297.05,1.03,52.0,92640.0
1990-09-29 01:00:00+00:00,8.82,100.0,0.0,0.0,0.0,306.05,1.17,52.0,92580.0
1990-09-29 02:00:00+00:00,8.77,100.0,0.0,0.0,0.0,319.5,1.1,51.0,92510.0
1990-09-29 03:00:00+00:00,8.5,99.4,0.0,0.0,0.0,309.85,1.17,52.0,92490.0
1990-09-29 04:00:00+00:00,8.2,100.0,0.0,0.0,0.0,310.6,1.31,56.0,92480.0
1990-09-29 05:00:00+00:00,7.83,100.0,4.0,0.0,4.0,310.05,1.38,54.0,92470.0
1990-09-29 06:00:00+00:00,8.66,99.4,142.0,102.2,115.0,329.2,1.17,53.0,92490.0
1990-09-29 07:00:00+00:00,11.93,80.2,99.0,0.0,99.0,296.85,0.83,50.0,92520.0
1990-09-29 08:00:00+00:00,13.79,72.2,218.0,8.92,213.0,312.15,0.48,31.0,92500.0
1990-09-29 09:00:00+00:00,15.34,60.5,126.0,0.0,126.0,321.45,0.28,336.0,92510.0
1990-09-29 10:00:00+00:00,16.12,54.45,313.0,20.03,299.0,316.05,0.83,265.0,92490.0
1990-09-29 11:00:00+00:00,16.68,56.6,304.0,17.25,292.0,323.0,1.31,282.0,92480.0
1990-09-29 12:00:00+00:00,16.34,60.75,85.0,0.0,85.0,318.35,1.45,297.0,92450.0
1990-09-29 13:00:00+00:00,15.47,62.85,89.0,0.0,89.0,335.4,2.0,344.0,92440.0
1990-09-29 14:00:00+00:00,12.97,72.1,58.0,0.0,58.0,324.95,2.34,22.0,92520.0
1990-09-29 15:00:00+00:00,12.52,72.05,205.0,557.68,71.0,330.35,2.07,38.0,92520.0
1990-09-29 16:00:00+00:00,12.22,69.35,24.0,90.9,19.0,320.65,2.0,38.0,92550.0
1990-09-29 17:00:00+00:00,11.46,71.85,0.0,0.0,0.0,312.35,2.14,39.0,92600.0
1990-09-29 18:00:00+00:00,10.73,74.4,0.0,0.0,0.0,305.55,2.0,43.0,92650.0
1990-09-29 19:00:00+00:00,10.48,71.7,0.0,0.0,0.0,299.75,1.66,40.0,92690.0
1990-09-29 20:00:00+00:00,9.71,77.0,0.0,0.0,0.0,288.15,1.66,38.0,92720.0
1990-09-29 21:00:00+00:00,8.9,79.85,0.0,0.0,0.0,280.6,1.72,39.0,92760.0
1990-09-29 22:00:00+00:00,8.04,85.85,0.0,0.0,0.0,272.1,1.72,42.0,92780.0
1990-09-29 23:00:00+00:00,7.48,85.8,0.0,0.0,0.0,277.1,1.66,43.0,92780.0
1990-09-30 00:00:00+00:00,6.93,89.0,0.0,0.0,0.0,271.5,1.72,45.0,92810.0
1990-09-30 01:00:00+00:00,6.47,89.0,0.0,0.0,0.0,270.65,1.72,46.0,92800.0
1990-09-30 02:00:00+00:00,6.16,92.3,0.0,0.0,0.0,273.65,1.72,48.0,92810.0
1990-09-30 03:00:00+00:00,5.87,88.95,0.0,0.0,0.0,281.6,1.72,47.0,92800.0
1990-09-30 04:00:00+00:00,5.59,92.3,0.0,0.0,0.0,275.75,1.72,48.0,92830.0
1990-09-30 05:00:00+00:00,5.44,92.3,41.0,181.66,27.0,275.4,1.79,49.0,92850.0
1990-09-30 06:00:00+00:00,6.39,89.0,223.0,564.39,76.0,281.2,1.66,48.0,92900.0
1990-09-30 07:00:00+00:00,8.98,76.95,402.0,693.55,108.0,263.4,1.45,48.0,92930.0
1990-09-30 08:00:00+00:00,11.6,62.0,556.0,773.01,126.0,265.7,1.03,47.0,92940.0
1990-09-30 09:00:00+00:00,13.5,51.9,666.0,817.24,136.0,272.65,0.62,46.0,92960.0
1990-09-30 10:00:00+00:00,14.84,46.6,702.0,761.82,173.0,277.1,0.14,298.0,92960.0
1990-09-30 11:00:00+00:00,15.55,43.5,656.0,615.29,231.0,284.5,0.69,261.0,92930.0
1990-09-30 12:00:00+00:00,16.16,42.05,360.0,76.83,311.0,282.35,1.38,262.0,92890.0
1990-09-30 13:00:00+00:00,16.32,42.05,308.0,85.31,262.0,305.75,1.66,262.0,92870.0
1990-09-30 14:00:00+00:00,15.8,46.9,227.0,94.6,189.0,308.1,1.93,257.0,92850.0
1990-09-30 15:00:00+00:00,15.02,52.25,194.0,498.75,77.0,295.7,1.93,253.0,92840.0
1990-09-30 16:00:00+00:00,10.55,80.23,28.0,263.71,15.0,288.66,0.68,244.0,92840.0
1990-09-30 17:00:00+00:00,10.87,80.07,0.0,0.0,0.0,291.2,0.75,234.0,92870.0
1990-09-30 18:00:00+00:00,11.18,79.91,0.0,0.0,0.0,293.74,0.82,226.0,92910.0
1990-09-30 19:00:00+00:00,11.5,79.75,0.0,0.0,0.0,296.28,0.89,231.0,92920.0
1990-09-30 20:00:00+00:00,11.81,79.58,0.0,0.0,0.0,298.83,0.96,60.0,92940.0
1990-09-30 21:00:00+00:00,12.13,79.42,0.0,0.0,0.0,301.37,1.03,55.0,92930.0
1990-09-30 22:00:00+00:00,12.44,79.26,0.0,0.0,0.0,303.91,1.1,55.0,92920.0
1990-09-30 23:00:00+00:00,12.75,79.1,0.0,0.0,0.0,306.45,1.16,56.0,92910.0
1990-10-01 00:00:00+00:00,13.07,78.94,0.0,0.0,0.0,309.0,1.23,60.0,93320.0
1990-10-01 01:00:00+00:00,13.38,78.78,0.0,0.0,0.0,311.54,1.3,65.0,93290.0
1990-10-01 02:00:00+00:00,13.7,78.61,0.0,0.0,0.0,314.08,1.37,69.0,93260.0
1990-10-01 03:00:00+00:00,14.01,78.45,0.0,0.0,0.0,316.62,1.44,71.0,93240.0
1990-10-01 04:00:00+00:00,14.33,78.29,0.0,0.0,0.0,319.17,1.51,73.0,93240.0
1990-10-01 05:00:00+00:00,14.64,78.13,8.0,0.0,8.0,321.71,1.58,72.0,93230.0
1990-10-01 06:00:00+00:00,14.96,77.97,217.0,589.09,68.0,324.25,1.65,72.0,93270.0
1990-10-01 07:00:00+00:00,15.27,77.81,353.0,512.05,140.0,326.79,1.71,93.0,93290.0
1990-10-01 08:00:00+00:00,23.36,42.25,506.0,633.38,159.0,328.2,1.45,136.0,93330.0
1990-10-01 09:00:00+00:00,24.87,34.4,595.0,620.74,198.0,337.3,2.28,170.0,93320.0
1990-10-01 10:00:00+00:00,25.5,33.3,697.0,826.44,131.0,340.2,2.62,180.0,93290.0
1990-10-01 11:00:00+00:00,25.83,33.4,601.0,503.92,258.0,350.65,2.69,196.0,93290.0
1990-10-01 12:00:00+00:00,25.53,34.5,633.0,813.06,123.0,351.25,2.69,212.0,93290.0
1990-10-01 13:00:00+00:00,24.82,36.95,424.0,384.27,221.0,350.5,2.48,218.0,93270.0
1990-10-01 14:00:00+00:00,24.45,38.15,167.0,25.61,157.0,360.75,1.59,201.0,93260.0
1990-10-01 15:00:00+00:00,23.98,47.15,180.0,501.73,68.0,348.15,1.17,157.0,93230.0
1990-10-01 16:00:00+00:00,22.62,55.9,11.0,0.0,11.0,342.35,0.9,130.0,93210.0
1990-10-01 17:00:00+00:00,22.01,48.45,0.0,0.0,0.0,355.5,0.9,109.0,93210.0
1990-10-01 18:00:00+00:00,22.38,39.05,0.0,0.0,0.0,353.0,0.62,60.0,93220.0
1990-10-01 19:00:00+00:00,19.15,61.3,0.0,0.0,0.0,347.55,1.38,67.0,93180.0
1990-10-01 20:00:00+00:00,17.05,65.45,0.0,0.0,0.0,331.9,1.66,71.0,93160.0
1990-10-01 21:00:00+00:00,16.12,70.1,0.0,0.0,0.0,331.3,1.59,77.0,93160.0
1990-10-01 22:00:00+00:00,16.12,65.25,0.0,0.0,0.0,331.1,1.45,84.0,93120.0
1990-10-01 23:00:00+00:00,16.59,58.7,0.0,0.0,0.0,330.15,1.38,94.0,93150.0
1990-10-02 00:00:00+00:00,15.56,62.85,0.0,0.0,0.0,340.8,1.93,68.0,93100.0
1990-10-02 01:00:00+00:00,14.51,67.35,0.0,0.0,0.0,331.6,1.66,66.0,93010.0
1990-10-02 02:00:00+00:00,13.66,72.2,0.0,0.0,0.0,318.35,1.59,68.0,92990.0
1990-10-02 03:00:00+00:00,13.52,69.65,0.0,0.0,0.0,324.55,1.72,71.0,92970.0
1990-10-02 04:00:00+00:00,13.33,72.1,0.0,0.0,0.0,322.05,1.66,74.0,92930.0
1990-10-02 05:00:00+00:00,13.52,67.15,34.0,196.45,21.0,321.25,1.72,85.0,92910.0
1990-10-02 06:00:00+00:00,14.92,69.85,203.0,517.8,74.0,324.75,1.66,94.0,92920.0
1990-10-02 07:00:00+00:00,18.35,65.55,369.0,611.7,117.0,336.75,1.66,162.0,92930.0
1990-10-02 08:00:00+00:00,17.79,75.4,524.0,726.65,129.0,350.5,1.72,178.0,92970.0
1990-10-02 09:00:00+00:00,17.17,80.85,285.0,23.62,270.0,370.0,1.66,174.0,93040.0
1990-10-02 10:00:00+00:00,18.12,78.15,111.0,0.0,111.0,361.3,2.55,153.0,93050.0
1990-10-02 11:00:00+00:00,19.35,75.65,62.0,0.0,62.0,363.65,2.41,167.0,93010.0
1990-10-02 12:00:00+00:00,19.98,75.7,75.0,0.0,75.0,348.55,2.55,181.0,92960.0
1990-10-02 13:00:00+00:00,18.15,80.9,143.0,0.0,143.0,365.4,1.86,199.0,92940.0
1990-10-02 14:00:00+00:00,18.22,83.75,347.0,623.59,107.0,363.65,1.17,217.0,92950.0
1990-10-02 15:00:00+00:00,16.6,83.65,177.0,510.18,66.0,372.95,1.24,207.0,92990.0
1990-10-02 16:00:00+00:00,15.81,89.6,9.0,0.0,9.0,377.0,0.76,176.0,93030.0
1990-10-02 17:00:00+00:00,15.61,89.6,0.0,0.0,0.0,383.55,0.9,139.0,93070.0
1990-10-02 18:00:00+00:00,15.56,89.6,0.0,0.0,0.0,380.3,0.83,128.0,93110.0
1990-10-02 19:00:00+00:00,15.27,92.75,0.0,0.0,0.0,322.4,0.41,93.0,93070.0
1990-10-02 20:00:00+00:00,14.82,96.0,0.0,0.0,0.0,313.1,0.55,95.0,93110.0
1990-10-02 21:00:00+00:00,14.23,96.0,0.0,0.0,0.0,316.4,0.62,86.0,93130.0
1990-10-02 22:00:00+00:00,13.54,99.4,0.0,0.0,0.0,328.4,0.69,81.0,93120.0
1990-10-02 23:00:00+00:00,12.6,99.4,0.0,0.0,0.0,341.0,0.9,71.0,93120.0
1990-10-03 00:00:00+00:00,12.46,99.4,0.0,0.0,0.0,347.95,0.97,64.0,93110.0
1990-10-03 01:00:00+00:00,12.39,100.0,0.0,0.0,0.0,349.8,1.03,64.0,93110.0
1990-10-03 02:00:00+00:00,11.99,99.4,0.0,0.0,0.0,348.15,1.17,61.0,93060.0
1990-10-03 03:00:00+00:00,11.63,99.4,0.0,0.0,0.0,347.0,1.24,59.0,93060.0
1990-10-03 04:00:00+00:00,11.52,99.4,0.0,0.0,0.0,347.95,1.24,57.0,93050.0
1990-10-03 05:00:00+00:00,11.23,99.35,27.0,95.98,21.0,343.1,1.24,54.0,93050.0
1990-10-03 06:00:00+00:00,11.99,95.95,185.0,395.43,88.0,340.4,1.24,55.0,93070.0
1990-10-03 07:00:00+00:00,13.87,92.65,361.0,580.98,124.0,303.45,0.97,57.0,93120.0
1990-10-03 08:00:00+00:00,16.35,75.25,535.0,786.2,111.0,308.85,0.34,40.0,93110.0
1990-10-03 09:00:00+00:00,18.11,61.05,580.0,588.44,209.0,307.9,0.48,286.0,93120.0
1990-10-03 10:00:00+00:00,19.24,57.1,478.0,214.74,333.0,310.4,0.9,270.0,93100.0
1990-10-03 11:00:00+00:00,19.95,55.2,210.0,0.0,210.0,313.9,1.38,264.0,93090.0
1990-10-03 12:00:00+00:00,20.03,53.35,244.0,9.73,238.0,322.2,1.66,269.0,93060.0
1990-10-03 13:00:00+00:00,19.6,55.2,393.0,307.35,234.0,337.1,1.79,272.0,93040.0
1990-10-03 14:00:00+00:00,19.14,59.15,259.0,224.11,174.0,335.55,1.79,275.0,93030.0
1990-10-03 15:00:00+00:00,18.49,63.4,173.0,514.3,64.0,329.75,1.72,270.0,93020.0
1990-10-03 16:00:00+00:00,17.62,70.3,6.0,0.0,6.0,332.1,1.1,263.0,93020.0
1990-10-03 17:00:00+00:00,16.33,83.6,0.0,0.0,0.0,333.85,0.76,264.0,93070.0
1990-10-03 18:00:00+00:00,16.16,77.95,0.0,0.0,0.0,331.3,0.48,274.0,93120.0
1990-10-03 19:00:00+00:00,15.68,80.65,0.0,0.0,0.0,329.4,0.62,353.0,93080.0
1990-10-03 20:00:00+00:00,14.8,86.45,0.0,0.0,0.0,319.1,0.83,24.0,93110.0
1990-10-03 21:00:00+00:00,13.75,89.45,0.0,0.0,0.0,314.5,0.97,42.0,93120.0
1990-10-03 22:00:00+00:00,12.85,95.95,0.0,0.0,0.0,316.4,1.03,48.0,93120.0
1990-10-03 23:00:00+00:00,12.16,95.95,0.0,0.0,0.0,313.7,1.1,53.0,93100.0
1990-10-04 00:00:00+00:00,11.67,99.4,0.0,0.0,0.0,311.0,1.1,57.0,93110.0
1990-10-04 01:00:00+00:00,11.07,99.35,0.0,0.0,0.0,306.25,1.1,56.0,93090.0
1990-10-04 02:00:00+00:00,10.62,99.4,0.0,0.0,0.0,304.05,1.17,57.0,93070.0
1990-10-04 03:00:00+00:00,10.22,100.0,0.0,0.0,0.0,301.7,1.17,58.0,93050.0
1990-10-04 04:00:00+00:00,9.79,100.0,0.0,0.0,0.0,303.85,1.1,57.0,93020.0
1990-10-04 05:00:00+00:00,9.51,99.4,27.0,118.99,20.0,315.45,1.03,58.0,93030.0
1990-10-04 06:00:00+00:00,11.39,95.9,200.0,534.26,71.0,318.55,0.97,60.0,93040.0
1990-10-04 07:00:00+00:00,14.23,80.45,382.0,710.63,95.0,316.8,0.76,61.0,93130.0
1990-10-04 08:00:00+00:00,16.48,67.75,527.0,762.63,119.0,301.9,0.14,316.0,93110.0
1990-10-04 09:00:00+00:00,17.99,65.55,641.0,830.82,121.0,309.25,0.9,282.0,93120.0
1990-10-04 10:00:00+00:00,19.08,59.15,688.0,827.89,133.0,317.4,1.38,270.0,93070.0
1990-10-04 11:00:00+00:00,19.84,57.2,675.0,798.0,144.0,328.8,1.79,260.0,93070.0
1990-10-04 12:00:00+00:00,19.94,57.2,460.0,274.81,292.0,329.2,2.07,256.0,93010.0
1990-10-04 13:00:00+00:00,19.89,55.2,368.0,242.26,244.0,334.4,2.07,258.0,92970.0
1990-10-04 14:00:00+00:00,19.46,57.1,209.0,96.33,173.0,328.8,2.0,258.0,92950.0
1990-10-04 15:00:00+00:00,18.62,61.2,92.0,48.47,82.0,324.15,2.07,257.0,92960.0
1990-10-04 16:00:00+00:00,17.39,67.85,5.0,0.0,5.0,317.95,1.38,256.0,92990.0
1990-10-04 17:00:00+00:00,15.77,83.55,0.0,0.0,0.0,314.5,0.83,251.0,93000.0
1990-10-04 18:00:00+00:00,15.53,77.85,0.0,0.0,0.0,303.05,0.41,244.0,93050.0
1990-10-04 19:00:00+00:00,14.82,86.45,0.0,0.0,0.0,300.15,0.34,331.0,93000.0
1990-10-04 20:00:00+00:00,14.23,89.5,0.0,0.0,0.0,293.75,0.62,41.0,93040.0
1990-10-04 21:00:00+00:00,12.77,95.95,0.0,0.0,0.0,291.25,0.97,64.0,93050.0
1990-10-04 22:00:00+00:00,11.39,99.35,0.0,0.0,0.0,289.3,1.1,56.0,93050.0
1990-10-04 23:00:00+00:00,10.3,100.0,0.0,0.0,0.0,287.75,1.24,59.0,93070.0
1990-10-05 00:00:00+00:00,9.76,100.0,0.0,0.0,0.0,292.6,1.24,58.0,93080.0
1990-10-05 01:00:00+00:00,9.25,100.0,0.0,0.0,0.0,295.05,1.24,54.0,93090.0
1990-10-05 02:00:00+00:00,9.06,99.4,0.0,0.0,0.0,309.65,1.24,56.0,93060.0
1990-10-05 03:00:00+00:00,9.52,99.4,0.0,0.0,0.0,314.65,1.45,55.0,93080.0
1990-10-05 04:00:00+00:00,9.49,99.4,0.0,0.0,0.0,317.75,1.52,54.0,93050.0
1990-10-05 05:00:00+00:00,9.49,99.4,19.0,54.42,16.0,316.8,1.66,53.0,93100.0
1990-10-05 06:00:00+00:00,10.16,99.4,198.0,542.97,69.0,314.5,1.52,52.0,93160.0
1990-10-05 07:00:00+00:00,12.81,83.25,360.0,610.35,116.0,318.95,1.59,45.0,93220.0
1990-10-05 08:00:00+00:00,16.46,67.75,523.0,765.11,117.0,310.05,1.31,35.0,93240.0
1990-10-05 09:00:00+00:00,18.81,59.05,638.0,832.16,121.0,317.2,1.79,50.0,93280.0
1990-10-05 10:00:00+00:00,20.03,53.35,688.0,841.47,128.0,327.85,1.52,68.0,93260.0
1990-10-05 11:00:00+00:00,21.03,48.2,682.0,839.02,128.0,325.1,0.76,96.0,93270.0
1990-10-05 12:00:00+00:00,21.48,46.5,601.0,747.5,148.0,320.1,0.28,207.0,93270.0
1990-10-05 13:00:00+00:00,21.5,44.95,471.0,626.03,154.0,346.4,0.83,255.0,93260.0
1990-10-05 14:00:00+00:00,20.85,51.65,273.0,304.24,161.0,341.2,1.17,259.0,93250.0
1990-10-05 15:00:00+00:00,20.22,57.3,122.0,179.33,86.0,340.6,1.17,259.0,93250.0
1990-10-05 16:00:00+00:00,18.94,70.45,0.0,0.0,0.0,328.2,1.03,251.0,93250.0
1990-10-05 17:00:00+00:00,17.71,75.4,0.0,0.0,0.0,312.75,0.69,262.0,93310.0
1990-10-05 18:00:00+00:00,17.27,75.4,0.0,0.0,0.0,310.4,0.41,350.0,93340.0
1990-10-05 19:00:00+00:00,15.95,75.25,0.0,0.0,0.0,306.35,0.97,40.0,93320.0
1990-10-05 20:00:00+00:00,13.69,86.35,0.0,0.0,0.0,303.85,1.31,54.0,93350.0
1990-10-05 21:00:00+00:00,12.0,89.35,0.0,0.0,0.0,301.5,1.52,52.0,93360.0
1990-10-05 22:00:00+00:00,11.05,92.55,0.0,0.0,0.0,298.8,1.52,51.0,93370.0
1990-10-05 23:00:00+00:00,10.38,95.9,0.0,0.0,0.0,297.25,1.52,53.0,93370.0
1990-10-06 00:00:00+00:00,9.91,95.9,0.0,0.0,0.0,295.1,1.52,54.0,93370.0
1990-10-06 01:00:00+00:00,9.52,95.85,0.0,0.0,0.0,293.7,1.52,53.0,93360.0
1990-10-06 02:00:00+00:00,9.18,99.4,0.0,0.0,0.0,292.2,1.52,54.0,93350.0
1990-10-06 03:00:00+00:00,8.92,95.85,0.0,0.0,0.0,291.65,1.59,55.0,93340.0
1990-10-06 04:00:00+00:00,8.73,99.4,0.0,0.0,0.0,290.3,1.59,56.0,93350.0
1990-10-06 05:00:00+00:00,8.61,99.4,21.0,97.25,16.0,289.5,1.59,57.0,93340.0
1990-10-06 06:00:00+00:00,10.29,95.9,192.0,522.07,70.0,289.1,1.24,57.0,93370.0
1990-10-06 07:00:00+00:00,15.97,75.25,375.0,707.69,95.0,295.5,0.62,59.0,93430.0
1990-10-06 08:00:00+00:00,18.95,59.05,527.0,790.47,111.0,302.1,0.21,132.0,93430.0
1990-10-06 09:00:00+00:00,20.08,53.35,636.0,836.79,120.0,307.7,0.83,208.0,93440.0
1990-10-06 10:00:00+00:00,20.89,51.65,686.0,846.2,127.0,311.4,1.52,218.0,93450.0
1990-10-06 11:00:00+00:00,21.32,49.95,687.0,866.96,119.0,314.1,2.0,222.0,93440.0
1990-10-06 12:00:00+00:00,21.41,49.95,621.0,844.03,114.0,315.45,2.14,225.0,93380.0
1990-10-06 13:00:00+00:00,21.18,49.95,502.0,790.58,106.0,318.15,2.14,228.0,93340.0
1990-10-06 14:00:00+00:00,20.62,53.5,340.0,686.73,91.0,314.5,2.14,232.0,93330.0
1990-10-06 15:00:00+00:00,19.67,59.25,159.0,512.34,59.0,312.75,1.79,236.0,93310.0
1990-10-06 16:00:00+00:00,18.43,70.35,0.0,0.0,0.0,310.2,1.03,227.0,93340.0
1990-10-06 17:00:00+00:00,17.32,72.8,0.0,0.0,0.0,306.15,0.62,213.0,93360.0
1990-10-06 18:00:00+00:00,16.73,75.3,0.0,0.0,0.0,302.85,0.34,135.0,93370.0
1990-10-06 19:00:00+00:00,15.62,83.55,0.0,0.0,0.0,297.65,0.69,85.0,93320.0
1990-10-06 20:00:00+00:00,14.49,86.45,0.0,0.0,0.0,295.3,0.97,75.0,93320.0
1990-10-06 21:00:00+00:00,12.81,92.6,0.0,0.0,0.0,293.55,1.1,66.0,93330.0
1990-10-06 22:00:00+00:00,11.59,95.9,0.0,0.0,0.0,291.45,1.31,63.0,93320.0
1990-10-06 23:00:00+00:00,10.63,99.4,0.0,0.0,0.0,289.3,1.38,64.0,93280.0
1990-10-07 00:00:00+00:00,10.03,99.4,0.0,0.0,0.0,287.4,1.38,66.0,93260.0
1990-10-07 01:00:00+00:00,9.52,99.4,0.0,0.0,0.0,285.0,1.38,66.0,93210.0
1990-10-07 02:00:00+00:00,9.21,99.4,0.0,0.0,0.0,284.1,1.38,66.0,93170.0
1990-10-07 03:00:00+00:00,9.02,99.4,0.0,0.0,0.0,282.95,1.38,64.0,93120.0
1990-10-07 04:00:00+00:00,8.85,100.0,0.0,0.0,0.0,283.5,1.38,65.0,93120.0
1990-10-07 05:00:00+00:00,8.59,99.4,19.0,83.89,15.0,283.9,1.45,67.0,93100.0
1990-10-07 06:00:00+00:00,9.96,99.4,182.0,470.04,74.0,285.05,1.1,72.0,93100.0
1990-10-07 07:00:00+00:00,12.84,92.6,361.0,669.21,99.0,336.35,0.97,77.0,93130.0
1990-10-07 08:00:00+00:00,15.47,77.85,501.0,710.9,130.0,327.25,0.76,132.0,93100.0
1990-10-07 09:00:00+00:00,17.56,63.2,249.0,11.44,242.0,305.0,1.1,193.0,93070.0
1990-10-07 10:00:00+00:00,18.75,56.95,650.0,744.26,162.0,321.05,1.72,216.0,93010.0
1990-10-07 11:00:00+00:00,19.11,57.1,524.0,353.83,294.0,327.85,2.28,225.0,92960.0
1990-10-07 12:00:00+00:00,19.09,59.15,264.0,21.84,251.0,333.65,2.48,228.0,92910.0
1990-10-07 13:00:00+00:00,18.77,61.2,271.0,76.7,233.0,339.25,2.48,226.0,92880.0
1990-10-07 14:00:00+00:00,17.99,63.3,298.0,476.11,128.0,327.05,2.21,219.0,92820.0
1990-10-07 15:00:00+00:00,17.44,65.45,151.0,485.08,59.0,323.75,1.66,216.0,92800.0
1990-10-07 16:00:00+00:00,16.46,70.2,0.0,0.0,0.0,312.55,1.1,223.0,92780.0
1990-10-07 17:00:00+00:00,15.1,86.5,0.0,0.0,0.0,317.95,0.76,230.0,92810.0
1990-10-07 18:00:00+00:00,14.67,86.45,0.0,0.0,0.0,326.65,0.62,216.0,92840.0
1990-10-07 19:00:00+00:00,14.47,89.5,0.0,0.0,0.0,341.95,0.07,284.0,92800.0
1990-10-07 20:00:00+00:00,14.15,92.7,0.0,0.0,0.0,348.55,0.07,41.0,92810.0
1990-10-07 21:00:00+00:00,13.75,95.95,0.0,0.0,0.0,337.1,0.34,33.0,92800.0
1990-10-07 22:00:00+00:00,13.18,95.95,0.0,0.0,0.0,337.7,0.62,40.0,92790.0
1990-10-07 23:00:00+00:00,12.36,99.4,0.0,0.0,0.0,335.4,0.76,50.0,92770.0
1990-10-08 00:00:00+00:00,11.47,99.4,0.0,0.0,0.0,321.45,1.1,39.0,92770.0
1990-10-08 01:00:00+00:00,11.11,99.35,0.0,0.0,0.0,322.35,1.38,38.0,92770.0
1990-10-08 02:00:00+00:00,11.58,95.9,0.0,0.0,0.0,328.0,1.79,36.0,92760.0
1990-10-08 03:00:00+00:00,11.76,83.1,0.0,0.0,0.0,326.1,2.9,38.0,92770.0
1990-10-08 04:00:00+00:00,11.17,69.15,0.0,0.0,0.0,320.3,3.31,42.0,92780.0
1990-10-08 05:00:00+00:00,10.42,64.1,18.0,113.81,13.0,317.55,2.69,42.0,92830.0
1990-10-08 06:00:00+00:00,10.02,61.65,188.0,535.8,67.0,304.6,2.55,44.0,92860.0
1990-10-08 07:00:00+00:00,10.08,49.05,370.0,715.14,93.0,280.4,2.97,46.0,92950.0
1990-10-08 08:00:00+00:00,11.36,42.3,518.0,776.89,116.0,282.55,3.1,44.0,92970.0
1990-10-08 09:00:00+00:00,12.69,38.0,622.0,810.15,130.0,277.1,2.97,45.0,92940.0
1990-10-08 10:00:00+00:00,14.34,34.25,678.0,843.63,129.0,268.6,2.69,45.0,92940.0
1990-10-08 11:00:00+00:00,15.57,32.1,668.0,828.07,134.0,265.5,2.97,45.0,92910.0
1990-10-08 12:00:00+00:00,16.35,29.8,592.0,759.28,144.0,264.55,2.9,46.0,92840.0
1990-10-08 13:00:00+00:00,16.64,28.8,488.0,765.32,113.0,265.1,2.69,44.0,92820.0
1990-10-08 14:00:00+00:00,16.33,28.7,331.0,682.67,91.0,264.55,2.69,43.0,92800.0
1990-10-08 15:00:00+00:00,15.48,29.7,153.0,532.13,55.0,261.85,2.55,43.0,92800.0
1990-10-08 16:00:00+00:00,14.07,31.65,0.0,0.0,0.0,260.3,2.28,41.0,92810.0
1990-10-08 17:00:00+00:00,12.43,36.55,0.0,0.0,0.0,262.6,2.0,42.0,92840.0
1990-10-08 18:00:00+00:00,10.75,45.55,0.0,0.0,0.0,260.5,1.79,44.0,92880.0
1990-10-08 19:00:00+00:00,9.05,59.15,0.0,0.0,0.0,252.35,1.72,44.0,92860.0
1990-10-08 20:00:00+00:00,7.71,65.95,0.0,0.0,0.0,249.85,1.72,48.0,92880.0
1990-10-08 21:00:00+00:00,6.66,68.4,0.0,0.0,0.0,249.65,1.72,49.0,92880.0
1990-10-08 22:00:00+00:00,5.86,73.7,0.0,0.0,0.0,248.65,1.72,50.0,92850.0
1990-10-08 23:00:00+00:00,5.42,76.5,0.0,0.0,0.0,252.55,1.72,51.0,92810.0
1990-10-09 00:00:00+00:00,5.08,79.35,0.0,0.0,0.0,255.45,1.66,52.0,92760.0
1990-10-09 01:00:00+00:00,4.86,79.35,0.0,0.0,0.0,257.7,1.66,53.0,92730.0
1990-10-09 02:00:00+00:00,4.51,82.35,0.0,0.0,0.0,252.95,1.59,55.0,92690.0
1990-10-09 03:00:00+00:00,4.17,85.5,0.0,0.0,0.0,251.75,1.59,57.0,92630.0
1990-10-09 04:00:00+00:00,3.95,85.5,0.0,0.0,0.0,252.95,1.66,58.0,92600.0
1990-10-09 05:00:00+00:00,4.12,85.5,15.0,99.58,11.0,262.8,1.59,59.0,92590.0
1990-10-09 06:00:00+00:00,5.8,82.5,173.0,446.21,74.0,271.5,1.24,62.0,92620.0
1990-10-09 07:00:00+00:00,10.22,61.65,356.0,678.6,96.0,272.1,0.55,74.0,92660.0
1990-10-09 08:00:00+00:00,13.23,41.2,506.0,764.13,114.0,288.15,0.62,184.0,92670.0
1990-10-09 09:00:00+00:00,14.84,35.75,605.0,788.26,130.0,290.1,0.97,215.0,92650.0
1990-10-09 10:00:00+00:00,15.95,37.55,653.0,792.8,141.0,291.25,1.38,228.0,92600.0
1990-10-09 11:00:00+00:00,16.71,39.15,647.0,789.42,142.0,298.2,1.72,240.0,92540.0
1990-10-09 12:00:00+00:00,16.93,43.8,300.0,49.6,271.0,309.85,1.93,248.0,92480.0
1990-10-09 13:00:00+00:00,16.83,45.45,114.0,0.0,114.0,320.5,2.14,252.0,92480.0
1990-10-09 14:00:00+00:00,15.78,50.5,116.0,2.89,115.0,341.0,2.34,251.0,92490.0
1990-10-09 15:00:00+00:00,14.18,62.55,98.0,128.7,75.0,342.75,1.86,245.0,92510.0
1990-10-09 16:00:00+00:00,13.03,72.1,0.0,0.0,0.0,348.75,0.97,237.0,92510.0
1990-10-09 17:00:00+00:00,12.45,77.45,0.0,0.0,0.0,340.4,0.28,140.0,92520.0
1990-10-09 18:00:00+00:00,11.59,86.15,0.0,0.0,0.0,328.4,0.83,95.0,92530.0
1990-10-09 19:00:00+00:00,10.72,92.5,0.0,0.0,0.0,329.2,0.9,91.0,92520.0
1990-10-09 20:00:00+00:00,10.53,92.5,0.0,0.0,0.0,336.35,0.83,99.0,92520.0
1990-10-09 21:00:00+00:00,10.16,92.5,0.0,0.0,0.0,326.5,0.83,82.0,92520.0
1990-10-09 22:00:00+00:00,10.15,95.9,0.0,0.0,0.0,338.65,0.83,59.0,92500.0
1990-10-09 23:00:00+00:00,9.9,95.9,0.0,0.0,0.0,332.1,0.97,54.0,92470.0
1990-10-10 00:00:00+00:00,9.8,99.4,0.0,0.0,0.0,335.4,1.03,57.0,92430.0
1990-10-10 01:00:00+00:00,9.72,99.4,0.0,0.0,0.0,330.85,1.03,56.0,92410.0
1990-10-10 02:00:00+00:00,9.64,99.4,0.0,0.0,0.0,331.9,1.03,55.0,92390.0
1990-10-10 03:00:00+00:00,9.71,99.4,0.0,0.0,0.0,336.55,1.03,52.0,92380.0
1990-10-10 04:00:00+00:00,9.81,99.4,0.0,0.0,0.0,338.3,1.1,54.0,92390.0
1990-10-10 05:00:00+00:00,9.53,95.85,10.0,0.0,10.0,324.15,1.24,56.0,92380.0
1990-10-10 06:00:00+00:00,10.23,95.9,114.0,100.97,92.0,318.35,1.1,56.0,92420.0
1990-10-10 07:00:00+00:00,12.3,86.2,291.0,358.91,155.0,302.5,0.83,46.0,92490.0
1990-10-10 08:00:00+00:00,14.28,74.95,454.0,562.41,168.0,304.05,0.76,53.0,92470.0
1990-10-10 09:00:00+00:00,16.05,62.95,509.0,453.28,238.0,301.7,0.69,72.0,92470.0
1990-10-10 10:00:00+00:00,17.48,58.8,649.0,814.54,127.0,308.85,0.48,125.0,92450.0
1990-10-10 11:00:00+00:00,18.15,54.85,628.0,758.02,147.0,317.55,0.76,191.0,92390.0
1990-10-10 12:00:00+00:00,18.07,54.85,550.0,667.94,163.0,338.5,0.83,220.0,92370.0
1990-10-10 13:00:00+00:00,17.73,56.75,363.0,313.06,213.0,345.25,0.97,237.0,92340.0
1990-10-10 14:00:00+00:00,17.58,58.8,181.0,82.2,153.0,341.95,1.24,244.0,92350.0
1990-10-10 15:00:00+00:00,16.78,63.05,25.0,0.0,25.0,332.1,1.31,239.0,92340.0
1990-10-10 16:00:00+00:00,15.79,70.0,0.0,0.0,0.0,325.5,0.97,235.0,92350.0
1990-10-10 17:00:00+00:00,14.31,86.4,0.0,0.0,0.0,323.75,0.76,230.0,92370.0
1990-10-10 18:00:00+00:00,14.26,80.45,0.0,0.0,0.0,324.15,0.34,213.0,92420.0
1990-10-10 19:00:00+00:00,13.53,83.35,0.0,0.0,0.0,305.75,0.55,76.0,92440.0
1990-10-10 20:00:00+00:00,12.38,92.6,0.0,0.0,0.0,305.55,0.83,75.0,92440.0
1990-10-10 21:00:00+00:00,11.14,95.9,0.0,0.0,0.0,305.0,0.97,67.0,92450.0
1990-10-10 22:00:00+00:00,10.23,99.4,0.0,0.0,0.0,305.4,1.1,66.0,92450.0
1990-10-10 23:00:00+00:00,9.71,99.4,0.0,0.0,0.0,300.95,1.17,62.0,92430.0
1990-10-11 00:00:00+00:00,9.4,99.4,0.0,0.0,0.0,303.85,1.17,60.0,92460.0
1990-10-11 01:00:00+00:00,9.07,99.4,0.0,0.0,0.0,301.45,1.24,59.0,92410.0
1990-10-11 02:00:00+00:00,8.73,100.0,0.0,0.0,0.0,297.05,1.31,57.0,92410.0
1990-10-11 03:00:00+00:00,8.46,99.4,0.0,0.0,0.0,296.5,1.38,59.0,92410.0
1990-10-11 04:00:00+00:00,8.01,99.4,0.0,0.0,0.0,299.0,1.31,59.0,92410.0
1990-10-11 05:00:00+00:00,7.64,100.0,8.0,0.0,8.0,305.0,1.24,55.0,92440.0
1990-10-11 06:00:00+00:00,9.39,95.85,174.0,514.29,64.0,316.4,1.03,59.0,92460.0
1990-10-11 07:00:00+00:00,10.62,95.9,346.0,672.56,94.0,336.75,0.83,58.0,92540.0
1990-10-11 08:00:00+00:00,14.17,80.45,489.0,740.03,116.0,341.2,0.34,70.0,92550.0
1990-10-11 09:00:00+00:00,16.16,62.95,593.0,787.36,126.0,305.0,0.28,200.0,92550.0
1990-10-11 10:00:00+00:00,17.36,56.75,644.0,808.33,130.0,307.1,1.03,225.0,92550.0
1990-10-11 11:00:00+00:00,18.0,56.85,596.0,641.9,192.0,317.0,1.52,238.0,92520.0
1990-10-11 12:00:00+00:00,18.04,56.85,535.0,621.86,178.0,332.5,1.72,242.0,92490.0
1990-10-11 13:00:00+00:00,17.83,58.8,390.0,420.06,191.0,343.7,1.86,239.0,92490.0
1990-10-11 14:00:00+00:00,17.16,63.2,264.0,396.77,131.0,356.85,2.28,240.0,92530.0
1990-10-11 15:00:00+00:00,16.39,70.1,123.0,381.15,59.0,345.85,1.45,240.0,92550.0
1990-10-11 16:00:00+00:00,15.5,75.15,0.0,0.0,0.0,328.4,0.83,234.0,92570.0
1990-10-11 17:00:00+00:00,14.48,83.45,0.0,0.0,0.0,320.1,0.55,204.0,92610.0
1990-10-11 18:00:00+00:00,14.2,83.4,0.0,0.0,0.0,325.3,0.55,141.0,92630.0
1990-10-11 19:00:00+00:00,13.28,92.65,0.0,0.0,0.0,322.05,0.76,120.0,92630.0
1990-10-11 20:00:00+00:00,12.6,95.95,0.0,0.0,0.0,314.85,0.9,124.0,92650.0
1990-10-11 21:00:00+00:00,12.33,99.4,0.0,0.0,0.0,316.8,0.9,117.0,92670.0
1990-10-11 22:00:00+00:00,11.81,99.4,0.0,0.0,0.0,312.35,0.97,106.0,92670.0
1990-10-11 23:00:00+00:00,11.3,99.35,0.0,0.0,0.0,307.9,1.03,105.0,92670.0
1990-10-12 00:00:00+00:00,10.87,100.0,0.0,0.0,0.0,316.05,1.1,108.0,92680.0
1990-10-12 01:00:00+00:00,10.58,99.4,0.0,0.0,0.0,322.5,1.24,102.0,92660.0
1990-10-12 02:00:00+00:00,10.75,99.4,0.0,0.0,0.0,334.2,1.31,93.0,92630.0
1990-10-12 03:00:00+00:00,11.07,95.9,0.0,0.0,0.0,345.85,1.24,93.0,92600.0
1990-10-12 04:00:00+00:00,11.27,95.9,0.0,0.0,0.0,348.35,1.31,97.0,92560.0
1990-10-12 05:00:00+00:00,11.56,92.55,6.0,0.0,6.0,356.65,1.52,115.0,92530.0
1990-10-12 06:00:00+00:00,11.95,89.35,88.0,38.12,80.0,357.05,1.52,118.0,92540.0
1990-10-12 07:00:00+00:00,12.46,89.4,91.0,0.0,91.0,360.55,1.31,112.0,92600.0
1990-10-12 08:00:00+00:00,12.92,92.6,144.0,0.0,144.0,368.85,1.31,117.0,92590.0
1990-10-12 09:00:00+00:00,13.2,92.65,111.0,0.0,111.0,372.55,1.59,123.0,92610.0
1990-10-12 10:00:00+00:00,13.38,92.65,245.0,7.93,240.0,375.25,2.0,128.0,92570.0
1990-10-12 11:00:00+00:00,13.55,95.95,119.0,0.0,119.0,371.95,1.93,137.0,92590.0
1990-10-12 12:00:00+00:00,14.03,96.0,98.0,0.0,98.0,372.15,1.59,142.0,92520.0
1990-10-12 13:00:00+00:00,13.99,96.0,107.0,0.0,107.0,377.55,1.59,141.0,92490.0
1990-10-12 14:00:00+00:00,14.07,96.0,43.0,0.0,43.0,377.2,1.45,149.0,92470.0
1990-10-12 15:00:00+00:00,14.09,96.0,77.0,73.81,65.0,379.3,1.45,149.0,92490.0
1990-10-12 16:00:00+00:00,14.15,96.0,0.0,0.0,0.0,382.6,1.52,158.0,92470.0
1990-10-12 17:00:00+00:00,14.08,96.0,0.0,0.0,0.0,380.3,1.59,155.0,92490.0
1990-10-12 18:00:00+00:00,13.97,96.0,0.0,0.0,0.0,380.65,1.52,156.0,92490.0
1990-10-12 19:00:00+00:00,14.13,96.0,0.0,0.0,0.0,381.85,1.72,168.0,92520.0
1990-10-12 20:00:00+00:00,14.11,96.0,0.0,0.0,0.0,378.35,2.07,168.0,92530.0
1990-10-12 21:00:00+00:00,14.14,96.0,0.0,0.0,0.0,380.3,2.14,178.0,92540.0
1990-10-12 22:00:00+00:00,13.86,99.4,0.0,0.0,0.0,376.6,1.72,171.0,92540.0
1990-10-12 23:00:00+00:00,13.64,99.4,0.0,0.0,0.0,378.75,1.24,171.0,92560.0
1990-10-13 00:00:00+00:00,13.52,99.4,0.0,0.0,0.0,382.6,0.97,165.0,92560.0
1990-10-13 01:00:00+00:00,13.48,99.4,0.0,0.0,0.0,380.0,0.83,146.0,92580.0
1990-10-13 02:00:00+00:00,13.42,99.4,0.0,0.0,0.0,371.0,0.83,138.0,92580.0
1990-10-13 03:00:00+00:00,13.35,100.0,0.0,0.0,0.0,373.5,0.76,123.0,92590.0
1990-10-13 04:00:00+00:00,13.2,99.4,0.0,0.0,0.0,368.85,0.83,109.0,92590.0
1990-10-13 05:00:00+00:00,12.98,99.4,2.0,0.0,2.0,365.2,0.83,103.0,92620.0
1990-10-13 06:00:00+00:00,13.33,99.4,96.0,63.16,83.0,371.75,0.9,114.0,92680.0
1990-10-13 07:00:00+00:00,13.92,92.65,269.0,311.35,155.0,355.5,0.97,101.0,92690.0
1990-10-13 08:00:00+00:00,15.31,83.5,242.0,44.44,220.0,361.7,0.97,143.0,92730.0
1990-10-13 09:00:00+00:00,16.15,75.25,359.0,125.09,286.0,356.3,1.59,182.0,92760.0
1990-10-13 10:00:00+00:00,16.78,72.7,56.0,0.0,56.0,354.35,1.79,200.0,92740.0
1990-10-13 11:00:00+00:00,17.22,75.4,336.0,67.85,294.0,358.2,1.86,208.0,92720.0
1990-10-13 12:00:00+00:00,17.3,75.4,77.0,0.0,77.0,367.9,1.86,205.0,92670.0
1990-10-13 13:00:00+00:00,16.65,78.0,280.0,127.43,221.0,356.1,2.0,193.0,92650.0
1990-10-13 14:00:00+00:00,15.9,83.55,71.0,0.0,71.0,349.1,1.03,190.0,92650.0
1990-10-13 15:00:00+00:00,15.62,83.55,55.0,19.07,52.0,365.95,1.1,168.0,92630.0
1990-10-13 16:00:00+00:00,14.59,89.5,0.0,0.0,0.0,362.1,1.17,131.0,92630.0
1990-10-13 17:00:00+00:00,14.17,92.7,0.0,0.0,0.0,370.4,1.31,118.0,92620.0
1990-10-13 18:00:00+00:00,13.92,95.95,0.0,0.0,0.0,368.3,1.17,117.0,92630.0
1990-10-13 19:00:00+00:00,13.83,95.95,0.0,0.0,0.0,362.65,1.17,103.0,92520.0
1990-10-13 20:00:00+00:00,13.62,95.95,0.0,0.0,0.0,358.0,1.24,103.0,92490.0
1990-10-13 21:00:00+00:00,13.48,92.65,0.0,0.0,0.0,368.65,1.24,116.0,92440.0
1990-10-13 22:00:00+00:00,13.09,95.95,0.0,0.0,0.0,362.65,1.1,102.0,92400.0
1990-10-13 23:00:00+00:00,13.04,95.95,0.0,0.0,0.0,374.45,0.9,85.0,92330.0
1990-10-14 00:00:00+00:00,13.17,95.95,0.0,0.0,0.0,378.75,0.69,103.0,92290.0
1990-10-14 01:00:00+00:00,13.18,99.4,0.0,0.0,0.0,379.05,0.76,115.0,92260.0
1990-10-14 02:00:00+00:00,13.07,99.4,0.0,0.0,0.0,379.7,0.62,91.0,92240.0
1990-10-14 03:00:00+00:00,13.14,99.4,0.0,0.0,0.0,379.3,0.83,93.0,92240.0
1990-10-14 04:00:00+00:00,13.01,95.95,0.0,0.0,0.0,377.95,0.9,118.0,92220.0
1990-10-14 05:00:00+00:00,12.7,99.4,0.0,0.0,0.0,378.95,0.69,116.0,92230.0
1990-10-14 06:00:00+00:00,12.9,99.4,117.0,158.59,85.0,377.55,0.76,113.0,92310.0
1990-10-14 07:00:00+00:00,13.46,99.4,214.0,132.65,166.0,365.0,1.1,143.0,92300.0
1990-10-14 08:00:00+00:00,14.29,96.0,337.0,214.09,232.0,367.5,1.1,161.0,92340.0
1990-10-14 09:00:00+00:00,15.49,92.75,344.0,107.12,282.0,364.8,1.03,188.0,92370.0
1990-10-14 10:00:00+00:00,16.33,92.8,154.0,0.0,154.0,361.9,1.45,207.0,92390.0
1990-10-14 11:00:00+00:00,16.68,86.6,99.0,0.0,99.0,334.0,1.66,212.0,92410.0
1990-10-14 12:00:00+00:00,16.76,83.65,298.0,64.49,262.0,341.55,1.66,211.0,92390.0
1990-10-14 13:00:00+00:00,16.27,83.6,311.0,207.56,216.0,332.85,1.66,213.0,92380.0
1990-10-14 14:00:00+00:00,15.91,83.55,76.0,0.0,76.0,343.3,1.52,202.0,92410.0
1990-10-14 15:00:00+00:00,15.33,83.5,105.0,335.4,54.0,341.75,1.38,181.0,92410.0
1990-10-14 16:00:00+00:00,14.72,86.45,0.0,0.0,0.0,325.1,1.17,155.0,92440.0
1990-10-14 17:00:00+00:00,14.0,89.5,0.0,0.0,0.0,328.0,1.17,134.0,92470.0
1990-10-14 18:00:00+00:00,13.44,92.65,0.0,0.0,0.0,339.45,1.17,121.0,92490.0
1990-10-14 19:00:00+00:00,13.44,95.95,0.0,0.0,0.0,355.1,1.38,125.0,92460.0
1990-10-14 20:00:00+00:00,13.05,95.95,0.0,0.0,0.0,341.75,1.17,114.0,92470.0
1990-10-14 21:00:00+00:00,13.04,95.95,0.0,0.0,0.0,353.95,1.1,112.0,92470.0
1990-10-14 22:00:00+00:00,13.08,95.95,0.0,0.0,0.0,357.65,1.17,119.0,92450.0
1990-10-14 23:00:00+00:00,13.27,99.4,0.0,0.0,0.0,367.7,1.17,123.0,92390.0
1990-10-15 00:00:00+00:00,13.27,95.95,0.0,0.0,0.0,365.0,1.38,127.0,92370.0
1990-10-15 01:00:00+00:00,12.97,95.95,0.0,0.0,0.0,361.25,1.45,117.0,92320.0
1990-10-15 02:00:00+00:00,12.91,99.4,0.0,0.0,0.0,358.6,1.52,114.0,92290.0
1990-10-15 03:00:00+00:00,13.05,95.95,0.0,0.0,0.0,368.3,1.38,117.0,92270.0
1990-10-15 04:00:00+00:00,13.14,99.4,0.0,0.0,0.0,367.3,1.52,128.0,92280.0
1990-10-15 05:00:00+00:00,13.29,99.4,0.0,0.0,0.0,379.5,1.45,138.0,92270.0
1990-10-15 06:00:00+00:00,13.54,99.4,14.0,0.0,14.0,380.85,1.31,154.0,92300.0
1990-10-15 07:00:00+00:00,14.25,96.0,29.0,0.0,29.0,380.65,1.03,160.0,92350.0
1990-10-15 08:00:00+00:00,14.74,96.0,235.0,43.22,214.0,377.95,1.79,171.0,92380.0
1990-10-15 09:00:00+00:00,15.64,86.5,317.0,74.91,274.0,377.4,2.76,180.0,92410.0
1990-10-15 10:00:00+00:00,14.97,89.55,95.0,0.0,95.0,377.95,2.34,188.0,92460.0
1990-10-15 11:00:00+00:00,15.91,96.0,360.0,100.21,299.0,369.25,2.0,192.0,92460.0
1990-10-15 12:00:00+00:00,16.09,92.8,321.0,97.66,267.0,375.45,1.79,194.0,92430.0
1990-10-15 13:00:00+00:00,15.62,89.6,260.0,101.68,214.0,367.9,1.93,189.0,92420.0
1990-10-15 14:00:00+00:00,15.87,92.75,192.0,156.11,143.0,369.25,2.14,187.0,92420.0
1990-10-15 15:00:00+00:00,15.09,92.75,53.0,20.43,50.0,364.6,2.21,186.0,92430.0
1990-10-15 16:00:00+00:00,14.08,96.0,0.0,0.0,0.0,365.4,2.34,177.0,92490.0
1990-10-15 17:00:00+00:00,14.1,96.0,0.0,0.0,0.0,372.35,1.79,148.0,92560.0
1990-10-15 18:00:00+00:00,14.07,96.0,0.0,0.0,0.0,378.35,1.72,140.0,92580.0
1990-10-15 19:00:00+00:00,14.49,96.0,0.0,0.0,0.0,369.45,1.79,149.0,92540.0
1990-10-15 20:00:00+00:00,14.5,96.0,0.0,0.0,0.0,362.5,2.41,156.0,92580.0
1990-10-15 21:00:00+00:00,14.41,99.35,0.0,0.0,0.0,376.6,1.93,150.0,92610.0
1990-10-15 22:00:00+00:00,14.38,96.0,0.0,0.0,0.0,376.2,2.41,143.0,92580.0
1990-10-15 23:00:00+00:00,13.85,99.4,0.0,0.0,0.0,365.55,2.34,147.0,92510.0
1990-10-16 00:00:00+00:00,13.74,99.4,0.0,0.0,0.0,374.3,1.93,130.0,92490.0
1990-10-16 01:00:00+00:00,13.93,96.0,0.0,0.0,0.0,384.85,2.21,133.0,92430.0
1990-10-16 02:00:00+00:00,14.07,96.0,0.0,0.0,0.0,380.45,2.9,146.0,92370.0
1990-10-16 03:00:00+00:00,14.06,96.0,0.0,0.0,0.0,384.75,3.17,148.0,92320.0
1990-10-16 04:00:00+00:00,14.29,96.0,0.0,0.0,0.0,381.25,3.38,153.0,92340.0
1990-10-16 05:00:00+00:00,14.54,86.45,0.0,0.0,0.0,376.8,3.86,152.0,92310.0
1990-10-16 06:00:00+00:00,14.54,80.55,34.0,0.0,34.0,361.7,4.21,155.0,92280.0
1990-10-16 07:00:00+00:00,14.7,92.7,28.0,0.0,28.0,383.95,3.72,170.0,92320.0
1990-10-16 08:00:00+00:00,14.55,96.0,73.0,0.0,73.0,386.65,2.34,166.0,92360.0
1990-10-16 09:00:00+00:00,15.33,99.4,50.0,0.0,50.0,389.0,2.62,173.0,92420.0
1990-10-16 10:00:00+00:00,15.85,92.75,55.0,0.0,55.0,386.85,3.79,193.0,92460.0
1990-10-16 11:00:00+00:00,15.08,89.55,54.0,0.0,54.0,365.55,4.28,207.0,92560.0
1990-10-16 12:00:00+00:00,14.9,92.7,48.0,0.0,48.0,373.3,3.1,210.0,92600.0
1990-10-16 13:00:00+00:00,14.67,92.7,40.0,0.0,40.0,370.6,2.97,205.0,92630.0
1990-10-16 14:00:00+00:00,14.64,89.5,24.0,0.0,24.0,350.5,2.62,192.0,92690.0
1990-10-16 15:00:00+00:00,14.45,83.45,63.0,63.5,54.0,327.65,2.28,188.0,92720.0
1990-10-16 16:00:00+00:00,13.81,83.35,0.0,0.0,0.0,315.85,2.28,188.0,92800.0
1990-10-16 17:00:00+00:00,13.17,80.35,0.0,0.0,0.0,321.65,1.93,189.0,92890.0
1990-10-16 18:00:00+00:00,12.51,83.25,0.0,0.0,0.0,317.4,1.52,180.0,92970.0
1990-10-16 19:00:00+00:00,11.5,89.3,0.0,0.0,0.0,312.75,1.17,204.0,93040.0
1990-10-16 20:00:00+00:00,11.29,92.55,0.0,0.0,0.0,308.1,0.69,187.0,93120.0
1990-10-16 21:00:00+00:00,11.26,92.55,0.0,0.0,0.0,299.55,0.69,145.0,93160.0
1990-10-16 22:00:00+00:00,10.8,95.9,0.0,0.0,0.0,297.85,0.76,104.0,93210.0
1990-10-16 23:00:00+00:00,9.45,95.85,0.0,0.0,0.0,298.05,0.97,84.0,93240.0
1990-10-17 00:00:00+00:00,8.76,99.4,0.0,0.0,0.0,303.25,1.1,75.0,93270.0
1990-10-17 01:00:00+00:00,8.51,99.4,0.0,0.0,0.0,314.2,1.17,70.0,93310.0
1990-10-17 02:00:00+00:00,8.35,99.4,0.0,0.0,0.0,320.5,1.31,71.0,93310.0
1990-10-17 03:00:00+00:00,7.95,99.4,0.0,0.0,0.0,318.75,1.38,66.0,93290.0
1990-10-17 04:00:00+00:00,7.58,99.4,0.0,0.0,0.0,306.35,1.38,63.0,93320.0
1990-10-17 05:00:00+00:00,7.1,99.4,0.0,0.0,0.0,297.65,1.38,58.0,93340.0
1990-10-17 06:00:00+00:00,7.23,99.4,159.0,559.33,53.0,278.3,1.31,56.0,93380.0
1990-10-17 07:00:00+00:00,9.73,85.95,330.0,702.3,85.0,281.6,0.9,49.0,93490.0
1990-10-17 08:00:00+00:00,12.31,69.35,478.0,784.52,104.0,279.85,0.48,28.0,93530.0
1990-10-17 09:00:00+00:00,14.06,56.0,577.0,813.24,118.0,276.55,0.48,329.0,93560.0
1990-10-17 10:00:00+00:00,15.42,52.25,624.0,821.88,126.0,282.35,0.83,297.0,93570.0
1990-10-17 11:00:00+00:00,16.41,50.6,612.0,805.4,130.0,286.8,1.03,287.0,93570.0
1990-10-17 12:00:00+00:00,16.97,47.3,546.0,779.7,123.0,289.5,0.97,270.0,93530.0
1990-10-17 13:00:00+00:00,17.1,47.3,419.0,669.84,123.0,292.05,1.1,254.0,93510.0
1990-10-17 14:00:00+00:00,16.78,48.9,264.0,550.31,97.0,291.65,1.24,247.0,93510.0
1990-10-17 15:00:00+00:00,15.99,54.45,99.0,380.5,47.0,290.65,1.1,244.0,93490.0
1990-10-17 16:00:00+00:00,14.33,74.95,0.0,0.0,0.0,288.75,0.76,249.0,93490.0
1990-10-17 17:00:00+00:00,14.11,64.85,0.0,0.0,0.0,285.85,0.34,295.0,93550.0
1990-10-17 18:00:00+00:00,13.29,69.55,0.0,0.0,0.0,283.9,0.76,33.0,93570.0
1990-10-17 19:00:00+00:00,10.74,83.0,0.0,0.0,0.0,280.4,1.17,46.0,93560.0
1990-10-17 20:00:00+00:00,9.22,89.1,0.0,0.0,0.0,278.65,1.38,52.0,93570.0
1990-10-17 21:00:00+00:00,8.13,95.8,0.0,0.0,0.0,277.9,1.52,54.0,93590.0
1990-10-17 22:00:00+00:00,7.35,99.4,0.0,0.0,0.0,276.15,1.52,56.0,93590.0
1990-10-17 23:00:00+00:00,6.83,95.8,0.0,0.0,0.0,274.6,1.52,55.0,93570.0
1990-10-18 00:00:00+00:00,6.41,95.8,0.0,0.0,0.0,273.25,1.52,55.0,93570.0
1990-10-18 01:00:00+00:00,6.12,95.8,0.0,0.0,0.0,272.6,1.52,55.0,93560.0
1990-10-18 02:00:00+00:00,5.88,95.8,0.0,0.0,0.0,271.9,1.59,56.0,93510.0
1990-10-18 03:00:00+00:00,5.66,95.75,0.0,0.0,0.0,271.1,1.59,56.0,93490.0
1990-10-18 04:00:00+00:00,5.46,95.75,0.0,0.0,0.0,270.55,1.59,56.0,93480.0
1990-10-18 05:00:00+00:00,5.29,95.75,0.0,0.0,0.0,269.95,1.66,56.0,93480.0
1990-10-18 06:00:00+00:00,6.16,95.8,149.0,490.83,58.0,270.15,1.45,56.0,93530.0
1990-10-18 07:00:00+00:00,11.24,86.1,326.0,693.77,87.0,272.5,0.83,56.0,93610.0
1990-10-18 08:00:00+00:00,16.13,56.5,473.0,775.22,107.0,278.65,0.55,60.0,93610.0
1990-10-18 09:00:00+00:00,18.31,42.45,575.0,813.09,120.0,285.45,0.28,82.0,93600.0
1990-10-18 10:00:00+00:00,19.73,35.6,629.0,843.68,122.0,290.1,0.34,178.0,93580.0
1990-10-18 11:00:00+00:00,20.57,33.3,617.0,829.2,125.0,293.75,0.69,217.0,93540.0
1990-10-18 12:00:00+00:00,20.91,34.55,549.0,802.12,118.0,296.1,0.9,232.0,93500.0
1990-10-18 13:00:00+00:00,20.8,35.9,433.0,755.66,103.0,296.85,0.97,240.0,93480.0
1990-10-18 14:00:00+00:00,20.29,39.95,273.0,640.23,82.0,296.5,0.9,248.0,93480.0
1990-10-18 15:00:00+00:00,18.76,65.65,89.0,296.26,50.0,294.95,0.76,249.0,93480.0
1990-10-18 16:00:00+00:00,18.31,47.4,0.0,0.0,0.0,291.05,0.21,278.0,93490.0
1990-10-18 17:00:00+00:00,16.92,52.65,0.0,0.0,0.0,287.6,0.83,55.0,93530.0
1990-10-18 18:00:00+00:00,14.04,62.55,0.0,0.0,0.0,285.45,1.31,61.0,93560.0
1990-10-18 19:00:00+00:00,11.75,71.85,0.0,0.0,0.0,280.8,1.52,60.0,93550.0
1990-10-18 20:00:00+00:00,9.88,79.9,0.0,0.0,0.0,278.65,1.79,58.0,93560.0
1990-10-18 21:00:00+00:00,8.55,85.9,0.0,0.0,0.0,277.3,1.86,57.0,93590.0
1990-10-18 22:00:00+00:00,7.7,89.0,0.0,0.0,0.0,275.2,1.79,56.0,93590.0
1990-10-18 23:00:00+00:00,7.24,92.35,0.0,0.0,0.0,274.05,1.79,54.0,93580.0
1990-10-19 00:00:00+00:00,6.91,92.35,0.0,0.0,0.0,272.65,1.79,54.0,93590.0
1990-10-19 01:00:00+00:00,6.66,92.35,0.0,0.0,0.0,271.6,1.79,54.0,93580.0
1990-10-19 02:00:00+00:00,6.41,89.0,0.0,0.0,0.0,270.75,1.79,55.0,93550.0
1990-10-19 03:00:00+00:00,6.22,92.3,0.0,0.0,0.0,269.6,1.86,56.0,93560.0
1990-10-19 04:00:00+00:00,6.0,88.95,0.0,0.0,0.0,268.8,1.86,56.0,93550.0
1990-10-19 05:00:00+00:00,5.87,88.95,0.0,0.0,0.0,267.85,1.86,56.0,93550.0
1990-10-19 06:00:00+00:00,6.64,89.0,147.0,496.49,57.0,267.65,1.66,56.0,93570.0
1990-10-19 07:00:00+00:00,11.28,86.1,325.0,702.69,86.0,270.15,1.03,53.0,93620.0
1990-10-19 08:00:00+00:00,17.16,63.2,470.0,774.31,108.0,276.15,0.55,55.0,93630.0
1990-10-19 09:00:00+00:00,20.08,37.1,575.0,821.96,119.0,283.7,0.21,136.0,93610.0
1990-10-19 10:00:00+00:00,21.12,32.2,626.0,842.35,124.0,289.5,0.69,210.0,93610.0
1990-10-19 11:00:00+00:00,21.63,31.15,617.0,839.8,123.0,293.0,0.97,235.0,93570.0
1990-10-19 12:00:00+00:00,21.77,32.35,549.0,811.78,117.0,295.1,1.03,248.0,93520.0
1990-10-19 13:00:00+00:00,21.55,33.6,429.0,753.11,104.0,296.5,1.1,255.0,93500.0
1990-10-19 14:00:00+00:00,20.89,38.65,272.0,658.15,79.0,296.5,1.17,262.0,93490.0
1990-10-19 15:00:00+00:00,19.16,59.15,96.0,442.04,40.0,295.3,0.97,256.0,93470.0
1990-10-19 16:00:00+00:00,18.59,45.85,0.0,0.0,0.0,290.85,0.48,294.0,93470.0
1990-10-19 17:00:00+00:00,17.32,49.05,0.0,0.0,0.0,286.8,0.9,36.0,93490.0
1990-10-19 18:00:00+00:00,14.26,62.55,0.0,0.0,0.0,284.5,1.31,55.0,93520.0
1990-10-19 19:00:00+00:00,11.84,71.85,0.0,0.0,0.0,280.6,1.59,57.0,93490.0
1990-10-19 20:00:00+00:00,10.03,79.95,0.0,0.0,0.0,278.85,1.79,58.0,93490.0
1990-10-19 21:00:00+00:00,8.73,85.9,0.0,0.0,0.0,277.3,1.86,56.0,93490.0
1990-10-19 22:00:00+00:00,7.88,89.05,0.0,0.0,0.0,275.95,1.79,55.0,93460.0
1990-10-19 23:00:00+00:00,7.38,89.0,0.0,0.0,0.0,274.2,1.79,54.0,93460.0
1990-10-20 00:00:00+00:00,7.07,92.35,0.0,0.0,0.0,273.25,1.79,55.0,93440.0
1990-10-20 01:00:00+00:00,6.81,92.35,0.0,0.0,0.0,272.0,1.86,54.0,93430.0
1990-10-20 02:00:00+00:00,6.52,89.0,0.0,0.0,0.0,270.95,1.86,54.0,93380.0
1990-10-20 03:00:00+00:00,6.26,92.3,0.0,0.0,0.0,270.35,1.86,54.0,93360.0
1990-10-20 04:00:00+00:00,6.03,88.95,0.0,0.0,0.0,269.0,1.86,54.0,93340.0
1990-10-20 05:00:00+00:00,5.84,92.3,0.0,0.0,0.0,268.4,1.86,55.0,93340.0
1990-10-20 06:00:00+00:00,6.52,89.0,145.0,508.08,55.0,268.2,1.66,55.0,93360.0
1990-10-20 07:00:00+00:00,11.18,86.1,320.0,696.97,86.0,270.35,1.03,54.0,93430.0
1990-10-20 08:00:00+00:00,17.04,63.2,467.0,777.7,107.0,275.6,0.55,58.0,93420.0
1990-10-20 09:00:00+00:00,19.84,44.45,570.0,812.79,123.0,282.75,0.14,301.0,93400.0
1990-10-20 10:00:00+00:00,20.97,38.65,626.0,857.91,119.0,288.35,0.9,271.0,93370.0
1990-10-20 11:00:00+00:00,21.48,36.0,614.0,843.69,122.0,292.05,1.24,279.0,93340.0
1990-10-20 12:00:00+00:00,21.69,33.6,546.0,815.89,116.0,294.15,1.38,289.0,93290.0
1990-10-20 13:00:00+00:00,21.64,33.6,426.0,757.45,103.0,294.95,1.31,300.0,93260.0
1990-10-20 14:00:00+00:00,21.12,40.2,271.0,676.58,76.0,294.75,1.17,301.0,93270.0
1990-10-20 15:00:00+00:00,19.36,63.5,93.0,451.6,38.0,293.75,0.9,281.0,93260.0
1990-10-20 16:00:00+00:00,19.0,42.7,0.0,0.0,0.0,289.9,0.62,331.0,93240.0
1990-10-20 17:00:00+00:00,16.91,48.9,0.0,0.0,0.0,287.4,1.03,37.0,93250.0
1990-10-20 18:00:00+00:00,14.47,58.25,0.0,0.0,0.0,285.65,1.38,52.0,93260.0
1990-10-20 19:00:00+00:00,12.13,66.85,0.0,0.0,0.0,279.85,1.52,57.0,93230.0
1990-10-20 20:00:00+00:00,9.95,77.1,0.0,0.0,0.0,278.3,1.79,58.0,93230.0
1990-10-20 21:00:00+00:00,8.56,85.9,0.0,0.0,0.0,277.1,1.86,57.0,93230.0
1990-10-20 22:00:00+00:00,7.58,89.0,0.0,0.0,0.0,275.95,1.79,58.0,93190.0
1990-10-20 23:00:00+00:00,7.06,92.35,0.0,0.0,0.0,275.0,1.72,58.0,93160.0
1990-10-21 00:00:00+00:00,6.7,92.35,0.0,0.0,0.0,274.2,1.72,58.0,93150.0
1990-10-21 01:00:00+00:00,6.5,92.35,0.0,0.0,0.0,273.95,1.72,57.0,93140.0
1990-10-21 02:00:00+00:00,6.24,92.3,0.0,0.0,0.0,272.3,1.72,57.0,93090.0
1990-10-21 03:00:00+00:00,6.01,92.3,0.0,0.0,0.0,271.3,1.79,56.0,93080.0
1990-10-21 04:00:00+00:00,5.8,95.75,0.0,0.0,0.0,270.15,1.79,56.0,93060.0
1990-10-21 05:00:00+00:00,5.62,92.3,0.0,0.0,0.0,268.8,1.86,55.0,93060.0
1990-10-21 06:00:00+00:00,6.3,92.3,136.0,456.67,57.0,268.8,1.66,54.0,93080.0
1990-10-21 07:00:00+00:00,10.82,86.05,311.0,673.01,88.0,270.15,1.17,52.0,93140.0
1990-10-21 08:00:00+00:00,16.46,63.05,458.0,763.72,108.0,275.95,0.76,50.0,93140.0
1990-10-21 09:00:00+00:00,19.46,45.95,562.0,814.47,118.0,283.5,0.41,38.0,93120.0
1990-10-21 10:00:00+00:00,20.81,37.25,612.0,834.47,123.0,289.9,0.21,338.0,93090.0
1990-10-21 11:00:00+00:00,21.56,34.85,603.0,830.32,123.0,294.55,0.28,281.0,93070.0
1990-10-21 12:00:00+00:00,21.83,34.85,535.0,802.79,116.0,297.65,0.48,261.0,93030.0
1990-10-21 13:00:00+00:00,21.65,36.15,416.0,742.83,103.0,300.35,0.62,251.0,93010.0
1990-10-21 14:00:00+00:00,21.01,40.2,260.0,642.58,78.0,301.1,0.83,248.0,93020.0
1990-10-21 15:00:00+00:00,19.39,59.15,88.0,427.5,38.0,300.95,1.03,245.0,93020.0
1990-10-21 16:00:00+00:00,18.09,58.9,0.0,0.0,0.0,297.25,0.69,250.0,93050.0
1990-10-21 17:00:00+00:00,17.27,58.8,0.0,0.0,0.0,293.75,0.21,19.0,93080.0
1990-10-21 18:00:00+00:00,14.77,69.85,0.0,0.0,0.0,290.65,1.03,54.0,93100.0
1990-10-21 19:00:00+00:00,13.26,72.1,0.0,0.0,0.0,286.2,1.24,55.0,93090.0
1990-10-21 20:00:00+00:00,10.89,80.05,0.0,0.0,0.0,284.65,1.52,56.0,93130.0
1990-10-21 21:00:00+00:00,9.06,85.95,0.0,0.0,0.0,282.55,1.72,54.0,93140.0
1990-10-21 22:00:00+00:00,7.91,89.05,0.0,0.0,0.0,280.2,1.72,53.0,93130.0
1990-10-21 23:00:00+00:00,7.26,95.8,0.0,0.0,0.0,277.9,1.66,52.0,93120.0
1990-10-22 00:00:00+00:00,6.83,92.35,0.0,0.0,0.0,275.75,1.66,53.0,93110.0
1990-10-22 01:00:00+00:00,6.48,89.0,0.0,0.0,0.0,274.15,1.72,53.0,93110.0
1990-10-22 02:00:00+00:00,6.18,92.3,0.0,0.0,0.0,272.1,1.72,53.0,93100.0
1990-10-22 03:00:00+00:00,5.9,88.95,0.0,0.0,0.0,271.1,1.72,54.0,93100.0
1990-10-22 04:00:00+00:00,5.63,92.3,0.0,0.0,0.0,269.4,1.72,53.0,93110.0
1990-10-22 05:00:00+00:00,5.33,92.25,0.0,0.0,0.0,267.05,1.72,52.0,93100.0
1990-10-22 06:00:00+00:00,5.86,88.95,133.0,456.07,56.0,265.7,1.59,51.0,93120.0
1990-10-22 07:00:00+00:00,10.29,82.95,312.0,694.3,85.0,264.75,1.1,48.0,93170.0
1990-10-22 08:00:00+00:00,15.1,58.35,456.0,762.69,110.0,269.4,0.83,43.0,93150.0
1990-10-22 09:00:00+00:00,17.56,42.3,560.0,810.62,122.0,275.95,0.76,26.0,93120.0
1990-10-22 10:00:00+00:00,18.95,36.7,610.0,831.26,127.0,281.0,0.62,14.0,93090.0
1990-10-22 11:00:00+00:00,19.84,33.05,601.0,828.9,126.0,284.85,0.55,7.0,93060.0
1990-10-22 12:00:00+00:00,20.26,31.95,536.0,814.52,115.0,288.35,0.48,338.0,93010.0
1990-10-22 13:00:00+00:00,20.24,31.95,413.0,742.18,104.0,290.5,0.62,332.0,93010.0
1990-10-22 14:00:00+00:00,19.73,34.3,258.0,653.94,76.0,291.45,0.62,333.0,93010.0
1990-10-22 15:00:00+00:00,18.34,52.9,84.0,427.82,36.0,290.3,0.55,318.0,93020.0
1990-10-22 16:00:00+00:00,17.32,40.75,0.0,0.0,0.0,286.6,0.69,344.0,93040.0
1990-10-22 17:00:00+00:00,13.95,56.0,0.0,0.0,0.0,282.95,1.38,26.0,93070.0
1990-10-22 18:00:00+00:00,11.18,64.25,0.0,0.0,0.0,280.6,1.79,42.0,93090.0
1990-10-22 19:00:00+00:00,9.56,68.9,0.0,0.0,0.0,275.75,1.86,49.0,93080.0
1990-10-22 20:00:00+00:00,8.35,76.8,0.0,0.0,0.0,273.65,1.93,49.0,93140.0
1990-10-22 21:00:00+00:00,7.63,79.65,0.0,0.0,0.0,271.5,1.93,50.0,93140.0
1990-10-22 22:00:00+00:00,7.21,79.55,0.0,0.0,0.0,270.15,1.93,50.0,93170.0
1990-10-22 23:00:00+00:00,6.88,79.55,0.0,0.0,0.0,269.2,2.0,50.0,93120.0
1990-10-23 00:00:00+00:00,6.57,79.55,0.0,0.0,0.0,268.8,2.0,50.0,93150.0
1990-10-23 01:00:00+00:00,6.27,82.55,0.0,0.0,0.0,268.35,2.0,49.0,93150.0
1990-10-23 02:00:00+00:00,5.99,82.55,0.0,0.0,0.0,266.3,2.0,49.0,93130.0
1990-10-23 03:00:00+00:00,5.78,85.65,0.0,0.0,0.0,264.15,2.0,49.0,93100.0
1990-10-23 04:00:00+00:00,5.6,85.65,0.0,0.0,0.0,263.2,2.07,48.0,93110.0
1990-10-23 05:00:00+00:00,5.45,88.9,0.0,0.0,0.0,262.05,2.07,48.0,93100.0
1990-10-23 06:00:00+00:00,6.01,88.95,123.0,400.79,57.0,261.25,2.0,48.0,93130.0
1990-10-23 07:00:00+00:00,9.31,82.85,294.0,629.37,91.0,267.85,1.66,48.0,93160.0
1990-10-23 08:00:00+00:00,13.4,69.55,438.0,721.55,114.0,271.9,1.59,46.0,93180.0
1990-10-23 09:00:00+00:00,15.77,58.45,539.0,769.35,127.0,276.95,1.52,44.0,93140.0
1990-10-23 10:00:00+00:00,17.44,52.75,595.0,819.29,123.0,286.05,1.24,45.0,93150.0
1990-10-23 11:00:00+00:00,18.59,49.3,585.0,815.1,122.0,292.8,1.1,44.0,93100.0
1990-10-23 12:00:00+00:00,19.22,47.65,526.0,818.62,107.0,296.85,0.97,45.0,93050.0
1990-10-23 13:00:00+00:00,19.38,47.65,400.0,724.42,102.0,299.2,0.83,41.0,93030.0
1990-10-23 14:00:00+00:00,19.07,47.65,246.0,621.68,76.0,299.95,0.97,38.0,93050.0
1990-10-23 15:00:00+00:00,17.86,60.95,75.0,362.78,36.0,298.6,0.97,31.0,93050.0
1990-10-23 16:00:00+00:00,15.52,62.85,0.0,0.0,0.0,295.3,1.38,35.0,93090.0
1990-10-23 17:00:00+00:00,13.2,69.55,0.0,0.0,0.0,292.2,1.72,45.0,93110.0
1990-10-23 18:00:00+00:00,11.39,77.2,0.0,0.0,0.0,289.9,1.86,48.0,93140.0
1990-10-23 19:00:00+00:00,10.12,86.0,0.0,0.0,0.0,287.0,1.79,49.0,93110.0
1990-10-23 20:00:00+00:00,9.29,89.1,0.0,0.0,0.0,284.85,1.86,49.0,93150.0
1990-10-23 21:00:00+00:00,8.58,89.1,0.0,0.0,0.0,282.95,1.79,50.0,93150.0
1990-10-23 22:00:00+00:00,8.02,89.05,0.0,0.0,0.0,281.6,1.79,50.0,93150.0
1990-10-23 23:00:00+00:00,7.56,92.35,0.0,0.0,0.0,279.65,1.79,50.0,93110.0
1990-10-24 00:00:00+00:00,7.15,95.8,0.0,0.0,0.0,278.3,1.79,50.0,93090.0
1990-10-24 01:00:00+00:00,6.81,92.35,0.0,0.0,0.0,275.9,1.72,50.0,93080.0
1990-10-24 02:00:00+00:00,6.41,92.35,0.0,0.0,0.0,279.45,1.72,51.0,93030.0
1990-10-24 03:00:00+00:00,6.14,95.8,0.0,0.0,0.0,283.3,1.66,53.0,93030.0
1990-10-24 04:00:00+00:00,6.18,95.8,0.0,0.0,0.0,292.6,1.72,54.0,93010.0
1990-10-24 05:00:00+00:00,6.08,95.8,0.0,0.0,0.0,290.5,1.79,54.0,93010.0
1990-10-24 06:00:00+00:00,6.37,92.35,116.0,373.81,56.0,291.45,1.72,55.0,93010.0
1990-10-24 07:00:00+00:00,8.94,85.95,286.0,612.94,91.0,288.55,1.38,56.0,93060.0
1990-10-24 08:00:00+00:00,12.97,72.1,427.0,706.55,113.0,278.3,0.97,56.0,93040.0
1990-10-24 09:00:00+00:00,16.51,56.6,528.0,755.58,127.0,282.15,0.21,40.0,93010.0
1990-10-24 10:00:00+00:00,18.03,51.0,579.0,789.59,128.0,291.05,0.76,254.0,93010.0
1990-10-24 11:00:00+00:00,18.61,51.15,573.0,801.01,122.0,297.65,1.45,256.0,92960.0
1990-10-24 12:00:00+00:00,18.71,53.0,512.0,791.16,111.0,299.95,1.72,261.0,92930.0
1990-10-24 13:00:00+00:00,18.49,53.0,390.0,708.59,102.0,300.95,1.66,268.0,92890.0
1990-10-24 14:00:00+00:00,18.01,56.85,236.0,591.84,77.0,300.35,1.52,269.0,92900.0
1990-10-24 15:00:00+00:00,16.94,63.05,68.0,320.76,35.0,298.8,0.97,256.0,92890.0
1990-10-24 16:00:00+00:00,15.28,75.1,0.0,0.0,0.0,295.3,0.69,256.0,92890.0
1990-10-24 17:00:00+00:00,14.95,69.9,0.0,0.0,0.0,292.6,0.28,294.0,92920.0
1990-10-24 18:00:00+00:00,14.27,74.95,0.0,0.0,0.0,290.65,0.55,34.0,92940.0
1990-10-24 19:00:00+00:00,12.47,74.7,0.0,0.0,0.0,286.2,1.1,58.0,92940.0
1990-10-24 20:00:00+00:00,10.07,86.0,0.0,0.0,0.0,284.85,1.45,62.0,92940.0
1990-10-24 21:00:00+00:00,8.63,92.4,0.0,0.0,0.0,282.95,1.59,62.0,92950.0
1990-10-24 22:00:00+00:00,7.74,95.8,0.0,0.0,0.0,280.8,1.59,59.0,92930.0
1990-10-24 23:00:00+00:00,7.15,95.8,0.0,0.0,0.0,279.45,1.59,59.0,92900.0
1990-10-25 00:00:00+00:00,6.82,95.8,0.0,0.0,0.0,278.5,1.59,59.0,92890.0
1990-10-25 01:00:00+00:00,6.61,92.35,0.0,0.0,0.0,278.2,1.52,59.0,92870.0
1990-10-25 02:00:00+00:00,6.51,92.35,0.0,0.0,0.0,277.7,1.52,59.0,92830.0
1990-10-25 03:00:00+00:00,6.49,92.35,0.0,0.0,0.0,278.65,1.52,60.0,92820.0
1990-10-25 04:00:00+00:00,6.35,92.35,0.0,0.0,0.0,278.3,1.52,60.0,92820.0
1990-10-25 05:00:00+00:00,6.17,92.3,0.0,0.0,0.0,277.9,1.59,60.0,92800.0
1990-10-25 06:00:00+00:00,6.62,92.35,110.0,345.41,56.0,277.1,1.45,61.0,92810.0
1990-10-25 07:00:00+00:00,10.55,89.25,277.0,583.31,94.0,281.75,0.62,62.0,92850.0
1990-10-25 08:00:00+00:00,14.74,67.35,419.0,686.69,117.0,286.8,0.28,127.0,92850.0
1990-10-25 09:00:00+00:00,16.1,60.75,521.0,749.15,127.0,291.25,0.69,222.0,92810.0
1990-10-25 10:00:00+00:00,16.95,58.7,572.0,785.84,127.0,297.25,1.38,243.0,92800.0
1990-10-25 11:00:00+00:00,17.35,56.75,566.0,795.58,122.0,299.4,1.86,250.0,92750.0
1990-10-25 12:00:00+00:00,17.3,56.75,505.0,785.01,111.0,307.3,2.07,256.0,92690.0
1990-10-25 13:00:00+00:00,16.97,56.75,383.0,702.24,101.0,316.2,2.07,255.0,92650.0
1990-10-25 14:00:00+00:00,16.3,62.95,230.0,583.51,76.0,316.4,1.93,248.0,92650.0
1990-10-25 15:00:00+00:00,15.36,72.45,63.0,294.92,34.0,323.95,1.17,241.0,92640.0
1990-10-25 16:00:00+00:00,13.87,86.35,0.0,0.0,0.0,308.1,0.76,237.0,92650.0
1990-10-25 17:00:00+00:00,13.44,83.35,0.0,0.0,0.0,307.9,0.34,192.0,92670.0
1990-10-25 18:00:00+00:00,12.79,89.4,0.0,0.0,0.0,310.8,0.55,133.0,92690.0
1990-10-25 19:00:00+00:00,12.16,95.95,0.0,0.0,0.0,296.65,0.62,123.0,92660.0
1990-10-25 20:00:00+00:00,11.74,99.4,0.0,0.0,0.0,317.95,0.69,102.0,92670.0
1990-10-25 21:00:00+00:00,11.15,99.35,0.0,0.0,0.0,299.95,0.83,87.0,92690.0
1990-10-25 22:00:00+00:00,10.23,100.0,0.0,0.0,0.0,312.95,0.97,82.0,92660.0
1990-10-25 23:00:00+00:00,9.78,100.0,0.0,0.0,0.0,327.45,1.03,80.0,92650.0
1990-10-26 00:00:00+00:00,9.64,100.0,0.0,0.0,0.0,333.85,1.03,80.0,92630.0
1990-10-26 01:00:00+00:00,9.69,100.0,0.0,0.0,0.0,344.4,1.03,83.0,92630.0
1990-10-26 02:00:00+00:00,10.01,99.4,0.0,0.0,0.0,353.55,0.97,87.0,92610.0
1990-10-26 03:00:00+00:00,9.89,99.4,0.0,0.0,0.0,344.1,1.03,80.0,92590.0
1990-10-26 04:00:00+00:00,9.75,100.0,0.0,0.0,0.0,342.55,1.17,75.0,92550.0
1990-10-26 05:00:00+00:00,9.72,99.4,0.0,0.0,0.0,347.95,1.03,70.0,92530.0
1990-10-26 06:00:00+00:00,9.71,99.4,91.0,197.16,61.0,337.9,1.03,68.0,92550.0
1990-10-26 07:00:00+00:00,10.51,95.9,213.0,242.47,138.0,337.1,0.9,84.0,92580.0
1990-10-26 08:00:00+00:00,12.1,86.2,320.0,273.45,201.0,327.45,0.83,124.0,92580.0
1990-10-26 09:00:00+00:00,13.93,74.95,466.0,531.52,189.0,317.95,1.24,173.0,92560.0
1990-10-26 10:00:00+00:00,14.91,69.85,503.0,523.7,209.0,317.0,1.52,198.0,92540.0
1990-10-26 11:00:00+00:00,15.56,62.85,441.0,341.68,252.0,326.85,2.07,217.0,92500.0
1990-10-26 12:00:00+00:00,15.55,62.85,357.0,237.42,239.0,328.4,2.21,219.0,92470.0
1990-10-26 13:00:00+00:00,15.21,67.45,341.0,499.05,143.0,336.55,2.07,210.0,92410.0
1990-10-26 14:00:00+00:00,14.91,72.4,188.0,308.58,108.0,340.6,1.86,201.0,92380.0
1990-10-26 15:00:00+00:00,14.43,74.95,51.0,170.47,35.0,343.3,1.59,192.0,92320.0
1990-10-26 16:00:00+00:00,13.45,80.4,0.0,0.0,0.0,319.9,1.31,177.0,92300.0
1990-10-26 17:00:00+00:00,12.33,89.35,0.0,0.0,0.0,305.2,1.45,152.0,92330.0
1990-10-26 18:00:00+00:00,11.44,89.3,0.0,0.0,0.0,308.65,1.59,138.0,92300.0
1990-10-26 19:00:00+00:00,11.28,92.55,0.0,0.0,0.0,318.95,1.79,137.0,92230.0
1990-10-26 20:00:00+00:00,11.59,92.55,0.0,0.0,0.0,340.8,2.14,132.0,92180.0
1990-10-26 21:00:00+00:00,11.58,92.55,0.0,0.0,0.0,342.55,2.21,136.0,92120.0
1990-10-26 22:00:00+00:00,11.71,92.55,0.0,0.0,0.0,355.3,2.41,140.0,92040.0
1990-10-26 23:00:00+00:00,11.69,95.9,0.0,0.0,0.0,365.0,2.41,141.0,91960.0
1990-10-27 00:00:00+00:00,11.67,95.9,0.0,0.0,0.0,367.7,2.55,144.0,91880.0
1990-10-27 01:00:00+00:00,11.5,99.4,0.0,0.0,0.0,365.1,2.62,142.0,91770.0
1990-10-27 02:00:00+00:00,11.33,100.0,0.0,0.0,0.0,370.2,2.28,141.0,91640.0
1990-10-27 03:00:00+00:00,11.32,99.35,0.0,0.0,0.0,370.2,2.28,152.0,91500.0
1990-10-27 04:00:00+00:00,11.72,99.4,0.0,0.0,0.0,369.65,2.28,158.0,91400.0
1990-10-27 05:00:00+00:00,12.37,99.4,0.0,0.0,0.0,372.35,2.62,168.0,91340.0
1990-10-27 06:00:00+00:00,12.67,99.4,31.0,0.0,31.0,368.45,2.69,172.0,91320.0
1990-10-27 07:00:00+00:00,13.62,95.95,201.0,216.46,135.0,374.45,4.21,180.0,91340.0
1990-10-27 08:00:00+00:00,13.8,99.4,36.0,0.0,36.0,375.65,3.17,176.0,91290.0
1990-10-27 09:00:00+00:00,14.08,96.0,81.0,0.0,81.0,375.25,3.31,187.0,91320.0
1990-10-27 10:00:00+00:00,14.78,92.7,119.0,0.0,119.0,380.3,4.76,196.0,91290.0
1990-10-27 11:00:00+00:00,14.63,92.7,90.0,0.0,90.0,366.75,3.93,202.0,91230.0
1990-10-27 12:00:00+00:00,14.73,96.0,50.0,0.0,50.0,370.0,3.1,200.0,91130.0
1990-10-27 13:00:00+00:00,14.13,96.0,65.0,0.0,65.0,374.45,4.28,202.0,91080.0
1990-10-27 14:00:00+00:00,14.68,92.7,110.0,35.34,101.0,378.75,4.62,199.0,91040.0
1990-10-27 15:00:00+00:00,14.69,96.0,26.0,11.18,25.0,379.5,5.38,202.0,90990.0
1990-10-27 16:00:00+00:00,14.88,96.0,0.0,0.0,0.0,379.7,5.45,201.0,91000.0
1990-10-27 17:00:00+00:00,15.1,89.55,0.0,0.0,0.0,361.1,5.52,201.0,91020.0
1990-10-27 18:00:00+00:00,14.73,92.7,0.0,0.0,0.0,360.35,5.59,201.0,91020.0
1990-10-27 19:00:00+00:00,14.39,96.0,0.0,0.0,0.0,374.3,5.45,204.0,90990.0
1990-10-27 20:00:00+00:00,14.08,96.0,0.0,0.0,0.0,369.45,5.17,211.0,90980.0
1990-10-27 21:00:00+00:00,14.15,96.0,0.0,0.0,0.0,367.7,3.38,213.0,90980.0
1990-10-27 22:00:00+00:00,14.12,96.0,0.0,0.0,0.0,367.1,3.24,211.0,90960.0
1990-10-27 23:00:00+00:00,13.55,99.4,0.0,0.0,0.0,361.3,3.03,204.0,90970.0
1990-10-28 00:00:00+00:00,13.23,99.4,0.0,0.0,0.0,342.95,2.9,192.0,90940.0
1990-10-28 01:00:00+00:00,13.56,95.95,0.0,0.0,0.0,356.6,4.14,198.0,90920.0
1990-10-28 02:00:00+00:00,13.43,95.95,0.0,0.0,0.0,368.5,5.03,206.0,90910.0
1990-10-28 03:00:00+00:00,13.31,95.95,0.0,0.0,0.0,350.5,4.9,211.0,90960.0
1990-10-28 04:00:00+00:00,13.14,95.95,0.0,0.0,0.0,352.8,4.9,204.0,91000.0
1990-10-28 05:00:00+00:00,12.89,95.95,0.0,0.0,0.0,349.1,4.41,198.0,91060.0
1990-10-28 06:00:00+00:00,12.83,99.4,9.0,0.0,9.0,356.1,4.21,194.0,91140.0
1990-10-28 07:00:00+00:00,13.15,92.65,73.0,0.0,73.0,353.4,3.52,194.0,91250.0
1990-10-28 08:00:00+00:00,13.03,92.65,242.0,98.6,200.0,372.95,3.38,190.0,91300.0
1990-10-28 09:00:00+00:00,13.2,92.65,137.0,0.0,137.0,371.75,3.31,188.0,91340.0
1990-10-28 10:00:00+00:00,13.51,92.65,112.0,0.0,112.0,338.3,3.17,193.0,91330.0
1990-10-28 11:00:00+00:00,13.6,92.65,226.0,14.72,218.0,348.95,3.38,199.0,91340.0
1990-10-28 12:00:00+00:00,13.3,95.95,47.0,0.0,47.0,343.9,2.83,203.0,91350.0
1990-10-28 13:00:00+00:00,13.53,89.45,67.0,0.0,67.0,351.85,2.69,200.0,91300.0
1990-10-28 14:00:00+00:00,13.01,92.65,117.0,51.98,104.0,351.85,2.34,205.0,91340.0
1990-10-28 15:00:00+00:00,12.95,92.65,39.0,93.96,31.0,360.75,2.28,209.0,91370.0
1990-10-28 16:00:00+00:00,12.26,99.4,0.0,0.0,0.0,343.9,1.59,202.0,91450.0
1990-10-28 17:00:00+00:00,12.16,95.95,0.0,0.0,0.0,359.75,1.86,202.0,91500.0
1990-10-28 18:00:00+00:00,11.41,95.9,0.0,0.0,0.0,340.6,1.59,209.0,91550.0
1990-10-28 19:00:00+00:00,11.5,99.4,0.0,0.0,0.0,350.85,1.45,199.0,91540.0
1990-10-28 20:00:00+00:00,10.94,95.9,0.0,0.0,0.0,351.45,1.86,215.0,91570.0
1990-10-28 21:00:00+00:00,10.69,95.9,0.0,0.0,0.0,356.1,1.31,200.0,91610.0
1990-10-28 22:00:00+00:00,10.1,95.9,0.0,0.0,0.0,327.25,1.1,164.0,91630.0
1990-10-28 23:00:00+00:00,9.65,95.85,0.0,0.0,0.0,320.85,1.31,160.0,91630.0
1990-10-29 00:00:00+00:00,9.19,95.85,0.0,0.0,0.0,308.65,1.66,167.0,91650.0
1990-10-29 01:00:00+00:00,8.67,92.4,0.0,0.0,0.0,328.15,1.86,181.0,91660.0
1990-10-29 02:00:00+00:00,8.16,95.8,0.0,0.0,0.0,308.85,1.86,187.0,91670.0
1990-10-29 03:00:00+00:00,7.7,95.8,0.0,0.0,0.0,314.65,2.21,202.0,91660.0
1990-10-29 04:00:00+00:00,7.18,92.35,0.0,0.0,0.0,296.1,1.66,208.0,91710.0
1990-10-29 05:00:00+00:00,6.53,89.0,0.0,0.0,0.0,286.05,1.24,171.0,91720.0
1990-10-29 06:00:00+00:00,6.48,92.35,51.0,21.48,48.0,298.6,1.38,160.0,91760.0
1990-10-29 07:00:00+00:00,7.44,92.35,25.0,0.0,25.0,311.2,1.59,167.0,91790.0
1990-10-29 08:00:00+00:00,8.35,92.4,57.0,0.0,57.0,309.25,1.93,151.0,91770.0
1990-10-29 09:00:00+00:00,8.61,85.9,344.0,183.46,251.0,301.3,2.21,170.0,91760.0
1990-10-29 10:00:00+00:00,9.14,82.85,218.0,9.14,213.0,303.65,2.41,186.0,91740.0
1990-10-29 11:00:00+00:00,9.49,79.9,75.0,0.0,75.0,305.2,2.69,185.0,91720.0
1990-10-29 12:00:00+00:00,9.28,89.1,116.0,0.0,116.0,321.05,2.34,176.0,91670.0
1990-10-29 13:00:00+00:00,9.24,95.85,344.0,574.91,124.0,306.35,2.21,170.0,91640.0
1990-10-29 14:00:00+00:00,8.61,85.9,102.0,24.42,96.0,314.85,2.97,178.0,91640.0
1990-10-29 15:00:00+00:00,7.9,92.4,54.0,346.08,26.0,332.65,2.14,188.0,91660.0
1990-10-29 16:00:00+00:00,6.62,92.35,0.0,0.0,0.0,319.1,1.17,227.0,91670.0
1990-10-29 17:00:00+00:00,6.27,85.7,0.0,0.0,0.0,325.1,0.0,114.0,91740.0
1990-10-29 18:00:00+00:00,6.11,88.95,0.0,0.0,0.0,311.2,0.69,89.0,91750.0
1990-10-29 19:00:00+00:00,5.24,95.75,0.0,0.0,0.0,285.25,1.03,90.0,91780.0
1990-10-29 20:00:00+00:00,5.01,95.75,0.0,0.0,0.0,279.25,0.9,86.0,91810.0
1990-10-29 21:00:00+00:00,4.45,95.75,0.0,0.0,0.0,268.6,0.9,66.0,91830.0
1990-10-29 22:00:00+00:00,4.13,95.75,0.0,0.0,0.0,275.2,1.03,61.0,91850.0
1990-10-29 23:00:00+00:00,3.86,95.75,0.0,0.0,0.0,278.5,1.17,52.0,91860.0
1990-10-30 00:00:00+00:00,3.8,99.4,0.0,0.0,0.0,280.6,1.24,38.0,91900.0
1990-10-30 01:00:00+00:00,3.9,95.75,0.0,0.0,0.0,286.9,1.24,36.0,91940.0
1990-10-30 02:00:00+00:00,4.27,92.2,0.0,0.0,0.0,304.8,1.24,36.0,91960.0
1990-10-30 03:00:00+00:00,3.8,95.7,0.0,0.0,0.0,274.8,1.24,33.0,91960.0
1990-10-30 04:00:00+00:00,3.71,95.7,0.0,0.0,0.0,286.2,1.17,35.0,92000.0
1990-10-30 05:00:00+00:00,3.43,95.7,0.0,0.0,0.0,276.95,1.17,40.0,92040.0
1990-10-30 06:00:00+00:00,3.81,95.7,85.0,236.2,53.0,284.85,1.03,51.0,92110.0
1990-10-30 07:00:00+00:00,3.92,82.3,215.0,298.24,128.0,262.4,1.1,58.0,92200.0
1990-10-30 08:00:00+00:00,5.61,79.4,324.0,321.5,190.0,269.95,0.55,99.0,92250.0
1990-10-30 09:00:00+00:00,7.3,71.05,426.0,418.16,216.0,255.85,1.17,213.0,92270.0
1990-10-30 10:00:00+00:00,8.39,61.3,475.0,461.15,225.0,268.4,2.21,230.0,92300.0
1990-10-30 11:00:00+00:00,8.95,54.8,443.0,378.4,241.0,269.4,2.62,235.0,92330.0
1990-10-30 12:00:00+00:00,9.0,54.8,278.0,92.07,234.0,274.2,2.76,235.0,92340.0
1990-10-30 13:00:00+00:00,8.62,56.8,153.0,13.22,148.0,286.05,2.62,232.0,92350.0
1990-10-30 14:00:00+00:00,8.22,58.9,183.0,348.14,99.0,279.65,2.34,228.0,92380.0
1990-10-30 15:00:00+00:00,7.61,58.8,50.0,338.76,24.0,274.6,2.07,227.0,92370.0
1990-10-30 16:00:00+00:00,6.73,65.85,0.0,0.0,0.0,252.75,1.52,228.0,92430.0
1990-10-30 17:00:00+00:00,5.66,79.4,0.0,0.0,0.0,260.3,1.1,226.0,92480.0
1990-10-30 18:00:00+00:00,6.24,70.95,0.0,0.0,0.0,265.7,0.55,213.0,92540.0
1990-10-30 19:00:00+00:00,5.81,70.85,0.0,0.0,0.0,265.9,0.48,142.0,92560.0
1990-10-30 20:00:00+00:00,5.49,73.65,0.0,0.0,0.0,270.75,0.69,102.0,92610.0
1990-10-30 21:00:00+00:00,4.57,82.35,0.0,0.0,0.0,270.35,0.9,74.0,92610.0
1990-10-30 22:00:00+00:00,3.96,88.8,0.0,0.0,0.0,268.05,1.03,70.0,92630.0
1990-10-30 23:00:00+00:00,3.61,92.15,0.0,0.0,0.0,266.5,1.03,77.0,92610.0
1990-10-31 00:00:00+00:00,3.57,92.15,0.0,0.0,0.0,276.75,1.03,83.0,92620.0
1990-10-31 01:00:00+00:00,3.6,92.15,0.0,0.0,0.0,283.25,1.03,84.0,92590.0
1990-10-31 02:00:00+00:00,3.48,92.15,0.0,0.0,0.0,276.95,1.17,80.0,92590.0
1990-10-31 03:00:00+00:00,3.38,92.15,0.0,0.0,0.0,280.4,1.24,72.0,92560.0
1990-10-31 04:00:00+00:00,3.59,92.15,0.0,0.0,0.0,293.75,1.31,67.0,92560.0
1990-10-31 05:00:00+00:00,3.41,92.15,0.0,0.0,0.0,283.3,1.38,63.0,92540.0
1990-10-31 06:00:00+00:00,3.55,92.15,68.0,121.84,52.0,279.85,1.38,61.0,92560.0
1990-10-31 07:00:00+00:00,5.04,79.35,226.0,393.28,113.0,289.3,1.17,62.0,92600.0
1990-10-31 08:00:00+00:00,7.41,68.5,231.0,87.33,195.0,291.85,1.1,72.0,92610.0
1990-10-31 09:00:00+00:00,9.47,61.55,366.0,255.26,239.0,288.55,1.24,99.0,92570.0
1990-10-31 10:00:00+00:00,11.19,57.4,457.0,426.14,228.0,292.4,1.79,132.0,92510.0
1990-10-31 11:00:00+00:00,12.27,55.5,417.0,323.19,246.0,298.6,2.21,151.0,92460.0
1990-10-31 12:00:00+00:00,12.49,53.6,293.0,126.79,233.0,297.05,2.41,153.0,92400.0
1990-10-31 13:00:00+00:00,12.73,55.65,112.0,0.0,112.0,301.5,2.69,150.0,92360.0
1990-10-31 14:00:00+00:00,12.28,57.65,89.0,16.88,85.0,314.5,2.55,138.0,92330.0
1990-10-31 15:00:00+00:00,11.44,59.7,6.0,0.0,6.0,307.7,2.28,128.0,92310.0
1990-10-31 16:00:00+00:00,10.96,69.09,0.0,0.0,0.0,350.8,3.15,124.0,92290.0
1990-10-31 17:00:00+00:00,10.66,71.49,0.0,0.0,0.0,348.77,3.02,121.0,92260.0
1990-10-31 18:00:00+00:00,10.37,73.89,0.0,0.0,0.0,346.75,2.89,124.0,92200.0
1990-10-31 19:00:00+00:00,10.07,76.29,0.0,0.0,0.0,344.73,2.76,120.0,92170.0
1990-10-31 20:00:00+00:00,9.77,78.69,0.0,0.0,0.0,342.71,2.63,120.0,92110.0
1990-10-31 21:00:00+00:00,9.47,81.09,0.0,0.0,0.0,340.68,2.5,121.0,92010.0
1990-10-31 22:00:00+00:00,9.18,83.49,0.0,0.0,0.0,338.66,2.37,128.0,91890.0
1990-10-31 23:00:00+00:00,8.88,85.89,0.0,0.0,0.0,336.64,2.25,129.0,91800.0
1990-11-01 00:00:00+00:00,8.58,88.28,0.0,0.0,0.0,334.62,2.12,71.0,92710.0
1990-11-01 01:00:00+00:00,8.28,90.68,0.0,0.0,0.0,332.59,1.99,68.0,92730.0
1990-11-01 02:00:00+00:00,7.99,93.08,0.0,0.0,0.0,330.57,1.86,65.0,92740.0
1990-11-01 03:00:00+00:00,7.69,95.48,0.0,0.0,0.0,328.55,1.73,62.0,92770.0
1990-11-01 04:00:00+00:00,7.39,97.88,0.0,0.0,0.0,326.53,1.6,61.0,92810.0
1990-11-01 05:00:00+00:00,7.09,100.0,0.0,0.0,0.0,324.5,1.47,59.0,92820.0
1990-11-01 06:00:00+00:00,6.8,100.0,76.0,175.15,53.0,322.48,1.34,57.0,92850.0
1990-11-01 07:00:00+00:00,6.5,100.0,225.0,386.32,114.0,320.46,1.21,53.0,92880.0
1990-11-01 08:00:00+00:00,9.9,92.5,398.0,722.89,100.0,331.3,1.1,56.0,92900.0
1990-11-01 09:00:00+00:00,12.7,83.25,509.0,826.09,98.0,327.65,0.76,66.0,92890.0
1990-11-01 10:00:00+00:00,15.15,56.25,551.0,820.64,110.0,300.55,0.69,148.0,92870.0
1990-11-01 11:00:00+00:00,16.18,47.0,541.0,818.37,108.0,285.85,1.17,190.0,92810.0
1990-11-01 12:00:00+00:00,16.51,45.3,485.0,834.68,90.0,283.9,1.38,208.0,92720.0
1990-11-01 13:00:00+00:00,16.19,47.0,251.0,192.72,179.0,293.2,1.72,217.0,92690.0
1990-11-01 14:00:00+00:00,15.31,56.25,120.0,71.74,103.0,302.65,1.72,220.0,92670.0
1990-11-01 15:00:00+00:00,14.35,64.85,15.0,0.0,15.0,310.4,1.17,218.0,92680.0
1990-11-01 16:00:00+00:00,13.05,83.25,0.0,0.0,0.0,318.15,0.76,193.0,92670.0
1990-11-01 17:00:00+00:00,12.43,83.15,0.0,0.0,0.0,324.75,0.83,175.0,92680.0
1990-11-01 18:00:00+00:00,11.91,86.15,0.0,0.0,0.0,326.65,0.76,170.0,92660.0
1990-11-01 19:00:00+00:00,12.04,86.15,0.0,0.0,0.0,329.0,0.76,120.0,92630.0
1990-11-01 20:00:00+00:00,11.74,89.3,0.0,0.0,0.0,337.1,0.83,115.0,92650.0
1990-11-01 21:00:00+00:00,11.71,83.1,0.0,0.0,0.0,337.9,0.83,144.0,92610.0
1990-11-01 22:00:00+00:00,10.99,80.1,0.0,0.0,0.0,339.65,0.9,188.0,92580.0
1990-11-01 23:00:00+00:00,11.24,80.1,0.0,0.0,0.0,339.65,0.48,155.0,92540.0
1990-11-02 00:00:00+00:00,10.59,86.1,0.0,0.0,0.0,341.0,0.55,116.0,92470.0
1990-11-02 01:00:00+00:00,10.29,89.25,0.0,0.0,0.0,344.8,0.69,115.0,92460.0
1990-11-02 02:00:00+00:00,10.31,92.5,0.0,0.0,0.0,350.1,0.55,101.0,92420.0
1990-11-02 03:00:00+00:00,10.23,92.5,0.0,0.0,0.0,347.55,0.62,94.0,92380.0
1990-11-02 04:00:00+00:00,9.83,92.5,0.0,0.0,0.0,333.85,0.83,94.0,92350.0
1990-11-02 05:00:00+00:00,9.35,92.45,0.0,0.0,0.0,316.4,0.76,97.0,92320.0
1990-11-02 06:00:00+00:00,8.99,95.85,96.0,463.98,37.0,310.6,0.9,105.0,92360.0
1990-11-02 07:00:00+00:00,10.72,89.3,253.0,643.22,71.0,323.2,0.69,117.0,92320.0
1990-11-02 08:00:00+00:00,11.9,86.15,374.0,637.74,114.0,323.2,0.97,157.0,92320.0
1990-11-02 09:00:00+00:00,12.89,74.7,433.0,517.38,178.0,320.5,1.31,188.0,92320.0
1990-11-02 10:00:00+00:00,13.77,67.15,466.0,497.48,201.0,326.5,1.93,202.0,92300.0
1990-11-02 11:00:00+00:00,14.29,64.85,441.0,432.86,214.0,319.9,2.28,203.0,92250.0
1990-11-02 12:00:00+00:00,14.66,62.65,423.0,576.13,153.0,322.6,2.48,203.0,92190.0
1990-11-02 13:00:00+00:00,14.54,64.85,268.0,281.72,164.0,321.25,2.83,201.0,92180.0
1990-11-02 14:00:00+00:00,13.91,69.65,174.0,373.8,87.0,324.15,2.83,193.0,92150.0
1990-11-02 15:00:00+00:00,13.27,74.75,23.0,29.11,21.0,346.0,2.76,184.0,92120.0
1990-11-02 16:00:00+00:00,12.5,83.15,0.0,0.0,0.0,320.65,2.34,172.0,92110.0
1990-11-02 17:00:00+00:00,11.98,86.15,0.0,0.0,0.0,322.05,2.34,162.0,92080.0
1990-11-02 18:00:00+00:00,11.7,86.15,0.0,0.0,0.0,324.95,2.41,151.0,92050.0
1990-11-02 19:00:00+00:00,12.02,89.3,0.0,0.0,0.0,350.5,2.76,146.0,91990.0
1990-11-02 20:00:00+00:00,12.06,89.3,0.0,0.0,0.0,351.05,2.97,146.0,91950.0
1990-11-02 21:00:00+00:00,11.95,92.55,0.0,0.0,0.0,356.1,2.83,150.0,91860.0
1990-11-02 22:00:00+00:00,11.95,95.9,0.0,0.0,0.0,353.95,3.1,163.0,91820.0
1990-11-02 23:00:00+00:00,12.11,95.95,0.0,0.0,0.0,364.6,3.38,172.0,91810.0
1990-11-03 00:00:00+00:00,12.36,99.4,0.0,0.0,0.0,366.95,3.52,173.0,91720.0
1990-11-03 01:00:00+00:00,12.96,99.4,0.0,0.0,0.0,369.35,3.24,172.0,91630.0
1990-11-03 02:00:00+00:00,13.59,99.4,0.0,0.0,0.0,362.3,4.21,181.0,91520.0
1990-11-03 03:00:00+00:00,14.13,92.7,0.0,0.0,0.0,358.4,4.62,181.0,91460.0
1990-11-03 04:00:00+00:00,14.3,92.7,0.0,0.0,0.0,366.55,4.0,176.0,91440.0
1990-11-03 05:00:00+00:00,14.18,92.7,0.0,0.0,0.0,360.55,4.48,164.0,91360.0
1990-11-03 06:00:00+00:00,14.29,96.0,33.0,0.0,33.0,368.65,5.79,159.0,91250.0
1990-11-03 07:00:00+00:00,14.35,96.0,27.0,0.0,27.0,376.6,5.66,174.0,91200.0
1990-11-03 08:00:00+00:00,13.98,95.95,34.0,0.0,34.0,380.65,6.69,180.0,91190.0
1990-11-03 09:00:00+00:00,14.4,96.0,43.0,0.0,43.0,376.8,7.17,179.0,91130.0
1990-11-03 10:00:00+00:00,15.17,89.55,111.0,0.0,111.0,379.3,6.69,186.0,91050.0
1990-11-03 11:00:00+00:00,14.99,92.7,56.0,0.0,56.0,381.65,7.93,206.0,90990.0
1990-11-03 12:00:00+00:00,13.71,92.65,59.0,0.0,59.0,374.45,6.83,221.0,91010.0
1990-11-03 13:00:00+00:00,13.01,95.95,68.0,0.0,68.0,349.9,4.41,225.0,91130.0
1990-11-03 14:00:00+00:00,12.52,92.6,110.0,61.24,96.0,314.65,4.14,223.0,91170.0
1990-11-03 15:00:00+00:00,12.31,83.15,22.0,30.87,20.0,307.1,3.1,222.0,91210.0
1990-11-03 16:00:00+00:00,11.48,83.05,0.0,0.0,0.0,317.95,2.07,213.0,91280.0
1990-11-03 17:00:00+00:00,11.12,80.1,0.0,0.0,0.0,307.1,2.07,205.0,91330.0
1990-11-03 18:00:00+00:00,10.0,82.95,0.0,0.0,0.0,300.75,1.59,169.0,91360.0
1990-11-03 19:00:00+00:00,10.2,86.05,0.0,0.0,0.0,297.25,1.59,168.0,91360.0
1990-11-03 20:00:00+00:00,9.18,89.15,0.0,0.0,0.0,300.95,1.66,165.0,91380.0
1990-11-03 21:00:00+00:00,9.1,89.15,0.0,0.0,0.0,310.4,1.86,168.0,91360.0
1990-11-03 22:00:00+00:00,9.04,92.45,0.0,0.0,0.0,303.45,2.14,167.0,91340.0
1990-11-03 23:00:00+00:00,9.15,92.45,0.0,0.0,0.0,318.55,2.21,166.0,91320.0
1990-11-04 00:00:00+00:00,9.09,92.45,0.0,0.0,0.0,315.65,2.14,168.0,91260.0
1990-11-04 01:00:00+00:00,9.3,95.85,0.0,0.0,0.0,345.55,1.93,169.0,91260.0
1990-11-04 02:00:00+00:00,9.35,95.85,0.0,0.0,0.0,348.35,1.86,164.0,91230.0
1990-11-04 03:00:00+00:00,9.28,99.4,0.0,0.0,0.0,357.25,1.66,151.0,91180.0
1990-11-04 04:00:00+00:00,9.43,99.4,0.0,0.0,0.0,357.25,1.59,152.0,91170.0
1990-11-04 05:00:00+00:00,9.47,99.4,0.0,0.0,0.0,357.05,1.59,172.0,91130.0
1990-11-04 06:00:00+00:00,9.49,99.4,31.0,0.0,31.0,355.9,1.59,192.0,91170.0
1990-11-04 07:00:00+00:00,9.32,92.45,156.0,116.68,124.0,351.65,1.31,199.0,91220.0
1990-11-04 08:00:00+00:00,10.31,95.9,182.0,30.1,170.0,332.5,1.1,196.0,91300.0
1990-11-04 09:00:00+00:00,10.98,95.9,267.0,74.44,231.0,333.45,1.31,178.0,91280.0
1990-11-04 10:00:00+00:00,11.69,92.55,82.0,0.0,82.0,326.1,1.66,184.0,91300.0
1990-11-04 11:00:00+00:00,11.74,86.15,452.0,493.0,198.0,325.5,2.0,198.0,91290.0
1990-11-04 12:00:00+00:00,11.76,86.15,400.0,496.02,172.0,314.3,2.14,230.0,91340.0
1990-11-04 13:00:00+00:00,11.09,83.05,318.0,557.54,117.0,327.25,1.66,239.0,91380.0
1990-11-04 14:00:00+00:00,10.86,86.1,187.0,525.54,69.0,327.25,1.38,228.0,91430.0
1990-11-04 15:00:00+00:00,9.83,86.0,30.0,147.57,21.0,311.55,1.45,226.0,91510.0
1990-11-04 16:00:00+00:00,9.53,89.15,0.0,0.0,0.0,321.45,0.97,213.0,91620.0
1990-11-04 17:00:00+00:00,9.28,92.45,0.0,0.0,0.0,326.1,0.97,190.0,91680.0
1990-11-04 18:00:00+00:00,9.07,92.45,0.0,0.0,0.0,327.45,1.1,176.0,91720.0
1990-11-04 19:00:00+00:00,8.18,92.4,0.0,0.0,0.0,283.5,1.59,154.0,91740.0
1990-11-04 20:00:00+00:00,8.19,92.4,0.0,0.0,0.0,302.3,1.59,156.0,91780.0
1990-11-04 21:00:00+00:00,8.36,92.4,0.0,0.0,0.0,311.75,1.93,162.0,91830.0
1990-11-04 22:00:00+00:00,8.54,95.85,0.0,0.0,0.0,324.15,2.28,165.0,91830.0
1990-11-04 23:00:00+00:00,8.81,92.45,0.0,0.0,0.0,330.55,2.55,170.0,91810.0
1990-11-05 00:00:00+00:00,9.19,92.45,0.0,0.0,0.0,345.65,2.83,173.0,91780.0
1990-11-05 01:00:00+00:00,9.37,92.45,0.0,0.0,0.0,352.15,2.9,170.0,91750.0
1990-11-05 02:00:00+00:00,9.65,92.5,0.0,0.0,0.0,358.0,3.1,171.0,91720.0
1990-11-05 03:00:00+00:00,9.93,95.9,0.0,0.0,0.0,357.85,3.38,170.0,91690.0
1990-11-05 04:00:00+00:00,10.25,92.5,0.0,0.0,0.0,360.55,3.24,167.0,91670.0
1990-11-05 05:00:00+00:00,10.37,92.5,0.0,0.0,0.0,360.95,4.0,170.0,91590.0
1990-11-05 06:00:00+00:00,10.57,95.9,35.0,8.71,34.0,363.45,4.28,168.0,91560.0
1990-11-05 07:00:00+00:00,10.62,92.55,21.0,0.0,21.0,359.55,4.28,167.0,91530.0
1990-11-05 08:00:00+00:00,11.13,99.35,45.0,0.0,45.0,362.5,4.14,174.0,91500.0
1990-11-05 09:00:00+00:00,12.16,99.4,42.0,0.0,42.0,357.45,4.28,181.0,91490.0
1990-11-05 10:00:00+00:00,12.98,95.95,46.0,0.0,46.0,364.2,5.45,187.0,91450.0
1990-11-05 11:00:00+00:00,12.93,99.4,46.0,0.0,46.0,365.4,6.55,190.0,91420.0
1990-11-05 12:00:00+00:00,13.16,95.95,40.0,0.0,40.0,371.95,6.21,193.0,91370.0
1990-11-05 13:00:00+00:00,13.21,92.65,30.0,0.0,30.0,368.45,6.83,197.0,91380.0
1990-11-05 14:00:00+00:00,13.23,95.95,18.0,0.0,18.0,372.75,6.48,201.0,91420.0
1990-11-05 15:00:00+00:00,13.28,95.95,3.0,0.0,3.0,369.85,5.86,205.0,91460.0
1990-11-05 16:00:00+00:00,13.6,95.95,0.0,0.0,0.0,366.15,5.17,211.0,91520.0
1990-11-05 17:00:00+00:00,13.24,95.95,0.0,0.0,0.0,348.55,4.34,224.0,91630.0
1990-11-05 18:00:00+00:00,12.3,95.95,0.0,0.0,0.0,338.1,2.76,230.0,91730.0
1990-11-05 19:00:00+00:00,12.35,100.0,0.0,0.0,0.0,368.65,1.1,209.0,91860.0
1990-11-05 20:00:00+00:00,11.59,100.0,0.0,0.0,0.0,328.6,1.03,170.0,91930.0
1990-11-05 21:00:00+00:00,10.45,99.4,0.0,0.0,0.0,313.3,1.1,175.0,92020.0
1990-11-05 22:00:00+00:00,10.0,99.4,0.0,0.0,0.0,331.7,1.1,157.0,92070.0
1990-11-05 23:00:00+00:00,9.65,95.9,0.0,0.0,0.0,332.5,0.97,163.0,92110.0
1990-11-06 00:00:00+00:00,9.66,95.9,0.0,0.0,0.0,349.1,0.62,173.0,92150.0
1990-11-06 01:00:00+00:00,9.51,99.4,0.0,0.0,0.0,342.45,0.69,126.0,92220.0
1990-11-06 02:00:00+00:00,9.43,95.85,0.0,0.0,0.0,343.7,0.55,104.0,92260.0
1990-11-06 03:00:00+00:00,9.16,92.45,0.0,0.0,0.0,338.85,0.83,90.0,92320.0
1990-11-06 04:00:00+00:00,8.98,99.4,0.0,0.0,0.0,337.9,1.03,82.0,92400.0
1990-11-06 05:00:00+00:00,8.82,95.85,0.0,0.0,0.0,340.4,1.1,79.0,92430.0
1990-11-06 06:00:00+00:00,8.82,95.85,74.0,334.37,37.0,334.4,1.1,79.0,92510.0
1990-11-06 07:00:00+00:00,10.42,95.9,238.0,640.03,68.0,305.55,0.83,121.0,92620.0
1990-11-06 08:00:00+00:00,12.54,92.6,362.0,646.6,110.0,318.95,1.31,167.0,92700.0
1990-11-06 09:00:00+00:00,13.19,89.4,143.0,0.0,143.0,306.55,1.59,183.0,92750.0
1990-11-06 10:00:00+00:00,13.7,89.45,258.0,42.78,236.0,320.65,1.52,185.0,92770.0
1990-11-06 11:00:00+00:00,14.46,89.5,79.0,0.0,79.0,326.1,1.72,191.0,92780.0
1990-11-06 12:00:00+00:00,14.27,83.4,440.0,736.26,108.0,317.4,2.0,193.0,92740.0
1990-11-06 13:00:00+00:00,14.21,83.4,328.0,672.99,91.0,334.6,2.14,191.0,92770.0
1990-11-06 14:00:00+00:00,13.69,83.35,178.0,507.72,68.0,331.7,2.07,186.0,92810.0
1990-11-06 15:00:00+00:00,13.09,89.4,20.0,55.93,17.0,328.8,1.79,184.0,92860.0
1990-11-06 16:00:00+00:00,12.1,95.9,0.0,0.0,0.0,312.75,1.45,172.0,92900.0
1990-11-06 17:00:00+00:00,11.4,99.35,0.0,0.0,0.0,314.65,1.31,154.0,92960.0
1990-11-06 18:00:00+00:00,10.9,95.9,0.0,0.0,0.0,321.65,1.24,135.0,93020.0
1990-11-06 19:00:00+00:00,10.34,92.5,0.0,0.0,0.0,308.5,1.45,131.0,93090.0
1990-11-06 20:00:00+00:00,9.95,92.5,0.0,0.0,0.0,315.05,1.45,126.0,93140.0
1990-11-06 21:00:00+00:00,10.02,95.9,0.0,0.0,0.0,329.55,1.45,122.0,93160.0
1990-11-06 22:00:00+00:00,9.79,92.5,0.0,0.0,0.0,323.4,1.38,115.0,93160.0
1990-11-06 23:00:00+00:00,9.44,95.85,0.0,0.0,0.0,315.65,1.45,108.0,93160.0
1990-11-07 00:00:00+00:00,9.31,92.45,0.0,0.0,0.0,320.5,1.38,109.0,93160.0
1990-11-07 01:00:00+00:00,9.36,92.45,0.0,0.0,0.0,328.7,1.31,112.0,93180.0
1990-11-07 02:00:00+00:00,9.16,92.45,0.0,0.0,0.0,325.7,1.31,117.0,93170.0
1990-11-07 03:00:00+00:00,9.42,95.85,0.0,0.0,0.0,337.3,1.31,121.0,93170.0
1990-11-07 04:00:00+00:00,9.82,92.5,0.0,0.0,0.0,345.65,1.31,120.0,93180.0
1990-11-07 05:00:00+00:00,10.2,92.5,0.0,0.0,0.0,351.45,1.31,121.0,93170.0
1990-11-07 06:00:00+00:00,10.12,92.5,6.0,0.0,6.0,336.35,1.38,121.0,93190.0
1990-11-07 07:00:00+00:00,11.39,95.9,20.0,0.0,20.0,344.65,1.45,138.0,93240.0
1990-11-07 08:00:00+00:00,12.19,89.35,154.0,15.57,148.0,324.95,1.93,149.0,93290.0
1990-11-07 09:00:00+00:00,13.26,83.25,78.0,0.0,78.0,331.5,2.55,162.0,93260.0
1990-11-07 10:00:00+00:00,14.07,77.6,86.0,0.0,86.0,343.5,3.38,175.0,93250.0
1990-11-07 11:00:00+00:00,14.3,74.95,155.0,0.0,155.0,343.5,3.52,183.0,93230.0
1990-11-07 12:00:00+00:00,14.15,74.95,223.0,49.25,201.0,352.2,3.1,181.0,93170.0
1990-11-07 13:00:00+00:00,13.72,80.4,130.0,8.62,127.0,361.7,2.62,173.0,93140.0
1990-11-07 14:00:00+00:00,13.18,89.4,41.0,0.0,41.0,361.1,2.55,172.0,93120.0
1990-11-07 15:00:00+00:00,12.79,95.95,12.0,0.0,12.0,359.55,2.62,177.0,93120.0
1990-11-07 16:00:00+00:00,12.46,99.4,0.0,0.0,0.0,353.55,2.48,174.0,93140.0
1990-11-07 17:00:00+00:00,12.46,99.4,0.0,0.0,0.0,363.05,2.34,170.0,93160.0
1990-11-07 18:00:00+00:00,12.47,99.4,0.0,0.0,0.0,366.35,2.28,163.0,93140.0
1990-11-07 19:00:00+00:00,11.99,99.4,0.0,0.0,0.0,368.65,2.48,159.0,93080.0
1990-11-07 20:00:00+00:00,11.87,99.4,0.0,0.0,0.0,364.8,2.48,158.0,93050.0
1990-11-07 21:00:00+00:00,12.02,100.0,0.0,0.0,0.0,372.95,2.55,163.0,92980.0
1990-11-07 22:00:00+00:00,12.22,99.4,0.0,0.0,0.0,372.75,2.9,174.0,92950.0
1990-11-07 23:00:00+00:00,12.47,99.4,0.0,0.0,0.0,372.35,3.59,186.0,92920.0
1990-11-08 00:00:00+00:00,12.27,100.0,0.0,0.0,0.0,370.4,2.34,195.0,92890.0
1990-11-08 01:00:00+00:00,12.69,99.4,0.0,0.0,0.0,373.4,2.28,204.0,92870.0
1990-11-08 02:00:00+00:00,12.4,99.4,0.0,0.0,0.0,369.05,1.79,218.0,92870.0
1990-11-08 03:00:00+00:00,11.87,99.4,0.0,0.0,0.0,367.3,1.1,226.0,92870.0
1990-11-08 04:00:00+00:00,11.44,99.35,0.0,0.0,0.0,362.1,0.69,233.0,92880.0
1990-11-08 05:00:00+00:00,10.6,95.9,0.0,0.0,0.0,362.1,0.07,258.0,92870.0
1990-11-08 06:00:00+00:00,10.57,99.4,6.0,0.0,6.0,351.65,0.41,73.0,92880.0
1990-11-08 07:00:00+00:00,11.11,99.35,39.0,0.0,39.0,359.55,0.48,208.0,92980.0
1990-11-08 08:00:00+00:00,11.37,99.35,114.0,0.0,114.0,358.4,0.55,193.0,92990.0
1990-11-08 09:00:00+00:00,11.77,86.15,282.0,115.98,228.0,353.0,0.76,195.0,92980.0
1990-11-08 10:00:00+00:00,12.34,80.2,104.0,0.0,104.0,343.5,1.03,218.0,92960.0
1990-11-08 11:00:00+00:00,12.45,80.2,186.0,6.03,183.0,340.6,1.03,245.0,92950.0
1990-11-08 12:00:00+00:00,12.59,77.35,326.0,268.94,207.0,328.4,0.97,263.0,92940.0
1990-11-08 13:00:00+00:00,12.36,74.6,308.0,601.52,101.0,329.4,0.9,289.0,92950.0
1990-11-08 14:00:00+00:00,12.3,71.95,16.0,0.0,16.0,310.4,1.03,326.0,92970.0
1990-11-08 15:00:00+00:00,11.73,71.85,12.0,0.0,12.0,309.65,1.31,356.0,92980.0
1990-11-08 16:00:00+00:00,10.65,71.75,0.0,0.0,0.0,288.35,1.24,17.0,93000.0
1990-11-08 17:00:00+00:00,9.45,82.9,0.0,0.0,0.0,294.15,1.17,31.0,93050.0
1990-11-08 18:00:00+00:00,8.38,85.9,0.0,0.0,0.0,287.4,1.24,39.0,93090.0
1990-11-08 19:00:00+00:00,8.46,82.75,0.0,0.0,0.0,289.5,1.1,39.0,93130.0
1990-11-08 20:00:00+00:00,7.38,85.8,0.0,0.0,0.0,271.5,1.17,45.0,93200.0
1990-11-08 21:00:00+00:00,6.63,89.0,0.0,0.0,0.0,276.15,1.24,49.0,93240.0
1990-11-08 22:00:00+00:00,5.94,92.3,0.0,0.0,0.0,274.05,1.31,48.0,93240.0
1990-11-08 23:00:00+00:00,5.27,92.25,0.0,0.0,0.0,266.1,1.31,48.0,93240.0
1990-11-09 00:00:00+00:00,4.98,95.75,0.0,0.0,0.0,273.25,1.31,50.0,93220.0
1990-11-09 01:00:00+00:00,4.41,95.75,0.0,0.0,0.0,261.55,1.38,51.0,93220.0
1990-11-09 02:00:00+00:00,3.83,95.7,0.0,0.0,0.0,255.45,1.38,54.0,93220.0
1990-11-09 03:00:00+00:00,3.11,95.7,0.0,0.0,0.0,248.65,1.45,58.0,93210.0
1990-11-09 04:00:00+00:00,2.83,99.4,0.0,0.0,0.0,261.85,1.45,58.0,93190.0
1990-11-09 05:00:00+00:00,2.64,95.7,0.0,0.0,0.0,264.15,1.59,58.0,93200.0
1990-11-09 06:00:00+00:00,2.57,95.7,65.0,304.73,35.0,261.05,1.52,58.0,93210.0
1990-11-09 07:00:00+00:00,4.83,92.25,232.0,660.52,65.0,239.0,0.97,65.0,93250.0
1990-11-09 08:00:00+00:00,9.03,68.8,374.0,767.49,85.0,244.4,0.41,87.0,93250.0
1990-11-09 09:00:00+00:00,10.74,61.85,475.0,821.79,96.0,253.15,0.69,214.0,93250.0
1990-11-09 10:00:00+00:00,11.55,61.85,511.0,784.48,118.0,258.35,1.24,234.0,93240.0
1990-11-09 11:00:00+00:00,12.04,59.7,496.0,750.23,126.0,261.05,1.38,238.0,93200.0
1990-11-09 12:00:00+00:00,12.27,57.65,416.0,631.9,139.0,263.6,1.24,233.0,93140.0
1990-11-09 13:00:00+00:00,12.25,57.65,305.0,555.5,116.0,265.9,1.31,226.0,93120.0
1990-11-09 14:00:00+00:00,11.77,62.0,161.0,408.77,77.0,264.95,1.38,222.0,93080.0
1990-11-09 15:00:00+00:00,10.92,66.65,15.0,46.16,13.0,263.4,1.1,222.0,93050.0
1990-11-09 16:00:00+00:00,9.57,79.9,0.0,0.0,0.0,259.3,0.69,209.0,93050.0
1990-11-09 17:00:00+00:00,9.41,79.9,0.0,0.0,0.0,257.0,0.62,140.0,93050.0
1990-11-09 18:00:00+00:00,8.13,82.75,0.0,0.0,0.0,255.25,0.97,114.0,93030.0
1990-11-09 19:00:00+00:00,7.39,82.65,0.0,0.0,0.0,253.3,1.1,110.0,92990.0
1990-11-09 20:00:00+00:00,7.26,79.65,0.0,0.0,0.0,254.1,1.1,115.0,92990.0
1990-11-09 21:00:00+00:00,6.5,85.7,0.0,0.0,0.0,270.35,1.1,102.0,92970.0
1990-11-09 22:00:00+00:00,5.59,85.65,0.0,0.0,0.0,286.4,1.24,93.0,92910.0
1990-11-09 23:00:00+00:00,5.58,88.9,0.0,0.0,0.0,300.55,1.31,95.0,92870.0
1990-11-10 00:00:00+00:00,5.47,88.85,0.0,0.0,0.0,292.05,1.38,103.0,92810.0
1990-11-10 01:00:00+00:00,5.29,85.6,0.0,0.0,0.0,283.45,1.52,109.0,92790.0
1990-11-10 02:00:00+00:00,5.15,79.35,0.0,0.0,0.0,283.9,1.59,116.0,92760.0
1990-11-10 03:00:00+00:00,5.16,79.35,0.0,0.0,0.0,291.45,1.59,119.0,92700.0
1990-11-10 04:00:00+00:00,5.66,79.4,0.0,0.0,0.0,308.5,1.72,115.0,92660.0
1990-11-10 05:00:00+00:00,5.96,85.65,0.0,0.0,0.0,312.35,1.86,110.0,92570.0
1990-11-10 06:00:00+00:00,6.36,88.95,49.0,137.68,36.0,326.1,1.86,118.0,92540.0
1990-11-10 07:00:00+00:00,7.11,85.8,38.0,0.0,38.0,323.95,1.86,119.0,92490.0
1990-11-10 08:00:00+00:00,8.12,85.9,110.0,0.0,110.0,336.35,2.07,135.0,92450.0
1990-11-10 09:00:00+00:00,8.77,92.45,119.0,0.0,119.0,337.9,2.55,151.0,92410.0
1990-11-10 10:00:00+00:00,8.85,95.85,134.0,0.0,134.0,347.2,2.28,156.0,92360.0
1990-11-10 11:00:00+00:00,9.14,95.85,44.0,0.0,44.0,353.4,1.86,158.0,92240.0
1990-11-10 12:00:00+00:00,9.75,95.9,105.0,0.0,105.0,352.0,1.52,168.0,92150.0
1990-11-10 13:00:00+00:00,9.78,92.5,79.0,0.0,79.0,350.3,2.41,176.0,92090.0
1990-11-10 14:00:00+00:00,9.79,95.9,15.0,0.0,15.0,356.1,2.34,171.0,92050.0
1990-11-10 15:00:00+00:00,9.8,95.9,2.0,0.0,2.0,356.5,2.07,165.0,92010.0
1990-11-10 16:00:00+00:00,9.69,95.9,0.0,0.0,0.0,355.9,2.34,173.0,91990.0
1990-11-10 17:00:00+00:00,9.86,99.4,0.0,0.0,0.0,357.25,2.0,193.0,92030.0
1990-11-10 18:00:00+00:00,9.97,99.4,0.0,0.0,0.0,358.8,1.66,202.0,92030.0
1990-11-10 19:00:00+00:00,10.3,99.4,0.0,0.0,0.0,360.55,1.72,218.0,91910.0
1990-11-10 20:00:00+00:00,9.74,95.9,0.0,0.0,0.0,363.85,1.66,227.0,91920.0
1990-11-10 21:00:00+00:00,8.84,95.85,0.0,0.0,0.0,349.3,0.83,210.0,91960.0
1990-11-10 22:00:00+00:00,8.52,99.4,0.0,0.0,0.0,350.85,0.76,166.0,91950.0
1990-11-10 23:00:00+00:00,7.99,99.4,0.0,0.0,0.0,341.95,1.24,153.0,91880.0
1990-11-11 00:00:00+00:00,7.61,95.8,0.0,0.0,0.0,335.75,1.38,146.0,91840.0
1990-11-11 01:00:00+00:00,7.71,95.8,0.0,0.0,0.0,340.9,1.45,155.0,91780.0
1990-11-11 02:00:00+00:00,7.84,99.4,0.0,0.0,0.0,330.15,1.93,170.0,91720.0
1990-11-11 03:00:00+00:00,7.97,95.8,0.0,0.0,0.0,338.85,2.76,187.0,91630.0
1990-11-11 04:00:00+00:00,7.8,92.4,0.0,0.0,0.0,339.45,2.69,193.0,91610.0
1990-11-11 05:00:00+00:00,7.6,92.4,0.0,0.0,0.0,341.0,2.55,197.0,91590.0
1990-11-11 06:00:00+00:00,7.13,95.8,36.0,44.24,32.0,341.4,1.52,192.0,91600.0
1990-11-11 07:00:00+00:00,7.5,99.4,93.0,12.27,90.0,337.7,0.9,233.0,91590.0
1990-11-11 08:00:00+00:00,7.86,92.4,246.0,190.24,176.0,331.9,1.52,229.0,91640.0
1990-11-11 09:00:00+00:00,8.24,92.4,82.0,0.0,82.0,316.4,1.86,232.0,91710.0
1990-11-11 10:00:00+00:00,8.8,85.95,494.0,781.93,109.0,297.85,2.69,242.0,91760.0
1990-11-11 11:00:00+00:00,9.17,79.9,60.0,0.0,60.0,283.5,2.76,248.0,91790.0
1990-11-11 12:00:00+00:00,9.29,77.0,358.0,418.26,178.0,293.95,2.76,247.0,91820.0
1990-11-11 13:00:00+00:00,9.15,74.2,250.0,312.59,146.0,289.3,2.76,248.0,91850.0
1990-11-11 14:00:00+00:00,8.66,74.15,112.0,125.94,87.0,282.35,3.17,250.0,91920.0
1990-11-11 15:00:00+00:00,7.66,85.85,9.0,0.0,9.0,280.6,2.07,241.0,92010.0
1990-11-11 16:00:00+00:00,7.22,95.8,0.0,0.0,0.0,291.65,1.86,236.0,92120.0
1990-11-11 17:00:00+00:00,6.09,92.3,0.0,0.0,0.0,293.2,0.69,218.0,92220.0
1990-11-11 18:00:00+00:00,6.18,95.8,0.0,0.0,0.0,302.5,0.9,169.0,92250.0
1990-11-11 19:00:00+00:00,6.42,88.95,0.0,0.0,0.0,285.25,0.62,164.0,92320.0
1990-11-11 20:00:00+00:00,5.81,92.3,0.0,0.0,0.0,291.65,0.9,134.0,92330.0
1990-11-11 21:00:00+00:00,5.36,95.75,0.0,0.0,0.0,295.9,0.9,101.0,92360.0
1990-11-11 22:00:00+00:00,4.76,95.75,0.0,0.0,0.0,288.95,1.03,97.0,92360.0
1990-11-11 23:00:00+00:00,4.74,95.75,0.0,0.0,0.0,302.5,1.03,121.0,92350.0
1990-11-12 00:00:00+00:00,4.51,99.4,0.0,0.0,0.0,296.65,1.03,108.0,92350.0
1990-11-12 01:00:00+00:00,4.47,99.4,0.0,0.0,0.0,298.5,1.17,88.0,92350.0
1990-11-12 02:00:00+00:00,4.3,95.75,0.0,0.0,0.0,290.5,1.17,74.0,92320.0
1990-11-12 03:00:00+00:00,3.6,95.7,0.0,0.0,0.0,269.95,1.24,68.0,92320.0
1990-11-12 04:00:00+00:00,3.42,99.4,0.0,0.0,0.0,282.35,1.24,69.0,92320.0
1990-11-12 05:00:00+00:00,3.44,99.4,0.0,0.0,0.0,294.55,1.17,64.0,92320.0
1990-11-12 06:00:00+00:00,3.52,99.4,32.0,34.71,29.0,290.3,1.31,63.0,92370.0
1990-11-12 07:00:00+00:00,5.55,85.65,164.0,249.69,104.0,300.95,0.69,73.0,92300.0
1990-11-12 08:00:00+00:00,7.64,79.7,137.0,8.25,134.0,284.65,0.76,108.0,92360.0
1990-11-12 09:00:00+00:00,9.08,71.5,122.0,0.0,122.0,307.3,1.1,153.0,92350.0
1990-11-12 10:00:00+00:00,9.32,71.5,98.0,0.0,98.0,319.7,1.45,185.0,92380.0
1990-11-12 11:00:00+00:00,9.58,71.5,298.0,124.81,238.0,322.4,1.59,193.0,92370.0
1990-11-12 12:00:00+00:00,9.51,71.5,185.0,21.1,176.0,331.7,1.38,191.0,92340.0
1990-11-12 13:00:00+00:00,9.41,71.5,155.0,39.51,142.0,334.6,0.97,178.0,92300.0
1990-11-12 14:00:00+00:00,9.51,71.5,43.0,0.0,43.0,324.95,1.03,179.0,92330.0
1990-11-12 15:00:00+00:00,8.86,76.95,2.0,0.0,2.0,322.4,0.55,189.0,92360.0
1990-11-12 16:00:00+00:00,8.49,79.75,0.0,0.0,0.0,323.75,0.21,96.0,92420.0
1990-11-12 17:00:00+00:00,7.73,89.05,0.0,0.0,0.0,329.2,0.69,67.0,92440.0
1990-11-12 18:00:00+00:00,7.17,92.35,0.0,0.0,0.0,319.5,0.97,71.0,92450.0
1990-11-12 19:00:00+00:00,6.69,92.35,0.0,0.0,0.0,316.6,0.97,91.0,92430.0
1990-11-12 20:00:00+00:00,6.24,92.3,0.0,0.0,0.0,306.15,1.03,76.0,92470.0
1990-11-12 21:00:00+00:00,6.13,92.3,0.0,0.0,0.0,313.1,1.1,54.0,92530.0
1990-11-12 22:00:00+00:00,5.8,95.75,0.0,0.0,0.0,305.75,1.17,50.0,92530.0
1990-11-12 23:00:00+00:00,4.91,95.75,0.0,0.0,0.0,281.0,1.31,50.0,92530.0
1990-11-13 00:00:00+00:00,3.63,95.7,0.0,0.0,0.0,257.95,1.45,42.0,92540.0
1990-11-13 01:00:00+00:00,2.51,99.4,0.0,0.0,0.0,259.8,1.45,41.0,92620.0
1990-11-13 02:00:00+00:00,1.98,100.0,0.0,0.0,0.0,273.65,1.31,51.0,92630.0
1990-11-13 03:00:00+00:00,1.49,100.0,0.0,0.0,0.0,264.55,1.38,48.0,92650.0
1990-11-13 04:00:00+00:00,1.07,99.35,0.0,0.0,0.0,260.65,1.45,53.0,92700.0
1990-11-13 05:00:00+00:00,0.71,99.4,0.0,0.0,0.0,259.7,1.38,54.0,92740.0
1990-11-13 06:00:00+00:00,0.72,99.4,47.0,218.19,29.0,259.5,1.38,58.0,92780.0
1990-11-13 07:00:00+00:00,2.76,95.7,203.0,571.57,68.0,262.05,1.17,54.0,92860.0
1990-11-13 08:00:00+00:00,6.53,92.3,346.0,737.13,81.0,270.35,0.55,62.0,92910.0
1990-11-13 09:00:00+00:00,9.35,71.5,441.0,776.97,96.0,278.3,0.14,280.0,92930.0
1990-11-13 10:00:00+00:00,10.88,64.25,493.0,822.28,95.0,276.55,0.62,271.0,92980.0
1990-11-13 11:00:00+00:00,11.87,62.0,487.0,828.56,92.0,271.9,0.9,263.0,92970.0
1990-11-13 12:00:00+00:00,12.34,59.85,427.0,816.23,82.0,274.4,1.1,252.0,92900.0
1990-11-13 13:00:00+00:00,12.25,62.1,306.0,700.41,78.0,274.6,1.59,257.0,92890.0
1990-11-13 14:00:00+00:00,11.54,66.65,155.0,500.24,59.0,278.65,1.79,266.0,92940.0
1990-11-13 15:00:00+00:00,10.61,69.15,7.0,0.0,7.0,293.0,0.9,259.0,92960.0
1990-11-13 16:00:00+00:00,10.01,77.1,0.0,0.0,0.0,300.95,0.28,246.0,93010.0
1990-11-13 17:00:00+00:00,9.42,79.9,0.0,0.0,0.0,277.3,0.34,108.0,93040.0
1990-11-13 18:00:00+00:00,8.89,82.85,0.0,0.0,0.0,280.8,0.55,99.0,93060.0
1990-11-13 19:00:00+00:00,7.83,92.4,0.0,0.0,0.0,289.5,0.83,111.0,93090.0
1990-11-13 20:00:00+00:00,6.92,95.8,0.0,0.0,0.0,282.55,0.9,107.0,93130.0
1990-11-13 21:00:00+00:00,6.32,95.8,0.0,0.0,0.0,281.6,1.03,115.0,93160.0
1990-11-13 22:00:00+00:00,5.97,95.75,0.0,0.0,0.0,273.45,1.17,113.0,93150.0
1990-11-13 23:00:00+00:00,5.96,95.75,0.0,0.0,0.0,279.65,1.1,104.0,93140.0
1990-11-14 00:00:00+00:00,5.55,92.3,0.0,0.0,0.0,292.2,1.17,98.0,93110.0
1990-11-14 01:00:00+00:00,5.42,95.75,0.0,0.0,0.0,299.1,1.17,91.0,93110.0
1990-11-14 02:00:00+00:00,5.42,95.75,0.0,0.0,0.0,306.55,1.17,80.0,93120.0
1990-11-14 03:00:00+00:00,5.52,99.4,0.0,0.0,0.0,316.05,1.1,76.0,93120.0
1990-11-14 04:00:00+00:00,5.68,95.75,0.0,0.0,0.0,318.95,1.03,76.0,93130.0
1990-11-14 05:00:00+00:00,5.42,99.4,0.0,0.0,0.0,302.5,1.17,76.0,93120.0
1990-11-14 06:00:00+00:00,5.48,99.4,24.0,12.73,23.0,306.55,1.17,74.0,93120.0
1990-11-14 07:00:00+00:00,6.93,95.8,135.0,142.17,102.0,307.5,0.76,82.0,93160.0
1990-11-14 08:00:00+00:00,9.18,82.9,199.0,95.68,165.0,324.95,0.76,103.0,93180.0
1990-11-14 09:00:00+00:00,10.74,77.2,239.0,72.75,207.0,330.55,1.38,149.0,93140.0
1990-11-14 10:00:00+00:00,11.45,83.05,138.0,0.0,138.0,354.75,1.72,176.0,93130.0
1990-11-14 11:00:00+00:00,11.64,80.15,208.0,21.15,198.0,345.65,1.38,189.0,93120.0
1990-11-14 12:00:00+00:00,11.63,83.1,210.0,50.12,189.0,347.95,1.24,190.0,93090.0
1990-11-14 13:00:00+00:00,11.65,83.1,211.0,195.61,148.0,357.85,1.38,178.0,93050.0
1990-11-14 14:00:00+00:00,11.6,86.1,79.0,37.09,72.0,357.25,1.52,171.0,93000.0
1990-11-14 15:00:00+00:00,11.26,86.1,1.0,0.0,1.0,359.75,1.31,161.0,92950.0
1990-11-14 16:00:00+00:00,10.71,86.1,0.0,0.0,0.0,352.4,1.1,141.0,92970.0
1990-11-14 17:00:00+00:00,10.06,92.5,0.0,0.0,0.0,333.25,1.1,129.0,92990.0
1990-11-14 18:00:00+00:00,9.47,95.85,0.0,0.0,0.0,328.8,1.24,120.0,93010.0
1990-11-14 19:00:00+00:00,9.35,92.45,0.0,0.0,0.0,329.4,1.45,115.0,92940.0
1990-11-14 20:00:00+00:00,9.37,92.45,0.0,0.0,0.0,339.45,1.45,114.0,92890.0
1990-11-14 21:00:00+00:00,9.52,95.85,0.0,0.0,0.0,343.7,1.52,121.0,92860.0
1990-11-14 22:00:00+00:00,9.83,92.5,0.0,0.0,0.0,354.55,1.59,133.0,92800.0
1990-11-14 23:00:00+00:00,10.18,92.5,0.0,0.0,0.0,356.65,1.72,144.0,92760.0
1990-11-15 00:00:00+00:00,10.54,95.9,0.0,0.0,0.0,362.1,1.79,149.0,92700.0
1990-11-15 01:00:00+00:00,10.87,95.9,0.0,0.0,0.0,360.85,1.86,154.0,92630.0
1990-11-15 02:00:00+00:00,11.1,99.35,0.0,0.0,0.0,365.0,1.86,160.0,92590.0
1990-11-15 03:00:00+00:00,11.2,99.35,0.0,0.0,0.0,364.6,1.86,164.0,92550.0
1990-11-15 04:00:00+00:00,11.26,100.0,0.0,0.0,0.0,366.15,1.93,163.0,92540.0
1990-11-15 05:00:00+00:00,11.31,100.0,0.0,0.0,0.0,367.1,1.66,162.0,92520.0
1990-11-15 06:00:00+00:00,11.35,100.0,13.0,0.0,13.0,363.25,1.52,164.0,92530.0
1990-11-15 07:00:00+00:00,11.44,100.0,34.0,0.0,34.0,369.65,2.14,160.0,92550.0
1990-11-15 08:00:00+00:00,11.9,99.4,70.0,0.0,70.0,368.65,2.21,168.0,92560.0
1990-11-15 09:00:00+00:00,12.47,99.4,69.0,0.0,69.0,377.4,1.93,177.0,92540.0
1990-11-15 10:00:00+00:00,12.77,99.4,61.0,0.0,61.0,372.15,1.52,196.0,92540.0
1990-11-15 11:00:00+00:00,12.99,99.4,162.0,2.13,161.0,376.6,1.38,207.0,92480.0
1990-11-15 12:00:00+00:00,12.55,100.0,36.0,0.0,36.0,375.05,1.24,211.0,92450.0
1990-11-15 13:00:00+00:00,12.43,99.4,26.0,0.0,26.0,372.95,0.69,208.0,92420.0
1990-11-15 14:00:00+00:00,12.09,99.4,64.0,10.77,62.0,370.6,0.41,330.0,92460.0
1990-11-15 15:00:00+00:00,10.91,95.9,1.0,0.0,1.0,364.0,1.79,25.0,92530.0
1990-11-15 16:00:00+00:00,9.12,89.15,0.0,0.0,0.0,353.0,2.48,37.0,92640.0
1990-11-15 17:00:00+00:00,7.85,76.8,0.0,0.0,0.0,342.75,2.28,49.0,92700.0
1990-11-15 18:00:00+00:00,7.32,79.65,0.0,0.0,0.0,325.1,2.0,52.0,92740.0
1990-11-15 19:00:00+00:00,6.41,79.5,0.0,0.0,0.0,321.85,1.93,50.0,92830.0
1990-11-15 20:00:00+00:00,6.08,79.5,0.0,0.0,0.0,297.85,1.93,49.0,92840.0
1990-11-15 21:00:00+00:00,5.13,82.4,0.0,0.0,0.0,256.8,2.07,44.0,92900.0
1990-11-15 22:00:00+00:00,4.31,85.5,0.0,0.0,0.0,247.9,2.14,43.0,92950.0
1990-11-15 23:00:00+00:00,3.66,88.75,0.0,0.0,0.0,242.1,2.07,45.0,93000.0
1990-11-16 00:00:00+00:00,3.25,88.7,0.0,0.0,0.0,243.65,2.07,48.0,93030.0
1990-11-16 01:00:00+00:00,2.86,92.15,0.0,0.0,0.0,240.05,2.0,49.0,93050.0
1990-11-16 02:00:00+00:00,2.38,92.1,0.0,0.0,0.0,239.0,2.0,48.0,93100.0
1990-11-16 03:00:00+00:00,2.04,92.1,0.0,0.0,0.0,240.55,2.0,48.0,93110.0
1990-11-16 04:00:00+00:00,1.78,95.65,0.0,0.0,0.0,238.4,2.07,48.0,93140.0
1990-11-16 05:00:00+00:00,1.67,92.05,0.0,0.0,0.0,243.45,2.07,50.0,93140.0
1990-11-16 06:00:00+00:00,1.47,95.65,38.0,183.49,25.0,237.05,2.0,51.0,93160.0
1990-11-16 07:00:00+00:00,2.39,95.65,195.0,575.65,66.0,247.15,1.66,52.0,93260.0
1990-11-16 08:00:00+00:00,6.1,85.7,338.0,737.36,82.0,250.8,1.24,52.0,93290.0
1990-11-16 09:00:00+00:00,8.96,66.25,432.0,768.99,100.0,267.05,1.24,55.0,93290.0
1990-11-16 10:00:00+00:00,10.5,55.15,485.0,822.08,97.0,268.4,1.03,63.0,93270.0
1990-11-16 11:00:00+00:00,11.55,51.25,482.0,840.55,91.0,258.95,0.55,90.0,93230.0
1990-11-16 12:00:00+00:00,12.1,47.6,420.0,815.96,84.0,258.75,0.69,174.0,93160.0
1990-11-16 13:00:00+00:00,12.15,45.95,301.0,713.27,76.0,260.1,1.17,198.0,93130.0
1990-11-16 14:00:00+00:00,11.68,47.6,138.0,383.06,68.0,260.5,1.17,207.0,93100.0
1990-11-16 15:00:00+00:00,10.34,66.55,0.0,0.0,0.0,263.0,0.76,212.0,93110.0
1990-11-16 16:00:00+00:00,9.58,59.25,0.0,0.0,0.0,265.9,0.76,158.0,93070.0
1990-11-16 17:00:00+00:00,8.09,66.15,0.0,0.0,0.0,285.85,1.1,129.0,93040.0
1990-11-16 18:00:00+00:00,7.23,68.5,0.0,0.0,0.0,291.45,1.24,118.0,92990.0
1990-11-16 19:00:00+00:00,6.59,73.8,0.0,0.0,0.0,285.45,1.17,115.0,92950.0
1990-11-16 20:00:00+00:00,6.2,76.55,0.0,0.0,0.0,291.65,1.24,114.0,92930.0
1990-11-16 21:00:00+00:00,5.96,79.4,0.0,0.0,0.0,297.45,1.31,114.0,92900.0
1990-11-16 22:00:00+00:00,6.08,73.7,0.0,0.0,0.0,308.5,1.59,130.0,92870.0
1990-11-16 23:00:00+00:00,6.43,73.7,0.0,0.0,0.0,316.2,1.59,135.0,92810.0
1990-11-17 00:00:00+00:00,6.47,73.7,0.0,0.0,0.0,313.3,1.66,134.0,92760.0
1990-11-17 01:00:00+00:00,7.02,68.4,0.0,0.0,0.0,323.5,1.86,140.0,92700.0
1990-11-17 02:00:00+00:00,7.67,63.6,0.0,0.0,0.0,333.85,2.21,147.0,92600.0
1990-11-17 03:00:00+00:00,7.95,66.05,0.0,0.0,0.0,335.95,2.34,150.0,92510.0
1990-11-17 04:00:00+00:00,8.08,68.7,0.0,0.0,0.0,344.5,2.41,150.0,92450.0
1990-11-17 05:00:00+00:00,7.95,79.7,0.0,0.0,0.0,347.95,2.34,152.0,92390.0
1990-11-17 06:00:00+00:00,7.55,89.0,5.0,0.0,5.0,342.75,2.21,152.0,92350.0
1990-11-17 07:00:00+00:00,8.61,89.1,74.0,4.54,73.0,350.65,2.0,157.0,92380.0
1990-11-17 08:00:00+00:00,9.51,92.45,218.0,160.27,163.0,351.65,2.34,169.0,92340.0
1990-11-17 09:00:00+00:00,10.29,89.25,223.0,58.44,198.0,342.95,2.48,177.0,92300.0
1990-11-17 10:00:00+00:00,11.14,89.3,455.0,717.79,119.0,353.2,2.69,187.0,92200.0
1990-11-17 11:00:00+00:00,11.08,95.9,41.0,0.0,41.0,354.35,2.48,203.0,92140.0
1990-11-17 12:00:00+00:00,11.38,95.9,175.0,19.59,167.0,335.95,2.41,231.0,92070.0
1990-11-17 13:00:00+00:00,10.87,89.3,282.0,627.63,86.0,332.85,2.62,260.0,92070.0
1990-11-17 14:00:00+00:00,10.39,86.05,140.0,450.3,59.0,321.05,1.31,253.0,92060.0
1990-11-17 15:00:00+00:00,9.82,86.0,0.0,0.0,0.0,298.4,1.45,256.0,92080.0
1990-11-17 16:00:00+00:00,8.21,89.1,0.0,0.0,0.0,285.25,0.97,275.0,92120.0
1990-11-17 17:00:00+00:00,7.09,92.35,0.0,0.0,0.0,295.9,1.1,360.0,92130.0
1990-11-17 18:00:00+00:00,6.64,89.0,0.0,0.0,0.0,296.5,2.34,20.0,92180.0
1990-11-17 19:00:00+00:00,6.18,76.55,0.0,0.0,0.0,304.4,3.72,30.0,92210.0
1990-11-17 20:00:00+00:00,5.41,76.4,0.0,0.0,0.0,298.05,3.93,32.0,92250.0
1990-11-17 21:00:00+00:00,4.91,68.0,0.0,0.0,0.0,285.65,4.0,32.0,92300.0
1990-11-17 22:00:00+00:00,4.18,60.4,0.0,0.0,0.0,253.1,3.86,33.0,92340.0
1990-11-17 23:00:00+00:00,3.49,53.4,0.0,0.0,0.0,239.6,4.0,32.0,92380.0
1990-11-18 00:00:00+00:00,2.69,51.15,0.0,0.0,0.0,222.55,4.14,30.0,92410.0
1990-11-18 01:00:00+00:00,1.99,55.2,0.0,0.0,0.0,225.75,4.28,29.0,92460.0
1990-11-18 02:00:00+00:00,1.39,62.15,0.0,0.0,0.0,219.05,4.28,29.0,92510.0
1990-11-18 03:00:00+00:00,1.05,62.15,0.0,0.0,0.0,226.6,4.28,28.0,92540.0
1990-11-18 04:00:00+00:00,0.78,64.55,0.0,0.0,0.0,227.75,3.93,28.0,92580.0
1990-11-18 05:00:00+00:00,0.53,64.55,0.0,0.0,0.0,220.05,3.93,26.0,92630.0
1990-11-18 06:00:00+00:00,0.39,64.55,31.0,126.45,23.0,220.6,3.59,21.0,92690.0
1990-11-18 07:00:00+00:00,1.06,64.65,191.0,591.92,63.0,235.15,4.07,18.0,92710.0
1990-11-18 08:00:00+00:00,2.14,57.6,334.0,745.8,81.0,242.1,4.62,20.0,92760.0
1990-11-18 09:00:00+00:00,3.28,55.55,432.0,788.03,98.0,229.5,4.83,18.0,92780.0
1990-11-18 10:00:00+00:00,4.3,49.55,489.0,852.89,93.0,233.95,4.83,15.0,92840.0
1990-11-18 11:00:00+00:00,5.08,46.0,481.0,847.41,93.0,240.15,4.48,13.0,92840.0
1990-11-18 12:00:00+00:00,5.5,46.0,414.0,805.0,88.0,231.85,4.14,8.0,92860.0
1990-11-18 13:00:00+00:00,5.55,42.55,302.0,740.59,73.0,229.9,4.0,5.0,92910.0
1990-11-18 14:00:00+00:00,5.1,44.15,148.0,525.05,55.0,241.15,3.59,5.0,92960.0
1990-11-18 15:00:00+00:00,4.29,47.6,0.0,0.0,0.0,232.8,3.1,4.0,93010.0
1990-11-18 16:00:00+00:00,3.45,51.3,0.0,0.0,0.0,233.75,2.97,4.0,93070.0
1990-11-18 17:00:00+00:00,2.78,55.45,0.0,0.0,0.0,231.85,2.97,3.0,93120.0
1990-11-18 18:00:00+00:00,2.3,59.95,0.0,0.0,0.0,236.65,2.97,7.0,93160.0
1990-11-18 19:00:00+00:00,2.38,59.95,0.0,0.0,0.0,238.6,3.17,8.0,93120.0
1990-11-18 20:00:00+00:00,2.08,59.95,0.0,0.0,0.0,237.25,3.03,8.0,93110.0
1990-11-18 21:00:00+00:00,1.78,62.25,0.0,0.0,0.0,235.7,2.9,2.0,93120.0
1990-11-18 22:00:00+00:00,1.46,67.3,0.0,0.0,0.0,235.9,2.83,2.0,93150.0
1990-11-18 23:00:00+00:00,1.21,64.65,0.0,0.0,0.0,242.1,2.48,6.0,93130.0
1990-11-19 00:00:00+00:00,0.86,67.2,0.0,0.0,0.0,234.75,2.34,6.0,93180.0
1990-11-19 01:00:00+00:00,0.35,64.55,0.0,0.0,0.0,234.45,2.0,20.0,93180.0
1990-11-19 02:00:00+00:00,0.06,64.55,0.0,0.0,0.0,236.65,1.86,25.0,93170.0
1990-11-19 03:00:00+00:00,-0.46,67.1,0.0,0.0,0.0,228.95,1.66,35.0,93150.0
1990-11-19 04:00:00+00:00,-1.26,75.45,0.0,0.0,0.0,225.45,1.52,41.0,93150.0
1990-11-19 05:00:00+00:00,-1.86,81.65,0.0,0.0,0.0,224.3,1.45,41.0,93130.0
1990-11-19 06:00:00+00:00,-2.07,84.85,25.0,83.98,20.0,226.2,1.45,45.0,93130.0
1990-11-19 07:00:00+00:00,-0.38,78.65,175.0,499.07,69.0,230.1,1.31,43.0,93120.0
1990-11-19 08:00:00+00:00,2.66,62.5,280.0,450.29,129.0,234.75,1.24,40.0,93150.0
1990-11-19 09:00:00+00:00,4.87,53.8,390.0,616.68,131.0,242.5,0.97,32.0,93120.0
1990-11-19 10:00:00+00:00,6.8,42.85,463.0,785.96,101.0,250.6,0.76,2.0,93100.0
1990-11-19 11:00:00+00:00,8.09,36.9,458.0,794.55,97.0,255.65,0.97,323.0,93080.0
1990-11-19 12:00:00+00:00,8.81,34.2,400.0,781.67,86.0,258.75,1.03,307.0,93030.0
1990-11-19 13:00:00+00:00,8.96,34.2,171.0,94.7,142.0,259.9,0.97,280.0,92980.0
1990-11-19 14:00:00+00:00,8.51,38.4,139.0,475.71,56.0,262.4,1.03,266.0,92990.0
1990-11-19 15:00:00+00:00,7.32,50.35,0.0,0.0,0.0,266.3,0.97,259.0,92990.0
1990-11-19 16:00:00+00:00,6.7,48.25,0.0,0.0,0.0,261.45,0.55,266.0,93020.0
1990-11-19 17:00:00+00:00,6.15,52.1,0.0,0.0,0.0,262.4,0.34,336.0,93040.0
1990-11-19 18:00:00+00:00,5.56,56.2,0.0,0.0,0.0,267.25,0.69,47.0,93060.0
1990-11-19 19:00:00+00:00,2.93,76.0,0.0,0.0,0.0,258.35,1.03,68.0,93070.0
1990-11-19 20:00:00+00:00,2.04,82.05,0.0,0.0,0.0,259.15,1.17,64.0,93090.0
1990-11-19 21:00:00+00:00,1.56,85.25,0.0,0.0,0.0,263.0,1.24,64.0,93100.0
1990-11-19 22:00:00+00:00,1.31,88.55,0.0,0.0,0.0,264.55,1.24,68.0,93080.0
1990-11-19 23:00:00+00:00,1.32,88.55,0.0,0.0,0.0,267.65,1.24,70.0,93040.0
1990-11-20 00:00:00+00:00,1.43,85.2,0.0,0.0,0.0,267.85,1.17,70.0,93010.0
1990-11-20 01:00:00+00:00,1.49,85.2,0.0,0.0,0.0,267.35,1.24,67.0,93010.0
1990-11-20 02:00:00+00:00,1.21,85.2,0.0,0.0,0.0,264.75,1.31,66.0,93000.0
1990-11-20 03:00:00+00:00,0.98,88.5,0.0,0.0,0.0,263.0,1.24,64.0,92980.0
1990-11-20 04:00:00+00:00,0.97,92.0,0.0,0.0,0.0,267.65,1.24,64.0,92980.0
1990-11-20 05:00:00+00:00,1.07,88.55,0.0,0.0,0.0,269.75,1.24,65.0,92940.0
1990-11-20 06:00:00+00:00,1.25,92.05,3.0,0.0,3.0,274.2,1.24,65.0,92940.0
1990-11-20 07:00:00+00:00,3.48,92.15,22.0,0.0,22.0,318.55,0.69,61.0,92970.0
1990-11-20 08:00:00+00:00,5.46,88.85,46.0,0.0,46.0,310.6,0.41,66.0,92980.0
1990-11-20 09:00:00+00:00,7.06,82.6,64.0,0.0,64.0,331.5,0.21,164.0,92970.0
1990-11-20 10:00:00+00:00,7.73,82.7,41.0,0.0,41.0,343.9,0.48,220.0,92940.0
1990-11-20 11:00:00+00:00,8.22,82.75,160.0,4.44,158.0,342.75,0.62,242.0,92870.0
1990-11-20 12:00:00+00:00,8.28,82.75,51.0,0.0,51.0,347.0,0.55,258.0,92830.0
1990-11-20 13:00:00+00:00,8.45,82.75,44.0,0.0,44.0,346.8,0.41,263.0,92800.0
1990-11-20 14:00:00+00:00,8.52,82.75,24.0,0.0,24.0,352.8,0.28,276.0,92780.0
1990-11-20 15:00:00+00:00,8.24,82.75,0.0,0.0,0.0,342.35,0.14,86.0,92760.0
1990-11-20 16:00:00+00:00,7.67,89.05,0.0,0.0,0.0,335.0,0.62,96.0,92760.0
1990-11-20 17:00:00+00:00,7.05,92.35,0.0,0.0,0.0,317.95,0.69,105.0,92740.0
1990-11-20 18:00:00+00:00,6.65,89.0,0.0,0.0,0.0,314.5,0.76,101.0,92750.0
1990-11-20 19:00:00+00:00,6.78,92.35,0.0,0.0,0.0,351.45,0.9,93.0,92740.0
1990-11-20 20:00:00+00:00,6.76,92.35,0.0,0.0,0.0,340.6,0.97,86.0,92740.0
1990-11-20 21:00:00+00:00,6.75,92.35,0.0,0.0,0.0,342.15,0.97,82.0,92710.0
1990-11-20 22:00:00+00:00,6.42,95.8,0.0,0.0,0.0,327.85,1.03,76.0,92670.0
1990-11-20 23:00:00+00:00,6.16,95.8,0.0,0.0,0.0,324.35,1.17,71.0,92650.0
1990-11-21 00:00:00+00:00,5.98,95.75,0.0,0.0,0.0,325.1,1.17,69.0,92590.0
1990-11-21 01:00:00+00:00,6.26,95.8,0.0,0.0,0.0,336.05,1.31,74.0,92560.0
1990-11-21 02:00:00+00:00,6.54,92.3,0.0,0.0,0.0,345.45,1.31,78.0,92500.0
1990-11-21 03:00:00+00:00,6.88,85.75,0.0,0.0,0.0,347.95,1.38,84.0,92430.0
1990-11-21 04:00:00+00:00,7.26,82.65,0.0,0.0,0.0,348.55,1.45,95.0,92370.0
1990-11-21 05:00:00+00:00,7.53,85.8,0.0,0.0,0.0,350.85,1.66,107.0,92310.0
1990-11-21 06:00:00+00:00,7.64,89.05,3.0,0.0,3.0,352.8,1.93,123.0,92290.0
1990-11-21 07:00:00+00:00,7.29,89.0,36.0,0.0,36.0,343.3,1.86,120.0,92320.0
1990-11-21 08:00:00+00:00,7.6,89.05,37.0,0.0,37.0,346.2,2.0,122.0,92270.0
1990-11-21 09:00:00+00:00,7.93,92.4,54.0,0.0,54.0,349.9,1.86,122.0,92230.0
1990-11-21 10:00:00+00:00,8.29,92.4,59.0,0.0,59.0,350.5,1.86,130.0,92180.0
1990-11-21 11:00:00+00:00,8.43,95.85,87.0,0.0,87.0,353.4,1.72,131.0,92100.0
1990-11-21 12:00:00+00:00,8.66,95.85,43.0,0.0,43.0,353.4,1.72,130.0,92020.0
1990-11-21 13:00:00+00:00,8.69,95.85,45.0,0.0,45.0,356.65,1.59,131.0,91940.0
1990-11-21 14:00:00+00:00,8.36,99.4,29.0,0.0,29.0,355.5,1.52,122.0,91930.0
1990-11-21 15:00:00+00:00,8.38,99.4,0.0,0.0,0.0,353.75,1.59,110.0,91910.0
1990-11-21 16:00:00+00:00,8.45,99.4,0.0,0.0,0.0,358.2,1.52,110.0,91890.0
1990-11-21 17:00:00+00:00,8.66,95.85,0.0,0.0,0.0,357.05,1.59,117.0,91850.0
1990-11-21 18:00:00+00:00,8.74,95.85,0.0,0.0,0.0,356.65,1.38,130.0,91840.0
1990-11-21 19:00:00+00:00,9.11,95.85,0.0,0.0,0.0,357.05,1.31,130.0,91840.0
1990-11-21 20:00:00+00:00,8.83,99.4,0.0,0.0,0.0,350.85,1.24,122.0,91840.0
1990-11-21 21:00:00+00:00,8.57,99.4,0.0,0.0,0.0,349.9,1.38,86.0,91840.0
1990-11-21 22:00:00+00:00,8.29,95.85,0.0,0.0,0.0,345.05,1.45,60.0,91840.0
1990-11-21 23:00:00+00:00,7.71,92.4,0.0,0.0,0.0,334.0,1.52,48.0,91800.0
1990-11-22 00:00:00+00:00,7.2,92.35,0.0,0.0,0.0,338.5,1.66,52.0,91820.0
1990-11-22 01:00:00+00:00,6.94,92.35,0.0,0.0,0.0,346.15,1.79,50.0,91790.0
1990-11-22 02:00:00+00:00,6.59,92.35,0.0,0.0,0.0,340.8,1.93,44.0,91760.0
1990-11-22 03:00:00+00:00,6.15,92.3,0.0,0.0,0.0,334.6,2.07,44.0,91750.0
1990-11-22 04:00:00+00:00,5.9,92.3,0.0,0.0,0.0,338.1,2.14,44.0,91750.0
1990-11-22 05:00:00+00:00,5.62,92.3,0.0,0.0,0.0,339.05,2.21,42.0,91750.0
1990-11-22 06:00:00+00:00,5.23,92.25,21.0,123.42,15.0,332.1,2.28,41.0,91810.0
1990-11-22 07:00:00+00:00,5.6,92.3,34.0,0.0,34.0,334.6,2.28,45.0,91900.0
1990-11-22 08:00:00+00:00,5.53,92.25,27.0,0.0,27.0,331.9,2.28,43.0,91950.0
1990-11-22 09:00:00+00:00,5.58,88.9,35.0,0.0,35.0,338.5,2.28,44.0,92010.0
1990-11-22 10:00:00+00:00,5.69,85.65,40.0,0.0,40.0,335.95,2.41,46.0,92060.0
1990-11-22 11:00:00+00:00,5.83,88.9,56.0,0.0,56.0,335.2,2.34,46.0,92080.0
1990-11-22 12:00:00+00:00,5.91,88.9,49.0,0.0,49.0,338.85,2.34,45.0,92140.0
1990-11-22 13:00:00+00:00,5.87,88.9,46.0,0.0,46.0,338.3,2.34,44.0,92200.0
1990-11-22 14:00:00+00:00,5.75,88.9,12.0,0.0,12.0,339.25,2.34,44.0,92250.0
1990-11-22 15:00:00+00:00,5.39,88.85,0.0,0.0,0.0,332.1,2.41,44.0,92330.0
1990-11-22 16:00:00+00:00,5.02,92.25,0.0,0.0,0.0,329.55,2.48,44.0,92400.0
1990-11-22 17:00:00+00:00,4.74,88.85,0.0,0.0,0.0,324.95,2.48,45.0,92480.0
1990-11-22 18:00:00+00:00,4.24,88.8,0.0,0.0,0.0,304.2,2.55,46.0,92560.0
1990-11-22 19:00:00+00:00,3.98,88.75,0.0,0.0,0.0,295.5,2.48,49.0,92620.0
1990-11-22 20:00:00+00:00,3.53,88.75,0.0,0.0,0.0,283.1,2.55,48.0,92680.0
1990-11-22 21:00:00+00:00,3.36,88.7,0.0,0.0,0.0,284.5,2.62,46.0,92740.0
1990-11-22 22:00:00+00:00,3.45,88.7,0.0,0.0,0.0,289.3,2.62,47.0,92790.0
1990-11-22 23:00:00+00:00,3.44,88.7,0.0,0.0,0.0,283.1,2.62,48.0,92830.0
1990-11-23 00:00:00+00:00,3.54,85.45,0.0,0.0,0.0,293.6,2.41,49.0,92840.0
1990-11-23 01:00:00+00:00,3.68,88.75,0.0,0.0,0.0,299.7,2.41,48.0,92880.0
1990-11-23 02:00:00+00:00,3.94,88.75,0.0,0.0,0.0,318.15,2.41,47.0,92900.0
1990-11-23 03:00:00+00:00,4.09,85.5,0.0,0.0,0.0,321.25,2.28,51.0,92920.0
1990-11-23 04:00:00+00:00,4.31,85.5,0.0,0.0,0.0,331.1,2.21,49.0,92940.0
1990-11-23 05:00:00+00:00,4.36,85.5,0.0,0.0,0.0,325.3,2.21,48.0,92980.0
1990-11-23 06:00:00+00:00,4.41,85.5,7.0,0.0,7.0,326.65,2.21,47.0,93010.0
1990-11-23 07:00:00+00:00,4.57,82.35,109.0,116.44,86.0,309.25,2.21,50.0,93070.0
1990-11-23 08:00:00+00:00,5.75,79.4,114.0,6.24,112.0,295.5,2.21,50.0,93090.0
1990-11-23 09:00:00+00:00,7.21,73.9,332.0,412.03,165.0,293.95,2.07,50.0,93110.0
1990-11-23 10:00:00+00:00,8.63,68.8,389.0,497.2,167.0,302.3,1.79,54.0,93090.0
1990-11-23 11:00:00+00:00,10.4,66.55,427.0,725.4,107.0,294.75,1.52,49.0,93050.0
1990-11-23 12:00:00+00:00,11.37,66.65,167.0,20.53,159.0,302.1,1.38,42.0,93000.0
1990-11-23 13:00:00+00:00,11.69,64.35,264.0,619.52,81.0,306.15,1.24,42.0,92970.0
1990-11-23 14:00:00+00:00,11.46,66.65,121.0,388.04,57.0,315.45,0.97,45.0,92940.0
1990-11-23 15:00:00+00:00,10.44,71.7,0.0,0.0,0.0,316.4,1.24,46.0,92910.0
1990-11-23 16:00:00+00:00,9.24,74.2,0.0,0.0,0.0,330.35,1.31,53.0,92900.0
1990-11-23 17:00:00+00:00,8.72,79.85,0.0,0.0,0.0,345.25,1.17,58.0,92900.0
1990-11-23 18:00:00+00:00,8.2,82.75,0.0,0.0,0.0,326.3,1.24,59.0,92890.0
1990-11-23 19:00:00+00:00,7.42,89.0,0.0,0.0,0.0,312.75,1.24,56.0,92890.0
1990-11-23 20:00:00+00:00,7.16,89.0,0.0,0.0,0.0,319.9,1.17,60.0,92870.0
1990-11-23 21:00:00+00:00,6.81,89.0,0.0,0.0,0.0,310.4,1.17,62.0,92820.0
1990-11-23 22:00:00+00:00,6.57,89.0,0.0,0.0,0.0,302.3,1.1,67.0,92760.0
1990-11-23 23:00:00+00:00,6.84,89.0,0.0,0.0,0.0,312.35,1.03,78.0,92700.0
1990-11-24 00:00:00+00:00,7.45,85.8,0.0,0.0,0.0,303.65,0.97,82.0,92600.0
1990-11-24 01:00:00+00:00,7.86,82.7,0.0,0.0,0.0,302.4,0.9,79.0,92560.0
1990-11-24 02:00:00+00:00,8.03,82.7,0.0,0.0,0.0,305.4,0.83,80.0,92490.0
1990-11-24 03:00:00+00:00,8.39,82.75,0.0,0.0,0.0,338.65,0.69,96.0,92410.0
1990-11-24 04:00:00+00:00,8.33,82.75,0.0,0.0,0.0,343.7,0.69,118.0,92320.0
1990-11-24 05:00:00+00:00,7.77,89.05,0.0,0.0,0.0,350.65,0.9,126.0,92240.0
1990-11-24 06:00:00+00:00,7.68,92.4,2.0,0.0,2.0,348.75,0.83,136.0,92180.0
1990-11-24 07:00:00+00:00,8.15,95.85,25.0,0.0,25.0,333.45,0.76,163.0,92120.0
1990-11-24 08:00:00+00:00,9.45,95.85,64.0,0.0,64.0,350.3,1.03,200.0,92070.0
1990-11-24 09:00:00+00:00,9.89,99.4,65.0,0.0,65.0,351.85,1.1,215.0,92020.0
1990-11-24 10:00:00+00:00,10.3,99.4,74.0,0.0,74.0,352.2,1.24,214.0,91910.0
1990-11-24 11:00:00+00:00,10.36,95.9,51.0,0.0,51.0,354.75,1.66,217.0,91790.0
1990-11-24 12:00:00+00:00,10.21,95.9,68.0,0.0,68.0,352.2,1.86,219.0,91650.0
1990-11-24 13:00:00+00:00,10.1,92.5,57.0,0.0,57.0,357.05,1.72,226.0,91570.0
1990-11-24 14:00:00+00:00,9.75,95.9,22.0,0.0,22.0,355.5,1.66,227.0,91490.0
1990-11-24 15:00:00+00:00,9.38,95.85,0.0,0.0,0.0,357.65,1.45,215.0,91410.0
1990-11-24 16:00:00+00:00,8.79,95.85,0.0,0.0,0.0,353.55,1.45,210.0,91370.0
1990-11-24 17:00:00+00:00,8.63,95.85,0.0,0.0,0.0,353.55,1.24,205.0,91300.0
1990-11-24 18:00:00+00:00,8.34,99.4,0.0,0.0,0.0,344.85,1.45,201.0,91240.0
1990-11-24 19:00:00+00:00,8.57,99.4,0.0,0.0,0.0,350.1,1.31,200.0,91070.0
1990-11-24 20:00:00+00:00,8.49,99.4,0.0,0.0,0.0,351.45,1.59,200.0,90960.0
1990-11-24 21:00:00+00:00,8.65,95.85,0.0,0.0,0.0,348.75,2.0,207.0,90880.0
1990-11-24 22:00:00+00:00,8.65,95.85,0.0,0.0,0.0,351.65,1.93,216.0,90810.0
1990-11-24 23:00:00+00:00,8.63,95.85,0.0,0.0,0.0,346.4,1.86,230.0,90760.0
1990-11-25 00:00:00+00:00,8.42,99.4,0.0,0.0,0.0,345.45,1.52,245.0,90670.0
1990-11-25 01:00:00+00:00,7.72,95.8,0.0,0.0,0.0,348.65,0.41,237.0,90640.0
1990-11-25 02:00:00+00:00,7.5,99.4,0.0,0.0,0.0,346.2,0.34,69.0,90540.0
1990-11-25 03:00:00+00:00,6.86,99.4,0.0,0.0,0.0,332.1,0.97,27.0,90480.0
1990-11-25 04:00:00+00:00,5.89,95.75,0.0,0.0,0.0,313.7,1.79,35.0,90430.0
1990-11-25 05:00:00+00:00,5.02,95.75,0.0,0.0,0.0,311.95,2.21,38.0,90380.0
1990-11-25 06:00:00+00:00,4.0,92.15,2.0,0.0,2.0,308.65,2.55,37.0,90340.0
1990-11-25 07:00:00+00:00,2.87,82.15,44.0,0.0,44.0,302.3,2.69,42.0,90430.0
1990-11-25 08:00:00+00:00,2.51,85.3,48.0,0.0,48.0,301.9,3.17,47.0,90390.0
1990-11-25 09:00:00+00:00,2.41,78.95,62.0,0.0,62.0,304.05,4.34,47.0,90350.0
1990-11-25 10:00:00+00:00,1.91,78.9,60.0,0.0,60.0,306.75,4.34,43.0,90330.0
1990-11-25 11:00:00+00:00,1.23,78.8,131.0,0.0,131.0,303.05,4.41,39.0,90290.0
1990-11-25 12:00:00+00:00,0.8,72.75,119.0,0.0,119.0,295.7,4.62,38.0,90270.0
1990-11-25 13:00:00+00:00,0.42,64.55,106.0,6.88,104.0,290.5,4.9,34.0,90260.0
1990-11-25 14:00:00+00:00,0.15,62.0,40.0,0.0,40.0,283.1,4.76,32.0,90270.0
1990-11-25 15:00:00+00:00,-0.14,64.45,0.0,0.0,0.0,272.85,3.86,28.0,90330.0
1990-11-25 16:00:00+00:00,-0.39,67.1,0.0,0.0,0.0,262.4,3.52,22.0,90430.0
1990-11-25 17:00:00+00:00,-0.37,64.45,0.0,0.0,0.0,250.4,4.62,21.0,90500.0
1990-11-25 18:00:00+00:00,-0.35,64.45,0.0,0.0,0.0,262.05,4.69,15.0,90590.0
1990-11-25 19:00:00+00:00,-0.79,64.35,0.0,0.0,0.0,253.7,3.79,18.0,90670.0
1990-11-25 20:00:00+00:00,-1.28,61.65,0.0,0.0,0.0,253.1,4.0,21.0,90770.0
1990-11-25 21:00:00+00:00,-1.75,61.55,0.0,0.0,0.0,240.35,4.48,26.0,90840.0
1990-11-25 22:00:00+00:00,-2.14,61.45,0.0,0.0,0.0,228.95,4.0,24.0,90890.0
1990-11-25 23:00:00+00:00,-2.43,61.45,0.0,0.0,0.0,221.95,3.52,20.0,90950.0
1990-11-26 00:00:00+00:00,-2.64,63.9,0.0,0.0,0.0,222.95,3.03,14.0,91040.0
1990-11-26 01:00:00+00:00,-2.81,63.9,0.0,0.0,0.0,213.15,2.69,4.0,91150.0
1990-11-26 02:00:00+00:00,-2.99,63.9,0.0,0.0,0.0,216.55,2.62,358.0,91290.0
1990-11-26 03:00:00+00:00,-3.24,63.8,0.0,0.0,0.0,209.2,2.62,359.0,91410.0
1990-11-26 04:00:00+00:00,-3.41,63.8,0.0,0.0,0.0,206.3,2.48,3.0,91520.0
1990-11-26 05:00:00+00:00,-3.61,66.35,0.0,0.0,0.0,198.55,2.28,10.0,91590.0
1990-11-26 06:00:00+00:00,-3.63,69.15,11.0,0.0,11.0,203.95,1.93,16.0,91690.0
1990-11-26 07:00:00+00:00,-2.6,63.9,158.0,524.11,60.0,219.05,2.28,0.0,91730.0
1990-11-26 08:00:00+00:00,-1.24,61.65,300.0,713.14,79.0,225.25,2.28,353.0,91860.0
1990-11-26 09:00:00+00:00,0.12,59.6,395.0,746.61,100.0,225.45,2.76,348.0,91930.0
1990-11-26 10:00:00+00:00,1.37,57.35,440.0,739.39,117.0,225.65,3.31,348.0,91990.0
1990-11-26 11:00:00+00:00,2.07,49.0,337.0,298.46,208.0,218.5,3.38,357.0,92020.0
1990-11-26 12:00:00+00:00,2.35,47.05,379.0,736.42,98.0,216.15,3.31,357.0,92050.0
1990-11-26 13:00:00+00:00,2.2,45.15,276.0,703.99,73.0,220.8,3.1,351.0,92150.0
1990-11-26 14:00:00+00:00,1.77,46.9,128.0,484.55,51.0,224.1,2.48,349.0,92210.0
1990-11-26 15:00:00+00:00,1.01,48.7,0.0,0.0,0.0,214.4,1.66,350.0,92290.0
1990-11-26 16:00:00+00:00,-0.19,57.1,0.0,0.0,0.0,209.0,1.45,353.0,92360.0
1990-11-26 17:00:00+00:00,-1.49,64.25,0.0,0.0,0.0,209.2,1.31,355.0,92450.0
1990-11-26 18:00:00+00:00,-2.14,66.65,0.0,0.0,0.0,208.8,1.31,8.0,92520.0
1990-11-26 19:00:00+00:00,-0.01,54.8,0.0,0.0,0.0,209.4,0.62,29.0,92580.0
1990-11-26 20:00:00+00:00,-0.18,59.45,0.0,0.0,0.0,206.3,0.34,37.0,92640.0
1990-11-26 21:00:00+00:00,-0.43,61.9,0.0,0.0,0.0,207.65,0.34,61.0,92660.0
1990-11-26 22:00:00+00:00,-0.78,67.0,0.0,0.0,0.0,207.65,0.41,43.0,92690.0
1990-11-26 23:00:00+00:00,-1.15,72.5,0.0,0.0,0.0,208.2,0.55,39.0,92740.0
1990-11-27 00:00:00+00:00,-1.47,72.5,0.0,0.0,0.0,209.75,0.69,51.0,92760.0
1990-11-27 01:00:00+00:00,-1.59,78.45,0.0,0.0,0.0,209.9,0.83,63.0,92780.0
1990-11-27 02:00:00+00:00,-1.67,75.35,0.0,0.0,0.0,209.95,0.9,64.0,92760.0
1990-11-27 03:00:00+00:00,-1.92,75.35,0.0,0.0,0.0,214.2,0.9,64.0,92770.0
1990-11-27 04:00:00+00:00,-2.6,78.3,0.0,0.0,0.0,216.95,0.97,64.0,92790.0
1990-11-27 05:00:00+00:00,-2.62,78.3,0.0,0.0,0.0,216.35,0.97,67.0,92790.0
1990-11-27 06:00:00+00:00,-2.91,75.2,5.0,0.0,5.0,221.2,1.03,71.0,92810.0
1990-11-27 07:00:00+00:00,-1.12,72.5,115.0,190.63,80.0,247.15,0.9,86.0,92820.0
1990-11-27 08:00:00+00:00,1.26,64.65,285.0,652.43,85.0,262.2,0.9,132.0,92800.0
1990-11-27 09:00:00+00:00,2.28,62.35,318.0,377.66,170.0,285.25,1.66,161.0,92810.0
1990-11-27 10:00:00+00:00,3.13,70.4,161.0,4.61,159.0,296.3,2.41,174.0,92790.0
1990-11-27 11:00:00+00:00,3.52,76.1,49.0,0.0,49.0,296.1,2.97,182.0,92720.0
1990-11-27 12:00:00+00:00,3.39,79.1,68.0,0.0,68.0,300.95,3.03,178.0,92670.0
1990-11-27 13:00:00+00:00,3.29,79.1,68.0,0.0,68.0,309.45,2.97,173.0,92620.0
1990-11-27 14:00:00+00:00,2.75,85.35,33.0,0.0,33.0,315.85,2.28,164.0,92600.0
1990-11-27 15:00:00+00:00,2.16,88.65,0.0,0.0,0.0,314.65,2.28,153.0,92540.0
1990-11-27 16:00:00+00:00,1.55,92.05,0.0,0.0,0.0,309.05,2.0,140.0,92530.0
1990-11-27 17:00:00+00:00,1.38,95.65,0.0,0.0,0.0,310.4,1.93,129.0,92470.0
1990-11-27 18:00:00+00:00,1.43,95.65,0.0,0.0,0.0,313.3,1.86,125.0,92420.0
1990-11-27 19:00:00+00:00,1.93,95.65,0.0,0.0,0.0,309.25,1.79,126.0,92300.0
1990-11-27 20:00:00+00:00,2.1,95.65,0.0,0.0,0.0,310.8,1.79,124.0,92220.0
1990-11-27 21:00:00+00:00,2.38,95.65,0.0,0.0,0.0,320.5,2.0,130.0,92110.0
1990-11-27 22:00:00+00:00,2.5,99.4,0.0,0.0,0.0,320.5,2.14,135.0,92000.0
1990-11-27 23:00:00+00:00,2.53,95.7,0.0,0.0,0.0,321.65,2.28,135.0,91920.0
1990-11-28 00:00:00+00:00,2.56,95.7,0.0,0.0,0.0,319.1,2.34,138.0,91820.0
1990-11-28 01:00:00+00:00,2.95,99.4,0.0,0.0,0.0,323.1,2.48,143.0,91730.0
1990-11-28 02:00:00+00:00,3.45,99.4,0.0,0.0,0.0,329.55,2.48,146.0,91630.0
1990-11-28 03:00:00+00:00,3.97,99.4,0.0,0.0,0.0,332.1,2.9,151.0,91470.0
1990-11-28 04:00:00+00:00,4.49,99.4,0.0,0.0,0.0,334.6,3.1,154.0,91340.0
1990-11-28 05:00:00+00:00,4.38,99.4,0.0,0.0,0.0,336.35,3.1,146.0,91180.0
1990-11-28 06:00:00+00:00,4.63,95.75,1.0,0.0,1.0,336.55,3.17,148.0,91010.0
1990-11-28 07:00:00+00:00,5.08,95.75,39.0,0.0,39.0,335.0,3.24,157.0,90940.0
1990-11-28 08:00:00+00:00,6.03,99.4,40.0,0.0,40.0,340.0,3.38,173.0,90820.0
1990-11-28 09:00:00+00:00,6.68,99.4,56.0,0.0,56.0,343.1,2.76,187.0,90720.0
1990-11-28 10:00:00+00:00,7.61,92.4,38.0,0.0,38.0,333.65,3.38,202.0,90620.0
1990-11-28 11:00:00+00:00,7.78,95.8,37.0,0.0,37.0,334.4,3.79,220.0,90570.0
1990-11-28 12:00:00+00:00,7.06,95.8,32.0,0.0,32.0,338.5,3.03,242.0,90550.0
1990-11-28 13:00:00+00:00,6.54,95.8,32.0,0.0,32.0,329.55,1.52,256.0,90590.0
1990-11-28 14:00:00+00:00,6.18,92.3,51.0,12.87,49.0,327.85,1.1,244.0,90610.0
1990-11-28 15:00:00+00:00,5.47,92.25,0.0,0.0,0.0,314.1,0.9,219.0,90670.0
1990-11-28 16:00:00+00:00,4.57,92.25,0.0,0.0,0.0,304.05,0.9,170.0,90750.0
1990-11-28 17:00:00+00:00,3.74,95.7,0.0,0.0,0.0,295.9,0.97,164.0,90850.0
1990-11-28 18:00:00+00:00,3.67,95.7,0.0,0.0,0.0,314.85,0.9,161.0,90950.0
1990-11-28 19:00:00+00:00,4.58,95.75,0.0,0.0,0.0,325.9,0.62,203.0,91030.0
1990-11-28 20:00:00+00:00,4.11,99.4,0.0,0.0,0.0,310.2,0.48,115.0,91120.0
1990-11-28 21:00:00+00:00,3.29,99.4,0.0,0.0,0.0,308.5,0.76,82.0,91200.0
1990-11-28 22:00:00+00:00,2.65,99.4,0.0,0.0,0.0,301.7,1.03,75.0,91260.0
1990-11-28 23:00:00+00:00,2.46,99.4,0.0,0.0,0.0,308.5,1.03,81.0,91300.0
1990-11-29 00:00:00+00:00,2.18,99.4,0.0,0.0,0.0,298.2,1.1,78.0,91320.0
1990-11-29 01:00:00+00:00,2.19,99.4,0.0,0.0,0.0,300.05,1.03,83.0,91380.0
1990-11-29 02:00:00+00:00,2.41,99.4,0.0,0.0,0.0,308.1,1.1,100.0,91430.0
1990-11-29 03:00:00+00:00,2.35,99.4,0.0,0.0,0.0,297.05,1.17,110.0,91450.0
1990-11-29 04:00:00+00:00,2.19,99.4,0.0,0.0,0.0,295.7,1.17,114.0,91470.0
1990-11-29 05:00:00+00:00,1.94,100.0,0.0,0.0,0.0,288.95,1.17,113.0,91520.0
1990-11-29 06:00:00+00:00,1.34,100.0,1.0,0.0,1.0,274.8,1.17,104.0,91560.0
1990-11-29 07:00:00+00:00,2.28,99.4,147.0,536.59,52.0,293.0,1.1,46.0,91590.0
1990-11-29 08:00:00+00:00,4.0,92.15,233.0,349.9,128.0,299.95,0.97,48.0,91670.0
1990-11-29 09:00:00+00:00,5.19,79.35,367.0,668.94,109.0,286.2,0.62,52.0,91740.0
1990-11-29 10:00:00+00:00,5.74,79.4,404.0,630.8,134.0,281.95,0.21,159.0,91830.0
1990-11-29 11:00:00+00:00,6.48,82.55,110.0,0.0,110.0,295.1,0.34,213.0,91850.0
1990-11-29 12:00:00+00:00,6.51,85.7,189.0,50.73,170.0,281.6,0.55,234.0,91870.0
1990-11-29 13:00:00+00:00,6.59,82.6,126.0,31.88,117.0,287.75,0.69,233.0,91880.0
1990-11-29 14:00:00+00:00,5.79,79.4,110.0,350.93,56.0,282.95,0.55,238.0,91960.0
1990-11-29 15:00:00+00:00,5.4,82.4,0.0,0.0,0.0,286.6,0.34,150.0,92040.0
1990-11-29 16:00:00+00:00,3.94,92.15,0.0,0.0,0.0,263.4,0.83,106.0,92100.0
1990-11-29 17:00:00+00:00,2.72,95.7,0.0,0.0,0.0,259.5,1.1,99.0,92180.0
1990-11-29 18:00:00+00:00,2.12,99.4,0.0,0.0,0.0,261.05,1.24,100.0,92240.0
1990-11-29 19:00:00+00:00,1.68,99.4,0.0,0.0,0.0,262.8,1.17,86.0,92270.0
1990-11-29 20:00:00+00:00,1.35,99.35,0.0,0.0,0.0,264.15,1.31,97.0,92330.0
1990-11-29 21:00:00+00:00,1.51,99.4,0.0,0.0,0.0,276.35,1.31,106.0,92340.0
1990-11-29 22:00:00+00:00,1.52,99.4,0.0,0.0,0.0,279.05,1.38,114.0,92390.0
1990-11-29 23:00:00+00:00,1.36,100.0,0.0,0.0,0.0,275.4,1.45,109.0,92410.0
1990-11-30 00:00:00+00:00,1.38,100.0,0.0,0.0,0.0,289.7,1.31,96.0,92470.0
1990-11-30 01:00:00+00:00,1.64,99.4,0.0,0.0,0.0,297.15,1.52,101.0,92480.0
1990-11-30 02:00:00+00:00,1.5,100.0,0.0,0.0,0.0,287.0,1.59,92.0,92470.0
1990-11-30 03:00:00+00:00,2.03,95.65,0.0,0.0,0.0,307.7,1.52,95.0,92440.0
1990-11-30 04:00:00+00:00,2.8,95.7,0.0,0.0,0.0,318.35,1.52,110.0,92430.0
1990-11-30 05:00:00+00:00,3.75,92.15,0.0,0.0,0.0,331.3,1.72,126.0,92410.0
1990-11-30 06:00:00+00:00,4.38,92.2,0.0,0.0,0.0,330.75,1.86,142.0,92430.0
1990-11-30 07:00:00+00:00,4.89,95.75,85.0,74.77,72.0,315.05,2.0,134.0,92500.0
1990-11-30 08:00:00+00:00,5.71,95.75,180.0,141.43,138.0,326.85,2.14,147.0,92510.0
1990-11-30 09:00:00+00:00,6.58,89.0,163.0,18.29,156.0,338.3,3.38,158.0,92530.0
1990-11-30 10:00:00+00:00,7.06,92.35,85.0,0.0,85.0,335.4,3.38,168.0,92550.0
1990-11-30 11:00:00+00:00,7.85,82.7,37.0,0.0,37.0,320.3,3.93,172.0,92530.0
1990-11-30 12:00:00+00:00,8.13,79.75,67.0,0.0,67.0,324.95,3.72,171.0,92490.0
1990-11-30 13:00:00+00:00,8.01,85.85,22.0,0.0,22.0,334.4,2.83,165.0,92470.0
1990-11-30 14:00:00+00:00,7.88,89.05,19.0,0.0,19.0,344.65,3.31,163.0,92410.0
1990-11-30 15:00:00+00:00,7.85,92.4,0.0,0.0,0.0,343.9,3.24,161.0,92380.0
1990-11-30 16:00:00+00:00,10.33,96.0,0.0,0.0,0.0,363.79,3.73,165.0,92380.0
1990-11-30 17:00:00+00:00,9.9,96.18,0.0,0.0,0.0,359.94,3.51,172.0,92360.0
1990-11-30 18:00:00+00:00,9.47,96.37,0.0,0.0,0.0,356.09,3.3,179.0,92370.0
1990-11-30 19:00:00+00:00,9.04,96.56,0.0,0.0,0.0,352.25,3.08,177.0,92320.0
1990-11-30 20:00:00+00:00,8.61,96.74,0.0,0.0,0.0,348.4,2.86,185.0,92320.0
1990-11-30 21:00:00+00:00,8.18,96.93,0.0,0.0,0.0,344.55,2.64,186.0,92300.0
1990-11-30 22:00:00+00:00,7.75,97.12,0.0,0.0,0.0,340.71,2.42,186.0,92300.0
1990-11-30 23:00:00+00:00,7.32,97.31,0.0,0.0,0.0,336.86,2.2,187.0,92310.0
1990-12-01 00:00:00+00:00,6.88,97.49,0.0,0.0,0.0,333.01,1.99,191.0,91890.0
1990-12-01 01:00:00+00:00,6.45,97.68,0.0,0.0,0.0,329.17,1.77,185.0,91890.0
1990-12-01 02:00:00+00:00,6.02,97.87,0.0,0.0,0.0,325.32,1.55,183.0,91890.0
1990-12-01 03:00:00+00:00,5.59,98.06,0.0,0.0,0.0,321.47,1.33,164.0,91850.0
1990-12-01 04:00:00+00:00,5.16,98.24,0.0,0.0,0.0,317.63,1.11,152.0,91890.0
1990-12-01 05:00:00+00:00,4.73,98.43,0.0,0.0,0.0,313.78,0.89,130.0,91930.0
1990-12-01 06:00:00+00:00,4.3,98.62,0.0,0.0,0.0,309.94,0.68,103.0,91960.0
1990-12-01 07:00:00+00:00,3.87,98.8,93.0,111.25,74.0,306.09,0.46,70.0,92100.0
1990-12-01 08:00:00+00:00,5.28,95.75,291.0,802.88,55.0,311.0,0.76,91.0,92140.0
1990-12-01 09:00:00+00:00,5.65,95.75,119.0,0.0,119.0,306.95,1.03,121.0,92140.0
1990-12-01 10:00:00+00:00,6.24,85.7,328.0,317.06,194.0,296.5,0.97,145.0,92140.0
1990-12-01 11:00:00+00:00,6.98,85.75,155.0,4.77,153.0,294.95,0.83,151.0,92100.0
1990-12-01 12:00:00+00:00,7.29,79.65,96.0,0.0,96.0,299.4,0.83,150.0,92050.0
1990-12-01 13:00:00+00:00,7.22,79.55,103.0,10.76,100.0,318.55,0.83,138.0,92050.0
1990-12-01 14:00:00+00:00,6.97,76.65,50.0,6.62,49.0,313.9,0.62,97.0,92020.0
1990-12-01 15:00:00+00:00,6.38,82.55,0.0,0.0,0.0,307.1,0.34,19.0,92030.0
1990-12-01 16:00:00+00:00,5.4,88.85,0.0,0.0,0.0,304.4,0.69,44.0,92040.0
1990-12-01 17:00:00+00:00,5.02,88.85,0.0,0.0,0.0,307.7,0.62,53.0,92060.0
1990-12-01 18:00:00+00:00,4.44,92.2,0.0,0.0,0.0,306.95,0.76,60.0,92090.0
1990-12-01 19:00:00+00:00,3.89,92.2,0.0,0.0,0.0,299.2,0.9,44.0,92110.0
1990-12-01 20:00:00+00:00,3.53,95.7,0.0,0.0,0.0,305.95,0.97,39.0,92130.0
1990-12-01 21:00:00+00:00,3.67,95.7,0.0,0.0,0.0,315.25,1.03,33.0,92120.0
1990-12-01 22:00:00+00:00,3.53,95.7,0.0,0.0,0.0,308.5,1.1,37.0,92090.0
1990-12-01 23:00:00+00:00,3.0,95.7,0.0,0.0,0.0,295.1,1.17,41.0,92090.0
1990-12-02 00:00:00+00:00,3.0,95.7,0.0,0.0,0.0,304.4,1.24,42.0,92100.0
1990-12-02 01:00:00+00:00,2.96,92.15,0.0,0.0,0.0,314.2,1.31,45.0,92140.0
1990-12-02 02:00:00+00:00,2.84,92.15,0.0,0.0,0.0,311.75,1.38,46.0,92140.0
1990-12-02 03:00:00+00:00,2.53,92.15,0.0,0.0,0.0,300.75,1.45,46.0,92150.0
1990-12-02 04:00:00+00:00,2.37,92.15,0.0,0.0,0.0,303.45,1.45,45.0,92160.0
1990-12-02 05:00:00+00:00,2.4,92.15,0.0,0.0,0.0,310.8,1.52,44.0,92210.0
1990-12-02 06:00:00+00:00,2.28,92.15,0.0,0.0,0.0,311.0,1.52,45.0,92230.0
1990-12-02 07:00:00+00:00,2.62,92.15,72.0,41.73,65.0,309.25,1.66,46.0,92300.0
1990-12-02 08:00:00+00:00,3.04,85.4,114.0,13.75,110.0,295.7,1.66,49.0,92330.0
1990-12-02 09:00:00+00:00,3.43,79.15,96.0,0.0,96.0,307.5,1.79,53.0,92360.0
1990-12-02 10:00:00+00:00,3.86,76.25,43.0,0.0,43.0,308.3,1.93,49.0,92340.0
1990-12-02 11:00:00+00:00,4.18,76.25,275.0,167.8,205.0,301.3,2.0,49.0,92340.0
1990-12-02 12:00:00+00:00,4.59,73.4,138.0,8.14,135.0,303.25,1.86,48.0,92310.0
1990-12-02 13:00:00+00:00,4.6,73.4,42.0,0.0,42.0,299.95,1.79,47.0,92320.0
1990-12-02 14:00:00+00:00,4.05,73.4,11.0,0.0,11.0,296.5,1.66,39.0,92330.0
1990-12-02 15:00:00+00:00,3.06,82.2,0.0,0.0,0.0,304.05,1.86,40.0,92340.0
1990-12-02 16:00:00+00:00,1.88,92.1,0.0,0.0,0.0,296.5,1.52,43.0,92370.0
1990-12-02 17:00:00+00:00,1.55,95.65,0.0,0.0,0.0,305.75,1.59,45.0,92400.0
1990-12-02 18:00:00+00:00,1.11,95.65,0.0,0.0,0.0,302.1,1.79,48.0,92420.0
1990-12-02 19:00:00+00:00,0.86,95.65,0.0,0.0,0.0,291.25,1.86,44.0,92420.0
1990-12-02 20:00:00+00:00,0.84,92.05,0.0,0.0,0.0,305.55,1.93,46.0,92430.0
1990-12-02 21:00:00+00:00,0.66,95.65,0.0,0.0,0.0,305.95,2.0,48.0,92410.0
1990-12-02 22:00:00+00:00,0.37,92.0,0.0,0.0,0.0,304.4,2.07,48.0,92370.0
1990-12-02 23:00:00+00:00,0.02,92.0,0.0,0.0,0.0,298.2,2.14,48.0,92320.0
1990-12-03 00:00:00+00:00,-0.08,92.0,0.0,0.0,0.0,306.75,2.14,49.0,92240.0
1990-12-03 01:00:00+00:00,-0.18,92.0,0.0,0.0,0.0,296.8,2.21,46.0,92220.0
1990-12-03 02:00:00+00:00,-0.33,88.45,0.0,0.0,0.0,301.3,2.14,41.0,92160.0
1990-12-03 03:00:00+00:00,-0.45,91.95,0.0,0.0,0.0,306.95,2.0,43.0,92140.0
1990-12-03 04:00:00+00:00,-0.47,91.95,0.0,0.0,0.0,305.2,1.86,50.0,92170.0
1990-12-03 05:00:00+00:00,-0.36,91.95,0.0,0.0,0.0,304.6,1.86,58.0,92240.0
1990-12-03 06:00:00+00:00,-0.25,92.0,0.0,0.0,0.0,299.2,1.72,62.0,92290.0
1990-12-03 07:00:00+00:00,-0.29,92.0,13.0,0.0,13.0,295.1,1.59,55.0,92440.0
1990-12-03 08:00:00+00:00,0.75,92.05,24.0,0.0,24.0,298.05,1.38,64.0,92490.0
1990-12-03 09:00:00+00:00,2.17,92.1,33.0,0.0,33.0,304.05,1.24,78.0,92550.0
1990-12-03 10:00:00+00:00,3.25,88.75,37.0,0.0,37.0,299.4,1.24,109.0,92550.0
1990-12-03 11:00:00+00:00,4.43,95.75,41.0,0.0,41.0,300.75,1.03,126.0,92590.0
1990-12-03 12:00:00+00:00,4.72,95.75,36.0,0.0,36.0,313.1,1.24,143.0,92560.0
1990-12-03 13:00:00+00:00,4.37,99.4,35.0,0.0,35.0,313.5,1.45,147.0,92590.0
1990-12-03 14:00:00+00:00,4.02,95.75,33.0,0.0,33.0,312.55,1.52,149.0,92640.0
1990-12-03 15:00:00+00:00,3.58,99.4,0.0,0.0,0.0,315.05,1.66,151.0,92690.0
1990-12-03 16:00:00+00:00,3.11,95.7,0.0,0.0,0.0,309.85,1.72,145.0,92760.0
1990-12-03 17:00:00+00:00,2.96,95.7,0.0,0.0,0.0,314.5,1.72,148.0,92810.0
1990-12-03 18:00:00+00:00,2.22,92.15,0.0,0.0,0.0,298.6,1.59,136.0,92860.0
1990-12-03 19:00:00+00:00,1.69,95.65,0.0,0.0,0.0,308.85,1.24,114.0,92930.0
1990-12-03 20:00:00+00:00,1.54,95.65,0.0,0.0,0.0,305.2,1.24,102.0,92970.0
1990-12-03 21:00:00+00:00,1.62,95.65,0.0,0.0,0.0,309.05,1.17,95.0,92980.0
1990-12-03 22:00:00+00:00,1.49,95.65,0.0,0.0,0.0,301.5,1.24,83.0,92990.0
1990-12-03 23:00:00+00:00,1.56,95.65,0.0,0.0,0.0,310.05,1.1,84.0,92990.0
1990-12-04 00:00:00+00:00,1.39,95.65,0.0,0.0,0.0,302.1,0.97,69.0,93000.0
1990-12-04 01:00:00+00:00,1.26,95.65,0.0,0.0,0.0,308.0,0.9,56.0,93010.0
1990-12-04 02:00:00+00:00,0.71,95.65,0.0,0.0,0.0,306.15,1.1,43.0,93020.0
1990-12-04 03:00:00+00:00,0.53,95.65,0.0,0.0,0.0,305.4,1.24,39.0,93050.0
1990-12-04 04:00:00+00:00,0.36,95.65,0.0,0.0,0.0,304.2,1.38,37.0,93040.0
1990-12-04 05:00:00+00:00,0.1,95.6,0.0,0.0,0.0,300.15,1.45,35.0,93070.0
1990-12-04 06:00:00+00:00,-0.17,92.0,0.0,0.0,0.0,292.8,1.52,38.0,93110.0
1990-12-04 07:00:00+00:00,-0.18,92.0,132.0,506.3,50.0,251.95,1.52,44.0,93190.0
1990-12-04 08:00:00+00:00,1.07,85.2,253.0,567.65,91.0,237.65,1.38,47.0,93210.0
1990-12-04 09:00:00+00:00,2.64,76.0,363.0,726.19,93.0,242.5,1.17,52.0,93250.0
1990-12-04 10:00:00+00:00,3.92,70.6,406.0,712.69,110.0,240.75,0.69,56.0,93240.0
1990-12-04 11:00:00+00:00,4.65,70.6,403.0,709.46,110.0,244.2,0.21,313.0,93240.0
1990-12-04 12:00:00+00:00,3.74,76.25,352.0,704.21,95.0,243.45,0.97,302.0,93200.0
1990-12-04 13:00:00+00:00,3.46,79.15,258.0,703.15,65.0,251.0,1.03,324.0,93220.0
1990-12-04 14:00:00+00:00,3.1,79.1,116.0,473.78,46.0,262.4,1.03,349.0,93220.0
1990-12-04 15:00:00+00:00,2.51,79.0,0.0,0.0,0.0,259.3,1.17,14.0,93250.0
1990-12-04 16:00:00+00:00,0.34,85.15,0.0,0.0,0.0,241.5,1.45,32.0,93290.0
1990-12-04 17:00:00+00:00,-1.33,85.0,0.0,0.0,0.0,224.3,1.59,41.0,93320.0
1990-12-04 18:00:00+00:00,-2.6,88.25,0.0,0.0,0.0,215.4,1.72,42.0,93380.0
1990-12-04 19:00:00+00:00,-3.53,91.8,0.0,0.0,0.0,214.4,1.79,43.0,93450.0
1990-12-04 20:00:00+00:00,-4.54,91.75,0.0,0.0,0.0,220.05,1.79,45.0,93480.0
1990-12-04 21:00:00+00:00,-5.08,95.45,0.0,0.0,0.0,230.85,1.79,47.0,93490.0
1990-12-04 22:00:00+00:00,-6.0,95.45,0.0,0.0,0.0,236.3,1.79,44.0,93520.0
1990-12-04 23:00:00+00:00,-7.0,91.6,0.0,0.0,0.0,237.25,1.79,42.0,93540.0
1990-12-05 00:00:00+00:00,-7.51,91.6,0.0,0.0,0.0,225.45,1.86,44.0,93570.0
1990-12-05 01:00:00+00:00,-7.97,91.55,0.0,0.0,0.0,219.15,1.93,47.0,93600.0
1990-12-05 02:00:00+00:00,-8.44,91.5,0.0,0.0,0.0,220.2,1.93,47.0,93630.0
1990-12-05 03:00:00+00:00,-8.82,91.5,0.0,0.0,0.0,221.6,1.93,46.0,93650.0
1990-12-05 04:00:00+00:00,-8.7,87.8,0.0,0.0,0.0,223.9,1.93,47.0,93660.0
1990-12-05 05:00:00+00:00,-8.37,87.85,0.0,0.0,0.0,229.3,1.86,45.0,93690.0
1990-12-05 06:00:00+00:00,-8.16,91.55,0.0,0.0,0.0,224.3,1.93,42.0,93730.0
1990-12-05 07:00:00+00:00,-6.22,84.45,136.0,590.52,42.0,222.35,1.79,36.0,93820.0
1990-12-05 08:00:00+00:00,-2.81,78.3,257.0,601.32,87.0,229.5,1.66,29.0,93870.0
1990-12-05 09:00:00+00:00,-0.43,64.35,332.0,533.41,135.0,220.05,2.69,25.0,93890.0
1990-12-05 10:00:00+00:00,0.57,59.6,389.0,614.86,135.0,225.45,3.45,23.0,93890.0
1990-12-05 11:00:00+00:00,0.93,57.35,346.0,411.12,177.0,223.3,3.72,20.0,93850.0
1990-12-05 12:00:00+00:00,1.15,55.05,352.0,701.75,97.0,222.55,4.0,19.0,93860.0
1990-12-05 13:00:00+00:00,1.03,55.05,255.0,673.36,71.0,233.75,3.45,16.0,93890.0
1990-12-05 14:00:00+00:00,0.63,57.2,118.0,503.87,44.0,219.65,2.69,11.0,93940.0
1990-12-05 15:00:00+00:00,-0.36,64.35,0.0,0.0,0.0,223.7,1.93,6.0,93980.0
1990-12-05 16:00:00+00:00,-2.24,69.45,0.0,0.0,0.0,219.65,1.52,4.0,94020.0
1990-12-05 17:00:00+00:00,-2.61,72.25,0.0,0.0,0.0,215.6,1.38,3.0,94070.0
1990-12-05 18:00:00+00:00,-3.01,75.1,0.0,0.0,0.0,221.75,1.31,16.0,94100.0
1990-12-05 19:00:00+00:00,-2.45,75.2,0.0,0.0,0.0,240.15,1.17,39.0,94110.0
1990-12-05 20:00:00+00:00,-2.98,78.2,0.0,0.0,0.0,248.1,1.24,41.0,94140.0
1990-12-05 21:00:00+00:00,-3.49,81.4,0.0,0.0,0.0,250.8,1.31,44.0,94160.0
1990-12-05 22:00:00+00:00,-3.86,78.15,0.0,0.0,0.0,250.6,1.38,47.0,94180.0
1990-12-05 23:00:00+00:00,-3.91,84.65,0.0,0.0,0.0,252.75,1.45,47.0,94200.0
1990-12-06 00:00:00+00:00,-4.2,84.65,0.0,0.0,0.0,245.6,1.52,48.0,94170.0
1990-12-06 01:00:00+00:00,-5.03,84.55,0.0,0.0,0.0,243.0,1.59,47.0,94180.0
1990-12-06 02:00:00+00:00,-4.9,88.05,0.0,0.0,0.0,246.95,1.66,49.0,94170.0
1990-12-06 03:00:00+00:00,-5.0,88.05,0.0,0.0,0.0,248.3,1.66,48.0,94160.0
1990-12-06 04:00:00+00:00,-5.18,88.05,0.0,0.0,0.0,242.5,1.66,50.0,94160.0
1990-12-06 05:00:00+00:00,-5.2,91.7,0.0,0.0,0.0,248.3,1.66,51.0,94180.0
1990-12-06 06:00:00+00:00,-5.94,95.45,0.0,0.0,0.0,239.95,1.66,52.0,94190.0
1990-12-06 07:00:00+00:00,-5.8,91.7,131.0,562.34,43.0,243.45,1.52,53.0,94230.0
1990-12-06 08:00:00+00:00,-2.81,84.85,261.0,671.11,73.0,243.65,1.24,54.0,94220.0
1990-12-06 09:00:00+00:00,1.41,78.9,341.0,618.64,114.0,246.15,0.83,53.0,94230.0
1990-12-06 10:00:00+00:00,4.89,65.4,374.0,554.77,146.0,250.4,0.34,36.0,94220.0
1990-12-06 11:00:00+00:00,5.61,65.55,365.0,520.44,152.0,239.6,0.69,294.0,94170.0
1990-12-06 12:00:00+00:00,5.19,68.0,327.0,566.42,122.0,240.55,0.97,287.0,94130.0
1990-12-06 13:00:00+00:00,5.47,65.55,235.0,532.79,90.0,240.15,0.9,282.0,94090.0
1990-12-06 14:00:00+00:00,5.78,63.15,112.0,444.93,47.0,240.95,0.62,268.0,94090.0
1990-12-06 15:00:00+00:00,4.94,65.4,0.0,0.0,0.0,239.0,0.34,284.0,94120.0
1990-12-06 16:00:00+00:00,4.03,67.9,0.0,0.0,0.0,233.6,0.55,23.0,94120.0
1990-12-06 17:00:00+00:00,2.8,73.2,0.0,0.0,0.0,237.65,1.03,48.0,94130.0
1990-12-06 18:00:00+00:00,0.88,81.95,0.0,0.0,0.0,231.85,1.31,54.0,94140.0
1990-12-06 19:00:00+00:00,-0.48,88.45,0.0,0.0,0.0,229.7,1.38,53.0,94100.0
1990-12-06 20:00:00+00:00,-2.32,91.85,0.0,0.0,0.0,229.3,1.52,54.0,94110.0
1990-12-06 21:00:00+00:00,-3.12,95.55,0.0,0.0,0.0,228.55,1.59,55.0,94120.0
1990-12-06 22:00:00+00:00,-3.66,95.5,0.0,0.0,0.0,229.15,1.59,56.0,94110.0
1990-12-06 23:00:00+00:00,-3.98,99.4,0.0,0.0,0.0,228.95,1.59,57.0,94080.0
1990-12-07 00:00:00+00:00,-4.17,95.5,0.0,0.0,0.0,229.15,1.66,58.0,94050.0
1990-12-07 01:00:00+00:00,-4.45,95.5,0.0,0.0,0.0,228.25,1.66,57.0,94050.0
1990-12-07 02:00:00+00:00,-4.45,91.75,0.0,0.0,0.0,228.75,1.66,57.0,94050.0
1990-12-07 03:00:00+00:00,-4.3,88.15,0.0,0.0,0.0,229.3,1.59,57.0,94040.0
1990-12-07 04:00:00+00:00,-4.18,88.15,0.0,0.0,0.0,230.5,1.59,57.0,94020.0
1990-12-07 05:00:00+00:00,-4.28,88.15,0.0,0.0,0.0,230.5,1.59,56.0,94000.0
1990-12-07 06:00:00+00:00,-4.43,88.1,0.0,0.0,0.0,231.45,1.66,56.0,94020.0
1990-12-07 07:00:00+00:00,-3.33,88.25,123.0,474.39,50.0,237.25,1.45,57.0,94090.0
1990-12-07 08:00:00+00:00,0.46,81.9,243.0,529.44,96.0,234.55,0.97,60.0,94090.0
1990-12-07 09:00:00+00:00,4.04,67.9,335.0,578.63,124.0,241.7,0.55,76.0,94080.0
1990-12-07 10:00:00+00:00,5.83,63.15,383.0,601.5,137.0,246.95,0.14,130.0,94050.0
1990-12-07 11:00:00+00:00,6.74,61.0,381.0,601.1,136.0,250.8,0.41,247.0,94000.0
1990-12-07 12:00:00+00:00,7.17,63.35,334.0,601.8,117.0,251.4,0.76,256.0,93950.0
1990-12-07 13:00:00+00:00,6.78,63.35,240.0,564.23,87.0,250.05,0.83,254.0,93920.0
1990-12-07 14:00:00+00:00,6.12,70.85,115.0,474.44,46.0,247.3,0.83,245.0,93910.0
1990-12-07 15:00:00+00:00,5.4,73.55,0.0,0.0,0.0,237.45,0.55,243.0,93920.0
1990-12-07 16:00:00+00:00,4.44,79.2,0.0,0.0,0.0,235.5,0.07,273.0,93940.0
1990-12-07 17:00:00+00:00,3.79,79.2,0.0,0.0,0.0,240.35,0.41,73.0,93930.0
1990-12-07 18:00:00+00:00,3.05,85.4,0.0,0.0,0.0,236.1,0.9,77.0,93940.0
1990-12-07 19:00:00+00:00,1.72,85.3,0.0,0.0,0.0,250.2,1.1,79.0,93940.0
1990-12-07 20:00:00+00:00,0.33,92.0,0.0,0.0,0.0,244.4,1.31,76.0,93920.0
1990-12-07 21:00:00+00:00,-0.43,95.6,0.0,0.0,0.0,249.85,1.31,69.0,93890.0
1990-12-07 22:00:00+00:00,-0.93,95.6,0.0,0.0,0.0,252.55,1.31,67.0,93880.0
1990-12-07 23:00:00+00:00,-0.96,95.6,0.0,0.0,0.0,259.7,1.24,68.0,93830.0
1990-12-08 00:00:00+00:00,-1.14,95.6,0.0,0.0,0.0,256.2,1.24,69.0,93800.0
1990-12-08 01:00:00+00:00,-0.93,95.6,0.0,0.0,0.0,249.35,1.24,71.0,93750.0
1990-12-08 02:00:00+00:00,-0.87,95.6,0.0,0.0,0.0,254.3,1.24,75.0,93720.0
1990-12-08 03:00:00+00:00,-0.83,91.95,0.0,0.0,0.0,266.1,1.24,78.0,93670.0
1990-12-08 04:00:00+00:00,-1.14,95.6,0.0,0.0,0.0,283.3,1.31,84.0,93620.0
1990-12-08 05:00:00+00:00,-0.75,95.6,0.0,0.0,0.0,286.8,1.31,91.0,93600.0
1990-12-08 06:00:00+00:00,-0.34,95.6,0.0,0.0,0.0,293.2,1.31,96.0,93560.0
1990-12-08 07:00:00+00:00,1.02,92.05,71.0,59.46,62.0,311.4,1.38,125.0,93570.0
1990-12-08 08:00:00+00:00,2.42,85.35,108.0,14.53,104.0,296.1,1.24,131.0,93550.0
1990-12-08 09:00:00+00:00,3.71,82.3,137.0,8.28,134.0,309.05,1.52,143.0,93510.0
1990-12-08 10:00:00+00:00,4.22,85.5,45.0,0.0,45.0,320.1,2.07,159.0,93450.0
1990-12-08 11:00:00+00:00,4.36,88.8,36.0,0.0,36.0,324.35,2.62,168.0,93370.0
1990-12-08 12:00:00+00:00,4.29,92.2,31.0,0.0,31.0,324.35,2.48,166.0,93290.0
1990-12-08 13:00:00+00:00,4.31,92.2,34.0,0.0,34.0,315.85,2.28,164.0,93230.0
1990-12-08 14:00:00+00:00,4.07,95.75,10.0,0.0,10.0,308.65,1.79,156.0,93180.0
1990-12-08 15:00:00+00:00,3.58,95.7,0.0,0.0,0.0,320.5,1.72,150.0,93160.0
1990-12-08 16:00:00+00:00,3.28,95.7,0.0,0.0,0.0,323.95,1.86,146.0,93120.0
1990-12-08 17:00:00+00:00,3.16,95.7,0.0,0.0,0.0,324.55,2.0,146.0,93090.0
1990-12-08 18:00:00+00:00,3.31,95.7,0.0,0.0,0.0,328.0,2.14,146.0,93020.0
1990-12-08 19:00:00+00:00,4.05,95.75,0.0,0.0,0.0,332.65,2.28,165.0,92910.0
1990-12-08 20:00:00+00:00,4.39,99.4,0.0,0.0,0.0,329.4,2.55,175.0,92850.0
1990-12-08 21:00:00+00:00,4.86,99.4,0.0,0.0,0.0,326.1,2.97,186.0,92800.0
1990-12-08 22:00:00+00:00,5.01,99.4,0.0,0.0,0.0,326.3,3.1,187.0,92720.0
1990-12-08 23:00:00+00:00,5.28,95.75,0.0,0.0,0.0,317.75,4.62,189.0,92640.0
1990-12-09 00:00:00+00:00,5.05,99.4,0.0,0.0,0.0,319.9,4.41,188.0,92550.0
1990-12-09 01:00:00+00:00,5.16,95.75,0.0,0.0,0.0,317.7,4.48,188.0,92470.0
1990-12-09 02:00:00+00:00,5.18,95.75,0.0,0.0,0.0,324.35,4.48,189.0,92380.0
1990-12-09 03:00:00+00:00,5.21,95.75,0.0,0.0,0.0,329.75,4.41,187.0,92270.0
1990-12-09 04:00:00+00:00,5.29,95.75,0.0,0.0,0.0,333.85,4.34,184.0,92150.0
1990-12-09 05:00:00+00:00,5.54,99.4,0.0,0.0,0.0,336.95,4.55,184.0,92070.0
1990-12-09 06:00:00+00:00,5.58,95.75,0.0,0.0,0.0,329.95,4.55,185.0,92000.0
1990-12-09 07:00:00+00:00,5.73,95.75,12.0,0.0,12.0,332.65,4.76,197.0,91930.0
1990-12-09 08:00:00+00:00,6.13,99.4,43.0,0.0,43.0,330.35,3.93,197.0,91850.0
1990-12-09 09:00:00+00:00,6.29,95.8,232.0,160.93,174.0,336.35,4.9,199.0,91800.0
1990-12-09 10:00:00+00:00,6.39,95.8,36.0,0.0,36.0,338.1,5.38,201.0,91740.0
1990-12-09 11:00:00+00:00,6.45,92.3,36.0,0.0,36.0,332.85,5.52,200.0,91660.0
1990-12-09 12:00:00+00:00,6.4,95.8,31.0,0.0,31.0,329.75,4.62,200.0,91600.0
1990-12-09 13:00:00+00:00,5.58,99.4,76.0,0.0,76.0,334.0,4.21,207.0,91550.0
1990-12-09 14:00:00+00:00,4.27,95.75,81.0,145.36,60.0,314.85,3.03,212.0,91520.0
1990-12-09 15:00:00+00:00,3.26,92.15,0.0,0.0,0.0,325.7,1.45,219.0,91550.0
1990-12-09 16:00:00+00:00,2.93,95.7,0.0,0.0,0.0,322.8,0.62,222.0,91580.0
1990-12-09 17:00:00+00:00,1.72,95.65,0.0,0.0,0.0,310.05,0.97,335.0,91650.0
1990-12-09 18:00:00+00:00,1.0,99.35,0.0,0.0,0.0,299.95,1.72,1.0,91730.0
1990-12-09 19:00:00+00:00,0.63,99.4,0.0,0.0,0.0,293.55,1.86,23.0,91810.0
1990-12-09 20:00:00+00:00,0.04,88.45,0.0,0.0,0.0,287.6,2.41,27.0,91880.0
1990-12-09 21:00:00+00:00,-0.73,75.55,0.0,0.0,0.0,283.7,3.03,34.0,91960.0
1990-12-09 22:00:00+00:00,-1.31,72.5,0.0,0.0,0.0,282.55,2.62,30.0,92060.0
1990-12-09 23:00:00+00:00,-1.74,69.55,0.0,0.0,0.0,267.45,2.62,34.0,92140.0
1990-12-10 00:00:00+00:00,-2.25,69.45,0.0,0.0,0.0,239.0,2.41,34.0,92220.0
1990-12-10 01:00:00+00:00,-2.79,69.35,0.0,0.0,0.0,225.75,2.28,36.0,92330.0
1990-12-10 02:00:00+00:00,-3.12,69.25,0.0,0.0,0.0,218.85,2.14,38.0,92430.0
1990-12-10 03:00:00+00:00,-3.46,69.15,0.0,0.0,0.0,216.15,1.93,41.0,92470.0
1990-12-10 04:00:00+00:00,-4.08,71.95,0.0,0.0,0.0,205.5,1.66,42.0,92530.0
1990-12-10 05:00:00+00:00,-5.0,77.9,0.0,0.0,0.0,196.6,1.59,46.0,92580.0
1990-12-10 06:00:00+00:00,-5.74,77.85,0.0,0.0,0.0,191.75,1.52,49.0,92650.0
1990-12-10 07:00:00+00:00,-5.1,77.9,101.0,286.5,59.0,189.85,1.38,52.0,92700.0
1990-12-10 08:00:00+00:00,-3.06,66.45,212.0,358.22,115.0,195.05,1.17,60.0,92750.0
1990-12-10 09:00:00+00:00,-1.23,59.2,247.0,198.07,176.0,203.4,0.83,86.0,92810.0
1990-12-10 10:00:00+00:00,-0.83,59.35,349.0,450.91,167.0,196.4,1.03,163.0,92830.0
1990-12-10 11:00:00+00:00,1.09,50.75,368.0,550.56,146.0,202.2,1.86,204.0,92820.0
1990-12-10 12:00:00+00:00,1.31,48.85,335.0,624.17,112.0,204.35,2.41,204.0,92750.0
1990-12-10 13:00:00+00:00,1.18,48.85,247.0,635.89,76.0,206.3,2.48,205.0,92720.0
1990-12-10 14:00:00+00:00,0.73,52.85,125.0,624.32,35.0,211.15,2.34,206.0,92750.0
1990-12-10 15:00:00+00:00,-0.22,61.9,0.0,0.0,0.0,219.25,2.14,193.0,92750.0
1990-12-10 16:00:00+00:00,-1.05,66.9,0.0,0.0,0.0,236.1,2.28,174.0,92730.0
1990-12-10 17:00:00+00:00,-1.47,75.35,0.0,0.0,0.0,247.9,2.07,175.0,92740.0
1990-12-10 18:00:00+00:00,-1.25,75.45,0.0,0.0,0.0,265.7,2.14,169.0,92810.0
1990-12-10 19:00:00+00:00,-0.25,72.65,0.0,0.0,0.0,279.65,2.62,170.0,92770.0
1990-12-10 20:00:00+00:00,0.34,72.75,0.0,0.0,0.0,275.95,2.62,173.0,92800.0
1990-12-10 21:00:00+00:00,1.11,75.75,0.0,0.0,0.0,295.9,2.83,169.0,92820.0
1990-12-10 22:00:00+00:00,1.53,78.9,0.0,0.0,0.0,303.05,2.9,160.0,92790.0
1990-12-10 23:00:00+00:00,1.72,78.95,0.0,0.0,0.0,309.45,2.97,155.0,92740.0
1990-12-11 00:00:00+00:00,1.84,82.05,0.0,0.0,0.0,312.95,2.97,157.0,92740.0
1990-12-11 01:00:00+00:00,2.2,82.15,0.0,0.0,0.0,317.9,2.9,156.0,92780.0
1990-12-11 02:00:00+00:00,2.19,92.1,0.0,0.0,0.0,318.35,2.76,154.0,92770.0
1990-12-11 03:00:00+00:00,2.3,92.15,0.0,0.0,0.0,322.6,2.9,152.0,92710.0
1990-12-11 04:00:00+00:00,2.43,92.15,0.0,0.0,0.0,324.55,3.1,147.0,92660.0
1990-12-11 05:00:00+00:00,2.51,92.15,0.0,0.0,0.0,323.55,3.03,146.0,92680.0
1990-12-11 06:00:00+00:00,2.63,92.15,0.0,0.0,0.0,318.35,3.1,148.0,92690.0
1990-12-11 07:00:00+00:00,3.64,95.7,72.0,90.06,59.0,322.6,3.45,164.0,92670.0
1990-12-11 08:00:00+00:00,4.64,99.4,45.0,0.0,45.0,327.45,3.79,171.0,92690.0
1990-12-11 09:00:00+00:00,5.34,95.75,49.0,0.0,49.0,326.85,3.93,176.0,92720.0
1990-12-11 10:00:00+00:00,6.09,95.75,65.0,0.0,65.0,326.1,3.72,178.0,92740.0
1990-12-11 11:00:00+00:00,6.36,92.3,64.0,0.0,64.0,334.2,4.0,180.0,92720.0
1990-12-11 12:00:00+00:00,6.63,95.8,70.0,0.0,70.0,327.05,3.31,176.0,92700.0
1990-12-11 13:00:00+00:00,6.63,92.3,49.0,0.0,49.0,332.1,4.0,174.0,92710.0
1990-12-11 14:00:00+00:00,6.81,92.35,10.0,0.0,10.0,330.95,4.0,170.0,92740.0
1990-12-11 15:00:00+00:00,6.91,92.35,0.0,0.0,0.0,328.4,3.66,170.0,92750.0
1990-12-11 16:00:00+00:00,6.83,92.35,0.0,0.0,0.0,328.6,3.52,169.0,92800.0
1990-12-11 17:00:00+00:00,6.59,99.4,0.0,0.0,0.0,323.95,3.38,167.0,92820.0
1990-12-11 18:00:00+00:00,6.84,99.4,0.0,0.0,0.0,340.8,3.45,165.0,92830.0
1990-12-11 19:00:00+00:00,7.43,99.4,0.0,0.0,0.0,337.1,3.17,163.0,92740.0
1990-12-11 20:00:00+00:00,7.69,100.0,0.0,0.0,0.0,339.25,3.31,166.0,92730.0
1990-12-11 21:00:00+00:00,7.85,99.4,0.0,0.0,0.0,335.55,3.38,169.0,92740.0
1990-12-11 22:00:00+00:00,8.03,99.4,0.0,0.0,0.0,342.35,3.52,171.0,92780.0
1990-12-11 23:00:00+00:00,8.05,99.4,0.0,0.0,0.0,337.7,3.45,171.0,92810.0
1990-12-12 00:00:00+00:00,8.17,100.0,0.0,0.0,0.0,346.8,3.59,171.0,92830.0
1990-12-12 01:00:00+00:00,8.19,100.0,0.0,0.0,0.0,345.95,2.69,166.0,92880.0
1990-12-12 02:00:00+00:00,8.0,99.4,0.0,0.0,0.0,328.2,2.62,166.0,92880.0
1990-12-12 03:00:00+00:00,7.98,99.4,0.0,0.0,0.0,343.5,2.28,164.0,92880.0
1990-12-12 04:00:00+00:00,8.07,99.4,0.0,0.0,0.0,323.55,2.83,167.0,92870.0
1990-12-12 05:00:00+00:00,8.13,100.0,0.0,0.0,0.0,330.75,2.76,168.0,92880.0
1990-12-12 06:00:00+00:00,8.25,99.4,0.0,0.0,0.0,342.15,2.76,168.0,92940.0
1990-12-12 07:00:00+00:00,8.56,99.4,32.0,0.0,32.0,344.1,2.69,164.0,92940.0
1990-12-12 08:00:00+00:00,8.87,95.85,77.0,0.0,77.0,349.1,3.31,162.0,92950.0
1990-12-12 09:00:00+00:00,9.11,92.45,140.0,11.27,136.0,347.95,3.93,165.0,93000.0
1990-12-12 10:00:00+00:00,9.76,89.15,164.0,12.48,159.0,349.1,3.93,167.0,93000.0
1990-12-12 11:00:00+00:00,10.28,83.0,218.0,72.34,189.0,323.4,4.0,170.0,92980.0
1990-12-12 12:00:00+00:00,10.56,83.0,70.0,0.0,70.0,334.2,4.21,175.0,92970.0
1990-12-12 13:00:00+00:00,10.4,83.0,121.0,37.31,111.0,323.75,3.66,174.0,92980.0
1990-12-12 14:00:00+00:00,9.95,86.0,57.0,27.8,53.0,328.0,3.52,171.0,93020.0
1990-12-12 15:00:00+00:00,9.22,95.85,0.0,0.0,0.0,324.55,2.48,166.0,93050.0
1990-12-12 16:00:00+00:00,8.61,99.4,0.0,0.0,0.0,317.55,2.28,160.0,93060.0
1990-12-12 17:00:00+00:00,8.38,99.4,0.0,0.0,0.0,319.7,2.21,160.0,93060.0
1990-12-12 18:00:00+00:00,8.34,99.4,0.0,0.0,0.0,324.35,2.34,164.0,93080.0
1990-12-12 19:00:00+00:00,8.79,99.4,0.0,0.0,0.0,347.0,1.79,167.0,93070.0
1990-12-12 20:00:00+00:00,8.81,99.4,0.0,0.0,0.0,345.45,1.79,172.0,93060.0
1990-12-12 21:00:00+00:00,8.85,99.4,0.0,0.0,0.0,346.0,2.28,176.0,93090.0
1990-12-12 22:00:00+00:00,8.66,99.4,0.0,0.0,0.0,341.95,2.55,178.0,93080.0
1990-12-12 23:00:00+00:00,8.54,99.4,0.0,0.0,0.0,330.55,2.48,179.0,93080.0
1990-12-13 00:00:00+00:00,8.64,99.4,0.0,0.0,0.0,342.75,2.62,183.0,93050.0
1990-12-13 01:00:00+00:00,8.68,99.4,0.0,0.0,0.0,338.0,2.62,181.0,93050.0
1990-12-13 02:00:00+00:00,8.52,99.4,0.0,0.0,0.0,341.75,2.69,181.0,93050.0
1990-12-13 03:00:00+00:00,8.63,99.4,0.0,0.0,0.0,331.3,3.03,176.0,93010.0
1990-12-13 04:00:00+00:00,8.7,99.4,0.0,0.0,0.0,339.85,3.03,175.0,92970.0
1990-12-13 05:00:00+00:00,8.46,99.4,0.0,0.0,0.0,343.9,3.1,177.0,92980.0
1990-12-13 06:00:00+00:00,8.37,99.4,0.0,0.0,0.0,341.95,3.17,174.0,92960.0
1990-12-13 07:00:00+00:00,8.62,99.4,32.0,0.0,32.0,345.05,3.31,187.0,93010.0
1990-12-13 08:00:00+00:00,8.71,99.4,43.0,0.0,43.0,347.0,2.76,187.0,93030.0
1990-12-13 09:00:00+00:00,8.78,95.85,80.0,0.0,80.0,348.95,2.76,188.0,93010.0
1990-12-13 10:00:00+00:00,8.98,99.4,82.0,0.0,82.0,346.8,2.55,189.0,92970.0
1990-12-13 11:00:00+00:00,8.75,95.85,114.0,0.0,114.0,347.55,2.9,191.0,92880.0
1990-12-13 12:00:00+00:00,8.37,95.85,59.0,0.0,59.0,350.3,3.17,195.0,92810.0
1990-12-13 13:00:00+00:00,8.07,95.8,49.0,0.0,49.0,350.5,3.38,197.0,92750.0
1990-12-13 14:00:00+00:00,7.73,99.4,26.0,0.0,26.0,347.4,2.14,188.0,92730.0
1990-12-13 15:00:00+00:00,7.49,99.4,0.0,0.0,0.0,347.55,1.93,188.0,92710.0
1990-12-13 16:00:00+00:00,7.54,99.4,0.0,0.0,0.0,351.05,1.59,200.0,92700.0
1990-12-13 17:00:00+00:00,7.4,99.4,0.0,0.0,0.0,352.2,1.31,223.0,92700.0
1990-12-13 18:00:00+00:00,6.7,99.4,0.0,0.0,0.0,326.85,1.24,239.0,92720.0
1990-12-13 19:00:00+00:00,6.21,99.4,0.0,0.0,0.0,327.45,0.97,217.0,92730.0
1990-12-13 20:00:00+00:00,5.74,99.4,0.0,0.0,0.0,312.15,0.97,232.0,92740.0
1990-12-13 21:00:00+00:00,5.28,99.4,0.0,0.0,0.0,309.45,0.97,240.0,92710.0
1990-12-13 22:00:00+00:00,4.78,99.4,0.0,0.0,0.0,303.65,0.62,230.0,92720.0
1990-12-13 23:00:00+00:00,4.48,99.4,0.0,0.0,0.0,308.65,0.34,143.0,92690.0
1990-12-14 00:00:00+00:00,4.42,99.4,0.0,0.0,0.0,323.75,0.34,135.0,92650.0
1990-12-14 01:00:00+00:00,4.0,95.75,0.0,0.0,0.0,314.0,0.48,125.0,92630.0
1990-12-14 02:00:00+00:00,3.52,95.7,0.0,0.0,0.0,306.95,0.55,126.0,92640.0
1990-12-14 03:00:00+00:00,3.09,99.4,0.0,0.0,0.0,298.05,0.76,123.0,92620.0
1990-12-14 04:00:00+00:00,3.0,95.7,0.0,0.0,0.0,308.3,0.76,131.0,92600.0
1990-12-14 05:00:00+00:00,2.86,95.7,0.0,0.0,0.0,302.85,1.03,134.0,92610.0
1990-12-14 06:00:00+00:00,2.77,95.7,0.0,0.0,0.0,302.1,1.03,131.0,92610.0
1990-12-14 07:00:00+00:00,4.16,95.75,72.0,108.55,57.0,320.65,1.45,155.0,92660.0
1990-12-14 08:00:00+00:00,4.72,95.75,169.0,182.47,121.0,308.65,1.93,166.0,92680.0
1990-12-14 09:00:00+00:00,5.99,88.9,86.0,0.0,86.0,301.1,2.83,173.0,92650.0
1990-12-14 10:00:00+00:00,6.96,79.55,152.0,7.54,149.0,309.85,3.52,188.0,92620.0
1990-12-14 11:00:00+00:00,6.79,79.55,137.0,2.51,136.0,320.85,3.59,192.0,92610.0
1990-12-14 12:00:00+00:00,6.5,82.55,98.0,0.0,98.0,325.1,3.1,192.0,92560.0
1990-12-14 13:00:00+00:00,6.21,85.65,131.0,56.06,116.0,329.2,2.97,190.0,92560.0
1990-12-14 14:00:00+00:00,5.84,88.9,43.0,6.94,42.0,317.55,2.97,185.0,92560.0
1990-12-14 15:00:00+00:00,5.72,92.25,0.0,0.0,0.0,325.9,2.69,184.0,92560.0
1990-12-14 16:00:00+00:00,5.7,95.75,0.0,0.0,0.0,334.4,2.55,180.0,92560.0
1990-12-14 17:00:00+00:00,5.53,99.4,0.0,0.0,0.0,328.2,2.55,178.0,92560.0
1990-12-14 18:00:00+00:00,5.6,99.4,0.0,0.0,0.0,333.45,2.28,181.0,92550.0
1990-12-14 19:00:00+00:00,5.71,99.4,0.0,0.0,0.0,337.7,2.0,180.0,92530.0
1990-12-14 20:00:00+00:00,5.91,99.4,0.0,0.0,0.0,339.85,2.41,185.0,92500.0
1990-12-14 21:00:00+00:00,6.0,99.4,0.0,0.0,0.0,332.3,2.62,186.0,92470.0
1990-12-14 22:00:00+00:00,6.13,99.4,0.0,0.0,0.0,335.0,2.21,188.0,92470.0
1990-12-14 23:00:00+00:00,6.27,99.4,0.0,0.0,0.0,337.5,2.21,181.0,92450.0
1990-12-15 00:00:00+00:00,6.47,99.4,0.0,0.0,0.0,336.55,2.34,181.0,92400.0
1990-12-15 01:00:00+00:00,6.5,99.4,0.0,0.0,0.0,338.0,2.41,181.0,92380.0
1990-12-15 02:00:00+00:00,6.66,99.4,0.0,0.0,0.0,337.7,2.41,180.0,92370.0
1990-12-15 03:00:00+00:00,6.7,100.0,0.0,0.0,0.0,341.2,2.41,178.0,92320.0
1990-12-15 04:00:00+00:00,6.82,99.4,0.0,0.0,0.0,338.85,2.41,175.0,92280.0
1990-12-15 05:00:00+00:00,7.04,99.4,0.0,0.0,0.0,341.75,2.34,175.0,92240.0
1990-12-15 06:00:00+00:00,7.21,100.0,0.0,0.0,0.0,343.7,2.48,179.0,92220.0
1990-12-15 07:00:00+00:00,7.74,99.4,19.0,0.0,19.0,350.3,2.76,179.0,92210.0
1990-12-15 08:00:00+00:00,7.79,99.4,40.0,0.0,40.0,350.3,2.48,177.0,92210.0
1990-12-15 09:00:00+00:00,7.74,99.4,100.0,0.0,100.0,351.45,2.21,175.0,92170.0
1990-12-15 10:00:00+00:00,7.75,99.4,68.0,0.0,68.0,352.2,2.83,174.0,92120.0
1990-12-15 11:00:00+00:00,7.81,99.4,71.0,0.0,71.0,352.0,3.17,175.0,92030.0
1990-12-15 12:00:00+00:00,7.98,99.4,104.0,0.0,104.0,350.3,2.55,173.0,91930.0
1990-12-15 13:00:00+00:00,7.9,99.4,35.0,0.0,35.0,346.4,3.03,171.0,91870.0
1990-12-15 14:00:00+00:00,7.87,99.4,34.0,0.0,34.0,349.5,2.76,168.0,91800.0
1990-12-15 15:00:00+00:00,7.65,99.4,0.0,0.0,0.0,351.05,3.31,170.0,91780.0
1990-12-15 16:00:00+00:00,7.59,99.4,0.0,0.0,0.0,349.1,3.38,170.0,91760.0
1990-12-15 17:00:00+00:00,7.48,99.4,0.0,0.0,0.0,347.75,3.31,169.0,91710.0
1990-12-15 18:00:00+00:00,7.54,99.4,0.0,0.0,0.0,344.85,3.38,172.0,91690.0
1990-12-15 19:00:00+00:00,7.69,95.8,0.0,0.0,0.0,346.8,4.48,184.0,91600.0
1990-12-15 20:00:00+00:00,7.67,95.8,0.0,0.0,0.0,342.15,4.83,186.0,91560.0
1990-12-15 21:00:00+00:00,7.74,92.4,0.0,0.0,0.0,342.95,5.45,184.0,91550.0
1990-12-15 22:00:00+00:00,7.66,95.8,0.0,0.0,0.0,346.2,5.93,183.0,91490.0
1990-12-15 23:00:00+00:00,7.41,92.35,0.0,0.0,0.0,339.65,5.86,183.0,91460.0
1990-12-16 00:00:00+00:00,7.19,92.35,0.0,0.0,0.0,342.75,5.38,178.0,91360.0
1990-12-16 01:00:00+00:00,7.52,92.35,0.0,0.0,0.0,346.15,5.79,180.0,91280.0
1990-12-16 02:00:00+00:00,8.02,95.8,0.0,0.0,0.0,347.95,6.76,188.0,91260.0
1990-12-16 03:00:00+00:00,8.1,95.8,0.0,0.0,0.0,347.55,6.76,198.0,91300.0
1990-12-16 04:00:00+00:00,7.7,95.8,0.0,0.0,0.0,338.3,6.41,208.0,91360.0
1990-12-16 05:00:00+00:00,6.91,95.8,0.0,0.0,0.0,338.3,5.59,221.0,91470.0
1990-12-16 06:00:00+00:00,5.74,92.3,0.0,0.0,0.0,327.45,3.03,224.0,91590.0
1990-12-16 07:00:00+00:00,5.59,99.4,74.0,133.77,56.0,325.5,1.52,218.0,91670.0
1990-12-16 08:00:00+00:00,5.56,95.75,90.0,3.85,89.0,303.05,1.24,197.0,91780.0
1990-12-16 09:00:00+00:00,6.14,85.65,229.0,174.78,168.0,305.4,1.38,186.0,91850.0
1990-12-16 10:00:00+00:00,6.91,73.8,168.0,17.67,161.0,297.85,1.45,206.0,91890.0
1990-12-16 11:00:00+00:00,7.34,68.5,152.0,7.54,149.0,282.95,1.24,221.0,91870.0
1990-12-16 12:00:00+00:00,7.56,65.95,132.0,8.48,129.0,293.4,1.1,241.0,91860.0
1990-12-16 13:00:00+00:00,7.36,65.95,162.0,142.0,124.0,290.1,0.69,255.0,91830.0
1990-12-16 14:00:00+00:00,7.21,68.4,60.0,34.56,55.0,296.65,0.34,235.0,91840.0
1990-12-16 15:00:00+00:00,6.52,76.55,0.0,0.0,0.0,287.95,0.48,158.0,91860.0
1990-12-16 16:00:00+00:00,5.64,76.4,0.0,0.0,0.0,278.5,0.83,128.0,91880.0
1990-12-16 17:00:00+00:00,5.49,76.4,0.0,0.0,0.0,266.1,0.83,121.0,91910.0
1990-12-16 18:00:00+00:00,4.89,79.3,0.0,0.0,0.0,256.4,0.97,99.0,91950.0
1990-12-16 19:00:00+00:00,4.12,76.25,0.0,0.0,0.0,266.1,1.1,85.0,91990.0
1990-12-16 20:00:00+00:00,4.09,79.2,0.0,0.0,0.0,288.15,0.9,76.0,91980.0
1990-12-16 21:00:00+00:00,3.7,73.4,0.0,0.0,0.0,294.55,0.83,61.0,92010.0
1990-12-16 22:00:00+00:00,2.53,88.65,0.0,0.0,0.0,291.25,0.97,63.0,92000.0
1990-12-16 23:00:00+00:00,1.83,95.65,0.0,0.0,0.0,289.5,1.03,66.0,92030.0
1990-12-17 00:00:00+00:00,1.72,95.65,0.0,0.0,0.0,295.5,1.1,58.0,91990.0
1990-12-17 01:00:00+00:00,1.45,95.65,0.0,0.0,0.0,289.8,1.17,60.0,92010.0
1990-12-17 02:00:00+00:00,1.07,95.65,0.0,0.0,0.0,281.0,1.17,61.0,92020.0
1990-12-17 03:00:00+00:00,1.09,95.65,0.0,0.0,0.0,292.05,1.1,61.0,92010.0
1990-12-17 04:00:00+00:00,0.58,95.65,0.0,0.0,0.0,273.45,1.24,52.0,92000.0
1990-12-17 05:00:00+00:00,0.08,95.6,0.0,0.0,0.0,266.1,1.31,51.0,92040.0
1990-12-17 06:00:00+00:00,-0.27,92.0,0.0,0.0,0.0,266.65,1.52,46.0,92060.0
1990-12-17 07:00:00+00:00,0.26,95.65,53.0,30.1,49.0,268.4,1.38,40.0,92090.0
1990-12-17 08:00:00+00:00,1.13,92.05,62.0,0.0,62.0,277.7,1.66,33.0,92160.0
1990-12-17 09:00:00+00:00,1.9,82.05,57.0,0.0,57.0,279.85,2.0,34.0,92190.0
1990-12-17 10:00:00+00:00,2.46,76.0,35.0,0.0,35.0,271.1,2.07,40.0,92200.0
1990-12-17 11:00:00+00:00,3.05,67.7,35.0,0.0,35.0,281.75,2.62,42.0,92180.0
1990-12-17 12:00:00+00:00,2.94,65.1,61.0,0.0,61.0,257.95,3.17,46.0,92170.0
1990-12-17 13:00:00+00:00,2.36,62.5,133.0,56.01,118.0,270.55,3.24,44.0,92190.0
1990-12-17 14:00:00+00:00,1.63,67.4,46.0,6.89,45.0,285.05,2.97,43.0,92250.0
1990-12-17 15:00:00+00:00,0.7,67.3,0.0,0.0,0.0,265.9,2.76,43.0,92300.0
1990-12-17 16:00:00+00:00,0.0,69.85,0.0,0.0,0.0,263.75,2.69,44.0,92380.0
1990-12-17 17:00:00+00:00,-0.47,69.75,0.0,0.0,0.0,261.45,2.76,45.0,92440.0
1990-12-17 18:00:00+00:00,-0.87,72.5,0.0,0.0,0.0,254.85,2.69,45.0,92490.0
1990-12-17 19:00:00+00:00,-0.94,66.9,0.0,0.0,0.0,255.65,2.48,48.0,92550.0
1990-12-17 20:00:00+00:00,-1.26,66.9,0.0,0.0,0.0,245.4,2.48,48.0,92570.0
1990-12-17 21:00:00+00:00,-1.41,66.8,0.0,0.0,0.0,244.6,2.69,44.0,92620.0
1990-12-17 22:00:00+00:00,-1.55,64.1,0.0,0.0,0.0,241.7,2.9,44.0,92680.0
1990-12-17 23:00:00+00:00,-1.99,69.45,0.0,0.0,0.0,242.1,2.97,45.0,92690.0
1990-12-18 00:00:00+00:00,-2.0,69.45,0.0,0.0,0.0,252.55,2.62,45.0,92700.0
1990-12-18 01:00:00+00:00,-2.03,69.45,0.0,0.0,0.0,250.55,2.55,44.0,92720.0
1990-12-18 02:00:00+00:00,-2.06,66.65,0.0,0.0,0.0,242.65,2.76,45.0,92700.0
1990-12-18 03:00:00+00:00,-2.21,66.65,0.0,0.0,0.0,239.95,2.55,44.0,92680.0
1990-12-18 04:00:00+00:00,-2.31,66.65,0.0,0.0,0.0,241.3,2.55,44.0,92690.0
1990-12-18 05:00:00+00:00,-2.53,66.6,0.0,0.0,0.0,233.95,2.55,44.0,92720.0
1990-12-18 06:00:00+00:00,-2.83,66.6,0.0,0.0,0.0,231.65,2.48,44.0,92760.0
1990-12-18 07:00:00+00:00,-2.22,66.65,57.0,45.68,51.0,245.0,2.62,41.0,92750.0
1990-12-18 08:00:00+00:00,-1.52,64.1,156.0,132.28,122.0,238.8,3.03,43.0,92790.0
1990-12-18 09:00:00+00:00,-0.69,59.35,187.0,66.32,164.0,232.4,3.45,46.0,92820.0
1990-12-18 10:00:00+00:00,0.01,57.1,162.0,12.68,157.0,237.05,3.59,46.0,92830.0
1990-12-18 11:00:00+00:00,0.49,52.75,215.0,63.0,190.0,239.6,3.52,46.0,92800.0
1990-12-18 12:00:00+00:00,0.63,52.75,154.0,19.79,147.0,244.8,3.45,45.0,92760.0
1990-12-18 13:00:00+00:00,0.57,52.75,156.0,111.89,126.0,245.0,3.17,41.0,92770.0
1990-12-18 14:00:00+00:00,0.13,54.8,65.0,48.02,58.0,244.2,2.69,37.0,92780.0
1990-12-18 15:00:00+00:00,-0.62,59.35,0.0,0.0,0.0,241.5,2.21,28.0,92830.0
1990-12-18 16:00:00+00:00,-1.81,64.1,0.0,0.0,0.0,228.15,2.14,25.0,92880.0
1990-12-18 17:00:00+00:00,-2.49,66.6,0.0,0.0,0.0,239.2,2.21,28.0,92940.0
1990-12-18 18:00:00+00:00,-2.97,69.25,0.0,0.0,0.0,235.5,2.34,33.0,93000.0
1990-12-18 19:00:00+00:00,-3.17,63.8,0.0,0.0,0.0,228.75,2.55,40.0,93010.0
1990-12-18 20:00:00+00:00,-3.41,66.35,0.0,0.0,0.0,224.65,2.55,40.0,93060.0
1990-12-18 21:00:00+00:00,-3.64,66.35,0.0,0.0,0.0,220.4,2.55,41.0,93110.0
1990-12-18 22:00:00+00:00,-3.72,66.35,0.0,0.0,0.0,225.05,2.55,42.0,93170.0
1990-12-18 23:00:00+00:00,-4.1,69.05,0.0,0.0,0.0,214.4,2.34,44.0,93200.0
1990-12-19 00:00:00+00:00,-4.89,74.8,0.0,0.0,0.0,212.1,2.0,44.0,93210.0
1990-12-19 01:00:00+00:00,-5.68,71.65,0.0,0.0,0.0,215.5,2.0,46.0,93270.0
1990-12-19 02:00:00+00:00,-5.87,71.65,0.0,0.0,0.0,212.1,1.86,45.0,93290.0
1990-12-19 03:00:00+00:00,-5.98,74.6,0.0,0.0,0.0,215.0,2.0,45.0,93320.0
1990-12-19 04:00:00+00:00,-6.82,68.65,0.0,0.0,0.0,213.85,2.41,46.0,93350.0
1990-12-19 05:00:00+00:00,-6.44,68.65,0.0,0.0,0.0,210.95,2.62,46.0,93430.0
1990-12-19 06:00:00+00:00,-5.85,68.75,0.0,0.0,0.0,215.6,2.83,47.0,93480.0
1990-12-19 07:00:00+00:00,-5.16,68.85,109.0,585.1,33.0,215.75,2.76,51.0,93540.0
1990-12-19 08:00:00+00:00,-3.81,63.7,239.0,660.65,70.0,216.75,2.97,51.0,93590.0
1990-12-19 09:00:00+00:00,-2.39,61.35,351.0,806.72,72.0,215.6,3.1,51.0,93650.0
1990-12-19 10:00:00+00:00,-1.33,54.55,409.0,840.39,78.0,214.2,2.97,51.0,93690.0
1990-12-19 11:00:00+00:00,-0.58,52.45,414.0,852.25,76.0,219.45,2.69,48.0,93690.0
1990-12-19 12:00:00+00:00,-0.19,50.5,356.0,779.98,80.0,214.4,2.62,47.0,93660.0
1990-12-19 13:00:00+00:00,-0.16,50.5,260.0,744.75,60.0,220.2,2.62,45.0,93670.0
1990-12-19 14:00:00+00:00,0.0,48.45,122.0,566.57,39.0,213.85,2.48,45.0,93690.0
1990-12-19 15:00:00+00:00,-0.83,50.35,0.0,0.0,0.0,214.2,2.0,41.0,93720.0
1990-12-19 16:00:00+00:00,-1.73,54.4,0.0,0.0,0.0,216.15,1.86,43.0,93740.0
1990-12-19 17:00:00+00:00,-2.8,61.35,0.0,0.0,0.0,206.5,1.66,46.0,93750.0
1990-12-19 18:00:00+00:00,-3.91,69.05,0.0,0.0,0.0,204.35,1.38,45.0,93770.0
1990-12-19 19:00:00+00:00,-4.31,66.25,0.0,0.0,0.0,202.8,1.38,43.0,93780.0
1990-12-19 20:00:00+00:00,-4.18,66.25,0.0,0.0,0.0,201.45,1.52,41.0,93780.0
1990-12-19 21:00:00+00:00,-4.48,68.95,0.0,0.0,0.0,203.0,1.59,45.0,93770.0
1990-12-19 22:00:00+00:00,-4.37,66.25,0.0,0.0,0.0,201.25,1.52,45.0,93780.0
1990-12-19 23:00:00+00:00,-4.17,69.05,0.0,0.0,0.0,200.85,1.52,46.0,93760.0
1990-12-20 00:00:00+00:00,-4.26,69.05,0.0,0.0,0.0,200.3,1.52,49.0,93760.0
1990-12-20 01:00:00+00:00,-4.43,71.85,0.0,0.0,0.0,197.1,1.52,48.0,93760.0
1990-12-20 02:00:00+00:00,-4.46,71.85,0.0,0.0,0.0,196.8,1.52,49.0,93760.0
1990-12-20 03:00:00+00:00,-4.87,71.85,0.0,0.0,0.0,199.5,1.52,48.0,93740.0
1990-12-20 04:00:00+00:00,-5.3,74.8,0.0,0.0,0.0,198.95,1.59,47.0,93720.0
1990-12-20 05:00:00+00:00,-5.62,77.85,0.0,0.0,0.0,202.2,1.59,46.0,93730.0
1990-12-20 06:00:00+00:00,-6.09,77.75,0.0,0.0,0.0,204.15,1.59,48.0,93730.0
1990-12-20 07:00:00+00:00,-7.58,80.9,107.0,560.12,35.0,206.3,1.79,48.0,93780.0
1990-12-20 08:00:00+00:00,-6.99,74.55,240.0,671.4,69.0,211.15,1.79,48.0,93810.0
1990-12-20 09:00:00+00:00,-4.22,66.25,361.0,860.81,64.0,210.55,1.79,47.0,93840.0
1990-12-20 10:00:00+00:00,-1.89,56.6,407.0,818.55,85.0,204.95,2.0,47.0,93800.0
1990-12-20 11:00:00+00:00,-0.42,44.45,399.0,744.07,104.0,198.55,1.93,46.0,93770.0
1990-12-20 12:00:00+00:00,0.05,41.0,371.0,864.21,65.0,201.65,2.0,46.0,93720.0
1990-12-20 13:00:00+00:00,0.05,42.75,261.0,735.79,63.0,201.45,2.34,48.0,93700.0
1990-12-20 14:00:00+00:00,-0.43,44.45,123.0,556.61,41.0,201.65,1.79,45.0,93720.0
1990-12-20 15:00:00+00:00,-1.27,50.2,0.0,0.0,0.0,201.45,1.66,43.0,93750.0
1990-12-20 16:00:00+00:00,-2.59,56.45,0.0,0.0,0.0,194.7,1.66,40.0,93770.0
1990-12-20 17:00:00+00:00,-4.06,66.25,0.0,0.0,0.0,194.3,1.66,42.0,93790.0
1990-12-20 18:00:00+00:00,-4.93,71.75,0.0,0.0,0.0,199.9,1.66,44.0,93810.0
1990-12-20 19:00:00+00:00,-4.79,68.95,0.0,0.0,0.0,207.05,1.93,48.0,93740.0
1990-12-20 20:00:00+00:00,-4.99,71.75,0.0,0.0,0.0,201.45,1.86,50.0,93740.0
1990-12-20 21:00:00+00:00,-5.3,71.75,0.0,0.0,0.0,196.8,1.86,44.0,93740.0
1990-12-20 22:00:00+00:00,-5.51,74.7,0.0,0.0,0.0,194.85,1.79,42.0,93750.0
1990-12-20 23:00:00+00:00,-5.59,74.7,0.0,0.0,0.0,199.5,1.79,47.0,93760.0
1990-12-21 00:00:00+00:00,-5.56,71.65,0.0,0.0,0.0,200.5,1.79,48.0,93770.0
1990-12-21 01:00:00+00:00,-5.78,71.65,0.0,0.0,0.0,197.3,1.79,46.0,93790.0
1990-12-21 02:00:00+00:00,-6.36,68.65,0.0,0.0,0.0,200.1,1.79,45.0,93790.0
1990-12-21 03:00:00+00:00,-6.5,68.65,0.0,0.0,0.0,199.3,1.79,46.0,93790.0
1990-12-21 04:00:00+00:00,-6.87,65.8,0.0,0.0,0.0,204.55,1.93,46.0,93760.0
1990-12-21 05:00:00+00:00,-6.94,71.5,0.0,0.0,0.0,202.8,1.93,45.0,93760.0
1990-12-21 06:00:00+00:00,-6.94,71.5,0.0,0.0,0.0,203.4,1.93,46.0,93780.0
1990-12-21 07:00:00+00:00,-6.87,71.55,105.0,542.02,36.0,212.3,2.21,49.0,93780.0
1990-12-21 08:00:00+00:00,-5.61,68.75,239.0,681.94,66.0,219.65,2.48,47.0,93820.0
1990-12-21 09:00:00+00:00,-1.61,54.4,351.0,810.29,72.0,224.3,2.97,48.0,93820.0
1990-12-21 10:00:00+00:00,-0.49,52.45,410.0,844.74,78.0,214.2,3.72,48.0,93790.0
1990-12-21 11:00:00+00:00,0.26,48.6,414.0,847.49,78.0,216.55,3.86,47.0,93740.0
1990-12-21 12:00:00+00:00,0.55,48.6,363.0,815.4,74.0,211.3,3.72,46.0,93720.0
1990-12-21 13:00:00+00:00,0.29,48.6,263.0,752.5,60.0,213.05,3.66,48.0,93710.0
1990-12-21 14:00:00+00:00,-0.44,52.45,126.0,586.83,39.0,213.65,3.24,52.0,93700.0
1990-12-21 15:00:00+00:00,-1.44,56.7,0.0,0.0,0.0,220.6,2.48,53.0,93700.0
1990-12-21 16:00:00+00:00,-2.37,61.35,0.0,0.0,0.0,215.2,2.07,46.0,93710.0
1990-12-21 17:00:00+00:00,-3.14,63.8,0.0,0.0,0.0,206.85,2.07,43.0,93750.0
1990-12-21 18:00:00+00:00,-3.7,66.35,0.0,0.0,0.0,208.4,2.0,47.0,93780.0
1990-12-21 19:00:00+00:00,-4.04,66.25,0.0,0.0,0.0,201.85,2.0,48.0,93710.0
1990-12-21 20:00:00+00:00,-4.27,66.25,0.0,0.0,0.0,204.55,2.07,45.0,93690.0
1990-12-21 21:00:00+00:00,-4.41,68.95,0.0,0.0,0.0,202.6,2.14,45.0,93690.0
1990-12-21 22:00:00+00:00,-4.37,68.95,0.0,0.0,0.0,203.0,2.21,46.0,93670.0
1990-12-21 23:00:00+00:00,-4.28,66.25,0.0,0.0,0.0,203.2,2.28,43.0,93650.0
1990-12-22 00:00:00+00:00,-4.32,66.25,0.0,0.0,0.0,205.3,2.34,43.0,93600.0
1990-12-22 01:00:00+00:00,-4.28,63.55,0.0,0.0,0.0,210.65,2.34,46.0,93560.0
1990-12-22 02:00:00+00:00,-4.22,63.55,0.0,0.0,0.0,214.4,2.28,45.0,93520.0
1990-12-22 03:00:00+00:00,-4.12,63.55,0.0,0.0,0.0,218.85,2.28,44.0,93480.0
1990-12-22 04:00:00+00:00,-3.81,58.6,0.0,0.0,0.0,231.85,2.34,43.0,93430.0
1990-12-22 05:00:00+00:00,-3.2,56.35,0.0,0.0,0.0,251.75,2.41,43.0,93400.0
1990-12-22 06:00:00+00:00,-2.89,58.75,0.0,0.0,0.0,244.8,2.48,44.0,93380.0
1990-12-22 07:00:00+00:00,-1.12,59.2,105.0,578.61,32.0,254.85,3.31,45.0,93380.0
1990-12-22 08:00:00+00:00,0.17,59.6,240.0,715.99,59.0,258.75,3.17,46.0,93330.0
1990-12-22 09:00:00+00:00,1.54,59.8,347.0,808.76,69.0,257.75,4.0,44.0,93310.0
1990-12-22 10:00:00+00:00,2.53,57.7,406.0,845.26,74.0,255.85,4.83,44.0,93270.0
1990-12-22 11:00:00+00:00,2.84,55.55,410.0,847.23,74.0,267.45,4.9,44.0,93220.0
1990-12-22 12:00:00+00:00,2.89,55.55,361.0,825.59,68.0,257.4,4.69,44.0,93160.0
1990-12-22 13:00:00+00:00,2.65,57.7,260.0,739.23,60.0,246.95,4.28,43.0,93100.0
1990-12-22 14:00:00+00:00,1.96,59.95,124.0,562.62,40.0,254.3,4.07,42.0,93120.0
1990-12-22 15:00:00+00:00,1.08,62.15,0.0,0.0,0.0,253.5,4.0,43.0,93130.0
1990-12-22 16:00:00+00:00,0.37,62.0,0.0,0.0,0.0,251.95,3.86,43.0,93170.0
1990-12-22 17:00:00+00:00,0.0,64.45,0.0,0.0,0.0,253.3,3.93,43.0,93190.0
1990-12-22 18:00:00+00:00,-0.3,64.45,0.0,0.0,0.0,241.9,3.93,44.0,93250.0
1990-12-22 19:00:00+00:00,-0.12,61.9,0.0,0.0,0.0,247.9,4.21,43.0,93130.0
1990-12-22 20:00:00+00:00,-0.06,61.9,0.0,0.0,0.0,253.5,4.34,44.0,93140.0
1990-12-22 21:00:00+00:00,0.08,61.9,0.0,0.0,0.0,252.95,4.14,43.0,93130.0
1990-12-22 22:00:00+00:00,0.08,61.9,0.0,0.0,0.0,248.65,3.72,41.0,93130.0
1990-12-22 23:00:00+00:00,0.0,64.45,0.0,0.0,0.0,250.8,3.52,39.0,93150.0
1990-12-23 00:00:00+00:00,-0.04,67.1,0.0,0.0,0.0,255.65,3.66,37.0,93180.0
1990-12-23 01:00:00+00:00,0.37,67.2,0.0,0.0,0.0,271.05,3.93,37.0,93200.0
1990-12-23 02:00:00+00:00,0.47,69.95,0.0,0.0,0.0,268.2,3.86,39.0,93220.0
1990-12-23 03:00:00+00:00,0.61,69.95,0.0,0.0,0.0,278.3,3.79,40.0,93180.0
1990-12-23 04:00:00+00:00,0.83,67.3,0.0,0.0,0.0,271.5,4.34,35.0,93140.0
1990-12-23 05:00:00+00:00,0.81,67.3,0.0,0.0,0.0,256.05,4.0,32.0,93220.0
1990-12-23 06:00:00+00:00,0.72,67.3,0.0,0.0,0.0,260.5,3.66,33.0,93290.0
1990-12-23 07:00:00+00:00,1.09,70.05,87.0,327.65,46.0,267.85,3.52,32.0,93340.0
1990-12-23 08:00:00+00:00,1.73,64.9,231.0,658.67,65.0,268.05,2.76,31.0,93420.0
1990-12-23 09:00:00+00:00,2.63,60.05,344.0,798.2,70.0,260.85,3.52,32.0,93460.0
1990-12-23 10:00:00+00:00,3.52,55.7,403.0,835.33,75.0,253.15,3.72,35.0,93540.0
1990-12-23 11:00:00+00:00,3.86,51.55,409.0,849.24,72.0,258.15,3.59,36.0,93530.0
1990-12-23 12:00:00+00:00,4.02,49.55,359.0,815.79,69.0,246.75,3.24,33.0,93530.0
1990-12-23 13:00:00+00:00,3.89,49.55,260.0,740.46,59.0,251.95,2.83,28.0,93550.0
1990-12-23 14:00:00+00:00,3.32,51.4,122.0,531.72,42.0,234.55,2.14,18.0,93600.0
1990-12-23 15:00:00+00:00,2.31,55.45,0.0,0.0,0.0,235.9,1.86,11.0,93640.0
1990-12-23 16:00:00+00:00,0.86,62.15,0.0,0.0,0.0,238.05,1.66,8.0,93690.0
1990-12-23 17:00:00+00:00,-0.67,69.75,0.0,0.0,0.0,238.2,1.45,6.0,93720.0
1990-12-23 18:00:00+00:00,-0.87,72.5,0.0,0.0,0.0,244.05,1.24,354.0,93760.0
1990-12-23 19:00:00+00:00,-0.15,69.85,0.0,0.0,0.0,250.4,1.17,344.0,93730.0
1990-12-23 20:00:00+00:00,-0.39,72.6,0.0,0.0,0.0,256.6,1.17,344.0,93740.0
1990-12-23 21:00:00+00:00,-0.87,78.5,0.0,0.0,0.0,250.2,1.24,6.0,93770.0
1990-12-23 22:00:00+00:00,-1.47,81.65,0.0,0.0,0.0,245.6,1.38,36.0,93820.0
1990-12-23 23:00:00+00:00,-1.71,81.65,0.0,0.0,0.0,261.85,1.45,44.0,93820.0
1990-12-24 00:00:00+00:00,-1.8,84.95,0.0,0.0,0.0,259.9,1.52,44.0,93790.0
1990-12-24 01:00:00+00:00,-1.85,88.3,0.0,0.0,0.0,254.8,1.66,46.0,93760.0
1990-12-24 02:00:00+00:00,-1.65,88.35,0.0,0.0,0.0,261.45,1.59,45.0,93750.0
1990-12-24 03:00:00+00:00,-1.44,88.35,0.0,0.0,0.0,264.75,1.66,45.0,93700.0
1990-12-24 04:00:00+00:00,-1.53,88.35,0.0,0.0,0.0,258.95,1.66,47.0,93660.0
1990-12-24 05:00:00+00:00,-1.61,88.35,0.0,0.0,0.0,254.5,1.72,49.0,93660.0
1990-12-24 06:00:00+00:00,-1.52,88.35,0.0,0.0,0.0,262.05,1.66,49.0,93670.0
1990-12-24 07:00:00+00:00,-0.91,88.4,95.0,483.04,35.0,265.1,1.59,47.0,93690.0
1990-12-24 08:00:00+00:00,2.18,78.95,227.0,648.47,64.0,271.7,1.31,47.0,93720.0
1990-12-24 09:00:00+00:00,5.64,73.55,323.0,676.53,91.0,277.1,1.1,40.0,93740.0
1990-12-24 10:00:00+00:00,7.97,63.6,392.0,794.57,80.0,286.05,0.97,30.0,93740.0
1990-12-24 11:00:00+00:00,9.66,57.05,405.0,840.9,71.0,268.2,0.97,4.0,93700.0
1990-12-24 12:00:00+00:00,10.49,59.5,352.0,786.09,72.0,270.35,1.24,352.0,93660.0
1990-12-24 13:00:00+00:00,10.53,61.75,256.0,719.35,60.0,266.3,1.31,357.0,93690.0
1990-12-24 14:00:00+00:00,9.54,74.2,121.0,520.7,42.0,268.4,1.1,4.0,93680.0
1990-12-24 15:00:00+00:00,7.31,73.9,0.0,0.0,0.0,261.45,1.31,24.0,93710.0
1990-12-24 16:00:00+00:00,5.04,79.3,0.0,0.0,0.0,260.1,1.52,44.0,93740.0
1990-12-24 17:00:00+00:00,2.23,88.65,0.0,0.0,0.0,257.95,1.72,54.0,93780.0
1990-12-24 18:00:00+00:00,0.13,95.6,0.0,0.0,0.0,254.1,1.79,55.0,93810.0
1990-12-24 19:00:00+00:00,-0.61,95.6,0.0,0.0,0.0,249.25,1.79,55.0,93820.0
1990-12-24 20:00:00+00:00,-1.37,99.4,0.0,0.0,0.0,248.5,1.72,55.0,93840.0
1990-12-24 21:00:00+00:00,-1.67,95.6,0.0,0.0,0.0,248.1,1.72,55.0,93850.0
1990-12-24 22:00:00+00:00,-1.79,95.6,0.0,0.0,0.0,247.7,1.72,56.0,93860.0
1990-12-24 23:00:00+00:00,-1.85,99.4,0.0,0.0,0.0,246.95,1.72,56.0,93850.0
1990-12-25 00:00:00+00:00,-1.82,91.9,0.0,0.0,0.0,246.55,1.72,56.0,93830.0
1990-12-25 01:00:00+00:00,-1.54,91.9,0.0,0.0,0.0,246.45,1.79,55.0,93830.0
1990-12-25 02:00:00+00:00,-1.33,88.4,0.0,0.0,0.0,247.3,1.79,55.0,93830.0
1990-12-25 03:00:00+00:00,-1.28,88.4,0.0,0.0,0.0,246.35,1.79,55.0,93800.0
1990-12-25 04:00:00+00:00,-1.3,88.4,0.0,0.0,0.0,245.6,1.79,55.0,93780.0
1990-12-25 05:00:00+00:00,-1.32,85.0,0.0,0.0,0.0,244.6,1.79,56.0,93800.0
1990-12-25 06:00:00+00:00,-1.3,85.0,0.0,0.0,0.0,244.2,1.79,57.0,93810.0
1990-12-25 07:00:00+00:00,-1.3,88.4,98.0,510.53,35.0,243.85,1.72,56.0,93880.0
1990-12-25 08:00:00+00:00,1.78,88.65,235.0,701.71,59.0,245.0,1.17,57.0,93870.0
1990-12-25 09:00:00+00:00,6.97,79.55,347.0,814.12,68.0,247.9,0.62,60.0,93870.0
1990-12-25 10:00:00+00:00,10.09,59.35,405.0,840.13,75.0,252.15,0.21,144.0,93840.0
1990-12-25 11:00:00+00:00,10.95,55.3,412.0,854.96,72.0,255.25,0.69,222.0,93770.0
1990-12-25 12:00:00+00:00,10.99,55.3,361.0,812.27,71.0,255.85,0.9,230.0,93720.0
1990-12-25 13:00:00+00:00,10.67,59.5,260.0,720.03,63.0,256.6,0.76,228.0,93680.0
1990-12-25 14:00:00+00:00,9.49,74.2,127.0,561.75,41.0,254.65,0.69,222.0,93670.0
1990-12-25 15:00:00+00:00,9.22,66.25,0.0,0.0,0.0,251.0,0.55,194.0,93680.0
1990-12-25 16:00:00+00:00,8.13,71.25,0.0,0.0,0.0,249.05,0.62,124.0,93700.0
1990-12-25 17:00:00+00:00,7.11,73.8,0.0,0.0,0.0,247.15,1.03,98.0,93710.0
1990-12-25 18:00:00+00:00,5.65,79.35,0.0,0.0,0.0,246.15,1.24,83.0,93700.0
1990-12-25 19:00:00+00:00,3.53,79.15,0.0,0.0,0.0,243.85,1.38,72.0,93690.0
1990-12-25 20:00:00+00:00,2.25,79.0,0.0,0.0,0.0,247.5,1.52,70.0,93670.0
1990-12-25 21:00:00+00:00,1.5,82.0,0.0,0.0,0.0,250.6,1.59,69.0,93660.0
1990-12-25 22:00:00+00:00,0.82,81.95,0.0,0.0,0.0,245.0,1.66,69.0,93630.0
1990-12-25 23:00:00+00:00,0.22,81.9,0.0,0.0,0.0,243.65,1.66,65.0,93580.0
1990-12-26 00:00:00+00:00,-0.15,81.8,0.0,0.0,0.0,247.7,1.66,66.0,93540.0
1990-12-26 01:00:00+00:00,-0.16,81.8,0.0,0.0,0.0,243.35,1.59,69.0,93510.0
1990-12-26 02:00:00+00:00,-0.24,78.65,0.0,0.0,0.0,245.6,1.59,71.0,93470.0
1990-12-26 03:00:00+00:00,-0.49,81.75,0.0,0.0,0.0,245.75,1.59,72.0,93420.0
1990-12-26 04:00:00+00:00,-0.71,78.6,0.0,0.0,0.0,240.75,1.66,73.0,93370.0
1990-12-26 05:00:00+00:00,-0.8,78.6,0.0,0.0,0.0,241.15,1.59,74.0,93340.0
1990-12-26 06:00:00+00:00,-0.68,81.75,0.0,0.0,0.0,240.35,1.59,77.0,93330.0
1990-12-26 07:00:00+00:00,0.67,78.8,97.0,521.61,33.0,252.95,1.45,90.0,93350.0
1990-12-26 08:00:00+00:00,2.64,82.15,226.0,639.01,66.0,258.75,1.1,96.0,93340.0
1990-12-26 09:00:00+00:00,5.72,76.4,279.0,402.8,141.0,268.4,1.1,122.0,93330.0
1990-12-26 10:00:00+00:00,6.76,71.05,125.0,0.0,125.0,290.1,1.45,142.0,93290.0
1990-12-26 11:00:00+00:00,6.95,76.65,83.0,0.0,83.0,301.7,1.52,151.0,93220.0
1990-12-26 12:00:00+00:00,6.85,79.55,142.0,11.17,138.0,327.85,1.72,153.0,93130.0
1990-12-26 13:00:00+00:00,6.39,85.7,23.0,0.0,23.0,329.55,1.45,143.0,93050.0
1990-12-26 14:00:00+00:00,5.82,88.9,96.0,213.49,63.0,338.65,1.38,135.0,93000.0
1990-12-26 15:00:00+00:00,5.28,92.25,0.0,0.0,0.0,339.05,1.45,124.0,92980.0
1990-12-26 16:00:00+00:00,4.69,99.4,0.0,0.0,0.0,341.4,1.45,117.0,92950.0
1990-12-26 17:00:00+00:00,4.36,95.75,0.0,0.0,0.0,341.95,1.45,113.0,92940.0
1990-12-26 18:00:00+00:00,4.07,95.75,0.0,0.0,0.0,338.65,1.38,112.0,92910.0
1990-12-26 19:00:00+00:00,3.75,95.75,0.0,0.0,0.0,332.1,1.38,115.0,92860.0
1990-12-26 20:00:00+00:00,3.59,95.7,0.0,0.0,0.0,335.4,1.24,119.0,92810.0
1990-12-26 21:00:00+00:00,3.52,95.7,0.0,0.0,0.0,335.55,1.45,127.0,92790.0
1990-12-26 22:00:00+00:00,3.53,95.7,0.0,0.0,0.0,337.1,1.38,128.0,92770.0
1990-12-26 23:00:00+00:00,3.38,95.7,0.0,0.0,0.0,329.2,1.38,128.0,92720.0
1990-12-27 00:00:00+00:00,3.19,95.7,0.0,0.0,0.0,322.2,1.38,123.0,92640.0
1990-12-27 01:00:00+00:00,3.21,95.7,0.0,0.0,0.0,323.9,1.31,121.0,92600.0
1990-12-27 02:00:00+00:00,3.04,99.4,0.0,0.0,0.0,321.05,1.38,120.0,92560.0
1990-12-27 03:00:00+00:00,2.74,95.7,0.0,0.0,0.0,313.9,1.45,122.0,92510.0
1990-12-27 04:00:00+00:00,2.74,95.7,0.0,0.0,0.0,317.4,1.45,123.0,92400.0
1990-12-27 05:00:00+00:00,2.97,95.7,0.0,0.0,0.0,323.55,1.45,127.0,92360.0
1990-12-27 06:00:00+00:00,3.08,99.4,0.0,0.0,0.0,322.2,1.52,131.0,92320.0
1990-12-27 07:00:00+00:00,3.55,99.4,54.0,57.33,47.0,313.7,1.59,155.0,92330.0
1990-12-27 08:00:00+00:00,4.61,100.0,107.0,27.99,100.0,327.85,1.38,162.0,92270.0
1990-12-27 09:00:00+00:00,6.2,100.0,118.0,2.92,117.0,331.3,1.59,168.0,92270.0
1990-12-27 10:00:00+00:00,6.87,99.4,43.0,0.0,43.0,331.3,2.28,168.0,92200.0
1990-12-27 11:00:00+00:00,7.04,95.8,35.0,0.0,35.0,318.35,2.41,172.0,92110.0
1990-12-27 12:00:00+00:00,6.97,92.35,31.0,0.0,31.0,319.9,2.69,172.0,92000.0
1990-12-27 13:00:00+00:00,6.64,95.8,30.0,0.0,30.0,305.4,2.97,170.0,91920.0
1990-12-27 14:00:00+00:00,5.93,95.75,131.0,595.56,38.0,300.15,3.59,170.0,91850.0
1990-12-27 15:00:00+00:00,5.88,95.75,0.0,0.0,0.0,317.75,3.24,172.0,91810.0
1990-12-27 16:00:00+00:00,5.78,95.75,0.0,0.0,0.0,313.5,3.79,173.0,91750.0
1990-12-27 17:00:00+00:00,5.95,99.4,0.0,0.0,0.0,331.7,3.93,169.0,91700.0
1990-12-27 18:00:00+00:00,5.94,95.75,0.0,0.0,0.0,330.35,4.07,166.0,91640.0
1990-12-27 19:00:00+00:00,5.75,92.3,0.0,0.0,0.0,317.75,4.0,170.0,91540.0
1990-12-27 20:00:00+00:00,5.73,88.9,0.0,0.0,0.0,317.2,4.21,173.0,91470.0
1990-12-27 21:00:00+00:00,5.69,92.25,0.0,0.0,0.0,311.0,4.83,173.0,91410.0
1990-12-27 22:00:00+00:00,5.84,95.75,0.0,0.0,0.0,304.6,5.24,174.0,91340.0
1990-12-27 23:00:00+00:00,5.88,95.75,0.0,0.0,0.0,315.25,5.93,173.0,91240.0
1990-12-28 00:00:00+00:00,5.8,95.75,0.0,0.0,0.0,335.75,4.83,170.0,91120.0
1990-12-28 01:00:00+00:00,5.88,99.4,0.0,0.0,0.0,336.25,5.03,166.0,91000.0
1990-12-28 02:00:00+00:00,5.81,99.4,0.0,0.0,0.0,336.95,4.48,163.0,90850.0
1990-12-28 03:00:00+00:00,5.7,100.0,0.0,0.0,0.0,338.5,2.83,165.0,90750.0
1990-12-28 04:00:00+00:00,5.88,99.4,0.0,0.0,0.0,335.55,2.55,178.0,90670.0
1990-12-28 05:00:00+00:00,5.88,95.75,0.0,0.0,0.0,332.1,3.72,192.0,90690.0
1990-12-28 06:00:00+00:00,5.24,95.75,0.0,0.0,0.0,329.0,3.52,200.0,90740.0
1990-12-28 07:00:00+00:00,5.45,99.4,90.0,435.76,37.0,328.8,2.34,202.0,90770.0
1990-12-28 08:00:00+00:00,5.54,99.4,65.0,0.0,65.0,328.4,2.07,192.0,90830.0
1990-12-28 09:00:00+00:00,5.43,95.75,41.0,0.0,41.0,314.5,2.41,184.0,90810.0
1990-12-28 10:00:00+00:00,5.05,92.25,66.0,0.0,66.0,323.2,2.76,191.0,90830.0
1990-12-28 11:00:00+00:00,4.83,92.25,203.0,50.02,183.0,316.8,2.41,187.0,90760.0
1990-12-28 12:00:00+00:00,4.89,88.85,57.0,0.0,57.0,321.05,3.24,202.0,90770.0
1990-12-28 13:00:00+00:00,3.73,92.2,23.0,0.0,23.0,313.7,1.86,195.0,90820.0
1990-12-28 14:00:00+00:00,3.96,88.8,112.0,348.44,57.0,286.4,2.9,192.0,90860.0
1990-12-28 15:00:00+00:00,3.22,85.45,0.0,0.0,0.0,283.7,3.03,188.0,90900.0
1990-12-28 16:00:00+00:00,2.06,95.65,0.0,0.0,0.0,281.95,2.34,168.0,90960.0
1990-12-28 17:00:00+00:00,2.48,92.15,0.0,0.0,0.0,294.95,2.69,162.0,90990.0
1990-12-28 18:00:00+00:00,2.24,88.65,0.0,0.0,0.0,273.05,2.55,160.0,91030.0
1990-12-28 19:00:00+00:00,2.07,95.65,0.0,0.0,0.0,283.7,2.48,169.0,91080.0
1990-12-28 20:00:00+00:00,2.04,95.65,0.0,0.0,0.0,298.2,2.21,164.0,91120.0
1990-12-28 21:00:00+00:00,1.73,92.1,0.0,0.0,0.0,272.85,1.93,166.0,91160.0
1990-12-28 22:00:00+00:00,1.52,95.65,0.0,0.0,0.0,289.1,2.07,172.0,91210.0
1990-12-28 23:00:00+00:00,1.51,95.65,0.0,0.0,0.0,284.85,1.66,158.0,91240.0
1990-12-29 00:00:00+00:00,1.44,95.65,0.0,0.0,0.0,293.75,1.52,155.0,91240.0
1990-12-29 01:00:00+00:00,1.27,95.65,0.0,0.0,0.0,302.8,1.24,142.0,91290.0
1990-12-29 02:00:00+00:00,1.11,95.65,0.0,0.0,0.0,299.4,1.17,115.0,91320.0
1990-12-29 03:00:00+00:00,0.69,95.65,0.0,0.0,0.0,281.75,1.45,86.0,91340.0
1990-12-29 04:00:00+00:00,0.45,95.65,0.0,0.0,0.0,280.4,1.38,74.0,91370.0
1990-12-29 05:00:00+00:00,-0.01,95.6,0.0,0.0,0.0,271.7,1.45,70.0,91420.0
1990-12-29 06:00:00+00:00,-0.73,95.6,0.0,0.0,0.0,256.05,1.45,63.0,91500.0
1990-12-29 07:00:00+00:00,-0.31,92.0,74.0,206.18,49.0,259.7,1.38,57.0,91530.0
1990-12-29 08:00:00+00:00,1.22,92.05,20.0,0.0,20.0,261.25,1.03,58.0,91600.0
1990-12-29 09:00:00+00:00,3.9,76.25,55.0,0.0,55.0,248.85,0.9,65.0,91650.0
1990-12-29 10:00:00+00:00,4.64,73.4,35.0,0.0,35.0,261.25,1.1,43.0,91700.0
1990-12-29 11:00:00+00:00,4.75,70.7,66.0,0.0,66.0,288.55,1.66,39.0,91700.0
1990-12-29 12:00:00+00:00,4.46,73.4,52.0,0.0,52.0,281.95,1.79,39.0,91710.0
1990-12-29 13:00:00+00:00,4.09,70.6,45.0,0.0,45.0,283.3,1.79,39.0,91760.0
1990-12-29 14:00:00+00:00,3.47,67.8,31.0,0.0,31.0,271.9,1.86,39.0,91810.0
1990-12-29 15:00:00+00:00,2.65,70.3,0.0,0.0,0.0,266.65,1.79,41.0,91890.0
1990-12-29 16:00:00+00:00,1.7,70.2,0.0,0.0,0.0,265.7,1.66,38.0,91960.0
1990-12-29 17:00:00+00:00,0.77,72.85,0.0,0.0,0.0,257.4,1.59,37.0,92040.0
1990-12-29 18:00:00+00:00,-0.04,78.65,0.0,0.0,0.0,257.0,1.66,37.0,92100.0
1990-12-29 19:00:00+00:00,-0.88,81.7,0.0,0.0,0.0,252.55,1.66,36.0,92170.0
1990-12-29 20:00:00+00:00,-1.17,81.7,0.0,0.0,0.0,259.15,1.59,41.0,92220.0
1990-12-29 21:00:00+00:00,-1.58,84.95,0.0,0.0,0.0,251.4,1.66,47.0,92250.0
1990-12-29 22:00:00+00:00,-2.26,84.85,0.0,0.0,0.0,238.6,1.59,46.0,92250.0
1990-12-29 23:00:00+00:00,-2.77,84.85,0.0,0.0,0.0,225.25,1.59,45.0,92270.0
1990-12-30 00:00:00+00:00,-2.88,88.25,0.0,0.0,0.0,235.9,1.59,50.0,92280.0
1990-12-30 01:00:00+00:00,-2.96,88.25,0.0,0.0,0.0,236.0,1.52,53.0,92320.0
1990-12-30 02:00:00+00:00,-3.34,84.8,0.0,0.0,0.0,227.0,1.52,54.0,92350.0
1990-12-30 03:00:00+00:00,-3.75,88.2,0.0,0.0,0.0,221.95,1.52,56.0,92360.0
1990-12-30 04:00:00+00:00,-4.12,88.15,0.0,0.0,0.0,220.6,1.52,56.0,92380.0
1990-12-30 05:00:00+00:00,-4.52,88.1,0.0,0.0,0.0,214.6,1.52,56.0,92440.0
1990-12-30 06:00:00+00:00,-4.91,88.05,0.0,0.0,0.0,211.15,1.52,58.0,92480.0
1990-12-30 07:00:00+00:00,-4.32,88.15,72.0,190.09,49.0,213.85,1.59,59.0,92460.0
1990-12-30 08:00:00+00:00,-2.37,84.85,174.0,236.15,115.0,218.85,1.24,58.0,92500.0
1990-12-30 09:00:00+00:00,-0.42,75.55,259.0,285.39,161.0,224.1,0.9,52.0,92560.0
1990-12-30 10:00:00+00:00,1.89,62.35,317.0,341.54,182.0,219.65,0.62,39.0,92580.0
1990-12-30 11:00:00+00:00,3.33,55.7,341.0,420.46,172.0,217.15,0.48,353.0,92550.0
1990-12-30 12:00:00+00:00,2.97,60.15,324.0,523.49,134.0,223.3,0.76,305.0,92560.0
1990-12-30 13:00:00+00:00,2.86,60.15,243.0,508.99,100.0,220.6,0.9,302.0,92590.0
1990-12-30 14:00:00+00:00,3.33,49.4,144.0,662.4,37.0,220.8,0.62,331.0,92600.0
1990-12-30 15:00:00+00:00,2.89,53.4,0.0,0.0,0.0,218.65,0.69,20.0,92650.0
1990-12-30 16:00:00+00:00,1.81,55.3,0.0,0.0,0.0,227.2,1.03,44.0,92720.0
1990-12-30 17:00:00+00:00,0.04,67.1,0.0,0.0,0.0,231.25,1.24,55.0,92780.0
1990-12-30 18:00:00+00:00,-1.72,72.4,0.0,0.0,0.0,221.6,1.38,59.0,92850.0
1990-12-30 19:00:00+00:00,-2.34,78.35,0.0,0.0,0.0,215.6,1.31,56.0,92880.0
1990-12-30 20:00:00+00:00,-3.06,81.45,0.0,0.0,0.0,216.75,1.31,59.0,92930.0
1990-12-30 21:00:00+00:00,-3.51,84.7,0.0,0.0,0.0,219.05,1.24,57.0,92980.0
1990-12-30 22:00:00+00:00,-3.72,81.4,0.0,0.0,0.0,221.0,1.31,60.0,93000.0
1990-12-30 23:00:00+00:00,-3.76,81.4,0.0,0.0,0.0,224.3,1.24,62.0,93030.0
1990-12-31 00:00:00+00:00,-4.0,81.3,0.0,0.0,0.0,224.1,1.31,63.0,93040.0
1990-12-31 01:00:00+00:00,-4.37,81.25,0.0,0.0,0.0,225.15,1.31,63.0,93060.0
1990-12-31 02:00:00+00:00,-4.05,78.05,0.0,0.0,0.0,225.45,1.24,61.0,93090.0
1990-12-31 03:00:00+00:00,-4.43,78.0,0.0,0.0,0.0,228.55,1.38,64.0,93100.0
1990-12-31 04:00:00+00:00,-4.38,78.0,0.0,0.0,0.0,233.4,1.31,62.0,93090.0
1990-12-31 05:00:00+00:00,-4.52,74.9,0.0,0.0,0.0,242.65,1.38,60.0,93110.0
1990-12-31 06:00:00+00:00,-4.36,74.95,0.0,0.0,0.0,257.6,1.38,62.0,93140.0
1990-12-31 07:00:00+00:00,-2.93,69.25,54.0,57.92,47.0,281.75,1.17,60.0,93160.0
1990-12-31 08:00:00+00:00,-0.12,64.45,167.0,216.0,113.0,265.3,0.41,50.0,93210.0
1990-12-31 09:00:00+00:00,2.83,49.25,291.0,468.16,130.0,244.6,0.41,258.0,93250.0
1990-12-31 10:00:00+00:00,4.55,47.6,351.0,525.08,143.0,242.65,0.62,269.0,93280.0
1990-12-31 11:00:00+00:00,5.29,49.8,364.0,563.06,137.0,252.75,0.14,308.0,93230.0
1990-12-31 12:00:00+00:00,5.93,51.95,323.0,543.24,125.0,258.35,0.0,109.0,93180.0
1990-12-31 13:00:00+00:00,6.12,58.45,246.0,558.8,88.0,255.05,0.21,214.0,93160.0
1990-12-31 14:00:00+00:00,5.71,60.65,127.0,464.74,51.0,262.2,0.62,196.0,93140.0
1990-12-31 15:00:00+00:00,4.89,60.5,0.0,0.0,0.0,260.3,0.41,173.0,93180.0
1990-12-31 16:00:00+00:00,0.99,67.3,0.0,0.0,0.0,230.13,0.97,97.0,93180.0
1990-12-31 17:00:00+00:00,1.13,69.86,0.0,0.0,0.0,237.97,1.06,86.0,93210.0
1990-12-31 18:00:00+00:00,1.28,72.42,0.0,0.0,0.0,245.8,1.15,86.0,93220.0
1990-12-31 19:00:00+00:00,1.42,74.98,0.0,0.0,0.0,253.63,1.24,74.0,93230.0
1990-12-31 20:00:00+00:00,1.56,77.54,0.0,0.0,0.0,261.47,1.33,85.0,93220.0
1990-12-31 21:00:00+00:00,1.71,80.1,0.0,0.0,0.0,269.3,1.43,83.0,93220.0
1990-12-31 22:00:00+00:00,1.85,82.66,0.0,0.0,0.0,277.14,1.52,75.0,93200.0
1990-12-31 23:00:00+00:00,1.99,85.22,0.0,0.0,0.0,284.97,1.61,68.0,93180.0
